shift_id,people_id,county_id,scheduled_start,scheduled_end
1,130,6,2026-04-26 07:00:00,2026-04-26 15:00:00
2,122,3,2026-06-11 10:00:00,2026-06-11 16:00:00
3,260,7,2026-04-24 08:00:00,2026-04-24 18:00:00
4,105,4,2026-04-25 06:00:00,2026-04-25 12:00:00
5,40,2,2026-04-28 08:00:00,2026-04-28 14:00:00
6,140,8,2026-06-20 10:00:00,2026-06-20 16:00:00
7,272,4,2026-04-29 10:00:00,2026-04-29 22:00:00
8,27,8,2026-06-20 06:00:00,2026-06-20 16:00:00
9,251,1,2026-06-23 09:00:00,2026-06-23 15:00:00
10,213,10,2026-04-01 06:00:00,2026-04-01 18:00:00
11,46,8,2026-04-15 09:00:00,2026-04-15 21:00:00
12,45,3,2026-04-22 07:00:00,2026-04-22 13:00:00
13,296,10,2026-05-24 09:00:00,2026-05-24 19:00:00
14,152,9,2026-05-06 08:00:00,2026-05-06 20:00:00
15,10,3,2026-04-02 06:00:00,2026-04-02 12:00:00
16,197,5,2026-05-29 09:00:00,2026-05-29 21:00:00
17,45,9,2026-05-12 08:00:00,2026-05-12 16:00:00
18,202,9,2026-06-08 09:00:00,2026-06-08 19:00:00
19,141,2,2026-04-19 07:00:00,2026-04-19 17:00:00
20,288,10,2026-06-26 10:00:00,2026-06-26 16:00:00
21,139,3,2026-06-23 08:00:00,2026-06-23 14:00:00
22,154,2,2026-05-17 09:00:00,2026-05-17 15:00:00
23,273,2,2026-05-26 06:00:00,2026-05-26 12:00:00
24,131,3,2026-06-09 06:00:00,2026-06-09 12:00:00
25,37,3,2026-06-01 07:00:00,2026-06-01 17:00:00
26,290,7,2026-06-24 10:00:00,2026-06-24 18:00:00
27,174,7,2026-04-25 10:00:00,2026-04-25 20:00:00
28,177,3,2026-05-04 10:00:00,2026-05-04 22:00:00
29,35,5,2026-05-08 07:00:00,2026-05-08 13:00:00
30,217,7,2026-04-14 09:00:00,2026-04-14 19:00:00
31,284,7,2026-06-18 08:00:00,2026-06-18 14:00:00
32,227,10,2026-04-03 10:00:00,2026-04-03 16:00:00
33,57,6,2026-05-16 07:00:00,2026-05-16 13:00:00
34,296,5,2026-05-14 08:00:00,2026-05-14 14:00:00
35,219,1,2026-05-31 10:00:00,2026-05-31 16:00:00
36,248,2,2026-06-18 09:00:00,2026-06-18 15:00:00
37,143,7,2026-06-08 06:00:00,2026-06-08 14:00:00
38,85,3,2026-06-11 07:00:00,2026-06-11 17:00:00
39,45,9,2026-04-25 08:00:00,2026-04-25 20:00:00
40,246,8,2026-05-20 09:00:00,2026-05-20 21:00:00
41,146,9,2026-05-11 08:00:00,2026-05-11 18:00:00
42,23,1,2026-06-11 07:00:00,2026-06-11 13:00:00
43,250,4,2026-05-10 08:00:00,2026-05-10 16:00:00
44,296,8,2026-04-24 09:00:00,2026-04-24 21:00:00
45,88,1,2026-05-17 09:00:00,2026-05-17 19:00:00
46,50,10,2026-05-30 06:00:00,2026-05-30 14:00:00
47,287,5,2026-05-08 06:00:00,2026-05-08 16:00:00
48,138,8,2026-04-29 09:00:00,2026-04-29 19:00:00
49,96,1,2026-04-04 09:00:00,2026-04-04 21:00:00
50,174,5,2026-04-28 10:00:00,2026-04-28 22:00:00
51,66,1,2026-04-15 10:00:00,2026-04-15 16:00:00
52,67,4,2026-06-27 10:00:00,2026-06-27 18:00:00
53,268,4,2026-05-26 09:00:00,2026-05-26 21:00:00
54,106,7,2026-05-25 06:00:00,2026-05-25 12:00:00
55,259,10,2026-06-06 07:00:00,2026-06-06 15:00:00
56,33,2,2026-04-01 09:00:00,2026-04-01 19:00:00
57,9,7,2026-05-29 09:00:00,2026-05-29 21:00:00
58,119,5,2026-04-08 10:00:00,2026-04-08 16:00:00
59,112,7,2026-05-11 06:00:00,2026-05-11 12:00:00
60,15,5,2026-06-28 08:00:00,2026-06-28 18:00:00
61,257,8,2026-04-16 08:00:00,2026-04-16 20:00:00
62,159,4,2026-06-25 10:00:00,2026-06-25 18:00:00
63,207,6,2026-06-19 08:00:00,2026-06-19 14:00:00
64,261,5,2026-04-02 07:00:00,2026-04-02 19:00:00
65,265,10,2026-04-03 09:00:00,2026-04-03 21:00:00
66,243,5,2026-04-26 08:00:00,2026-04-26 18:00:00
67,283,6,2026-05-16 10:00:00,2026-05-16 16:00:00
68,21,10,2026-06-10 06:00:00,2026-06-10 18:00:00
69,86,3,2026-05-22 06:00:00,2026-05-22 14:00:00
70,11,1,2026-06-24 10:00:00,2026-06-24 22:00:00
71,20,10,2026-05-10 07:00:00,2026-05-10 19:00:00
72,245,2,2026-05-17 08:00:00,2026-05-17 14:00:00
73,71,2,2026-04-15 09:00:00,2026-04-15 19:00:00
74,159,2,2026-06-24 09:00:00,2026-06-24 21:00:00
75,4,1,2026-05-11 09:00:00,2026-05-11 21:00:00
76,226,9,2026-05-26 08:00:00,2026-05-26 14:00:00
77,95,3,2026-06-10 09:00:00,2026-06-10 17:00:00
78,168,10,2026-05-09 06:00:00,2026-05-09 18:00:00
79,291,9,2026-04-30 06:00:00,2026-04-30 16:00:00
80,165,1,2026-04-06 10:00:00,2026-04-06 16:00:00
81,250,3,2026-05-19 08:00:00,2026-05-19 16:00:00
82,287,3,2026-06-26 06:00:00,2026-06-26 18:00:00
83,33,8,2026-04-23 09:00:00,2026-04-23 19:00:00
84,253,9,2026-05-27 10:00:00,2026-05-27 18:00:00
85,243,6,2026-04-30 08:00:00,2026-04-30 20:00:00
86,50,5,2026-06-06 09:00:00,2026-06-06 17:00:00
87,45,8,2026-04-21 06:00:00,2026-04-21 14:00:00
88,218,7,2026-05-13 07:00:00,2026-05-13 17:00:00
89,3,10,2026-05-14 06:00:00,2026-05-14 18:00:00
90,184,4,2026-06-03 09:00:00,2026-06-03 15:00:00
91,260,7,2026-04-05 07:00:00,2026-04-05 15:00:00
92,279,2,2026-05-24 06:00:00,2026-05-24 14:00:00
93,167,6,2026-05-20 10:00:00,2026-05-20 18:00:00
94,224,10,2026-06-27 09:00:00,2026-06-27 15:00:00
95,145,9,2026-06-04 06:00:00,2026-06-04 16:00:00
96,107,1,2026-06-26 09:00:00,2026-06-26 21:00:00
97,199,2,2026-05-07 09:00:00,2026-05-07 19:00:00
98,63,3,2026-04-19 10:00:00,2026-04-19 22:00:00
99,275,7,2026-04-20 10:00:00,2026-04-20 20:00:00
100,154,1,2026-04-06 07:00:00,2026-04-06 19:00:00
101,1,5,2026-05-11 09:00:00,2026-05-11 19:00:00
102,51,7,2026-05-12 07:00:00,2026-05-12 15:00:00
103,288,1,2026-05-03 07:00:00,2026-05-03 19:00:00
104,129,6,2026-06-22 06:00:00,2026-06-22 18:00:00
105,226,1,2026-05-04 07:00:00,2026-05-04 17:00:00
106,261,1,2026-06-25 10:00:00,2026-06-25 16:00:00
107,58,3,2026-05-31 10:00:00,2026-05-31 16:00:00
108,155,4,2026-05-04 09:00:00,2026-05-04 21:00:00
109,74,2,2026-05-14 08:00:00,2026-05-14 14:00:00
110,111,1,2026-04-24 09:00:00,2026-04-24 19:00:00
111,50,1,2026-04-11 07:00:00,2026-04-11 13:00:00
112,139,5,2026-05-13 10:00:00,2026-05-13 22:00:00
113,234,1,2026-04-10 10:00:00,2026-04-10 18:00:00
114,163,10,2026-05-06 08:00:00,2026-05-06 20:00:00
115,72,8,2026-06-16 10:00:00,2026-06-16 22:00:00
116,17,1,2026-06-04 10:00:00,2026-06-04 22:00:00
117,145,5,2026-05-18 08:00:00,2026-05-18 18:00:00
118,62,2,2026-06-29 08:00:00,2026-06-29 16:00:00
119,206,9,2026-04-16 07:00:00,2026-04-16 17:00:00
120,246,2,2026-04-01 07:00:00,2026-04-01 13:00:00
121,18,8,2026-06-25 07:00:00,2026-06-25 15:00:00
122,235,8,2026-04-12 10:00:00,2026-04-12 20:00:00
123,15,9,2026-04-02 10:00:00,2026-04-02 20:00:00
124,80,5,2026-05-06 07:00:00,2026-05-06 15:00:00
125,211,4,2026-04-27 07:00:00,2026-04-27 13:00:00
126,256,6,2026-05-08 10:00:00,2026-05-08 22:00:00
127,277,9,2026-04-05 08:00:00,2026-04-05 18:00:00
128,8,1,2026-04-17 07:00:00,2026-04-17 17:00:00
129,93,7,2026-04-08 09:00:00,2026-04-08 21:00:00
130,81,2,2026-06-29 07:00:00,2026-06-29 19:00:00
131,92,9,2026-06-20 08:00:00,2026-06-20 20:00:00
132,62,7,2026-06-17 09:00:00,2026-06-17 19:00:00
133,163,1,2026-06-16 06:00:00,2026-06-16 12:00:00
134,89,9,2026-06-11 06:00:00,2026-06-11 12:00:00
135,27,4,2026-06-29 10:00:00,2026-06-29 20:00:00
136,130,4,2026-04-22 09:00:00,2026-04-22 17:00:00
137,103,4,2026-04-05 10:00:00,2026-04-05 18:00:00
138,42,2,2026-05-11 10:00:00,2026-05-11 20:00:00
139,17,9,2026-06-21 07:00:00,2026-06-21 15:00:00
140,239,9,2026-04-22 08:00:00,2026-04-22 14:00:00
141,152,9,2026-05-21 10:00:00,2026-05-21 22:00:00
142,163,4,2026-04-05 08:00:00,2026-04-05 14:00:00
143,61,9,2026-06-05 09:00:00,2026-06-05 21:00:00
144,53,8,2026-04-14 10:00:00,2026-04-14 22:00:00
145,201,5,2026-04-03 10:00:00,2026-04-03 16:00:00
146,81,7,2026-06-14 07:00:00,2026-06-14 19:00:00
147,170,1,2026-04-14 09:00:00,2026-04-14 15:00:00
148,176,6,2026-04-19 09:00:00,2026-04-19 19:00:00
149,261,4,2026-06-23 07:00:00,2026-06-23 13:00:00
150,156,10,2026-04-07 10:00:00,2026-04-07 16:00:00
151,243,7,2026-05-05 09:00:00,2026-05-05 21:00:00
152,288,2,2026-04-07 10:00:00,2026-04-07 20:00:00
153,21,5,2026-05-05 07:00:00,2026-05-05 13:00:00
154,251,8,2026-06-14 09:00:00,2026-06-14 15:00:00
155,206,6,2026-05-27 08:00:00,2026-05-27 16:00:00
156,81,5,2026-04-30 10:00:00,2026-04-30 18:00:00
157,195,8,2026-04-13 08:00:00,2026-04-13 14:00:00
158,31,2,2026-05-01 10:00:00,2026-05-01 22:00:00
159,76,8,2026-06-16 08:00:00,2026-06-16 16:00:00
160,144,7,2026-06-20 07:00:00,2026-06-20 17:00:00
161,20,1,2026-06-14 08:00:00,2026-06-14 20:00:00
162,190,5,2026-06-04 06:00:00,2026-06-04 12:00:00
163,142,8,2026-06-04 10:00:00,2026-06-04 22:00:00
164,278,8,2026-06-01 08:00:00,2026-06-01 16:00:00
165,296,9,2026-06-22 09:00:00,2026-06-22 19:00:00
166,124,5,2026-05-06 09:00:00,2026-05-06 21:00:00
167,108,6,2026-06-07 10:00:00,2026-06-07 20:00:00
168,164,9,2026-05-05 06:00:00,2026-05-05 14:00:00
169,110,2,2026-04-18 08:00:00,2026-04-18 14:00:00
170,116,8,2026-04-13 06:00:00,2026-04-13 18:00:00
171,282,2,2026-04-03 10:00:00,2026-04-03 22:00:00
172,152,10,2026-04-01 08:00:00,2026-04-01 20:00:00
173,189,7,2026-06-19 10:00:00,2026-06-19 20:00:00
174,22,2,2026-05-13 08:00:00,2026-05-13 18:00:00
175,121,3,2026-06-12 10:00:00,2026-06-12 22:00:00
176,62,1,2026-04-17 10:00:00,2026-04-17 18:00:00
177,210,2,2026-05-28 06:00:00,2026-05-28 18:00:00
178,14,1,2026-05-22 08:00:00,2026-05-22 18:00:00
179,158,5,2026-05-12 09:00:00,2026-05-12 19:00:00
180,55,8,2026-06-09 08:00:00,2026-06-09 18:00:00
181,102,6,2026-05-05 06:00:00,2026-05-05 18:00:00
182,203,7,2026-04-19 08:00:00,2026-04-19 14:00:00
183,59,6,2026-05-03 09:00:00,2026-05-03 21:00:00
184,257,4,2026-05-05 08:00:00,2026-05-05 20:00:00
185,136,1,2026-06-19 09:00:00,2026-06-19 15:00:00
186,196,9,2026-04-25 10:00:00,2026-04-25 22:00:00
187,105,7,2026-04-06 06:00:00,2026-04-06 18:00:00
188,61,4,2026-05-04 10:00:00,2026-05-04 16:00:00
189,6,10,2026-06-18 06:00:00,2026-06-18 18:00:00
190,125,1,2026-06-05 08:00:00,2026-06-05 18:00:00
191,242,2,2026-06-02 09:00:00,2026-06-02 19:00:00
192,204,6,2026-05-21 08:00:00,2026-05-21 14:00:00
193,79,10,2026-04-19 08:00:00,2026-04-19 18:00:00
194,194,5,2026-06-27 09:00:00,2026-06-27 17:00:00
195,203,6,2026-06-01 08:00:00,2026-06-01 14:00:00
196,46,10,2026-04-28 10:00:00,2026-04-28 18:00:00
197,208,2,2026-06-05 07:00:00,2026-06-05 13:00:00
198,176,1,2026-06-17 10:00:00,2026-06-17 20:00:00
199,81,7,2026-06-10 09:00:00,2026-06-10 19:00:00
200,38,7,2026-06-18 06:00:00,2026-06-18 12:00:00
201,126,3,2026-04-03 07:00:00,2026-04-03 19:00:00
202,155,6,2026-04-30 08:00:00,2026-04-30 14:00:00
203,167,6,2026-06-01 09:00:00,2026-06-01 19:00:00
204,53,1,2026-06-18 07:00:00,2026-06-18 15:00:00
205,248,10,2026-05-10 10:00:00,2026-05-10 16:00:00
206,279,10,2026-05-07 09:00:00,2026-05-07 15:00:00
207,170,2,2026-06-07 08:00:00,2026-06-07 14:00:00
208,252,1,2026-04-06 09:00:00,2026-04-06 21:00:00
209,7,8,2026-06-16 08:00:00,2026-06-16 14:00:00
210,223,3,2026-04-05 10:00:00,2026-04-05 16:00:00
211,300,4,2026-06-20 07:00:00,2026-06-20 13:00:00
212,96,9,2026-05-20 08:00:00,2026-05-20 14:00:00
213,226,10,2026-04-10 08:00:00,2026-04-10 16:00:00
214,92,4,2026-06-20 09:00:00,2026-06-20 17:00:00
215,152,1,2026-05-06 07:00:00,2026-05-06 17:00:00
216,39,9,2026-06-26 10:00:00,2026-06-26 22:00:00
217,232,3,2026-06-21 08:00:00,2026-06-21 16:00:00
218,300,3,2026-05-20 10:00:00,2026-05-20 16:00:00
219,266,10,2026-06-24 07:00:00,2026-06-24 19:00:00
220,102,8,2026-06-13 07:00:00,2026-06-13 19:00:00
221,288,7,2026-04-18 07:00:00,2026-04-18 19:00:00
222,164,10,2026-05-30 08:00:00,2026-05-30 16:00:00
223,62,3,2026-05-24 08:00:00,2026-05-24 14:00:00
224,147,5,2026-04-14 09:00:00,2026-04-14 17:00:00
225,219,9,2026-05-16 09:00:00,2026-05-16 19:00:00
226,120,4,2026-05-16 06:00:00,2026-05-16 14:00:00
227,85,3,2026-06-14 10:00:00,2026-06-14 18:00:00
228,72,4,2026-06-14 07:00:00,2026-06-14 17:00:00
229,207,4,2026-06-04 07:00:00,2026-06-04 19:00:00
230,177,4,2026-04-24 09:00:00,2026-04-24 15:00:00
231,66,3,2026-06-08 07:00:00,2026-06-08 15:00:00
232,203,4,2026-06-27 08:00:00,2026-06-27 20:00:00
233,174,8,2026-06-13 08:00:00,2026-06-13 14:00:00
234,232,7,2026-05-11 07:00:00,2026-05-11 15:00:00
235,63,1,2026-04-15 10:00:00,2026-04-15 18:00:00
236,257,9,2026-05-01 08:00:00,2026-05-01 14:00:00
237,193,5,2026-06-29 07:00:00,2026-06-29 13:00:00
238,93,7,2026-05-30 07:00:00,2026-05-30 17:00:00
239,109,3,2026-05-05 08:00:00,2026-05-05 18:00:00
240,134,5,2026-06-03 06:00:00,2026-06-03 16:00:00
241,240,5,2026-05-30 07:00:00,2026-05-30 15:00:00
242,167,5,2026-05-26 08:00:00,2026-05-26 14:00:00
243,182,3,2026-04-19 07:00:00,2026-04-19 19:00:00
244,54,10,2026-06-14 08:00:00,2026-06-14 16:00:00
245,39,10,2026-06-22 08:00:00,2026-06-22 14:00:00
246,197,9,2026-05-31 09:00:00,2026-05-31 19:00:00
247,148,7,2026-04-07 09:00:00,2026-04-07 17:00:00
248,193,4,2026-06-12 09:00:00,2026-06-12 15:00:00
249,26,8,2026-05-15 08:00:00,2026-05-15 14:00:00
250,84,1,2026-04-15 09:00:00,2026-04-15 21:00:00
251,158,7,2026-06-11 08:00:00,2026-06-11 18:00:00
252,122,2,2026-05-09 08:00:00,2026-05-09 18:00:00
253,58,2,2026-05-01 09:00:00,2026-05-01 21:00:00
254,272,7,2026-04-06 07:00:00,2026-04-06 19:00:00
255,241,4,2026-04-06 09:00:00,2026-04-06 15:00:00
256,205,10,2026-05-25 10:00:00,2026-05-25 20:00:00
257,245,5,2026-04-27 10:00:00,2026-04-27 16:00:00
258,233,9,2026-06-11 08:00:00,2026-06-11 18:00:00
259,133,10,2026-06-12 06:00:00,2026-06-12 12:00:00
260,108,2,2026-05-23 06:00:00,2026-05-23 16:00:00
261,9,2,2026-04-06 08:00:00,2026-04-06 16:00:00
262,118,2,2026-06-28 07:00:00,2026-06-28 17:00:00
263,85,2,2026-06-03 07:00:00,2026-06-03 19:00:00
264,216,10,2026-05-13 09:00:00,2026-05-13 21:00:00
265,203,2,2026-04-18 07:00:00,2026-04-18 15:00:00
266,43,6,2026-05-21 08:00:00,2026-05-21 16:00:00
267,276,4,2026-06-12 07:00:00,2026-06-12 13:00:00
268,191,9,2026-06-17 08:00:00,2026-06-17 18:00:00
269,130,3,2026-05-24 09:00:00,2026-05-24 17:00:00
270,102,9,2026-05-17 09:00:00,2026-05-17 21:00:00
271,124,2,2026-06-20 10:00:00,2026-06-20 20:00:00
272,284,4,2026-05-02 09:00:00,2026-05-02 21:00:00
273,138,7,2026-06-19 08:00:00,2026-06-19 20:00:00
274,185,6,2026-04-10 07:00:00,2026-04-10 19:00:00
275,72,1,2026-04-23 09:00:00,2026-04-23 15:00:00
276,89,1,2026-06-01 09:00:00,2026-06-01 19:00:00
277,44,6,2026-04-11 07:00:00,2026-04-11 17:00:00
278,153,6,2026-04-11 07:00:00,2026-04-11 19:00:00
279,219,9,2026-05-08 07:00:00,2026-05-08 17:00:00
280,215,10,2026-05-20 07:00:00,2026-05-20 15:00:00
281,108,9,2026-04-06 07:00:00,2026-04-06 15:00:00
282,293,4,2026-06-09 10:00:00,2026-06-09 22:00:00
283,33,1,2026-05-16 08:00:00,2026-05-16 18:00:00
284,276,2,2026-04-16 07:00:00,2026-04-16 15:00:00
285,8,9,2026-04-25 09:00:00,2026-04-25 19:00:00
286,156,5,2026-04-24 09:00:00,2026-04-24 21:00:00
287,213,1,2026-04-29 06:00:00,2026-04-29 18:00:00
288,242,1,2026-04-02 07:00:00,2026-04-02 17:00:00
289,262,5,2026-06-17 06:00:00,2026-06-17 12:00:00
290,60,8,2026-05-06 06:00:00,2026-05-06 12:00:00
291,37,6,2026-06-13 09:00:00,2026-06-13 21:00:00
292,110,2,2026-04-01 07:00:00,2026-04-01 15:00:00
293,194,3,2026-06-19 09:00:00,2026-06-19 15:00:00
294,106,1,2026-05-09 07:00:00,2026-05-09 15:00:00
295,253,2,2026-06-29 08:00:00,2026-06-29 16:00:00
296,252,8,2026-06-25 09:00:00,2026-06-25 21:00:00
297,152,8,2026-06-02 06:00:00,2026-06-02 14:00:00
298,280,6,2026-06-21 07:00:00,2026-06-21 15:00:00
299,285,5,2026-06-12 07:00:00,2026-06-12 15:00:00
300,281,7,2026-04-08 06:00:00,2026-04-08 16:00:00
301,58,4,2026-04-08 07:00:00,2026-04-08 13:00:00
302,114,2,2026-04-19 08:00:00,2026-04-19 14:00:00
303,32,7,2026-06-04 10:00:00,2026-06-04 18:00:00
304,3,3,2026-06-28 09:00:00,2026-06-28 17:00:00
305,255,5,2026-06-25 08:00:00,2026-06-25 16:00:00
306,10,4,2026-05-29 07:00:00,2026-05-29 13:00:00
307,199,4,2026-04-14 10:00:00,2026-04-14 22:00:00
308,101,3,2026-05-24 10:00:00,2026-05-24 22:00:00
309,252,8,2026-05-07 08:00:00,2026-05-07 14:00:00
310,132,2,2026-04-05 06:00:00,2026-04-05 16:00:00
311,188,7,2026-05-17 06:00:00,2026-05-17 14:00:00
312,52,9,2026-05-28 10:00:00,2026-05-28 18:00:00
313,142,10,2026-04-26 08:00:00,2026-04-26 14:00:00
314,200,8,2026-04-04 10:00:00,2026-04-04 22:00:00
315,108,10,2026-06-15 09:00:00,2026-06-15 17:00:00
316,148,6,2026-05-05 07:00:00,2026-05-05 15:00:00
317,276,8,2026-06-08 08:00:00,2026-06-08 16:00:00
318,37,4,2026-05-14 07:00:00,2026-05-14 15:00:00
319,203,5,2026-06-07 10:00:00,2026-06-07 20:00:00
320,83,10,2026-06-01 09:00:00,2026-06-01 15:00:00
321,242,10,2026-04-27 10:00:00,2026-04-27 22:00:00
322,131,3,2026-05-11 08:00:00,2026-05-11 14:00:00
323,81,2,2026-06-13 07:00:00,2026-06-13 19:00:00
324,74,3,2026-06-14 10:00:00,2026-06-14 20:00:00
325,118,3,2026-04-02 08:00:00,2026-04-02 14:00:00
326,100,4,2026-06-03 08:00:00,2026-06-03 14:00:00
327,295,1,2026-04-10 09:00:00,2026-04-10 17:00:00
328,206,6,2026-04-23 09:00:00,2026-04-23 19:00:00
329,22,5,2026-04-30 10:00:00,2026-04-30 18:00:00
330,34,1,2026-06-25 10:00:00,2026-06-25 22:00:00
331,124,2,2026-05-11 06:00:00,2026-05-11 14:00:00
332,89,5,2026-06-19 10:00:00,2026-06-19 20:00:00
333,166,5,2026-04-24 06:00:00,2026-04-24 12:00:00
334,258,5,2026-06-09 08:00:00,2026-06-09 18:00:00
335,93,4,2026-06-28 06:00:00,2026-06-28 14:00:00
336,170,4,2026-05-07 10:00:00,2026-05-07 16:00:00
337,53,10,2026-06-19 09:00:00,2026-06-19 17:00:00
338,228,2,2026-06-09 09:00:00,2026-06-09 15:00:00
339,288,6,2026-06-17 06:00:00,2026-06-17 16:00:00
340,110,3,2026-05-09 10:00:00,2026-05-09 16:00:00
341,175,7,2026-04-26 08:00:00,2026-04-26 18:00:00
342,100,8,2026-04-27 06:00:00,2026-04-27 12:00:00
343,265,5,2026-06-22 08:00:00,2026-06-22 18:00:00
344,68,1,2026-05-11 07:00:00,2026-05-11 19:00:00
345,142,10,2026-04-02 08:00:00,2026-04-02 14:00:00
346,23,1,2026-04-12 07:00:00,2026-04-12 13:00:00
347,163,1,2026-05-14 07:00:00,2026-05-14 13:00:00
348,177,7,2026-04-29 09:00:00,2026-04-29 19:00:00
349,31,5,2026-04-28 08:00:00,2026-04-28 16:00:00
350,20,10,2026-05-09 09:00:00,2026-05-09 19:00:00
351,175,3,2026-04-02 10:00:00,2026-04-02 16:00:00
352,112,9,2026-06-12 07:00:00,2026-06-12 13:00:00
353,252,4,2026-06-01 07:00:00,2026-06-01 13:00:00
354,59,3,2026-06-01 10:00:00,2026-06-01 18:00:00
355,267,8,2026-04-15 09:00:00,2026-04-15 19:00:00
356,214,3,2026-05-27 06:00:00,2026-05-27 14:00:00
357,62,4,2026-04-14 09:00:00,2026-04-14 21:00:00
358,229,9,2026-06-20 07:00:00,2026-06-20 17:00:00
359,165,3,2026-05-21 10:00:00,2026-05-21 22:00:00
360,117,1,2026-04-01 09:00:00,2026-04-01 21:00:00
361,240,1,2026-04-03 09:00:00,2026-04-03 17:00:00
362,61,8,2026-04-03 10:00:00,2026-04-03 20:00:00
363,215,6,2026-05-29 08:00:00,2026-05-29 14:00:00
364,4,4,2026-04-27 10:00:00,2026-04-27 22:00:00
365,203,4,2026-05-16 08:00:00,2026-05-16 20:00:00
366,2,1,2026-06-27 10:00:00,2026-06-27 18:00:00
367,63,4,2026-04-25 07:00:00,2026-04-25 15:00:00
368,87,6,2026-05-05 06:00:00,2026-05-05 12:00:00
369,95,9,2026-04-12 10:00:00,2026-04-12 18:00:00
370,249,4,2026-05-12 10:00:00,2026-05-12 18:00:00
371,130,9,2026-05-19 08:00:00,2026-05-19 14:00:00
372,14,8,2026-05-07 07:00:00,2026-05-07 15:00:00
373,112,10,2026-04-17 06:00:00,2026-04-17 16:00:00
374,109,9,2026-05-05 09:00:00,2026-05-05 17:00:00
375,127,9,2026-05-09 06:00:00,2026-05-09 16:00:00
376,297,5,2026-04-20 08:00:00,2026-04-20 20:00:00
377,89,9,2026-05-23 08:00:00,2026-05-23 14:00:00
378,141,10,2026-04-23 06:00:00,2026-04-23 18:00:00
379,291,7,2026-06-28 07:00:00,2026-06-28 17:00:00
380,219,4,2026-04-04 07:00:00,2026-04-04 19:00:00
381,254,8,2026-06-16 07:00:00,2026-06-16 13:00:00
382,213,2,2026-06-20 07:00:00,2026-06-20 17:00:00
383,134,9,2026-04-09 06:00:00,2026-04-09 16:00:00
384,225,5,2026-05-20 07:00:00,2026-05-20 17:00:00
385,59,10,2026-05-29 08:00:00,2026-05-29 14:00:00
386,227,7,2026-05-16 09:00:00,2026-05-16 21:00:00
387,152,8,2026-06-23 09:00:00,2026-06-23 19:00:00
388,295,5,2026-06-10 09:00:00,2026-06-10 17:00:00
389,90,2,2026-06-11 07:00:00,2026-06-11 19:00:00
390,295,6,2026-04-14 09:00:00,2026-04-14 19:00:00
391,299,10,2026-06-03 07:00:00,2026-06-03 17:00:00
392,274,8,2026-05-23 08:00:00,2026-05-23 20:00:00
393,270,10,2026-05-12 06:00:00,2026-05-12 16:00:00
394,134,5,2026-06-09 06:00:00,2026-06-09 16:00:00
395,26,3,2026-04-24 07:00:00,2026-04-24 13:00:00
396,96,10,2026-04-28 08:00:00,2026-04-28 16:00:00
397,219,6,2026-05-08 10:00:00,2026-05-08 18:00:00
398,114,9,2026-04-25 10:00:00,2026-04-25 18:00:00
399,40,9,2026-04-28 07:00:00,2026-04-28 15:00:00
400,147,8,2026-05-24 06:00:00,2026-05-24 12:00:00
401,37,6,2026-05-26 09:00:00,2026-05-26 15:00:00
402,205,8,2026-05-16 10:00:00,2026-05-16 20:00:00
403,188,7,2026-06-18 10:00:00,2026-06-18 16:00:00
404,237,1,2026-04-18 07:00:00,2026-04-18 17:00:00
405,37,2,2026-05-31 08:00:00,2026-05-31 20:00:00
406,190,10,2026-05-27 07:00:00,2026-05-27 19:00:00
407,177,9,2026-06-21 06:00:00,2026-06-21 16:00:00
408,144,3,2026-04-06 10:00:00,2026-04-06 20:00:00
409,10,8,2026-04-28 08:00:00,2026-04-28 20:00:00
410,167,10,2026-06-08 10:00:00,2026-06-08 20:00:00
411,90,8,2026-06-14 07:00:00,2026-06-14 17:00:00
412,146,3,2026-04-20 06:00:00,2026-04-20 18:00:00
413,32,5,2026-06-07 10:00:00,2026-06-07 18:00:00
414,117,10,2026-05-03 09:00:00,2026-05-03 19:00:00
415,186,8,2026-06-23 06:00:00,2026-06-23 16:00:00
416,76,7,2026-06-12 08:00:00,2026-06-12 20:00:00
417,210,10,2026-04-11 09:00:00,2026-04-11 17:00:00
418,77,10,2026-06-19 10:00:00,2026-06-19 16:00:00
419,181,5,2026-06-19 09:00:00,2026-06-19 21:00:00
420,184,4,2026-04-07 07:00:00,2026-04-07 17:00:00
421,175,3,2026-04-05 10:00:00,2026-04-05 22:00:00
422,233,3,2026-06-03 09:00:00,2026-06-03 21:00:00
423,11,7,2026-06-10 10:00:00,2026-06-10 20:00:00
424,21,8,2026-06-07 07:00:00,2026-06-07 13:00:00
425,209,4,2026-05-05 09:00:00,2026-05-05 15:00:00
426,295,3,2026-04-18 07:00:00,2026-04-18 13:00:00
427,21,10,2026-05-10 10:00:00,2026-05-10 18:00:00
428,24,8,2026-05-12 08:00:00,2026-05-12 16:00:00
429,208,4,2026-04-03 07:00:00,2026-04-03 15:00:00
430,292,7,2026-04-21 09:00:00,2026-04-21 19:00:00
431,207,5,2026-04-27 10:00:00,2026-04-27 18:00:00
432,291,8,2026-05-15 10:00:00,2026-05-15 16:00:00
433,93,6,2026-05-21 10:00:00,2026-05-21 22:00:00
434,31,10,2026-06-07 06:00:00,2026-06-07 12:00:00
435,96,5,2026-04-24 09:00:00,2026-04-24 17:00:00
436,36,7,2026-04-14 07:00:00,2026-04-14 13:00:00
437,1,3,2026-05-13 10:00:00,2026-05-13 18:00:00
438,271,9,2026-06-05 07:00:00,2026-06-05 13:00:00
439,279,10,2026-05-18 08:00:00,2026-05-18 14:00:00
440,241,5,2026-05-27 07:00:00,2026-05-27 13:00:00
441,274,2,2026-04-19 08:00:00,2026-04-19 20:00:00
442,241,7,2026-05-07 10:00:00,2026-05-07 16:00:00
443,90,6,2026-04-29 09:00:00,2026-04-29 15:00:00
444,247,1,2026-06-23 08:00:00,2026-06-23 14:00:00
445,235,1,2026-06-04 06:00:00,2026-06-04 16:00:00
446,220,5,2026-04-11 10:00:00,2026-04-11 22:00:00
447,52,9,2026-04-28 06:00:00,2026-04-28 12:00:00
448,123,9,2026-04-02 10:00:00,2026-04-02 22:00:00
449,289,2,2026-06-01 06:00:00,2026-06-01 16:00:00
450,76,6,2026-04-19 09:00:00,2026-04-19 15:00:00
451,148,3,2026-05-20 08:00:00,2026-05-20 18:00:00
452,151,3,2026-05-20 10:00:00,2026-05-20 16:00:00
453,282,10,2026-04-11 06:00:00,2026-04-11 12:00:00
454,39,4,2026-05-01 09:00:00,2026-05-01 15:00:00
455,193,7,2026-05-07 09:00:00,2026-05-07 17:00:00
456,231,7,2026-05-09 09:00:00,2026-05-09 21:00:00
457,154,10,2026-06-06 06:00:00,2026-06-06 12:00:00
458,277,5,2026-06-22 09:00:00,2026-06-22 15:00:00
459,216,4,2026-04-06 09:00:00,2026-04-06 19:00:00
460,208,6,2026-04-05 07:00:00,2026-04-05 19:00:00
461,87,3,2026-05-15 09:00:00,2026-05-15 15:00:00
462,179,2,2026-06-24 09:00:00,2026-06-24 17:00:00
463,233,3,2026-04-01 10:00:00,2026-04-01 18:00:00
464,248,1,2026-05-16 06:00:00,2026-05-16 16:00:00
465,259,3,2026-06-13 08:00:00,2026-06-13 14:00:00
466,26,2,2026-05-14 10:00:00,2026-05-14 20:00:00
467,72,3,2026-04-21 10:00:00,2026-04-21 18:00:00
468,118,2,2026-06-04 10:00:00,2026-06-04 16:00:00
469,1,5,2026-05-12 10:00:00,2026-05-12 22:00:00
470,231,4,2026-04-14 07:00:00,2026-04-14 19:00:00
471,111,4,2026-04-20 06:00:00,2026-04-20 18:00:00
472,172,4,2026-06-24 10:00:00,2026-06-24 16:00:00
473,85,5,2026-06-14 10:00:00,2026-06-14 18:00:00
474,27,6,2026-05-18 09:00:00,2026-05-18 19:00:00
475,143,10,2026-04-12 06:00:00,2026-04-12 12:00:00
476,205,10,2026-04-12 06:00:00,2026-04-12 12:00:00
477,19,10,2026-05-23 07:00:00,2026-05-23 17:00:00
478,161,2,2026-04-02 06:00:00,2026-04-02 18:00:00
479,218,3,2026-05-02 09:00:00,2026-05-02 19:00:00
480,287,2,2026-05-25 07:00:00,2026-05-25 17:00:00
481,67,4,2026-05-03 10:00:00,2026-05-03 20:00:00
482,194,4,2026-04-21 07:00:00,2026-04-21 17:00:00
483,15,8,2026-05-03 07:00:00,2026-05-03 13:00:00
484,255,4,2026-04-03 06:00:00,2026-04-03 14:00:00
485,245,3,2026-04-14 06:00:00,2026-04-14 14:00:00
486,232,5,2026-05-12 09:00:00,2026-05-12 15:00:00
487,46,2,2026-06-05 08:00:00,2026-06-05 18:00:00
488,49,6,2026-04-27 10:00:00,2026-04-27 16:00:00
489,195,3,2026-04-22 06:00:00,2026-04-22 18:00:00
490,159,4,2026-05-08 10:00:00,2026-05-08 18:00:00
491,90,5,2026-06-21 09:00:00,2026-06-21 19:00:00
492,184,4,2026-05-29 08:00:00,2026-05-29 14:00:00
493,85,6,2026-04-10 10:00:00,2026-04-10 16:00:00
494,236,1,2026-06-06 09:00:00,2026-06-06 17:00:00
495,45,9,2026-04-21 07:00:00,2026-04-21 13:00:00
496,79,8,2026-05-20 09:00:00,2026-05-20 19:00:00
497,44,2,2026-05-16 06:00:00,2026-05-16 18:00:00
498,88,9,2026-06-25 10:00:00,2026-06-25 16:00:00
499,49,9,2026-04-13 08:00:00,2026-04-13 14:00:00
500,265,10,2026-05-10 06:00:00,2026-05-10 14:00:00
501,188,1,2026-04-04 06:00:00,2026-04-04 12:00:00
502,188,5,2026-04-10 07:00:00,2026-04-10 19:00:00
503,64,10,2026-05-12 09:00:00,2026-05-12 19:00:00
504,224,2,2026-05-12 06:00:00,2026-05-12 18:00:00
505,193,2,2026-06-20 10:00:00,2026-06-20 22:00:00
506,49,5,2026-04-02 07:00:00,2026-04-02 17:00:00
507,91,7,2026-04-27 06:00:00,2026-04-27 16:00:00
508,249,5,2026-04-26 09:00:00,2026-04-26 21:00:00
509,147,2,2026-04-12 10:00:00,2026-04-12 18:00:00
510,84,2,2026-05-25 07:00:00,2026-05-25 19:00:00
511,136,10,2026-04-17 07:00:00,2026-04-17 15:00:00
512,171,2,2026-04-07 08:00:00,2026-04-07 14:00:00
513,140,4,2026-04-30 06:00:00,2026-04-30 18:00:00
514,277,5,2026-05-11 06:00:00,2026-05-11 18:00:00
515,141,3,2026-05-09 06:00:00,2026-05-09 14:00:00
516,225,1,2026-06-20 06:00:00,2026-06-20 18:00:00
517,230,4,2026-05-29 09:00:00,2026-05-29 17:00:00
518,20,2,2026-05-11 07:00:00,2026-05-11 17:00:00
519,220,2,2026-04-28 06:00:00,2026-04-28 18:00:00
520,253,5,2026-06-27 08:00:00,2026-06-27 20:00:00
521,79,8,2026-06-26 06:00:00,2026-06-26 12:00:00
522,283,6,2026-06-19 06:00:00,2026-06-19 16:00:00
523,109,1,2026-06-18 10:00:00,2026-06-18 16:00:00
524,275,4,2026-05-06 10:00:00,2026-05-06 22:00:00
525,122,4,2026-05-04 08:00:00,2026-05-04 14:00:00
526,9,1,2026-04-03 06:00:00,2026-04-03 16:00:00
527,291,8,2026-05-28 09:00:00,2026-05-28 15:00:00
528,215,1,2026-05-27 07:00:00,2026-05-27 13:00:00
529,131,9,2026-05-15 09:00:00,2026-05-15 15:00:00
530,220,5,2026-06-28 06:00:00,2026-06-28 12:00:00
531,256,8,2026-04-20 09:00:00,2026-04-20 21:00:00
532,12,6,2026-06-17 06:00:00,2026-06-17 14:00:00
533,215,3,2026-05-27 09:00:00,2026-05-27 19:00:00
534,228,1,2026-06-12 10:00:00,2026-06-12 16:00:00
535,294,8,2026-04-07 06:00:00,2026-04-07 14:00:00
536,57,9,2026-05-02 07:00:00,2026-05-02 13:00:00
537,19,7,2026-05-26 10:00:00,2026-05-26 22:00:00
538,12,4,2026-04-30 10:00:00,2026-04-30 22:00:00
539,174,9,2026-06-21 09:00:00,2026-06-21 17:00:00
540,57,9,2026-06-12 07:00:00,2026-06-12 15:00:00
541,226,1,2026-04-08 07:00:00,2026-04-08 19:00:00
542,211,10,2026-06-09 09:00:00,2026-06-09 17:00:00
543,87,10,2026-04-10 08:00:00,2026-04-10 14:00:00
544,228,5,2026-04-27 10:00:00,2026-04-27 16:00:00
545,20,10,2026-05-28 09:00:00,2026-05-28 15:00:00
546,89,9,2026-04-10 08:00:00,2026-04-10 20:00:00
547,296,3,2026-06-20 09:00:00,2026-06-20 15:00:00
548,180,3,2026-04-17 10:00:00,2026-04-17 16:00:00
549,66,2,2026-05-21 10:00:00,2026-05-21 20:00:00
550,250,6,2026-06-19 08:00:00,2026-06-19 14:00:00
551,122,9,2026-04-24 06:00:00,2026-04-24 18:00:00
552,64,9,2026-04-05 10:00:00,2026-04-05 16:00:00
553,238,1,2026-04-24 08:00:00,2026-04-24 20:00:00
554,291,5,2026-04-15 06:00:00,2026-04-15 16:00:00
555,254,4,2026-06-20 08:00:00,2026-06-20 16:00:00
556,226,7,2026-05-14 06:00:00,2026-05-14 14:00:00
557,93,9,2026-04-08 06:00:00,2026-04-08 14:00:00
558,183,1,2026-06-02 08:00:00,2026-06-02 14:00:00
559,234,3,2026-06-15 07:00:00,2026-06-15 13:00:00
560,213,1,2026-06-01 09:00:00,2026-06-01 21:00:00
561,277,9,2026-06-15 08:00:00,2026-06-15 20:00:00
562,202,2,2026-06-21 10:00:00,2026-06-21 20:00:00
563,64,4,2026-06-18 08:00:00,2026-06-18 16:00:00
564,140,2,2026-04-20 06:00:00,2026-04-20 16:00:00
565,64,3,2026-04-23 09:00:00,2026-04-23 17:00:00
566,138,3,2026-04-15 08:00:00,2026-04-15 20:00:00
567,172,1,2026-04-30 08:00:00,2026-04-30 20:00:00
568,11,2,2026-06-28 10:00:00,2026-06-28 20:00:00
569,248,5,2026-05-30 08:00:00,2026-05-30 14:00:00
570,84,6,2026-05-25 10:00:00,2026-05-25 20:00:00
571,294,2,2026-06-08 07:00:00,2026-06-08 13:00:00
572,7,3,2026-06-14 07:00:00,2026-06-14 15:00:00
573,106,7,2026-05-02 06:00:00,2026-05-02 16:00:00
574,28,2,2026-06-20 10:00:00,2026-06-20 16:00:00
575,158,3,2026-04-02 08:00:00,2026-04-02 14:00:00
576,232,10,2026-04-22 08:00:00,2026-04-22 20:00:00
577,273,7,2026-05-19 08:00:00,2026-05-19 14:00:00
578,299,10,2026-05-08 09:00:00,2026-05-08 21:00:00
579,69,8,2026-06-03 08:00:00,2026-06-03 20:00:00
580,74,2,2026-04-18 07:00:00,2026-04-18 15:00:00
581,270,5,2026-05-17 07:00:00,2026-05-17 13:00:00
582,156,7,2026-04-06 09:00:00,2026-04-06 15:00:00
583,200,4,2026-05-10 09:00:00,2026-05-10 15:00:00
584,57,2,2026-04-20 06:00:00,2026-04-20 14:00:00
585,285,1,2026-06-27 09:00:00,2026-06-27 17:00:00
586,273,1,2026-04-05 09:00:00,2026-04-05 17:00:00
587,132,5,2026-05-31 08:00:00,2026-05-31 20:00:00
588,235,2,2026-05-01 07:00:00,2026-05-01 19:00:00
589,241,10,2026-05-28 07:00:00,2026-05-28 17:00:00
590,90,10,2026-06-06 09:00:00,2026-06-06 21:00:00
591,247,4,2026-05-09 09:00:00,2026-05-09 17:00:00
592,244,1,2026-04-06 07:00:00,2026-04-06 19:00:00
593,49,8,2026-05-23 06:00:00,2026-05-23 18:00:00
594,141,7,2026-05-13 06:00:00,2026-05-13 16:00:00
595,91,2,2026-05-22 10:00:00,2026-05-22 16:00:00
596,113,1,2026-04-01 08:00:00,2026-04-01 14:00:00
597,168,8,2026-06-26 08:00:00,2026-06-26 20:00:00
598,205,2,2026-05-04 10:00:00,2026-05-04 18:00:00
599,194,2,2026-05-12 09:00:00,2026-05-12 19:00:00
600,245,7,2026-05-10 08:00:00,2026-05-10 20:00:00
601,15,1,2026-04-16 08:00:00,2026-04-16 16:00:00
602,186,3,2026-04-20 06:00:00,2026-04-20 12:00:00
603,245,3,2026-04-28 09:00:00,2026-04-28 19:00:00
604,243,6,2026-05-15 09:00:00,2026-05-15 15:00:00
605,112,7,2026-06-07 09:00:00,2026-06-07 19:00:00
606,153,3,2026-04-13 09:00:00,2026-04-13 19:00:00
607,73,8,2026-06-20 09:00:00,2026-06-20 15:00:00
608,277,4,2026-04-09 07:00:00,2026-04-09 17:00:00
609,274,4,2026-05-10 08:00:00,2026-05-10 18:00:00
610,75,4,2026-06-19 09:00:00,2026-06-19 17:00:00
611,261,5,2026-06-10 06:00:00,2026-06-10 18:00:00
612,81,4,2026-06-18 07:00:00,2026-06-18 15:00:00
613,118,9,2026-06-08 10:00:00,2026-06-08 18:00:00
614,94,3,2026-04-30 10:00:00,2026-04-30 20:00:00
615,65,10,2026-05-10 08:00:00,2026-05-10 20:00:00
616,96,9,2026-04-04 06:00:00,2026-04-04 14:00:00
617,293,4,2026-04-08 06:00:00,2026-04-08 12:00:00
618,169,10,2026-06-09 07:00:00,2026-06-09 15:00:00
619,3,6,2026-05-28 10:00:00,2026-05-28 20:00:00
620,74,8,2026-04-18 08:00:00,2026-04-18 20:00:00
621,52,8,2026-04-29 08:00:00,2026-04-29 16:00:00
622,66,2,2026-06-20 08:00:00,2026-06-20 18:00:00
623,116,3,2026-04-12 10:00:00,2026-04-12 22:00:00
624,37,7,2026-04-01 06:00:00,2026-04-01 12:00:00
625,225,10,2026-05-27 09:00:00,2026-05-27 17:00:00
626,80,6,2026-04-24 10:00:00,2026-04-24 22:00:00
627,136,8,2026-04-03 08:00:00,2026-04-03 18:00:00
628,79,7,2026-06-22 06:00:00,2026-06-22 14:00:00
629,20,7,2026-06-05 07:00:00,2026-06-05 19:00:00
630,249,9,2026-04-26 09:00:00,2026-04-26 15:00:00
631,25,3,2026-05-19 07:00:00,2026-05-19 13:00:00
632,200,2,2026-04-23 09:00:00,2026-04-23 19:00:00
633,193,7,2026-04-12 08:00:00,2026-04-12 18:00:00
634,188,9,2026-06-07 06:00:00,2026-06-07 18:00:00
635,176,1,2026-04-11 07:00:00,2026-04-11 13:00:00
636,138,5,2026-06-12 10:00:00,2026-06-12 18:00:00
637,192,4,2026-04-18 08:00:00,2026-04-18 18:00:00
638,296,8,2026-04-20 07:00:00,2026-04-20 15:00:00
639,179,8,2026-04-28 10:00:00,2026-04-28 18:00:00
640,238,5,2026-05-18 10:00:00,2026-05-18 22:00:00
641,164,2,2026-04-01 06:00:00,2026-04-01 12:00:00
642,203,9,2026-04-17 08:00:00,2026-04-17 14:00:00
643,119,5,2026-06-28 07:00:00,2026-06-28 15:00:00
644,63,6,2026-05-02 10:00:00,2026-05-02 18:00:00
645,32,2,2026-04-25 09:00:00,2026-04-25 17:00:00
646,163,4,2026-05-13 07:00:00,2026-05-13 19:00:00
647,245,9,2026-04-03 07:00:00,2026-04-03 19:00:00
648,96,5,2026-04-28 09:00:00,2026-04-28 19:00:00
649,47,6,2026-06-19 07:00:00,2026-06-19 17:00:00
650,46,6,2026-06-26 07:00:00,2026-06-26 13:00:00
651,104,8,2026-05-26 07:00:00,2026-05-26 15:00:00
652,231,1,2026-04-20 08:00:00,2026-04-20 14:00:00
653,110,5,2026-04-05 07:00:00,2026-04-05 17:00:00
654,247,8,2026-06-07 06:00:00,2026-06-07 18:00:00
655,197,4,2026-05-20 08:00:00,2026-05-20 16:00:00
656,197,1,2026-06-21 10:00:00,2026-06-21 20:00:00
657,130,8,2026-06-28 09:00:00,2026-06-28 17:00:00
658,12,9,2026-06-01 10:00:00,2026-06-01 18:00:00
659,19,2,2026-04-18 07:00:00,2026-04-18 17:00:00
660,70,2,2026-04-11 09:00:00,2026-04-11 17:00:00
661,149,2,2026-05-14 09:00:00,2026-05-14 21:00:00
662,293,1,2026-06-24 08:00:00,2026-06-24 14:00:00
663,141,9,2026-05-24 07:00:00,2026-05-24 13:00:00
664,98,5,2026-05-26 10:00:00,2026-05-26 20:00:00
665,234,9,2026-05-10 06:00:00,2026-05-10 18:00:00
666,110,6,2026-04-11 08:00:00,2026-04-11 20:00:00
667,38,1,2026-06-05 07:00:00,2026-06-05 15:00:00
668,194,5,2026-04-01 10:00:00,2026-04-01 22:00:00
669,291,3,2026-05-02 09:00:00,2026-05-02 19:00:00
670,68,10,2026-05-02 06:00:00,2026-05-02 14:00:00
671,133,2,2026-05-27 07:00:00,2026-05-27 15:00:00
672,208,8,2026-06-01 06:00:00,2026-06-01 16:00:00
673,241,9,2026-04-05 06:00:00,2026-04-05 18:00:00
674,95,2,2026-05-14 07:00:00,2026-05-14 15:00:00
675,168,8,2026-05-29 06:00:00,2026-05-29 12:00:00
676,160,3,2026-06-07 07:00:00,2026-06-07 19:00:00
677,107,7,2026-06-13 08:00:00,2026-06-13 16:00:00
678,45,1,2026-05-17 06:00:00,2026-05-17 14:00:00
679,7,6,2026-04-23 06:00:00,2026-04-23 14:00:00
680,43,5,2026-05-19 07:00:00,2026-05-19 15:00:00
681,35,10,2026-04-25 08:00:00,2026-04-25 18:00:00
682,177,3,2026-06-24 09:00:00,2026-06-24 19:00:00
683,296,10,2026-05-20 06:00:00,2026-05-20 18:00:00
684,80,2,2026-06-03 06:00:00,2026-06-03 12:00:00
685,263,4,2026-04-27 07:00:00,2026-04-27 13:00:00
686,198,10,2026-04-04 07:00:00,2026-04-04 17:00:00
687,181,2,2026-05-14 10:00:00,2026-05-14 16:00:00
688,205,10,2026-05-14 07:00:00,2026-05-14 19:00:00
689,94,5,2026-06-11 07:00:00,2026-06-11 19:00:00
690,41,1,2026-06-23 06:00:00,2026-06-23 16:00:00
691,60,6,2026-05-20 07:00:00,2026-05-20 17:00:00
692,210,10,2026-06-13 10:00:00,2026-06-13 18:00:00
693,98,1,2026-04-16 10:00:00,2026-04-16 18:00:00
694,43,3,2026-06-20 07:00:00,2026-06-20 13:00:00
695,98,6,2026-05-14 07:00:00,2026-05-14 17:00:00
696,17,1,2026-04-18 07:00:00,2026-04-18 17:00:00
697,261,5,2026-05-04 10:00:00,2026-05-04 18:00:00
698,255,6,2026-04-25 08:00:00,2026-04-25 20:00:00
699,5,4,2026-05-03 06:00:00,2026-05-03 14:00:00
700,121,5,2026-04-29 10:00:00,2026-04-29 22:00:00
701,271,2,2026-04-13 10:00:00,2026-04-13 16:00:00
702,96,1,2026-05-15 06:00:00,2026-05-15 12:00:00
703,274,3,2026-05-30 09:00:00,2026-05-30 21:00:00
704,3,2,2026-04-13 08:00:00,2026-04-13 14:00:00
705,229,10,2026-05-20 07:00:00,2026-05-20 15:00:00
706,34,3,2026-06-23 10:00:00,2026-06-23 22:00:00
707,152,1,2026-05-29 10:00:00,2026-05-29 16:00:00
708,287,10,2026-06-21 07:00:00,2026-06-21 17:00:00
709,266,2,2026-06-15 06:00:00,2026-06-15 16:00:00
710,204,4,2026-06-11 10:00:00,2026-06-11 22:00:00
711,140,8,2026-06-09 08:00:00,2026-06-09 18:00:00
712,46,9,2026-06-11 09:00:00,2026-06-11 21:00:00
713,179,3,2026-05-12 06:00:00,2026-05-12 16:00:00
714,42,2,2026-05-28 09:00:00,2026-05-28 19:00:00
715,162,2,2026-04-07 10:00:00,2026-04-07 16:00:00
716,294,4,2026-04-02 06:00:00,2026-04-02 14:00:00
717,23,8,2026-04-06 06:00:00,2026-04-06 12:00:00
718,199,9,2026-06-17 08:00:00,2026-06-17 16:00:00
719,17,4,2026-04-13 10:00:00,2026-04-13 20:00:00
720,13,6,2026-06-24 08:00:00,2026-06-24 20:00:00
721,192,5,2026-04-27 08:00:00,2026-04-27 14:00:00
722,209,10,2026-04-24 08:00:00,2026-04-24 14:00:00
723,285,4,2026-05-27 06:00:00,2026-05-27 18:00:00
724,57,3,2026-05-14 08:00:00,2026-05-14 16:00:00
725,268,6,2026-04-11 07:00:00,2026-04-11 15:00:00
726,250,5,2026-06-10 08:00:00,2026-06-10 16:00:00
727,282,7,2026-06-21 10:00:00,2026-06-21 18:00:00
728,251,6,2026-04-20 10:00:00,2026-04-20 18:00:00
729,76,6,2026-04-13 06:00:00,2026-04-13 16:00:00
730,5,8,2026-06-08 10:00:00,2026-06-08 18:00:00
731,185,5,2026-06-06 09:00:00,2026-06-06 21:00:00
732,24,5,2026-06-29 09:00:00,2026-06-29 15:00:00
733,59,10,2026-05-26 08:00:00,2026-05-26 20:00:00
734,91,4,2026-06-21 06:00:00,2026-06-21 12:00:00
735,72,10,2026-06-03 08:00:00,2026-06-03 16:00:00
736,116,9,2026-06-11 07:00:00,2026-06-11 13:00:00
737,170,6,2026-06-19 10:00:00,2026-06-19 22:00:00
738,165,4,2026-05-02 09:00:00,2026-05-02 17:00:00
739,80,7,2026-04-17 06:00:00,2026-04-17 16:00:00
740,194,7,2026-04-01 07:00:00,2026-04-01 19:00:00
741,275,9,2026-05-15 07:00:00,2026-05-15 15:00:00
742,168,1,2026-04-24 09:00:00,2026-04-24 15:00:00
743,196,9,2026-04-30 10:00:00,2026-04-30 22:00:00
744,186,6,2026-06-04 08:00:00,2026-06-04 14:00:00
745,176,10,2026-05-27 08:00:00,2026-05-27 14:00:00
746,297,1,2026-06-21 06:00:00,2026-06-21 16:00:00
747,79,5,2026-06-15 08:00:00,2026-06-15 20:00:00
748,211,3,2026-05-05 10:00:00,2026-05-05 22:00:00
749,139,1,2026-04-09 09:00:00,2026-04-09 19:00:00
750,210,5,2026-06-06 08:00:00,2026-06-06 16:00:00
751,47,6,2026-05-31 06:00:00,2026-05-31 16:00:00
752,178,10,2026-06-11 10:00:00,2026-06-11 22:00:00
753,229,7,2026-06-02 10:00:00,2026-06-02 18:00:00
754,280,9,2026-05-24 08:00:00,2026-05-24 18:00:00
755,135,5,2026-06-15 10:00:00,2026-06-15 20:00:00
756,180,8,2026-06-17 06:00:00,2026-06-17 16:00:00
757,237,10,2026-06-20 09:00:00,2026-06-20 19:00:00
758,287,3,2026-05-06 06:00:00,2026-05-06 16:00:00
759,155,3,2026-04-14 08:00:00,2026-04-14 16:00:00
760,195,1,2026-06-29 06:00:00,2026-06-29 12:00:00
761,36,5,2026-06-18 09:00:00,2026-06-18 15:00:00
762,268,4,2026-05-07 09:00:00,2026-05-07 17:00:00
763,57,6,2026-05-07 07:00:00,2026-05-07 15:00:00
764,158,1,2026-06-21 10:00:00,2026-06-21 16:00:00
765,191,7,2026-05-31 10:00:00,2026-05-31 16:00:00
766,256,2,2026-05-14 10:00:00,2026-05-14 16:00:00
767,169,3,2026-05-16 10:00:00,2026-05-16 18:00:00
768,134,6,2026-04-09 08:00:00,2026-04-09 16:00:00
769,262,8,2026-04-22 10:00:00,2026-04-22 18:00:00
770,60,5,2026-06-11 07:00:00,2026-06-11 13:00:00
771,219,10,2026-06-02 09:00:00,2026-06-02 17:00:00
772,150,7,2026-04-22 08:00:00,2026-04-22 20:00:00
773,55,5,2026-05-28 10:00:00,2026-05-28 20:00:00
774,82,3,2026-04-21 08:00:00,2026-04-21 18:00:00
775,249,9,2026-04-15 09:00:00,2026-04-15 15:00:00
776,87,9,2026-06-09 09:00:00,2026-06-09 19:00:00
777,106,5,2026-04-15 09:00:00,2026-04-15 19:00:00
778,294,1,2026-05-15 07:00:00,2026-05-15 13:00:00
779,140,2,2026-06-06 09:00:00,2026-06-06 17:00:00
780,249,3,2026-04-19 10:00:00,2026-04-19 16:00:00
781,173,4,2026-04-20 06:00:00,2026-04-20 14:00:00
782,210,10,2026-06-07 08:00:00,2026-06-07 20:00:00
783,86,1,2026-04-04 09:00:00,2026-04-04 19:00:00
784,38,2,2026-04-01 10:00:00,2026-04-01 20:00:00
785,106,3,2026-06-02 07:00:00,2026-06-02 13:00:00
786,239,5,2026-06-22 08:00:00,2026-06-22 16:00:00
787,269,2,2026-05-25 08:00:00,2026-05-25 20:00:00
788,81,3,2026-05-11 08:00:00,2026-05-11 16:00:00
789,293,4,2026-04-25 08:00:00,2026-04-25 18:00:00
790,118,4,2026-06-10 06:00:00,2026-06-10 12:00:00
791,8,6,2026-04-07 07:00:00,2026-04-07 15:00:00
792,220,3,2026-05-19 10:00:00,2026-05-19 18:00:00
793,12,5,2026-05-21 09:00:00,2026-05-21 19:00:00
794,92,9,2026-06-28 06:00:00,2026-06-28 18:00:00
795,119,3,2026-04-04 07:00:00,2026-04-04 19:00:00
796,104,2,2026-05-10 10:00:00,2026-05-10 20:00:00
797,109,3,2026-05-20 09:00:00,2026-05-20 17:00:00
798,229,5,2026-05-24 10:00:00,2026-05-24 16:00:00
799,290,8,2026-05-14 10:00:00,2026-05-14 22:00:00
800,246,8,2026-04-16 08:00:00,2026-04-16 18:00:00
801,33,4,2026-04-07 08:00:00,2026-04-07 20:00:00
802,79,5,2026-04-18 10:00:00,2026-04-18 20:00:00
803,81,2,2026-06-27 10:00:00,2026-06-27 16:00:00
804,53,9,2026-04-14 10:00:00,2026-04-14 18:00:00
805,23,6,2026-05-16 08:00:00,2026-05-16 14:00:00
806,252,2,2026-05-07 10:00:00,2026-05-07 22:00:00
807,249,4,2026-04-13 09:00:00,2026-04-13 19:00:00
808,213,3,2026-04-28 07:00:00,2026-04-28 13:00:00
809,53,10,2026-04-27 07:00:00,2026-04-27 13:00:00
810,154,3,2026-06-01 08:00:00,2026-06-01 18:00:00
811,247,1,2026-04-23 09:00:00,2026-04-23 15:00:00
812,71,8,2026-04-10 10:00:00,2026-04-10 22:00:00
813,100,4,2026-04-20 09:00:00,2026-04-20 17:00:00
814,286,1,2026-04-18 06:00:00,2026-04-18 18:00:00
815,19,9,2026-04-24 07:00:00,2026-04-24 13:00:00
816,269,8,2026-06-04 07:00:00,2026-06-04 17:00:00
817,265,5,2026-06-24 09:00:00,2026-06-24 21:00:00
818,115,1,2026-06-06 08:00:00,2026-06-06 14:00:00
819,246,4,2026-05-01 06:00:00,2026-05-01 18:00:00
820,124,6,2026-04-17 08:00:00,2026-04-17 14:00:00
821,212,2,2026-05-28 10:00:00,2026-05-28 20:00:00
822,238,8,2026-05-21 06:00:00,2026-05-21 14:00:00
823,23,5,2026-05-19 06:00:00,2026-05-19 18:00:00
824,222,9,2026-04-22 08:00:00,2026-04-22 16:00:00
825,296,1,2026-05-14 07:00:00,2026-05-14 15:00:00
826,251,3,2026-05-07 10:00:00,2026-05-07 18:00:00
827,86,3,2026-06-24 07:00:00,2026-06-24 15:00:00
828,200,4,2026-06-21 07:00:00,2026-06-21 13:00:00
829,52,4,2026-06-21 10:00:00,2026-06-21 16:00:00
830,31,7,2026-05-28 07:00:00,2026-05-28 15:00:00
831,51,1,2026-06-26 07:00:00,2026-06-26 15:00:00
832,16,1,2026-04-04 10:00:00,2026-04-04 16:00:00
833,92,3,2026-05-29 09:00:00,2026-05-29 19:00:00
834,81,5,2026-05-31 09:00:00,2026-05-31 17:00:00
835,242,2,2026-05-19 07:00:00,2026-05-19 19:00:00
836,185,8,2026-04-10 06:00:00,2026-04-10 12:00:00
837,68,5,2026-04-08 06:00:00,2026-04-08 14:00:00
838,63,6,2026-06-14 07:00:00,2026-06-14 15:00:00
839,48,5,2026-05-08 06:00:00,2026-05-08 16:00:00
840,49,6,2026-05-20 07:00:00,2026-05-20 17:00:00
841,88,2,2026-05-12 07:00:00,2026-05-12 19:00:00
842,259,9,2026-06-02 06:00:00,2026-06-02 16:00:00
843,180,2,2026-04-19 07:00:00,2026-04-19 13:00:00
844,165,2,2026-06-03 07:00:00,2026-06-03 17:00:00
845,83,5,2026-05-28 10:00:00,2026-05-28 20:00:00
846,92,4,2026-05-26 07:00:00,2026-05-26 19:00:00
847,145,8,2026-06-22 08:00:00,2026-06-22 14:00:00
848,198,4,2026-05-12 08:00:00,2026-05-12 18:00:00
849,147,8,2026-06-02 07:00:00,2026-06-02 15:00:00
850,196,8,2026-06-14 07:00:00,2026-06-14 13:00:00
851,251,1,2026-04-01 08:00:00,2026-04-01 14:00:00
852,240,4,2026-05-30 10:00:00,2026-05-30 22:00:00
853,190,7,2026-04-02 06:00:00,2026-04-02 18:00:00
854,84,9,2026-04-29 07:00:00,2026-04-29 19:00:00
855,196,7,2026-05-02 06:00:00,2026-05-02 16:00:00
856,92,3,2026-06-16 09:00:00,2026-06-16 19:00:00
857,128,3,2026-04-29 10:00:00,2026-04-29 18:00:00
858,178,5,2026-05-05 08:00:00,2026-05-05 18:00:00
859,169,10,2026-06-05 09:00:00,2026-06-05 21:00:00
860,58,3,2026-06-05 07:00:00,2026-06-05 19:00:00
861,181,7,2026-05-27 07:00:00,2026-05-27 13:00:00
862,99,8,2026-05-23 07:00:00,2026-05-23 17:00:00
863,116,9,2026-06-11 07:00:00,2026-06-11 13:00:00
864,100,10,2026-05-16 10:00:00,2026-05-16 22:00:00
865,11,7,2026-04-28 07:00:00,2026-04-28 19:00:00
866,173,1,2026-06-23 06:00:00,2026-06-23 14:00:00
867,196,9,2026-04-23 07:00:00,2026-04-23 19:00:00
868,140,1,2026-05-11 10:00:00,2026-05-11 20:00:00
869,7,1,2026-05-09 09:00:00,2026-05-09 17:00:00
870,277,1,2026-06-23 07:00:00,2026-06-23 13:00:00
871,241,1,2026-04-18 08:00:00,2026-04-18 16:00:00
872,58,10,2026-04-12 06:00:00,2026-04-12 12:00:00
873,146,2,2026-05-16 08:00:00,2026-05-16 16:00:00
874,16,9,2026-06-09 10:00:00,2026-06-09 22:00:00
875,239,10,2026-05-24 06:00:00,2026-05-24 16:00:00
876,39,8,2026-04-09 09:00:00,2026-04-09 17:00:00
877,284,10,2026-05-05 07:00:00,2026-05-05 13:00:00
878,158,3,2026-06-13 09:00:00,2026-06-13 15:00:00
879,289,7,2026-05-22 10:00:00,2026-05-22 22:00:00
880,265,2,2026-05-23 09:00:00,2026-05-23 17:00:00
881,206,10,2026-05-12 06:00:00,2026-05-12 18:00:00
882,27,10,2026-05-26 06:00:00,2026-05-26 14:00:00
883,7,2,2026-04-14 08:00:00,2026-04-14 18:00:00
884,274,7,2026-06-03 10:00:00,2026-06-03 20:00:00
885,299,7,2026-04-14 06:00:00,2026-04-14 16:00:00
886,40,5,2026-04-14 06:00:00,2026-04-14 16:00:00
887,246,8,2026-06-27 10:00:00,2026-06-27 22:00:00
888,244,4,2026-04-04 06:00:00,2026-04-04 14:00:00
889,84,6,2026-06-13 10:00:00,2026-06-13 18:00:00
890,211,1,2026-05-23 09:00:00,2026-05-23 17:00:00
891,55,7,2026-06-08 07:00:00,2026-06-08 19:00:00
892,123,1,2026-06-15 07:00:00,2026-06-15 19:00:00
893,90,9,2026-05-31 06:00:00,2026-05-31 16:00:00
894,165,2,2026-05-25 09:00:00,2026-05-25 19:00:00
895,246,7,2026-06-28 08:00:00,2026-06-28 14:00:00
896,72,1,2026-06-15 06:00:00,2026-06-15 12:00:00
897,132,7,2026-06-28 08:00:00,2026-06-28 20:00:00
898,130,4,2026-06-22 10:00:00,2026-06-22 20:00:00
899,216,1,2026-06-12 08:00:00,2026-06-12 16:00:00
900,163,5,2026-06-22 06:00:00,2026-06-22 12:00:00
901,233,3,2026-05-01 10:00:00,2026-05-01 16:00:00
902,83,9,2026-05-17 07:00:00,2026-05-17 17:00:00
903,170,5,2026-06-21 07:00:00,2026-06-21 17:00:00
904,61,2,2026-05-18 09:00:00,2026-05-18 19:00:00
905,83,10,2026-04-14 09:00:00,2026-04-14 21:00:00
906,172,7,2026-05-17 10:00:00,2026-05-17 22:00:00
907,295,4,2026-04-11 06:00:00,2026-04-11 16:00:00
908,12,6,2026-06-23 09:00:00,2026-06-23 19:00:00
909,265,2,2026-04-14 06:00:00,2026-04-14 18:00:00
910,138,4,2026-04-08 06:00:00,2026-04-08 16:00:00
911,257,8,2026-06-29 07:00:00,2026-06-29 13:00:00
912,121,9,2026-04-27 08:00:00,2026-04-27 14:00:00
913,144,7,2026-05-14 10:00:00,2026-05-14 18:00:00
914,268,2,2026-06-19 07:00:00,2026-06-19 17:00:00
915,48,5,2026-06-06 09:00:00,2026-06-06 19:00:00
916,164,2,2026-04-21 09:00:00,2026-04-21 17:00:00
917,231,4,2026-04-27 10:00:00,2026-04-27 22:00:00
918,148,2,2026-05-22 08:00:00,2026-05-22 20:00:00
919,231,8,2026-04-13 10:00:00,2026-04-13 22:00:00
920,136,3,2026-04-30 08:00:00,2026-04-30 14:00:00
921,99,2,2026-04-12 10:00:00,2026-04-12 18:00:00
922,195,9,2026-04-29 06:00:00,2026-04-29 16:00:00
923,253,1,2026-04-14 07:00:00,2026-04-14 15:00:00
924,15,4,2026-04-27 09:00:00,2026-04-27 19:00:00
925,223,1,2026-05-11 08:00:00,2026-05-11 20:00:00
926,13,3,2026-06-23 07:00:00,2026-06-23 15:00:00
927,220,2,2026-04-25 08:00:00,2026-04-25 16:00:00
928,290,2,2026-05-23 09:00:00,2026-05-23 21:00:00
929,52,6,2026-04-03 08:00:00,2026-04-03 16:00:00
930,187,5,2026-05-27 06:00:00,2026-05-27 18:00:00
931,23,8,2026-05-21 09:00:00,2026-05-21 15:00:00
932,143,3,2026-06-23 10:00:00,2026-06-23 18:00:00
933,39,10,2026-04-17 07:00:00,2026-04-17 19:00:00
934,130,7,2026-04-07 09:00:00,2026-04-07 19:00:00
935,214,3,2026-05-08 07:00:00,2026-05-08 13:00:00
936,129,3,2026-04-05 08:00:00,2026-04-05 14:00:00
937,162,4,2026-05-20 09:00:00,2026-05-20 21:00:00
938,195,7,2026-05-27 06:00:00,2026-05-27 12:00:00
939,157,4,2026-05-29 10:00:00,2026-05-29 16:00:00
940,116,2,2026-05-15 06:00:00,2026-05-15 16:00:00
941,166,8,2026-05-29 09:00:00,2026-05-29 17:00:00
942,68,1,2026-05-28 10:00:00,2026-05-28 18:00:00
943,180,3,2026-04-17 09:00:00,2026-04-17 17:00:00
944,143,4,2026-05-03 08:00:00,2026-05-03 20:00:00
945,55,10,2026-05-27 09:00:00,2026-05-27 17:00:00
946,163,7,2026-05-13 07:00:00,2026-05-13 17:00:00
947,173,2,2026-05-17 07:00:00,2026-05-17 15:00:00
948,168,6,2026-04-18 06:00:00,2026-04-18 18:00:00
949,8,6,2026-05-02 07:00:00,2026-05-02 17:00:00
950,180,4,2026-04-07 08:00:00,2026-04-07 18:00:00
951,152,9,2026-05-27 08:00:00,2026-05-27 20:00:00
952,239,5,2026-06-10 10:00:00,2026-06-10 18:00:00
953,128,9,2026-04-08 09:00:00,2026-04-08 19:00:00
954,129,9,2026-05-05 06:00:00,2026-05-05 18:00:00
955,289,5,2026-06-10 07:00:00,2026-06-10 17:00:00
956,38,9,2026-04-19 06:00:00,2026-04-19 12:00:00
957,113,3,2026-06-14 08:00:00,2026-06-14 20:00:00
958,205,1,2026-06-07 09:00:00,2026-06-07 15:00:00
959,193,8,2026-04-19 10:00:00,2026-04-19 22:00:00
960,87,4,2026-05-03 10:00:00,2026-05-03 18:00:00
961,106,6,2026-04-16 08:00:00,2026-04-16 20:00:00
962,180,4,2026-04-08 10:00:00,2026-04-08 22:00:00
963,17,4,2026-06-16 06:00:00,2026-06-16 16:00:00
964,43,5,2026-06-28 10:00:00,2026-06-28 16:00:00
965,104,4,2026-05-29 09:00:00,2026-05-29 17:00:00
966,178,8,2026-06-14 09:00:00,2026-06-14 19:00:00
967,44,2,2026-04-28 07:00:00,2026-04-28 13:00:00
968,14,7,2026-04-30 08:00:00,2026-04-30 18:00:00
969,162,7,2026-04-15 08:00:00,2026-04-15 20:00:00
970,83,10,2026-04-17 09:00:00,2026-04-17 21:00:00
971,98,6,2026-04-16 06:00:00,2026-04-16 12:00:00
972,149,1,2026-06-28 10:00:00,2026-06-28 16:00:00
973,97,7,2026-06-10 10:00:00,2026-06-10 18:00:00
974,251,4,2026-06-28 10:00:00,2026-06-28 20:00:00
975,70,5,2026-04-08 08:00:00,2026-04-08 14:00:00
976,248,4,2026-04-29 06:00:00,2026-04-29 14:00:00
977,32,4,2026-04-13 08:00:00,2026-04-13 20:00:00
978,273,6,2026-05-05 06:00:00,2026-05-05 12:00:00
979,223,7,2026-06-19 10:00:00,2026-06-19 20:00:00
980,66,1,2026-05-14 10:00:00,2026-05-14 20:00:00
981,26,7,2026-05-06 09:00:00,2026-05-06 21:00:00
982,32,5,2026-05-31 09:00:00,2026-05-31 17:00:00
983,260,1,2026-05-07 09:00:00,2026-05-07 21:00:00
984,253,1,2026-06-27 06:00:00,2026-06-27 14:00:00
985,212,2,2026-04-02 10:00:00,2026-04-02 20:00:00
986,57,4,2026-06-15 08:00:00,2026-06-15 20:00:00
987,287,1,2026-05-08 06:00:00,2026-05-08 12:00:00
988,153,7,2026-04-30 06:00:00,2026-04-30 18:00:00
989,25,3,2026-04-10 06:00:00,2026-04-10 18:00:00
990,63,2,2026-04-04 06:00:00,2026-04-04 16:00:00
991,268,3,2026-04-03 10:00:00,2026-04-03 20:00:00
992,129,1,2026-04-29 10:00:00,2026-04-29 18:00:00
993,171,5,2026-04-17 07:00:00,2026-04-17 19:00:00
994,45,1,2026-06-13 10:00:00,2026-06-13 22:00:00
995,185,8,2026-05-01 06:00:00,2026-05-01 16:00:00
996,95,6,2026-04-27 09:00:00,2026-04-27 19:00:00
997,88,7,2026-06-27 08:00:00,2026-06-27 16:00:00
998,120,7,2026-05-20 09:00:00,2026-05-20 21:00:00
999,281,10,2026-06-28 08:00:00,2026-06-28 18:00:00
1000,39,3,2026-05-14 06:00:00,2026-05-14 16:00:00
1001,115,9,2026-05-23 09:00:00,2026-05-23 21:00:00
1002,76,9,2026-06-08 09:00:00,2026-06-08 17:00:00
1003,127,9,2026-06-14 10:00:00,2026-06-14 18:00:00
1004,145,6,2026-05-19 09:00:00,2026-05-19 15:00:00
1005,261,2,2026-05-06 08:00:00,2026-05-06 16:00:00
1006,126,7,2026-04-16 07:00:00,2026-04-16 13:00:00
1007,234,2,2026-06-10 06:00:00,2026-06-10 14:00:00
1008,282,2,2026-04-12 07:00:00,2026-04-12 15:00:00
1009,83,1,2026-04-15 09:00:00,2026-04-15 19:00:00
1010,300,1,2026-06-28 10:00:00,2026-06-28 18:00:00
1011,55,3,2026-05-22 06:00:00,2026-05-22 12:00:00
1012,212,6,2026-05-08 09:00:00,2026-05-08 17:00:00
1013,149,4,2026-04-06 09:00:00,2026-04-06 15:00:00
1014,212,7,2026-04-16 09:00:00,2026-04-16 15:00:00
1015,155,3,2026-05-08 06:00:00,2026-05-08 18:00:00
1016,33,1,2026-06-12 06:00:00,2026-06-12 18:00:00
1017,70,7,2026-06-07 06:00:00,2026-06-07 14:00:00
1018,125,8,2026-05-08 06:00:00,2026-05-08 18:00:00
1019,58,7,2026-04-25 10:00:00,2026-04-25 16:00:00
1020,205,9,2026-04-27 09:00:00,2026-04-27 21:00:00
1021,11,9,2026-04-05 09:00:00,2026-04-05 21:00:00
1022,266,7,2026-04-30 06:00:00,2026-04-30 18:00:00
1023,195,6,2026-04-05 07:00:00,2026-04-05 13:00:00
1024,180,6,2026-04-09 08:00:00,2026-04-09 18:00:00
1025,189,3,2026-04-26 10:00:00,2026-04-26 16:00:00
1026,276,10,2026-05-01 09:00:00,2026-05-01 17:00:00
1027,96,3,2026-06-02 06:00:00,2026-06-02 18:00:00
1028,190,8,2026-06-10 10:00:00,2026-06-10 20:00:00
1029,63,6,2026-06-07 10:00:00,2026-06-07 22:00:00
1030,267,6,2026-04-03 07:00:00,2026-04-03 17:00:00
1031,150,10,2026-05-20 06:00:00,2026-05-20 18:00:00
1032,170,2,2026-04-15 08:00:00,2026-04-15 18:00:00
1033,269,7,2026-04-03 10:00:00,2026-04-03 18:00:00
1034,35,7,2026-06-19 10:00:00,2026-06-19 18:00:00
1035,226,10,2026-05-08 09:00:00,2026-05-08 15:00:00
1036,150,3,2026-06-23 06:00:00,2026-06-23 18:00:00
1037,97,10,2026-04-09 10:00:00,2026-04-09 16:00:00
1038,121,3,2026-05-11 09:00:00,2026-05-11 15:00:00
1039,63,9,2026-05-07 06:00:00,2026-05-07 18:00:00
1040,258,1,2026-04-05 07:00:00,2026-04-05 19:00:00
1041,242,5,2026-04-10 08:00:00,2026-04-10 16:00:00
1042,94,1,2026-06-12 10:00:00,2026-06-12 18:00:00
1043,208,1,2026-04-10 07:00:00,2026-04-10 13:00:00
1044,56,4,2026-05-11 06:00:00,2026-05-11 18:00:00
1045,25,1,2026-05-01 06:00:00,2026-05-01 18:00:00
1046,201,4,2026-05-17 08:00:00,2026-05-17 20:00:00
1047,100,6,2026-06-18 06:00:00,2026-06-18 14:00:00
1048,180,9,2026-04-27 09:00:00,2026-04-27 15:00:00
1049,64,1,2026-06-29 09:00:00,2026-06-29 19:00:00
1050,241,8,2026-06-12 08:00:00,2026-06-12 18:00:00
1051,116,10,2026-06-14 09:00:00,2026-06-14 21:00:00
1052,38,10,2026-04-26 06:00:00,2026-04-26 18:00:00
1053,68,2,2026-04-21 10:00:00,2026-04-21 22:00:00
1054,272,6,2026-06-07 06:00:00,2026-06-07 16:00:00
1055,235,3,2026-05-19 09:00:00,2026-05-19 21:00:00
1056,146,6,2026-06-29 06:00:00,2026-06-29 12:00:00
1057,300,10,2026-04-04 06:00:00,2026-04-04 18:00:00
1058,194,4,2026-04-26 10:00:00,2026-04-26 16:00:00
1059,275,4,2026-05-13 09:00:00,2026-05-13 21:00:00
1060,111,1,2026-04-12 08:00:00,2026-04-12 20:00:00
1061,263,1,2026-05-25 09:00:00,2026-05-25 21:00:00
1062,80,10,2026-06-08 08:00:00,2026-06-08 20:00:00
1063,74,4,2026-05-06 10:00:00,2026-05-06 20:00:00
1064,195,5,2026-04-20 10:00:00,2026-04-20 16:00:00
1065,83,5,2026-04-08 08:00:00,2026-04-08 20:00:00
1066,170,10,2026-05-15 06:00:00,2026-05-15 12:00:00
1067,81,3,2026-06-09 06:00:00,2026-06-09 18:00:00
1068,226,3,2026-05-13 06:00:00,2026-05-13 12:00:00
1069,82,4,2026-06-05 07:00:00,2026-06-05 15:00:00
1070,28,10,2026-04-11 07:00:00,2026-04-11 13:00:00
1071,251,3,2026-06-13 06:00:00,2026-06-13 12:00:00
1072,140,10,2026-06-19 07:00:00,2026-06-19 15:00:00
1073,141,7,2026-05-11 06:00:00,2026-05-11 18:00:00
1074,166,8,2026-04-29 10:00:00,2026-04-29 16:00:00
1075,136,7,2026-05-26 09:00:00,2026-05-26 15:00:00
1076,82,10,2026-06-16 07:00:00,2026-06-16 17:00:00
1077,21,7,2026-06-10 06:00:00,2026-06-10 18:00:00
1078,108,4,2026-06-15 10:00:00,2026-06-15 16:00:00
1079,166,2,2026-05-03 10:00:00,2026-05-03 22:00:00
1080,41,1,2026-04-26 09:00:00,2026-04-26 21:00:00
1081,209,1,2026-04-09 06:00:00,2026-04-09 18:00:00
1082,252,10,2026-06-21 09:00:00,2026-06-21 21:00:00
1083,110,7,2026-04-05 07:00:00,2026-04-05 13:00:00
1084,155,2,2026-04-23 10:00:00,2026-04-23 20:00:00
1085,272,1,2026-06-09 09:00:00,2026-06-09 21:00:00
1086,250,7,2026-04-09 07:00:00,2026-04-09 15:00:00
1087,251,1,2026-04-22 08:00:00,2026-04-22 16:00:00
1088,35,7,2026-05-09 07:00:00,2026-05-09 13:00:00
1089,23,5,2026-05-16 09:00:00,2026-05-16 21:00:00
1090,43,1,2026-05-15 09:00:00,2026-05-15 21:00:00
1091,66,3,2026-06-12 10:00:00,2026-06-12 22:00:00
1092,93,5,2026-06-14 10:00:00,2026-06-14 22:00:00
1093,245,3,2026-04-25 06:00:00,2026-04-25 18:00:00
1094,22,8,2026-05-06 08:00:00,2026-05-06 20:00:00
1095,186,3,2026-05-12 10:00:00,2026-05-12 20:00:00
1096,228,10,2026-04-11 09:00:00,2026-04-11 21:00:00
1097,193,7,2026-06-17 08:00:00,2026-06-17 18:00:00
1098,154,7,2026-06-14 07:00:00,2026-06-14 19:00:00
1099,198,6,2026-05-04 10:00:00,2026-05-04 22:00:00
1100,53,1,2026-05-11 09:00:00,2026-05-11 17:00:00
1101,17,5,2026-06-12 06:00:00,2026-06-12 14:00:00
1102,214,4,2026-05-28 10:00:00,2026-05-28 18:00:00
1103,48,8,2026-05-03 08:00:00,2026-05-03 16:00:00
1104,261,2,2026-06-24 07:00:00,2026-06-24 13:00:00
1105,219,1,2026-05-19 10:00:00,2026-05-19 18:00:00
1106,200,8,2026-06-06 09:00:00,2026-06-06 15:00:00
1107,154,9,2026-04-24 07:00:00,2026-04-24 19:00:00
1108,186,8,2026-05-02 07:00:00,2026-05-02 19:00:00
1109,261,9,2026-05-10 09:00:00,2026-05-10 21:00:00
1110,249,1,2026-04-29 10:00:00,2026-04-29 22:00:00
1111,3,8,2026-06-10 07:00:00,2026-06-10 19:00:00
1112,218,5,2026-06-02 06:00:00,2026-06-02 18:00:00
1113,57,2,2026-05-14 06:00:00,2026-05-14 12:00:00
1114,261,2,2026-05-09 09:00:00,2026-05-09 15:00:00
1115,182,5,2026-06-10 06:00:00,2026-06-10 16:00:00
1116,42,1,2026-06-23 08:00:00,2026-06-23 18:00:00
1117,284,9,2026-06-06 07:00:00,2026-06-06 19:00:00
1118,260,7,2026-06-01 09:00:00,2026-06-01 17:00:00
1119,238,2,2026-04-23 09:00:00,2026-04-23 17:00:00
1120,158,10,2026-06-19 10:00:00,2026-06-19 18:00:00
1121,158,1,2026-05-02 10:00:00,2026-05-02 16:00:00
1122,67,3,2026-06-23 06:00:00,2026-06-23 12:00:00
1123,63,7,2026-04-24 08:00:00,2026-04-24 20:00:00
1124,220,9,2026-05-17 08:00:00,2026-05-17 20:00:00
1125,132,5,2026-05-12 10:00:00,2026-05-12 20:00:00
1126,222,8,2026-05-03 06:00:00,2026-05-03 14:00:00
1127,143,7,2026-06-07 06:00:00,2026-06-07 12:00:00
1128,50,7,2026-06-13 06:00:00,2026-06-13 12:00:00
1129,66,8,2026-04-04 09:00:00,2026-04-04 21:00:00
1130,42,7,2026-06-19 07:00:00,2026-06-19 13:00:00
1131,276,3,2026-06-29 06:00:00,2026-06-29 16:00:00
1132,156,3,2026-06-10 07:00:00,2026-06-10 13:00:00
1133,189,5,2026-04-07 10:00:00,2026-04-07 20:00:00
1134,154,4,2026-06-10 06:00:00,2026-06-10 12:00:00
1135,9,4,2026-06-26 07:00:00,2026-06-26 15:00:00
1136,66,5,2026-04-30 09:00:00,2026-04-30 21:00:00
1137,174,8,2026-05-03 10:00:00,2026-05-03 18:00:00
1138,239,7,2026-04-09 08:00:00,2026-04-09 20:00:00
1139,170,8,2026-04-04 10:00:00,2026-04-04 20:00:00
1140,89,5,2026-05-18 10:00:00,2026-05-18 22:00:00
1141,61,5,2026-04-30 08:00:00,2026-04-30 20:00:00
1142,282,10,2026-06-01 07:00:00,2026-06-01 15:00:00
1143,271,7,2026-06-10 09:00:00,2026-06-10 17:00:00
1144,294,8,2026-04-25 07:00:00,2026-04-25 19:00:00
1145,236,5,2026-06-21 07:00:00,2026-06-21 17:00:00
1146,134,1,2026-06-13 07:00:00,2026-06-13 17:00:00
1147,3,6,2026-05-19 08:00:00,2026-05-19 20:00:00
1148,164,6,2026-05-08 07:00:00,2026-05-08 17:00:00
1149,122,6,2026-05-24 09:00:00,2026-05-24 15:00:00
1150,157,6,2026-05-24 09:00:00,2026-05-24 17:00:00
1151,286,6,2026-05-07 09:00:00,2026-05-07 21:00:00
1152,94,6,2026-06-19 09:00:00,2026-06-19 19:00:00
1153,194,6,2026-04-21 06:00:00,2026-04-21 14:00:00
1154,264,3,2026-04-26 08:00:00,2026-04-26 16:00:00
1155,292,6,2026-04-04 08:00:00,2026-04-04 16:00:00
1156,179,3,2026-06-07 08:00:00,2026-06-07 16:00:00
1157,115,4,2026-04-28 06:00:00,2026-04-28 16:00:00
1158,70,10,2026-06-18 06:00:00,2026-06-18 14:00:00
1159,152,5,2026-06-22 09:00:00,2026-06-22 19:00:00
1160,289,10,2026-05-20 07:00:00,2026-05-20 13:00:00
1161,74,6,2026-05-31 10:00:00,2026-05-31 16:00:00
1162,217,2,2026-04-15 10:00:00,2026-04-15 18:00:00
1163,12,3,2026-06-04 06:00:00,2026-06-04 18:00:00
1164,171,3,2026-04-27 06:00:00,2026-04-27 14:00:00
1165,48,5,2026-05-06 07:00:00,2026-05-06 13:00:00
1166,170,10,2026-04-17 06:00:00,2026-04-17 12:00:00
1167,255,9,2026-04-05 09:00:00,2026-04-05 21:00:00
1168,110,4,2026-06-20 10:00:00,2026-06-20 22:00:00
1169,15,9,2026-04-18 09:00:00,2026-04-18 15:00:00
1170,112,4,2026-06-15 07:00:00,2026-06-15 17:00:00
1171,118,5,2026-06-14 10:00:00,2026-06-14 16:00:00
1172,107,10,2026-06-21 06:00:00,2026-06-21 12:00:00
1173,169,2,2026-04-25 10:00:00,2026-04-25 16:00:00
1174,207,10,2026-04-03 07:00:00,2026-04-03 13:00:00
1175,242,6,2026-04-18 07:00:00,2026-04-18 15:00:00
1176,31,7,2026-05-04 08:00:00,2026-05-04 14:00:00
1177,252,2,2026-06-10 09:00:00,2026-06-10 21:00:00
1178,8,3,2026-04-02 06:00:00,2026-04-02 12:00:00
1179,63,9,2026-05-21 08:00:00,2026-05-21 14:00:00
1180,253,3,2026-04-08 07:00:00,2026-04-08 17:00:00
1181,155,5,2026-06-16 09:00:00,2026-06-16 17:00:00
1182,39,10,2026-06-24 07:00:00,2026-06-24 15:00:00
1183,68,9,2026-05-15 10:00:00,2026-05-15 16:00:00
1184,135,9,2026-06-10 07:00:00,2026-06-10 13:00:00
1185,211,10,2026-05-11 07:00:00,2026-05-11 17:00:00
1186,295,7,2026-06-16 07:00:00,2026-06-16 17:00:00
1187,95,7,2026-06-24 08:00:00,2026-06-24 14:00:00
1188,290,3,2026-05-09 09:00:00,2026-05-09 21:00:00
1189,65,9,2026-06-24 07:00:00,2026-06-24 19:00:00
1190,156,1,2026-06-17 10:00:00,2026-06-17 22:00:00
1191,131,8,2026-06-08 10:00:00,2026-06-08 16:00:00
1192,185,3,2026-04-06 10:00:00,2026-04-06 20:00:00
1193,154,9,2026-05-01 10:00:00,2026-05-01 22:00:00
1194,104,1,2026-04-20 07:00:00,2026-04-20 13:00:00
1195,215,9,2026-04-28 10:00:00,2026-04-28 20:00:00
1196,90,10,2026-04-28 10:00:00,2026-04-28 16:00:00
1197,281,5,2026-05-14 09:00:00,2026-05-14 15:00:00
1198,202,8,2026-04-12 06:00:00,2026-04-12 16:00:00
1199,219,10,2026-06-28 07:00:00,2026-06-28 17:00:00
1200,200,7,2026-04-17 10:00:00,2026-04-17 18:00:00
1201,226,1,2026-05-26 08:00:00,2026-05-26 16:00:00
1202,42,7,2026-04-11 07:00:00,2026-04-11 17:00:00
1203,25,4,2026-05-08 08:00:00,2026-05-08 14:00:00
1204,160,4,2026-05-24 08:00:00,2026-05-24 20:00:00
1205,190,1,2026-05-25 09:00:00,2026-05-25 19:00:00
1206,210,8,2026-05-20 10:00:00,2026-05-20 18:00:00
1207,157,7,2026-06-25 10:00:00,2026-06-25 22:00:00
1208,62,10,2026-06-19 10:00:00,2026-06-19 16:00:00
1209,69,5,2026-05-16 08:00:00,2026-05-16 18:00:00
1210,164,2,2026-04-16 09:00:00,2026-04-16 17:00:00
1211,21,2,2026-05-01 08:00:00,2026-05-01 20:00:00
1212,219,10,2026-04-24 06:00:00,2026-04-24 16:00:00
1213,134,9,2026-05-01 10:00:00,2026-05-01 18:00:00
1214,140,4,2026-05-26 10:00:00,2026-05-26 18:00:00
1215,271,3,2026-06-04 10:00:00,2026-06-04 18:00:00
1216,152,4,2026-05-06 08:00:00,2026-05-06 16:00:00
1217,69,3,2026-04-28 09:00:00,2026-04-28 15:00:00
1218,194,8,2026-06-25 06:00:00,2026-06-25 12:00:00
1219,277,8,2026-06-21 10:00:00,2026-06-21 18:00:00
1220,23,2,2026-06-23 08:00:00,2026-06-23 20:00:00
1221,170,5,2026-05-31 08:00:00,2026-05-31 16:00:00
1222,257,5,2026-04-16 09:00:00,2026-04-16 17:00:00
1223,132,10,2026-06-01 07:00:00,2026-06-01 17:00:00
1224,9,10,2026-05-30 10:00:00,2026-05-30 16:00:00
1225,104,1,2026-04-27 10:00:00,2026-04-27 20:00:00
1226,208,10,2026-06-09 06:00:00,2026-06-09 14:00:00
1227,265,7,2026-06-17 09:00:00,2026-06-17 21:00:00
1228,11,5,2026-06-20 08:00:00,2026-06-20 16:00:00
1229,24,6,2026-05-03 09:00:00,2026-05-03 19:00:00
1230,104,3,2026-06-06 09:00:00,2026-06-06 17:00:00
1231,259,10,2026-04-13 09:00:00,2026-04-13 19:00:00
1232,89,6,2026-06-17 08:00:00,2026-06-17 18:00:00
1233,136,3,2026-06-09 07:00:00,2026-06-09 13:00:00
1234,21,2,2026-06-09 06:00:00,2026-06-09 16:00:00
1235,252,6,2026-05-07 10:00:00,2026-05-07 22:00:00
1236,255,1,2026-05-29 06:00:00,2026-05-29 18:00:00
1237,276,9,2026-04-06 08:00:00,2026-04-06 16:00:00
1238,107,6,2026-06-24 10:00:00,2026-06-24 16:00:00
1239,41,9,2026-05-16 08:00:00,2026-05-16 16:00:00
1240,67,10,2026-06-22 06:00:00,2026-06-22 18:00:00
1241,284,1,2026-04-05 06:00:00,2026-04-05 14:00:00
1242,4,8,2026-04-27 08:00:00,2026-04-27 16:00:00
1243,190,4,2026-05-27 09:00:00,2026-05-27 21:00:00
1244,144,10,2026-06-23 08:00:00,2026-06-23 18:00:00
1245,10,2,2026-05-26 10:00:00,2026-05-26 18:00:00
1246,175,9,2026-05-03 08:00:00,2026-05-03 16:00:00
1247,10,4,2026-05-20 10:00:00,2026-05-20 16:00:00
1248,45,6,2026-04-04 06:00:00,2026-04-04 18:00:00
1249,139,7,2026-05-09 07:00:00,2026-05-09 13:00:00
1250,46,7,2026-06-19 06:00:00,2026-06-19 18:00:00
1251,296,6,2026-06-23 06:00:00,2026-06-23 16:00:00
1252,84,5,2026-05-04 09:00:00,2026-05-04 21:00:00
1253,208,9,2026-05-06 07:00:00,2026-05-06 13:00:00
1254,299,7,2026-04-17 06:00:00,2026-04-17 14:00:00
1255,68,1,2026-05-20 06:00:00,2026-05-20 12:00:00
1256,130,4,2026-04-05 08:00:00,2026-04-05 16:00:00
1257,263,4,2026-06-11 08:00:00,2026-06-11 18:00:00
1258,51,10,2026-06-23 07:00:00,2026-06-23 15:00:00
1259,202,1,2026-06-05 06:00:00,2026-06-05 12:00:00
1260,35,6,2026-06-25 10:00:00,2026-06-25 20:00:00
1261,224,10,2026-04-13 07:00:00,2026-04-13 15:00:00
1262,104,8,2026-06-06 09:00:00,2026-06-06 17:00:00
1263,214,9,2026-05-28 10:00:00,2026-05-28 22:00:00
1264,279,2,2026-06-02 10:00:00,2026-06-02 20:00:00
1265,281,3,2026-05-31 08:00:00,2026-05-31 20:00:00
1266,298,3,2026-04-21 09:00:00,2026-04-21 17:00:00
1267,169,7,2026-05-19 10:00:00,2026-05-19 18:00:00
1268,213,7,2026-04-21 06:00:00,2026-04-21 14:00:00
1269,3,2,2026-06-15 06:00:00,2026-06-15 14:00:00
1270,195,6,2026-04-02 06:00:00,2026-04-02 14:00:00
1271,299,1,2026-04-22 06:00:00,2026-04-22 14:00:00
1272,242,4,2026-06-18 08:00:00,2026-06-18 14:00:00
1273,293,7,2026-06-02 08:00:00,2026-06-02 14:00:00
1274,288,4,2026-04-23 07:00:00,2026-04-23 15:00:00
1275,204,7,2026-05-18 10:00:00,2026-05-18 20:00:00
1276,255,6,2026-04-16 07:00:00,2026-04-16 17:00:00
1277,38,9,2026-06-17 10:00:00,2026-06-17 20:00:00
1278,261,9,2026-04-12 10:00:00,2026-04-12 22:00:00
1279,23,7,2026-05-14 07:00:00,2026-05-14 19:00:00
1280,287,1,2026-05-09 08:00:00,2026-05-09 18:00:00
1281,108,10,2026-06-24 06:00:00,2026-06-24 14:00:00
1282,126,2,2026-06-09 06:00:00,2026-06-09 18:00:00
1283,115,10,2026-06-06 07:00:00,2026-06-06 17:00:00
1284,93,6,2026-05-14 10:00:00,2026-05-14 22:00:00
1285,165,3,2026-06-15 08:00:00,2026-06-15 16:00:00
1286,264,7,2026-04-03 09:00:00,2026-04-03 15:00:00
1287,213,8,2026-04-23 07:00:00,2026-04-23 19:00:00
1288,178,8,2026-05-02 09:00:00,2026-05-02 19:00:00
1289,39,9,2026-06-12 10:00:00,2026-06-12 16:00:00
1290,131,6,2026-05-10 09:00:00,2026-05-10 19:00:00
1291,155,5,2026-06-16 06:00:00,2026-06-16 12:00:00
1292,218,4,2026-05-07 07:00:00,2026-05-07 19:00:00
1293,130,7,2026-05-02 08:00:00,2026-05-02 14:00:00
1294,123,2,2026-06-12 06:00:00,2026-06-12 12:00:00
1295,38,10,2026-06-29 10:00:00,2026-06-29 20:00:00
1296,169,3,2026-04-29 10:00:00,2026-04-29 20:00:00
1297,225,1,2026-05-31 09:00:00,2026-05-31 17:00:00
1298,101,1,2026-05-25 06:00:00,2026-05-25 14:00:00
1299,104,6,2026-05-14 09:00:00,2026-05-14 17:00:00
1300,103,8,2026-06-11 06:00:00,2026-06-11 18:00:00
1301,179,6,2026-04-29 10:00:00,2026-04-29 22:00:00
1302,17,10,2026-05-25 09:00:00,2026-05-25 17:00:00
1303,228,9,2026-04-11 06:00:00,2026-04-11 12:00:00
1304,6,3,2026-06-15 07:00:00,2026-06-15 15:00:00
1305,104,7,2026-06-22 09:00:00,2026-06-22 21:00:00
1306,207,1,2026-04-08 10:00:00,2026-04-08 18:00:00
1307,228,7,2026-04-13 09:00:00,2026-04-13 19:00:00
1308,38,7,2026-05-17 10:00:00,2026-05-17 16:00:00
1309,43,2,2026-05-16 06:00:00,2026-05-16 14:00:00
1310,65,4,2026-06-14 06:00:00,2026-06-14 14:00:00
1311,141,9,2026-05-08 07:00:00,2026-05-08 15:00:00
1312,199,1,2026-04-14 06:00:00,2026-04-14 16:00:00
1313,182,5,2026-06-26 06:00:00,2026-06-26 12:00:00
1314,197,8,2026-06-20 09:00:00,2026-06-20 19:00:00
1315,218,2,2026-04-28 08:00:00,2026-04-28 14:00:00
1316,153,9,2026-05-01 09:00:00,2026-05-01 17:00:00
1317,151,6,2026-04-08 10:00:00,2026-04-08 20:00:00
1318,6,10,2026-04-24 10:00:00,2026-04-24 16:00:00
1319,120,2,2026-05-12 10:00:00,2026-05-12 18:00:00
1320,4,9,2026-05-08 09:00:00,2026-05-08 17:00:00
1321,229,6,2026-06-21 08:00:00,2026-06-21 14:00:00
1322,91,6,2026-06-08 06:00:00,2026-06-08 16:00:00
1323,201,1,2026-06-21 10:00:00,2026-06-21 22:00:00
1324,35,5,2026-04-20 08:00:00,2026-04-20 14:00:00
1325,8,3,2026-06-20 08:00:00,2026-06-20 16:00:00
1326,270,8,2026-05-21 06:00:00,2026-05-21 16:00:00
1327,30,2,2026-06-17 08:00:00,2026-06-17 20:00:00
1328,138,4,2026-04-08 08:00:00,2026-04-08 16:00:00
1329,183,2,2026-06-04 07:00:00,2026-06-04 15:00:00
1330,171,5,2026-04-03 09:00:00,2026-04-03 19:00:00
1331,291,2,2026-06-16 09:00:00,2026-06-16 19:00:00
1332,99,2,2026-05-15 06:00:00,2026-05-15 14:00:00
1333,68,1,2026-05-01 06:00:00,2026-05-01 18:00:00
1334,64,8,2026-06-24 06:00:00,2026-06-24 12:00:00
1335,291,3,2026-06-22 09:00:00,2026-06-22 19:00:00
1336,199,8,2026-06-12 08:00:00,2026-06-12 20:00:00
1337,179,3,2026-05-23 09:00:00,2026-05-23 15:00:00
1338,41,8,2026-06-05 07:00:00,2026-06-05 19:00:00
1339,150,7,2026-04-03 09:00:00,2026-04-03 15:00:00
1340,125,7,2026-04-19 08:00:00,2026-04-19 18:00:00
1341,88,8,2026-05-17 07:00:00,2026-05-17 19:00:00
1342,36,8,2026-06-06 09:00:00,2026-06-06 19:00:00
1343,20,8,2026-05-08 07:00:00,2026-05-08 17:00:00
1344,278,8,2026-06-05 08:00:00,2026-06-05 20:00:00
1345,22,1,2026-06-21 07:00:00,2026-06-21 19:00:00
1346,99,2,2026-05-15 08:00:00,2026-05-15 14:00:00
1347,286,7,2026-06-08 08:00:00,2026-06-08 18:00:00
1348,30,8,2026-06-15 09:00:00,2026-06-15 15:00:00
1349,148,8,2026-05-31 09:00:00,2026-05-31 19:00:00
1350,300,8,2026-05-23 07:00:00,2026-05-23 15:00:00
1351,176,3,2026-06-05 06:00:00,2026-06-05 18:00:00
1352,257,10,2026-04-03 09:00:00,2026-04-03 15:00:00
1353,173,10,2026-06-13 08:00:00,2026-06-13 20:00:00
1354,34,6,2026-05-02 07:00:00,2026-05-02 15:00:00
1355,237,5,2026-06-06 07:00:00,2026-06-06 17:00:00
1356,221,5,2026-06-04 08:00:00,2026-06-04 16:00:00
1357,20,10,2026-05-08 07:00:00,2026-05-08 19:00:00
1358,290,9,2026-05-23 07:00:00,2026-05-23 15:00:00
1359,142,10,2026-05-01 09:00:00,2026-05-01 21:00:00
1360,40,5,2026-04-06 06:00:00,2026-04-06 16:00:00
1361,217,8,2026-06-10 09:00:00,2026-06-10 17:00:00
1362,103,10,2026-04-05 07:00:00,2026-04-05 13:00:00
1363,142,2,2026-04-13 06:00:00,2026-04-13 18:00:00
1364,150,1,2026-04-10 07:00:00,2026-04-10 15:00:00
1365,283,3,2026-05-05 06:00:00,2026-05-05 18:00:00
1366,258,7,2026-06-22 10:00:00,2026-06-22 22:00:00
1367,183,5,2026-04-11 08:00:00,2026-04-11 14:00:00
1368,6,8,2026-04-28 10:00:00,2026-04-28 18:00:00
1369,234,10,2026-05-09 07:00:00,2026-05-09 13:00:00
1370,262,7,2026-06-14 06:00:00,2026-06-14 12:00:00
1371,49,7,2026-05-08 08:00:00,2026-05-08 14:00:00
1372,183,6,2026-04-01 10:00:00,2026-04-01 20:00:00
1373,8,4,2026-04-20 08:00:00,2026-04-20 18:00:00
1374,236,3,2026-05-08 10:00:00,2026-05-08 22:00:00
1375,54,9,2026-04-11 10:00:00,2026-04-11 22:00:00
1376,272,5,2026-05-04 09:00:00,2026-05-04 15:00:00
1377,19,4,2026-04-29 10:00:00,2026-04-29 22:00:00
1378,260,5,2026-04-26 06:00:00,2026-04-26 14:00:00
1379,82,9,2026-06-28 07:00:00,2026-06-28 17:00:00
1380,264,8,2026-06-06 07:00:00,2026-06-06 19:00:00
1381,217,10,2026-04-19 08:00:00,2026-04-19 20:00:00
1382,237,7,2026-04-10 07:00:00,2026-04-10 19:00:00
1383,76,10,2026-06-14 07:00:00,2026-06-14 17:00:00
1384,182,1,2026-06-28 09:00:00,2026-06-28 15:00:00
1385,112,2,2026-04-18 06:00:00,2026-04-18 16:00:00
1386,61,8,2026-04-06 07:00:00,2026-04-06 19:00:00
1387,66,2,2026-06-21 07:00:00,2026-06-21 15:00:00
1388,17,9,2026-06-09 09:00:00,2026-06-09 17:00:00
1389,273,4,2026-05-27 06:00:00,2026-05-27 16:00:00
1390,45,10,2026-06-08 07:00:00,2026-06-08 15:00:00
1391,69,10,2026-06-15 07:00:00,2026-06-15 17:00:00
1392,99,6,2026-06-12 06:00:00,2026-06-12 18:00:00
1393,11,5,2026-05-27 06:00:00,2026-05-27 12:00:00
1394,182,5,2026-04-09 07:00:00,2026-04-09 17:00:00
1395,193,10,2026-06-25 07:00:00,2026-06-25 17:00:00
1396,13,6,2026-06-05 07:00:00,2026-06-05 19:00:00
1397,181,5,2026-05-08 10:00:00,2026-05-08 16:00:00
1398,253,5,2026-05-06 08:00:00,2026-05-06 20:00:00
1399,62,2,2026-04-22 07:00:00,2026-04-22 13:00:00
1400,266,9,2026-04-17 08:00:00,2026-04-17 18:00:00
1401,19,4,2026-04-30 06:00:00,2026-04-30 18:00:00
1402,188,4,2026-04-10 07:00:00,2026-04-10 13:00:00
1403,63,3,2026-06-09 08:00:00,2026-06-09 18:00:00
1404,120,1,2026-05-29 07:00:00,2026-05-29 19:00:00
1405,233,7,2026-04-09 08:00:00,2026-04-09 18:00:00
1406,101,1,2026-04-29 06:00:00,2026-04-29 14:00:00
1407,299,10,2026-05-31 08:00:00,2026-05-31 18:00:00
1408,78,10,2026-06-28 10:00:00,2026-06-28 20:00:00
1409,109,5,2026-06-16 08:00:00,2026-06-16 16:00:00
1410,197,8,2026-06-12 08:00:00,2026-06-12 18:00:00
1411,276,5,2026-05-02 07:00:00,2026-05-02 17:00:00
1412,210,7,2026-06-01 07:00:00,2026-06-01 19:00:00
1413,21,3,2026-05-14 06:00:00,2026-05-14 12:00:00
1414,279,5,2026-06-11 09:00:00,2026-06-11 15:00:00
1415,179,2,2026-04-16 06:00:00,2026-04-16 16:00:00
1416,222,2,2026-05-19 10:00:00,2026-05-19 18:00:00
1417,14,3,2026-06-25 07:00:00,2026-06-25 13:00:00
1418,179,5,2026-05-27 07:00:00,2026-05-27 19:00:00
1419,235,5,2026-05-27 10:00:00,2026-05-27 18:00:00
1420,242,2,2026-06-25 09:00:00,2026-06-25 21:00:00
1421,254,3,2026-05-08 07:00:00,2026-05-08 17:00:00
1422,244,5,2026-04-19 07:00:00,2026-04-19 13:00:00
1423,109,9,2026-06-24 10:00:00,2026-06-24 16:00:00
1424,62,5,2026-05-30 09:00:00,2026-05-30 21:00:00
1425,205,6,2026-06-16 10:00:00,2026-06-16 22:00:00
1426,242,3,2026-05-18 07:00:00,2026-05-18 19:00:00
1427,219,3,2026-06-11 07:00:00,2026-06-11 17:00:00
1428,139,1,2026-06-16 07:00:00,2026-06-16 17:00:00
1429,216,4,2026-06-27 10:00:00,2026-06-27 18:00:00
1430,7,6,2026-06-07 08:00:00,2026-06-07 16:00:00
1431,36,10,2026-05-30 07:00:00,2026-05-30 19:00:00
1432,22,9,2026-05-20 09:00:00,2026-05-20 21:00:00
1433,141,8,2026-04-29 06:00:00,2026-04-29 18:00:00
1434,286,4,2026-05-24 10:00:00,2026-05-24 18:00:00
1435,235,2,2026-04-11 07:00:00,2026-04-11 13:00:00
1436,158,1,2026-06-03 10:00:00,2026-06-03 22:00:00
1437,159,7,2026-06-08 07:00:00,2026-06-08 15:00:00
1438,61,3,2026-04-22 08:00:00,2026-04-22 18:00:00
1439,187,6,2026-05-06 09:00:00,2026-05-06 19:00:00
1440,157,5,2026-04-29 08:00:00,2026-04-29 14:00:00
1441,132,8,2026-05-04 10:00:00,2026-05-04 16:00:00
1442,157,10,2026-04-28 09:00:00,2026-04-28 15:00:00
1443,144,3,2026-05-04 10:00:00,2026-05-04 20:00:00
1444,288,1,2026-05-07 07:00:00,2026-05-07 15:00:00
1445,143,2,2026-04-24 09:00:00,2026-04-24 15:00:00
1446,232,3,2026-05-31 09:00:00,2026-05-31 17:00:00
1447,227,9,2026-05-08 07:00:00,2026-05-08 17:00:00
1448,270,4,2026-05-22 10:00:00,2026-05-22 18:00:00
1449,29,7,2026-05-13 07:00:00,2026-05-13 13:00:00
1450,222,6,2026-06-05 10:00:00,2026-06-05 18:00:00
1451,79,7,2026-05-08 08:00:00,2026-05-08 18:00:00
1452,81,7,2026-04-21 09:00:00,2026-04-21 21:00:00
1453,266,8,2026-06-25 07:00:00,2026-06-25 17:00:00
1454,142,4,2026-05-03 06:00:00,2026-05-03 16:00:00
1455,68,4,2026-06-23 10:00:00,2026-06-23 18:00:00
1456,281,4,2026-04-27 10:00:00,2026-04-27 20:00:00
1457,115,1,2026-06-27 10:00:00,2026-06-27 22:00:00
1458,256,8,2026-05-09 07:00:00,2026-05-09 15:00:00
1459,174,5,2026-05-28 06:00:00,2026-05-28 12:00:00
1460,118,4,2026-06-20 06:00:00,2026-06-20 18:00:00
1461,281,10,2026-04-10 10:00:00,2026-04-10 16:00:00
1462,209,9,2026-05-09 08:00:00,2026-05-09 18:00:00
1463,25,2,2026-04-06 06:00:00,2026-04-06 18:00:00
1464,248,8,2026-06-13 10:00:00,2026-06-13 22:00:00
1465,98,6,2026-05-18 08:00:00,2026-05-18 14:00:00
1466,144,8,2026-06-11 07:00:00,2026-06-11 19:00:00
1467,180,10,2026-05-22 07:00:00,2026-05-22 17:00:00
1468,130,9,2026-06-20 08:00:00,2026-06-20 20:00:00
1469,80,4,2026-04-28 09:00:00,2026-04-28 17:00:00
1470,22,2,2026-04-21 08:00:00,2026-04-21 14:00:00
1471,6,4,2026-06-10 08:00:00,2026-06-10 18:00:00
1472,109,8,2026-06-01 07:00:00,2026-06-01 13:00:00
1473,85,10,2026-05-26 08:00:00,2026-05-26 18:00:00
1474,266,3,2026-05-24 09:00:00,2026-05-24 21:00:00
1475,158,2,2026-05-31 06:00:00,2026-05-31 16:00:00
1476,87,10,2026-04-08 10:00:00,2026-04-08 20:00:00
1477,255,8,2026-05-21 06:00:00,2026-05-21 14:00:00
1478,179,7,2026-04-02 09:00:00,2026-04-02 21:00:00
1479,100,1,2026-06-15 09:00:00,2026-06-15 21:00:00
1480,140,5,2026-04-14 06:00:00,2026-04-14 16:00:00
1481,277,5,2026-05-16 07:00:00,2026-05-16 19:00:00
1482,149,5,2026-04-05 10:00:00,2026-04-05 18:00:00
1483,61,1,2026-04-28 10:00:00,2026-04-28 22:00:00
1484,214,10,2026-06-24 10:00:00,2026-06-24 18:00:00
1485,254,2,2026-04-20 09:00:00,2026-04-20 15:00:00
1486,177,1,2026-06-11 09:00:00,2026-06-11 17:00:00
1487,111,2,2026-06-20 06:00:00,2026-06-20 12:00:00
1488,165,2,2026-05-04 06:00:00,2026-05-04 14:00:00
1489,103,10,2026-04-14 09:00:00,2026-04-14 21:00:00
1490,252,1,2026-04-29 09:00:00,2026-04-29 19:00:00
1491,98,7,2026-05-30 07:00:00,2026-05-30 13:00:00
1492,273,5,2026-04-22 09:00:00,2026-04-22 19:00:00
1493,259,4,2026-04-09 07:00:00,2026-04-09 19:00:00
1494,31,5,2026-06-09 07:00:00,2026-06-09 19:00:00
1495,79,6,2026-06-13 09:00:00,2026-06-13 17:00:00
1496,144,6,2026-05-08 08:00:00,2026-05-08 20:00:00
1497,155,2,2026-04-11 07:00:00,2026-04-11 17:00:00
1498,235,6,2026-06-29 10:00:00,2026-06-29 20:00:00
1499,190,10,2026-04-15 07:00:00,2026-04-15 15:00:00
1500,281,10,2026-05-14 06:00:00,2026-05-14 18:00:00
1501,256,6,2026-05-31 07:00:00,2026-05-31 17:00:00
1502,270,6,2026-05-18 07:00:00,2026-05-18 15:00:00
1503,287,9,2026-05-23 09:00:00,2026-05-23 19:00:00
1504,8,1,2026-06-11 07:00:00,2026-06-11 13:00:00
1505,260,2,2026-04-07 06:00:00,2026-04-07 18:00:00
1506,17,7,2026-06-15 06:00:00,2026-06-15 16:00:00
1507,211,2,2026-05-30 07:00:00,2026-05-30 15:00:00
1508,20,6,2026-05-26 07:00:00,2026-05-26 17:00:00
1509,114,10,2026-05-23 06:00:00,2026-05-23 14:00:00
1510,44,6,2026-04-24 10:00:00,2026-04-24 22:00:00
1511,96,9,2026-06-03 09:00:00,2026-06-03 15:00:00
1512,65,6,2026-06-26 07:00:00,2026-06-26 15:00:00
1513,75,8,2026-06-11 09:00:00,2026-06-11 21:00:00
1514,202,9,2026-06-10 10:00:00,2026-06-10 22:00:00
1515,55,3,2026-04-06 09:00:00,2026-04-06 21:00:00
1516,108,8,2026-06-06 08:00:00,2026-06-06 20:00:00
1517,119,3,2026-04-07 07:00:00,2026-04-07 19:00:00
1518,256,5,2026-04-28 09:00:00,2026-04-28 15:00:00
1519,289,9,2026-04-13 09:00:00,2026-04-13 17:00:00
1520,281,5,2026-05-05 09:00:00,2026-05-05 19:00:00
1521,229,8,2026-05-20 09:00:00,2026-05-20 19:00:00
1522,226,9,2026-04-14 06:00:00,2026-04-14 16:00:00
1523,140,4,2026-04-12 08:00:00,2026-04-12 16:00:00
1524,164,8,2026-04-30 07:00:00,2026-04-30 17:00:00
1525,176,7,2026-06-14 07:00:00,2026-06-14 13:00:00
1526,14,2,2026-05-10 10:00:00,2026-05-10 20:00:00
1527,226,4,2026-06-02 07:00:00,2026-06-02 15:00:00
1528,226,6,2026-04-05 09:00:00,2026-04-05 17:00:00
1529,91,7,2026-04-03 10:00:00,2026-04-03 22:00:00
1530,226,1,2026-04-03 06:00:00,2026-04-03 12:00:00
1531,255,3,2026-04-29 10:00:00,2026-04-29 16:00:00
1532,6,4,2026-05-22 06:00:00,2026-05-22 14:00:00
1533,45,1,2026-04-24 08:00:00,2026-04-24 16:00:00
1534,251,7,2026-06-11 08:00:00,2026-06-11 16:00:00
1535,99,7,2026-05-28 08:00:00,2026-05-28 20:00:00
1536,19,10,2026-04-22 07:00:00,2026-04-22 15:00:00
1537,5,9,2026-04-10 10:00:00,2026-04-10 22:00:00
1538,196,1,2026-04-15 09:00:00,2026-04-15 17:00:00
1539,240,6,2026-04-19 10:00:00,2026-04-19 18:00:00
1540,224,2,2026-05-14 08:00:00,2026-05-14 16:00:00
1541,221,3,2026-05-30 10:00:00,2026-05-30 22:00:00
1542,202,10,2026-05-20 10:00:00,2026-05-20 16:00:00
1543,143,10,2026-06-15 06:00:00,2026-06-15 18:00:00
1544,37,1,2026-05-28 07:00:00,2026-05-28 13:00:00
1545,105,8,2026-05-07 10:00:00,2026-05-07 18:00:00
1546,144,4,2026-04-03 10:00:00,2026-04-03 22:00:00
1547,276,2,2026-04-25 06:00:00,2026-04-25 16:00:00
1548,222,8,2026-05-30 10:00:00,2026-05-30 20:00:00
1549,98,9,2026-04-08 07:00:00,2026-04-08 17:00:00
1550,245,2,2026-05-21 07:00:00,2026-05-21 13:00:00
1551,69,3,2026-06-03 08:00:00,2026-06-03 18:00:00
1552,252,2,2026-04-23 10:00:00,2026-04-23 20:00:00
1553,109,4,2026-05-04 09:00:00,2026-05-04 19:00:00
1554,220,7,2026-05-12 09:00:00,2026-05-12 21:00:00
1555,205,2,2026-06-20 06:00:00,2026-06-20 16:00:00
1556,11,6,2026-04-01 09:00:00,2026-04-01 21:00:00
1557,178,3,2026-05-05 09:00:00,2026-05-05 19:00:00
1558,3,4,2026-05-05 08:00:00,2026-05-05 16:00:00
1559,283,5,2026-06-09 09:00:00,2026-06-09 17:00:00
1560,293,9,2026-04-03 08:00:00,2026-04-03 16:00:00
1561,4,6,2026-05-19 09:00:00,2026-05-19 15:00:00
1562,22,7,2026-04-04 10:00:00,2026-04-04 18:00:00
1563,167,2,2026-04-07 07:00:00,2026-04-07 19:00:00
1564,5,2,2026-06-09 10:00:00,2026-06-09 20:00:00
1565,299,6,2026-04-08 08:00:00,2026-04-08 18:00:00
1566,86,9,2026-05-20 07:00:00,2026-05-20 19:00:00
1567,10,1,2026-06-23 08:00:00,2026-06-23 18:00:00
1568,197,4,2026-06-01 10:00:00,2026-06-01 18:00:00
1569,77,2,2026-06-07 06:00:00,2026-06-07 14:00:00
1570,275,7,2026-06-12 08:00:00,2026-06-12 18:00:00
1571,26,8,2026-05-25 09:00:00,2026-05-25 19:00:00
1572,3,9,2026-05-26 06:00:00,2026-05-26 18:00:00
1573,152,7,2026-04-08 06:00:00,2026-04-08 14:00:00
1574,205,8,2026-05-16 10:00:00,2026-05-16 22:00:00
1575,284,3,2026-05-13 08:00:00,2026-05-13 18:00:00
1576,19,1,2026-06-11 10:00:00,2026-06-11 18:00:00
1577,119,4,2026-04-11 10:00:00,2026-04-11 20:00:00
1578,85,4,2026-05-21 09:00:00,2026-05-21 19:00:00
1579,260,6,2026-05-06 08:00:00,2026-05-06 18:00:00
1580,298,6,2026-04-14 07:00:00,2026-04-14 19:00:00
1581,112,3,2026-06-22 09:00:00,2026-06-22 15:00:00
1582,150,10,2026-04-12 08:00:00,2026-04-12 14:00:00
1583,255,1,2026-06-16 08:00:00,2026-06-16 16:00:00
1584,31,7,2026-05-18 07:00:00,2026-05-18 19:00:00
1585,132,2,2026-05-26 10:00:00,2026-05-26 16:00:00
1586,62,9,2026-04-09 08:00:00,2026-04-09 16:00:00
1587,209,6,2026-05-09 07:00:00,2026-05-09 15:00:00
1588,24,3,2026-04-20 08:00:00,2026-04-20 18:00:00
1589,85,2,2026-04-29 09:00:00,2026-04-29 19:00:00
1590,107,7,2026-06-11 09:00:00,2026-06-11 15:00:00
1591,274,7,2026-05-06 08:00:00,2026-05-06 20:00:00
1592,37,8,2026-06-20 06:00:00,2026-06-20 16:00:00
1593,272,10,2026-05-23 10:00:00,2026-05-23 20:00:00
1594,271,5,2026-05-12 10:00:00,2026-05-12 16:00:00
1595,266,2,2026-06-29 09:00:00,2026-06-29 17:00:00
1596,170,6,2026-06-16 08:00:00,2026-06-16 18:00:00
1597,194,9,2026-04-15 08:00:00,2026-04-15 18:00:00
1598,81,2,2026-05-29 10:00:00,2026-05-29 18:00:00
1599,203,2,2026-05-07 09:00:00,2026-05-07 19:00:00
1600,218,5,2026-05-23 06:00:00,2026-05-23 12:00:00
1601,259,3,2026-04-20 09:00:00,2026-04-20 19:00:00
1602,13,4,2026-05-03 06:00:00,2026-05-03 18:00:00
1603,197,5,2026-06-20 10:00:00,2026-06-20 16:00:00
1604,59,10,2026-04-03 10:00:00,2026-04-03 20:00:00
1605,68,1,2026-05-26 06:00:00,2026-05-26 14:00:00
1606,37,8,2026-05-11 06:00:00,2026-05-11 14:00:00
1607,80,4,2026-06-18 06:00:00,2026-06-18 18:00:00
1608,15,10,2026-04-17 09:00:00,2026-04-17 15:00:00
1609,290,1,2026-06-17 07:00:00,2026-06-17 13:00:00
1610,188,8,2026-04-27 07:00:00,2026-04-27 17:00:00
1611,204,2,2026-06-15 06:00:00,2026-06-15 18:00:00
1612,88,6,2026-05-26 10:00:00,2026-05-26 16:00:00
1613,240,7,2026-05-23 10:00:00,2026-05-23 16:00:00
1614,88,7,2026-05-29 10:00:00,2026-05-29 16:00:00
1615,30,10,2026-05-14 06:00:00,2026-05-14 14:00:00
1616,207,1,2026-05-20 08:00:00,2026-05-20 14:00:00
1617,142,6,2026-06-01 08:00:00,2026-06-01 16:00:00
1618,53,2,2026-06-12 10:00:00,2026-06-12 16:00:00
1619,166,6,2026-04-12 08:00:00,2026-04-12 14:00:00
1620,24,2,2026-05-23 09:00:00,2026-05-23 17:00:00
1621,56,1,2026-04-26 10:00:00,2026-04-26 18:00:00
1622,7,4,2026-04-10 07:00:00,2026-04-10 19:00:00
1623,46,4,2026-06-17 08:00:00,2026-06-17 20:00:00
1624,204,5,2026-06-05 08:00:00,2026-06-05 20:00:00
1625,182,4,2026-06-24 07:00:00,2026-06-24 17:00:00
1626,226,8,2026-05-31 07:00:00,2026-05-31 19:00:00
1627,232,6,2026-05-21 06:00:00,2026-05-21 16:00:00
1628,2,6,2026-04-14 10:00:00,2026-04-14 20:00:00
1629,264,7,2026-06-09 10:00:00,2026-06-09 16:00:00
1630,202,2,2026-05-02 07:00:00,2026-05-02 15:00:00
1631,56,1,2026-06-03 09:00:00,2026-06-03 19:00:00
1632,186,10,2026-04-22 08:00:00,2026-04-22 20:00:00
1633,218,5,2026-06-09 06:00:00,2026-06-09 12:00:00
1634,299,4,2026-04-18 10:00:00,2026-04-18 18:00:00
1635,264,7,2026-05-18 08:00:00,2026-05-18 16:00:00
1636,261,2,2026-05-30 10:00:00,2026-05-30 18:00:00
1637,200,1,2026-05-19 09:00:00,2026-05-19 15:00:00
1638,79,5,2026-04-16 08:00:00,2026-04-16 20:00:00
1639,83,10,2026-06-02 10:00:00,2026-06-02 22:00:00
1640,140,8,2026-05-14 06:00:00,2026-05-14 12:00:00
1641,257,1,2026-05-20 09:00:00,2026-05-20 19:00:00
1642,9,7,2026-05-23 08:00:00,2026-05-23 18:00:00
1643,98,3,2026-04-27 06:00:00,2026-04-27 14:00:00
1644,208,2,2026-06-17 06:00:00,2026-06-17 14:00:00
1645,16,4,2026-04-18 08:00:00,2026-04-18 18:00:00
1646,214,6,2026-04-25 08:00:00,2026-04-25 18:00:00
1647,45,5,2026-04-13 06:00:00,2026-04-13 14:00:00
1648,2,1,2026-05-05 07:00:00,2026-05-05 19:00:00
1649,93,2,2026-04-28 09:00:00,2026-04-28 17:00:00
1650,92,6,2026-06-03 10:00:00,2026-06-03 16:00:00
1651,235,3,2026-05-21 08:00:00,2026-05-21 16:00:00
1652,43,3,2026-04-18 09:00:00,2026-04-18 17:00:00
1653,287,8,2026-04-29 09:00:00,2026-04-29 17:00:00
1654,225,10,2026-05-24 09:00:00,2026-05-24 17:00:00
1655,167,7,2026-05-08 10:00:00,2026-05-08 16:00:00
1656,194,6,2026-06-16 07:00:00,2026-06-16 17:00:00
1657,78,5,2026-05-26 09:00:00,2026-05-26 15:00:00
1658,198,5,2026-06-23 09:00:00,2026-06-23 15:00:00
1659,68,10,2026-04-04 10:00:00,2026-04-04 16:00:00
1660,82,8,2026-05-22 07:00:00,2026-05-22 13:00:00
1661,180,3,2026-05-24 07:00:00,2026-05-24 13:00:00
1662,157,8,2026-06-24 10:00:00,2026-06-24 18:00:00
1663,214,2,2026-06-26 07:00:00,2026-06-26 17:00:00
1664,110,3,2026-06-08 08:00:00,2026-06-08 14:00:00
1665,295,4,2026-05-28 09:00:00,2026-05-28 15:00:00
1666,49,9,2026-06-07 08:00:00,2026-06-07 14:00:00
1667,61,8,2026-04-14 10:00:00,2026-04-14 18:00:00
1668,81,9,2026-04-16 06:00:00,2026-04-16 16:00:00
1669,108,7,2026-05-01 06:00:00,2026-05-01 12:00:00
1670,81,6,2026-05-11 10:00:00,2026-05-11 20:00:00
1671,179,7,2026-06-03 09:00:00,2026-06-03 15:00:00
1672,112,1,2026-06-20 07:00:00,2026-06-20 15:00:00
1673,34,10,2026-04-15 07:00:00,2026-04-15 15:00:00
1674,165,5,2026-05-07 08:00:00,2026-05-07 18:00:00
1675,95,3,2026-06-12 07:00:00,2026-06-12 13:00:00
1676,9,2,2026-04-05 07:00:00,2026-04-05 19:00:00
1677,249,8,2026-06-28 10:00:00,2026-06-28 16:00:00
1678,144,9,2026-04-09 08:00:00,2026-04-09 20:00:00
1679,193,4,2026-04-16 08:00:00,2026-04-16 16:00:00
1680,104,4,2026-06-02 09:00:00,2026-06-02 15:00:00
1681,155,10,2026-06-08 09:00:00,2026-06-08 19:00:00
1682,59,7,2026-04-20 06:00:00,2026-04-20 18:00:00
1683,95,2,2026-05-10 09:00:00,2026-05-10 19:00:00
1684,232,3,2026-05-11 08:00:00,2026-05-11 20:00:00
1685,231,10,2026-04-03 10:00:00,2026-04-03 20:00:00
1686,81,5,2026-04-22 08:00:00,2026-04-22 16:00:00
1687,93,7,2026-04-25 06:00:00,2026-04-25 12:00:00
1688,103,1,2026-05-14 09:00:00,2026-05-14 21:00:00
1689,192,8,2026-05-29 07:00:00,2026-05-29 13:00:00
1690,100,8,2026-05-19 07:00:00,2026-05-19 19:00:00
1691,44,5,2026-04-24 06:00:00,2026-04-24 14:00:00
1692,97,3,2026-05-07 08:00:00,2026-05-07 20:00:00
1693,237,7,2026-05-30 07:00:00,2026-05-30 19:00:00
1694,257,7,2026-06-03 09:00:00,2026-06-03 17:00:00
1695,200,3,2026-04-24 07:00:00,2026-04-24 19:00:00
1696,280,1,2026-05-06 10:00:00,2026-05-06 16:00:00
1697,104,1,2026-05-02 09:00:00,2026-05-02 21:00:00
1698,239,1,2026-04-01 06:00:00,2026-04-01 16:00:00
1699,296,5,2026-06-03 06:00:00,2026-06-03 18:00:00
1700,11,4,2026-06-16 10:00:00,2026-06-16 22:00:00
1701,174,5,2026-05-05 07:00:00,2026-05-05 15:00:00
1702,298,6,2026-06-06 09:00:00,2026-06-06 21:00:00
1703,113,6,2026-06-08 10:00:00,2026-06-08 16:00:00
1704,10,8,2026-06-07 06:00:00,2026-06-07 12:00:00
1705,116,4,2026-06-22 06:00:00,2026-06-22 16:00:00
1706,99,7,2026-04-16 08:00:00,2026-04-16 16:00:00
1707,89,1,2026-04-02 08:00:00,2026-04-02 14:00:00
1708,194,1,2026-04-01 09:00:00,2026-04-01 15:00:00
1709,178,5,2026-05-10 06:00:00,2026-05-10 18:00:00
1710,9,7,2026-05-11 10:00:00,2026-05-11 18:00:00
1711,17,6,2026-05-04 10:00:00,2026-05-04 22:00:00
1712,286,4,2026-04-26 08:00:00,2026-04-26 16:00:00
1713,96,10,2026-06-28 08:00:00,2026-06-28 14:00:00
1714,5,2,2026-04-26 08:00:00,2026-04-26 20:00:00
1715,275,8,2026-05-12 06:00:00,2026-05-12 12:00:00
1716,169,10,2026-06-08 10:00:00,2026-06-08 18:00:00
1717,6,3,2026-04-23 06:00:00,2026-04-23 14:00:00
1718,270,1,2026-06-05 08:00:00,2026-06-05 20:00:00
1719,120,3,2026-05-15 10:00:00,2026-05-15 18:00:00
1720,70,4,2026-05-12 08:00:00,2026-05-12 14:00:00
1721,295,2,2026-04-01 06:00:00,2026-04-01 14:00:00
1722,229,4,2026-05-24 10:00:00,2026-05-24 20:00:00
1723,245,10,2026-05-13 09:00:00,2026-05-13 21:00:00
1724,183,10,2026-06-23 06:00:00,2026-06-23 12:00:00
1725,71,2,2026-05-13 07:00:00,2026-05-13 19:00:00
1726,56,8,2026-04-06 10:00:00,2026-04-06 22:00:00
1727,269,4,2026-04-06 08:00:00,2026-04-06 16:00:00
1728,89,3,2026-04-28 09:00:00,2026-04-28 19:00:00
1729,117,8,2026-06-12 10:00:00,2026-06-12 20:00:00
1730,213,2,2026-06-28 06:00:00,2026-06-28 12:00:00
1731,88,1,2026-04-28 10:00:00,2026-04-28 22:00:00
1732,165,8,2026-04-20 08:00:00,2026-04-20 14:00:00
1733,232,5,2026-06-05 07:00:00,2026-06-05 15:00:00
1734,296,2,2026-05-17 07:00:00,2026-05-17 17:00:00
1735,284,9,2026-04-03 09:00:00,2026-04-03 17:00:00
1736,165,5,2026-05-06 10:00:00,2026-05-06 22:00:00
1737,7,9,2026-05-20 09:00:00,2026-05-20 15:00:00
1738,121,1,2026-05-24 10:00:00,2026-05-24 18:00:00
1739,73,6,2026-05-04 07:00:00,2026-05-04 17:00:00
1740,188,9,2026-06-17 06:00:00,2026-06-17 14:00:00
1741,109,10,2026-05-01 09:00:00,2026-05-01 19:00:00
1742,86,5,2026-05-16 09:00:00,2026-05-16 21:00:00
1743,250,10,2026-05-03 10:00:00,2026-05-03 16:00:00
1744,77,2,2026-04-24 08:00:00,2026-04-24 20:00:00
1745,29,8,2026-06-11 09:00:00,2026-06-11 17:00:00
1746,279,4,2026-05-22 08:00:00,2026-05-22 20:00:00
1747,172,5,2026-05-19 06:00:00,2026-05-19 16:00:00
1748,257,9,2026-04-26 08:00:00,2026-04-26 14:00:00
1749,158,3,2026-05-12 06:00:00,2026-05-12 18:00:00
1750,32,9,2026-05-16 06:00:00,2026-05-16 18:00:00
1751,133,6,2026-05-04 09:00:00,2026-05-04 19:00:00
1752,198,6,2026-06-27 06:00:00,2026-06-27 12:00:00
1753,287,5,2026-06-05 06:00:00,2026-06-05 12:00:00
1754,73,8,2026-04-07 10:00:00,2026-04-07 18:00:00
1755,19,5,2026-04-02 08:00:00,2026-04-02 20:00:00
1756,291,10,2026-05-31 10:00:00,2026-05-31 22:00:00
1757,26,1,2026-04-11 10:00:00,2026-04-11 18:00:00
1758,151,8,2026-05-29 06:00:00,2026-05-29 18:00:00
1759,184,10,2026-06-16 06:00:00,2026-06-16 16:00:00
1760,262,2,2026-04-14 08:00:00,2026-04-14 18:00:00
1761,94,7,2026-04-10 06:00:00,2026-04-10 16:00:00
1762,267,3,2026-06-23 08:00:00,2026-06-23 18:00:00
1763,194,6,2026-04-09 08:00:00,2026-04-09 20:00:00
1764,162,1,2026-04-27 10:00:00,2026-04-27 22:00:00
1765,97,1,2026-04-04 06:00:00,2026-04-04 18:00:00
1766,61,8,2026-05-16 06:00:00,2026-05-16 14:00:00
1767,158,1,2026-05-27 10:00:00,2026-05-27 16:00:00
1768,264,7,2026-06-15 10:00:00,2026-06-15 16:00:00
1769,266,10,2026-05-22 06:00:00,2026-05-22 16:00:00
1770,144,1,2026-04-27 06:00:00,2026-04-27 16:00:00
1771,1,4,2026-04-02 08:00:00,2026-04-02 14:00:00
1772,219,9,2026-04-14 06:00:00,2026-04-14 18:00:00
1773,94,6,2026-04-05 06:00:00,2026-04-05 14:00:00
1774,114,10,2026-04-20 08:00:00,2026-04-20 14:00:00
1775,258,5,2026-05-28 10:00:00,2026-05-28 18:00:00
1776,258,9,2026-06-17 07:00:00,2026-06-17 13:00:00
1777,63,8,2026-04-19 10:00:00,2026-04-19 20:00:00
1778,18,9,2026-04-10 08:00:00,2026-04-10 16:00:00
1779,188,4,2026-04-11 06:00:00,2026-04-11 12:00:00
1780,131,6,2026-06-12 07:00:00,2026-06-12 19:00:00
1781,6,7,2026-04-22 09:00:00,2026-04-22 19:00:00
1782,180,5,2026-04-13 06:00:00,2026-04-13 12:00:00
1783,105,1,2026-05-02 09:00:00,2026-05-02 21:00:00
1784,176,9,2026-06-11 09:00:00,2026-06-11 15:00:00
1785,140,7,2026-05-23 09:00:00,2026-05-23 21:00:00
1786,57,6,2026-06-05 08:00:00,2026-06-05 16:00:00
1787,201,9,2026-04-28 08:00:00,2026-04-28 18:00:00
1788,185,9,2026-04-08 09:00:00,2026-04-08 21:00:00
1789,116,6,2026-04-20 08:00:00,2026-04-20 18:00:00
1790,34,4,2026-05-16 10:00:00,2026-05-16 22:00:00
1791,80,2,2026-05-26 07:00:00,2026-05-26 13:00:00
1792,37,8,2026-05-16 07:00:00,2026-05-16 17:00:00
1793,50,8,2026-06-06 10:00:00,2026-06-06 18:00:00
1794,63,3,2026-05-30 08:00:00,2026-05-30 20:00:00
1795,222,2,2026-05-09 06:00:00,2026-05-09 18:00:00
1796,32,10,2026-04-29 09:00:00,2026-04-29 17:00:00
1797,17,4,2026-05-19 07:00:00,2026-05-19 17:00:00
1798,202,3,2026-05-21 09:00:00,2026-05-21 15:00:00
1799,30,7,2026-05-30 10:00:00,2026-05-30 18:00:00
1800,22,4,2026-04-04 10:00:00,2026-04-04 20:00:00
1801,253,7,2026-05-29 09:00:00,2026-05-29 17:00:00
1802,122,4,2026-04-20 09:00:00,2026-04-20 21:00:00
1803,283,10,2026-05-21 09:00:00,2026-05-21 15:00:00
1804,112,10,2026-04-15 07:00:00,2026-04-15 15:00:00
1805,51,2,2026-06-14 07:00:00,2026-06-14 13:00:00
1806,57,7,2026-05-12 08:00:00,2026-05-12 16:00:00
1807,142,3,2026-06-02 07:00:00,2026-06-02 19:00:00
1808,149,7,2026-05-12 09:00:00,2026-05-12 15:00:00
1809,290,7,2026-05-05 07:00:00,2026-05-05 13:00:00
1810,199,4,2026-06-11 08:00:00,2026-06-11 14:00:00
1811,132,8,2026-06-04 10:00:00,2026-06-04 18:00:00
1812,111,9,2026-05-24 08:00:00,2026-05-24 14:00:00
1813,122,5,2026-05-16 09:00:00,2026-05-16 21:00:00
1814,249,3,2026-04-04 10:00:00,2026-04-04 18:00:00
1815,204,9,2026-06-01 08:00:00,2026-06-01 20:00:00
1816,90,6,2026-05-27 08:00:00,2026-05-27 14:00:00
1817,236,6,2026-06-24 06:00:00,2026-06-24 12:00:00
1818,58,7,2026-04-15 07:00:00,2026-04-15 17:00:00
1819,229,8,2026-06-21 09:00:00,2026-06-21 19:00:00
1820,48,1,2026-04-08 06:00:00,2026-04-08 18:00:00
1821,251,6,2026-05-03 08:00:00,2026-05-03 18:00:00
1822,241,3,2026-05-28 07:00:00,2026-05-28 15:00:00
1823,293,2,2026-05-22 06:00:00,2026-05-22 18:00:00
1824,117,8,2026-05-01 08:00:00,2026-05-01 16:00:00
1825,37,2,2026-05-26 10:00:00,2026-05-26 16:00:00
1826,283,8,2026-06-14 07:00:00,2026-06-14 15:00:00
1827,217,8,2026-04-01 06:00:00,2026-04-01 12:00:00
1828,73,3,2026-06-28 06:00:00,2026-06-28 16:00:00
1829,14,1,2026-04-13 08:00:00,2026-04-13 20:00:00
1830,136,3,2026-05-02 10:00:00,2026-05-02 18:00:00
1831,132,9,2026-06-10 07:00:00,2026-06-10 15:00:00
1832,263,3,2026-06-20 08:00:00,2026-06-20 14:00:00
1833,184,9,2026-04-26 07:00:00,2026-04-26 19:00:00
1834,77,5,2026-04-03 07:00:00,2026-04-03 19:00:00
1835,183,6,2026-06-26 06:00:00,2026-06-26 16:00:00
1836,37,3,2026-05-04 06:00:00,2026-05-04 18:00:00
1837,227,10,2026-06-25 10:00:00,2026-06-25 18:00:00
1838,5,10,2026-04-14 08:00:00,2026-04-14 16:00:00
1839,56,2,2026-04-17 10:00:00,2026-04-17 20:00:00
1840,149,4,2026-05-29 06:00:00,2026-05-29 16:00:00
1841,72,8,2026-05-28 10:00:00,2026-05-28 16:00:00
1842,35,5,2026-06-04 09:00:00,2026-06-04 21:00:00
1843,185,6,2026-04-21 07:00:00,2026-04-21 15:00:00
1844,4,1,2026-06-05 08:00:00,2026-06-05 18:00:00
1845,282,4,2026-05-07 07:00:00,2026-05-07 15:00:00
1846,133,4,2026-06-05 10:00:00,2026-06-05 18:00:00
1847,85,9,2026-06-02 07:00:00,2026-06-02 19:00:00
1848,203,7,2026-05-25 09:00:00,2026-05-25 15:00:00
1849,296,5,2026-04-24 10:00:00,2026-04-24 22:00:00
1850,116,6,2026-05-31 09:00:00,2026-05-31 15:00:00
1851,101,6,2026-06-20 06:00:00,2026-06-20 16:00:00
1852,118,3,2026-04-15 08:00:00,2026-04-15 16:00:00
1853,246,8,2026-04-25 06:00:00,2026-04-25 16:00:00
1854,113,3,2026-05-23 08:00:00,2026-05-23 14:00:00
1855,73,10,2026-04-11 10:00:00,2026-04-11 20:00:00
1856,211,8,2026-06-07 10:00:00,2026-06-07 18:00:00
1857,221,8,2026-06-11 09:00:00,2026-06-11 19:00:00
1858,104,7,2026-05-23 07:00:00,2026-05-23 13:00:00
1859,64,7,2026-04-02 10:00:00,2026-04-02 18:00:00
1860,201,4,2026-05-26 08:00:00,2026-05-26 16:00:00
1861,183,4,2026-06-02 09:00:00,2026-06-02 21:00:00
1862,90,10,2026-04-02 10:00:00,2026-04-02 20:00:00
1863,300,3,2026-04-15 06:00:00,2026-04-15 14:00:00
1864,181,9,2026-06-01 08:00:00,2026-06-01 20:00:00
1865,201,4,2026-06-03 10:00:00,2026-06-03 18:00:00
1866,92,5,2026-06-22 10:00:00,2026-06-22 22:00:00
1867,104,2,2026-05-05 09:00:00,2026-05-05 21:00:00
1868,44,4,2026-05-15 08:00:00,2026-05-15 20:00:00
1869,36,10,2026-05-25 09:00:00,2026-05-25 19:00:00
1870,205,9,2026-06-06 06:00:00,2026-06-06 14:00:00
1871,63,6,2026-04-17 10:00:00,2026-04-17 20:00:00
1872,181,10,2026-04-03 07:00:00,2026-04-03 15:00:00
1873,43,6,2026-05-23 07:00:00,2026-05-23 13:00:00
1874,112,9,2026-04-27 10:00:00,2026-04-27 22:00:00
1875,23,7,2026-04-15 07:00:00,2026-04-15 13:00:00
1876,86,2,2026-06-03 09:00:00,2026-06-03 21:00:00
1877,81,4,2026-04-08 10:00:00,2026-04-08 18:00:00
1878,54,5,2026-05-02 09:00:00,2026-05-02 17:00:00
1879,220,7,2026-04-27 07:00:00,2026-04-27 15:00:00
1880,100,8,2026-04-07 10:00:00,2026-04-07 18:00:00
1881,282,4,2026-06-29 10:00:00,2026-06-29 20:00:00
1882,57,5,2026-05-08 10:00:00,2026-05-08 18:00:00
1883,179,7,2026-06-05 07:00:00,2026-06-05 17:00:00
1884,189,1,2026-06-09 07:00:00,2026-06-09 19:00:00
1885,69,8,2026-04-25 07:00:00,2026-04-25 19:00:00
1886,292,5,2026-06-09 09:00:00,2026-06-09 19:00:00
1887,214,6,2026-05-15 06:00:00,2026-05-15 12:00:00
1888,112,4,2026-04-28 10:00:00,2026-04-28 20:00:00
1889,266,3,2026-05-15 06:00:00,2026-05-15 14:00:00
1890,16,5,2026-05-11 07:00:00,2026-05-11 19:00:00
1891,187,2,2026-05-30 07:00:00,2026-05-30 13:00:00
1892,201,6,2026-04-29 07:00:00,2026-04-29 13:00:00
1893,82,6,2026-04-04 06:00:00,2026-04-04 18:00:00
1894,68,1,2026-06-10 06:00:00,2026-06-10 16:00:00
1895,80,6,2026-06-05 07:00:00,2026-06-05 19:00:00
1896,282,1,2026-04-04 09:00:00,2026-04-04 17:00:00
1897,275,10,2026-05-01 08:00:00,2026-05-01 18:00:00
1898,7,2,2026-05-12 10:00:00,2026-05-12 18:00:00
1899,10,2,2026-04-20 09:00:00,2026-04-20 17:00:00
1900,168,7,2026-05-16 08:00:00,2026-05-16 16:00:00
1901,21,9,2026-06-21 06:00:00,2026-06-21 14:00:00
1902,30,8,2026-05-22 10:00:00,2026-05-22 22:00:00
1903,55,9,2026-04-10 08:00:00,2026-04-10 18:00:00
1904,66,8,2026-06-25 07:00:00,2026-06-25 17:00:00
1905,170,8,2026-06-16 08:00:00,2026-06-16 14:00:00
1906,205,4,2026-05-17 09:00:00,2026-05-17 19:00:00
1907,181,3,2026-05-27 08:00:00,2026-05-27 20:00:00
1908,290,3,2026-06-15 07:00:00,2026-06-15 13:00:00
1909,250,7,2026-05-03 06:00:00,2026-05-03 14:00:00
1910,33,9,2026-04-26 10:00:00,2026-04-26 16:00:00
1911,225,7,2026-04-22 07:00:00,2026-04-22 13:00:00
1912,253,8,2026-05-24 08:00:00,2026-05-24 16:00:00
1913,50,3,2026-06-02 06:00:00,2026-06-02 14:00:00
1914,221,5,2026-06-06 06:00:00,2026-06-06 12:00:00
1915,86,3,2026-04-05 06:00:00,2026-04-05 16:00:00
1916,280,4,2026-06-24 06:00:00,2026-06-24 16:00:00
1917,132,2,2026-06-28 09:00:00,2026-06-28 21:00:00
1918,166,8,2026-05-28 09:00:00,2026-05-28 17:00:00
1919,83,10,2026-04-14 06:00:00,2026-04-14 16:00:00
1920,198,10,2026-06-26 08:00:00,2026-06-26 20:00:00
1921,150,8,2026-05-30 10:00:00,2026-05-30 16:00:00
1922,127,9,2026-06-24 06:00:00,2026-06-24 18:00:00
1923,72,7,2026-06-17 09:00:00,2026-06-17 15:00:00
1924,223,3,2026-05-29 07:00:00,2026-05-29 19:00:00
1925,23,10,2026-04-03 10:00:00,2026-04-03 16:00:00
1926,35,7,2026-06-18 07:00:00,2026-06-18 13:00:00
1927,299,5,2026-06-28 06:00:00,2026-06-28 12:00:00
1928,77,8,2026-06-23 07:00:00,2026-06-23 15:00:00
1929,231,8,2026-06-17 10:00:00,2026-06-17 22:00:00
1930,2,10,2026-06-19 07:00:00,2026-06-19 15:00:00
1931,11,7,2026-06-19 10:00:00,2026-06-19 18:00:00
1932,158,5,2026-05-01 08:00:00,2026-05-01 14:00:00
1933,160,2,2026-05-09 08:00:00,2026-05-09 20:00:00
1934,72,10,2026-06-04 07:00:00,2026-06-04 19:00:00
1935,80,1,2026-05-09 10:00:00,2026-05-09 16:00:00
1936,131,9,2026-06-27 06:00:00,2026-06-27 18:00:00
1937,196,7,2026-05-04 10:00:00,2026-05-04 16:00:00
1938,174,8,2026-05-18 09:00:00,2026-05-18 21:00:00
1939,158,6,2026-06-02 08:00:00,2026-06-02 18:00:00
1940,258,7,2026-06-16 09:00:00,2026-06-16 21:00:00
1941,75,4,2026-06-23 08:00:00,2026-06-23 20:00:00
1942,246,9,2026-05-09 10:00:00,2026-05-09 18:00:00
1943,147,6,2026-05-21 10:00:00,2026-05-21 20:00:00
1944,174,4,2026-04-16 09:00:00,2026-04-16 21:00:00
1945,172,1,2026-05-01 10:00:00,2026-05-01 18:00:00
1946,296,10,2026-04-01 07:00:00,2026-04-01 17:00:00
1947,231,6,2026-06-10 06:00:00,2026-06-10 18:00:00
1948,64,10,2026-06-15 10:00:00,2026-06-15 22:00:00
1949,188,5,2026-04-10 07:00:00,2026-04-10 15:00:00
1950,57,9,2026-06-22 06:00:00,2026-06-22 12:00:00
1951,79,6,2026-05-23 09:00:00,2026-05-23 19:00:00
1952,76,1,2026-04-15 06:00:00,2026-04-15 12:00:00
1953,52,4,2026-05-14 10:00:00,2026-05-14 20:00:00
1954,119,8,2026-05-06 09:00:00,2026-05-06 19:00:00
1955,20,1,2026-06-09 09:00:00,2026-06-09 17:00:00
1956,69,7,2026-06-19 09:00:00,2026-06-19 15:00:00
1957,47,3,2026-05-13 06:00:00,2026-05-13 12:00:00
1958,179,1,2026-04-23 10:00:00,2026-04-23 16:00:00
1959,95,5,2026-04-07 09:00:00,2026-04-07 19:00:00
1960,269,10,2026-04-05 09:00:00,2026-04-05 19:00:00
1961,34,7,2026-04-09 07:00:00,2026-04-09 19:00:00
1962,256,3,2026-06-15 06:00:00,2026-06-15 18:00:00
1963,15,7,2026-05-07 07:00:00,2026-05-07 19:00:00
1964,245,10,2026-06-25 10:00:00,2026-06-25 16:00:00
1965,121,2,2026-06-23 07:00:00,2026-06-23 19:00:00
1966,261,6,2026-06-15 08:00:00,2026-06-15 18:00:00
1967,97,9,2026-06-15 10:00:00,2026-06-15 22:00:00
1968,160,2,2026-04-06 08:00:00,2026-04-06 16:00:00
1969,1,10,2026-05-18 09:00:00,2026-05-18 19:00:00
1970,160,8,2026-04-14 10:00:00,2026-04-14 22:00:00
1971,184,9,2026-04-14 07:00:00,2026-04-14 17:00:00
1972,277,3,2026-05-25 10:00:00,2026-05-25 22:00:00
1973,251,5,2026-05-30 08:00:00,2026-05-30 20:00:00
1974,268,2,2026-06-15 09:00:00,2026-06-15 21:00:00
1975,152,4,2026-06-03 06:00:00,2026-06-03 16:00:00
1976,220,3,2026-04-15 08:00:00,2026-04-15 14:00:00
1977,41,8,2026-04-22 10:00:00,2026-04-22 18:00:00
1978,113,5,2026-05-25 07:00:00,2026-05-25 17:00:00
1979,58,3,2026-06-23 08:00:00,2026-06-23 14:00:00
1980,40,4,2026-04-12 06:00:00,2026-04-12 14:00:00
1981,123,4,2026-06-19 07:00:00,2026-06-19 13:00:00
1982,135,5,2026-05-24 10:00:00,2026-05-24 22:00:00
1983,23,6,2026-05-13 08:00:00,2026-05-13 18:00:00
1984,257,5,2026-05-11 06:00:00,2026-05-11 12:00:00
1985,282,7,2026-06-08 07:00:00,2026-06-08 15:00:00
1986,186,9,2026-05-04 07:00:00,2026-05-04 13:00:00
1987,285,4,2026-06-01 09:00:00,2026-06-01 17:00:00
1988,94,2,2026-05-04 06:00:00,2026-05-04 12:00:00
1989,51,7,2026-04-20 10:00:00,2026-04-20 16:00:00
1990,23,10,2026-04-08 09:00:00,2026-04-08 15:00:00
1991,17,1,2026-04-11 10:00:00,2026-04-11 20:00:00
1992,37,4,2026-04-01 07:00:00,2026-04-01 17:00:00
1993,18,2,2026-06-05 10:00:00,2026-06-05 18:00:00
1994,205,5,2026-05-07 08:00:00,2026-05-07 16:00:00
1995,257,3,2026-06-18 06:00:00,2026-06-18 16:00:00
1996,224,3,2026-06-01 08:00:00,2026-06-01 16:00:00
1997,153,5,2026-05-10 09:00:00,2026-05-10 17:00:00
1998,211,7,2026-05-02 08:00:00,2026-05-02 14:00:00
1999,6,3,2026-05-31 08:00:00,2026-05-31 14:00:00
2000,85,5,2026-06-02 07:00:00,2026-06-02 15:00:00
2001,118,10,2026-05-29 07:00:00,2026-05-29 15:00:00
2002,187,5,2026-06-16 06:00:00,2026-06-16 18:00:00
2003,91,5,2026-04-04 09:00:00,2026-04-04 21:00:00
2004,57,5,2026-04-07 07:00:00,2026-04-07 13:00:00
2005,179,5,2026-05-15 10:00:00,2026-05-15 18:00:00
2006,52,2,2026-05-26 08:00:00,2026-05-26 20:00:00
2007,51,1,2026-05-04 07:00:00,2026-05-04 13:00:00
2008,171,7,2026-06-24 09:00:00,2026-06-24 19:00:00
2009,156,4,2026-06-19 07:00:00,2026-06-19 15:00:00
2010,133,9,2026-05-21 06:00:00,2026-05-21 14:00:00
2011,110,7,2026-04-25 10:00:00,2026-04-25 18:00:00
2012,252,7,2026-06-01 06:00:00,2026-06-01 14:00:00
2013,60,3,2026-04-21 08:00:00,2026-04-21 20:00:00
2014,90,6,2026-05-16 07:00:00,2026-05-16 19:00:00
2015,136,9,2026-04-19 06:00:00,2026-04-19 16:00:00
2016,155,3,2026-05-29 07:00:00,2026-05-29 19:00:00
2017,206,9,2026-06-03 09:00:00,2026-06-03 19:00:00
2018,221,2,2026-06-29 06:00:00,2026-06-29 18:00:00
2019,137,4,2026-06-27 06:00:00,2026-06-27 14:00:00
2020,4,3,2026-04-29 07:00:00,2026-04-29 17:00:00
2021,262,2,2026-04-22 06:00:00,2026-04-22 12:00:00
2022,211,6,2026-05-07 10:00:00,2026-05-07 20:00:00
2023,97,10,2026-04-02 07:00:00,2026-04-02 17:00:00
2024,236,7,2026-04-16 10:00:00,2026-04-16 16:00:00
2025,210,2,2026-06-18 08:00:00,2026-06-18 18:00:00
2026,158,6,2026-06-16 07:00:00,2026-06-16 15:00:00
2027,208,8,2026-06-16 08:00:00,2026-06-16 18:00:00
2028,180,5,2026-04-19 08:00:00,2026-04-19 14:00:00
2029,87,10,2026-04-16 08:00:00,2026-04-16 18:00:00
2030,129,3,2026-04-18 07:00:00,2026-04-18 17:00:00
2031,124,1,2026-04-01 08:00:00,2026-04-01 16:00:00
2032,181,1,2026-05-27 06:00:00,2026-05-27 18:00:00
2033,118,4,2026-06-20 08:00:00,2026-06-20 16:00:00
2034,23,3,2026-05-07 08:00:00,2026-05-07 18:00:00
2035,90,6,2026-04-21 10:00:00,2026-04-21 16:00:00
2036,280,5,2026-05-26 07:00:00,2026-05-26 17:00:00
2037,115,4,2026-06-28 10:00:00,2026-06-28 20:00:00
2038,207,5,2026-06-19 10:00:00,2026-06-19 18:00:00
2039,174,10,2026-05-23 08:00:00,2026-05-23 20:00:00
2040,232,2,2026-05-02 09:00:00,2026-05-02 19:00:00
2041,58,8,2026-04-02 07:00:00,2026-04-02 15:00:00
2042,65,5,2026-04-11 08:00:00,2026-04-11 18:00:00
2043,49,4,2026-06-09 07:00:00,2026-06-09 17:00:00
2044,6,5,2026-04-06 07:00:00,2026-04-06 19:00:00
2045,168,3,2026-05-29 06:00:00,2026-05-29 18:00:00
2046,254,7,2026-04-19 10:00:00,2026-04-19 22:00:00
2047,283,8,2026-05-17 10:00:00,2026-05-17 18:00:00
2048,39,6,2026-04-02 06:00:00,2026-04-02 14:00:00
2049,64,1,2026-04-16 07:00:00,2026-04-16 13:00:00
2050,63,4,2026-05-06 07:00:00,2026-05-06 17:00:00
2051,291,1,2026-05-03 07:00:00,2026-05-03 19:00:00
2052,280,3,2026-04-28 10:00:00,2026-04-28 18:00:00
2053,120,3,2026-04-09 07:00:00,2026-04-09 19:00:00
2054,185,8,2026-05-31 07:00:00,2026-05-31 17:00:00
2055,297,9,2026-05-05 07:00:00,2026-05-05 19:00:00
2056,165,7,2026-05-21 08:00:00,2026-05-21 16:00:00
2057,95,7,2026-05-08 08:00:00,2026-05-08 20:00:00
2058,46,10,2026-06-01 09:00:00,2026-06-01 19:00:00
2059,81,2,2026-06-21 09:00:00,2026-06-21 15:00:00
2060,99,8,2026-06-24 09:00:00,2026-06-24 15:00:00
2061,142,10,2026-06-11 08:00:00,2026-06-11 20:00:00
2062,77,7,2026-05-09 08:00:00,2026-05-09 20:00:00
2063,215,7,2026-05-25 07:00:00,2026-05-25 17:00:00
2064,141,1,2026-06-08 10:00:00,2026-06-08 22:00:00
2065,130,6,2026-04-24 07:00:00,2026-04-24 19:00:00
2066,179,4,2026-06-03 09:00:00,2026-06-03 15:00:00
2067,217,1,2026-04-20 06:00:00,2026-04-20 18:00:00
2068,105,4,2026-06-18 09:00:00,2026-06-18 17:00:00
2069,203,9,2026-06-21 08:00:00,2026-06-21 16:00:00
2070,133,7,2026-05-05 06:00:00,2026-05-05 16:00:00
2071,133,4,2026-06-29 09:00:00,2026-06-29 17:00:00
2072,278,1,2026-04-26 09:00:00,2026-04-26 15:00:00
2073,7,7,2026-06-28 06:00:00,2026-06-28 16:00:00
2074,37,2,2026-05-15 06:00:00,2026-05-15 14:00:00
2075,38,10,2026-04-16 08:00:00,2026-04-16 16:00:00
2076,186,3,2026-06-07 10:00:00,2026-06-07 20:00:00
2077,297,6,2026-06-05 10:00:00,2026-06-05 20:00:00
2078,246,1,2026-06-04 09:00:00,2026-06-04 17:00:00
2079,7,4,2026-06-28 10:00:00,2026-06-28 22:00:00
2080,62,6,2026-05-10 09:00:00,2026-05-10 21:00:00
2081,186,7,2026-04-22 07:00:00,2026-04-22 19:00:00
2082,62,6,2026-04-01 10:00:00,2026-04-01 16:00:00
2083,23,6,2026-06-15 09:00:00,2026-06-15 15:00:00
2084,76,6,2026-06-06 10:00:00,2026-06-06 20:00:00
2085,216,8,2026-06-10 08:00:00,2026-06-10 20:00:00
2086,5,2,2026-06-12 09:00:00,2026-06-12 19:00:00
2087,297,10,2026-05-07 06:00:00,2026-05-07 16:00:00
2088,174,4,2026-05-19 07:00:00,2026-05-19 19:00:00
2089,29,9,2026-04-27 07:00:00,2026-04-27 15:00:00
2090,236,4,2026-06-07 08:00:00,2026-06-07 14:00:00
2091,192,3,2026-06-18 10:00:00,2026-06-18 16:00:00
2092,82,6,2026-05-18 08:00:00,2026-05-18 18:00:00
2093,24,7,2026-04-03 10:00:00,2026-04-03 18:00:00
2094,215,5,2026-04-09 07:00:00,2026-04-09 19:00:00
2095,28,8,2026-04-29 10:00:00,2026-04-29 22:00:00
2096,243,7,2026-06-15 08:00:00,2026-06-15 14:00:00
2097,296,10,2026-04-03 07:00:00,2026-04-03 13:00:00
2098,259,8,2026-06-18 07:00:00,2026-06-18 15:00:00
2099,270,8,2026-06-16 06:00:00,2026-06-16 14:00:00
2100,274,1,2026-05-11 07:00:00,2026-05-11 19:00:00
2101,162,6,2026-04-15 09:00:00,2026-04-15 17:00:00
2102,295,6,2026-04-06 08:00:00,2026-04-06 20:00:00
2103,98,8,2026-06-17 06:00:00,2026-06-17 18:00:00
2104,69,10,2026-04-11 10:00:00,2026-04-11 22:00:00
2105,13,3,2026-06-21 06:00:00,2026-06-21 16:00:00
2106,251,2,2026-05-01 09:00:00,2026-05-01 19:00:00
2107,261,4,2026-05-28 08:00:00,2026-05-28 18:00:00
2108,70,7,2026-05-17 10:00:00,2026-05-17 20:00:00
2109,58,2,2026-05-04 06:00:00,2026-05-04 18:00:00
2110,30,6,2026-05-09 06:00:00,2026-05-09 16:00:00
2111,243,6,2026-06-20 08:00:00,2026-06-20 20:00:00
2112,173,1,2026-05-10 09:00:00,2026-05-10 19:00:00
2113,40,10,2026-04-27 06:00:00,2026-04-27 14:00:00
2114,234,4,2026-05-28 07:00:00,2026-05-28 13:00:00
2115,271,3,2026-06-23 07:00:00,2026-06-23 17:00:00
2116,117,3,2026-05-06 10:00:00,2026-05-06 16:00:00
2117,31,8,2026-04-20 08:00:00,2026-04-20 18:00:00
2118,163,6,2026-04-19 10:00:00,2026-04-19 22:00:00
2119,41,4,2026-04-17 06:00:00,2026-04-17 16:00:00
2120,58,3,2026-06-05 06:00:00,2026-06-05 12:00:00
2121,115,10,2026-04-13 09:00:00,2026-04-13 15:00:00
2122,4,3,2026-05-11 06:00:00,2026-05-11 18:00:00
2123,78,8,2026-04-21 10:00:00,2026-04-21 18:00:00
2124,17,1,2026-06-11 10:00:00,2026-06-11 22:00:00
2125,81,6,2026-04-12 09:00:00,2026-04-12 21:00:00
2126,194,9,2026-04-02 10:00:00,2026-04-02 18:00:00
2127,217,8,2026-06-05 08:00:00,2026-06-05 18:00:00
2128,84,10,2026-05-20 10:00:00,2026-05-20 18:00:00
2129,99,7,2026-04-10 07:00:00,2026-04-10 17:00:00
2130,45,2,2026-05-12 06:00:00,2026-05-12 12:00:00
2131,288,9,2026-04-01 09:00:00,2026-04-01 19:00:00
2132,77,1,2026-06-04 07:00:00,2026-06-04 13:00:00
2133,45,8,2026-05-26 06:00:00,2026-05-26 12:00:00
2134,188,5,2026-05-11 08:00:00,2026-05-11 18:00:00
2135,173,6,2026-06-26 09:00:00,2026-06-26 19:00:00
2136,207,6,2026-04-30 10:00:00,2026-04-30 22:00:00
2137,108,8,2026-04-28 06:00:00,2026-04-28 18:00:00
2138,213,7,2026-04-26 09:00:00,2026-04-26 19:00:00
2139,65,9,2026-04-08 09:00:00,2026-04-08 19:00:00
2140,297,1,2026-05-04 08:00:00,2026-05-04 14:00:00
2141,290,6,2026-04-07 08:00:00,2026-04-07 16:00:00
2142,6,10,2026-06-22 10:00:00,2026-06-22 16:00:00
2143,103,7,2026-04-08 09:00:00,2026-04-08 19:00:00
2144,166,6,2026-05-12 06:00:00,2026-05-12 14:00:00
2145,170,5,2026-04-22 09:00:00,2026-04-22 21:00:00
2146,22,1,2026-05-18 06:00:00,2026-05-18 18:00:00
2147,285,4,2026-06-14 06:00:00,2026-06-14 14:00:00
2148,41,10,2026-04-29 07:00:00,2026-04-29 13:00:00
2149,114,10,2026-05-02 08:00:00,2026-05-02 18:00:00
2150,104,2,2026-05-28 09:00:00,2026-05-28 15:00:00
2151,282,7,2026-04-20 06:00:00,2026-04-20 12:00:00
2152,70,4,2026-06-28 07:00:00,2026-06-28 17:00:00
2153,62,10,2026-05-28 10:00:00,2026-05-28 18:00:00
2154,166,10,2026-06-18 07:00:00,2026-06-18 17:00:00
2155,57,5,2026-05-20 06:00:00,2026-05-20 18:00:00
2156,75,4,2026-04-26 06:00:00,2026-04-26 16:00:00
2157,168,6,2026-04-25 08:00:00,2026-04-25 14:00:00
2158,174,2,2026-05-02 07:00:00,2026-05-02 15:00:00
2159,180,3,2026-06-06 07:00:00,2026-06-06 17:00:00
2160,92,10,2026-05-05 10:00:00,2026-05-05 18:00:00
2161,223,9,2026-06-03 09:00:00,2026-06-03 15:00:00
2162,156,3,2026-04-16 10:00:00,2026-04-16 18:00:00
2163,118,4,2026-04-04 08:00:00,2026-04-04 20:00:00
2164,169,6,2026-04-15 09:00:00,2026-04-15 21:00:00
2165,181,4,2026-04-26 09:00:00,2026-04-26 17:00:00
2166,28,9,2026-05-26 08:00:00,2026-05-26 14:00:00
2167,240,2,2026-06-07 10:00:00,2026-06-07 22:00:00
2168,54,10,2026-05-17 06:00:00,2026-05-17 16:00:00
2169,90,10,2026-06-19 10:00:00,2026-06-19 16:00:00
2170,241,2,2026-05-07 09:00:00,2026-05-07 19:00:00
2171,196,7,2026-06-17 08:00:00,2026-06-17 16:00:00
2172,16,4,2026-04-16 09:00:00,2026-04-16 15:00:00
2173,273,1,2026-06-06 06:00:00,2026-06-06 14:00:00
2174,67,9,2026-05-15 08:00:00,2026-05-15 18:00:00
2175,52,9,2026-04-26 09:00:00,2026-04-26 17:00:00
2176,283,6,2026-06-26 07:00:00,2026-06-26 13:00:00
2177,245,3,2026-04-27 06:00:00,2026-04-27 16:00:00
2178,76,5,2026-05-19 06:00:00,2026-05-19 16:00:00
2179,192,5,2026-06-14 09:00:00,2026-06-14 21:00:00
2180,200,1,2026-05-29 09:00:00,2026-05-29 15:00:00
2181,160,1,2026-05-11 06:00:00,2026-05-11 12:00:00
2182,196,3,2026-06-18 09:00:00,2026-06-18 15:00:00
2183,293,6,2026-04-08 10:00:00,2026-04-08 20:00:00
2184,113,8,2026-04-17 07:00:00,2026-04-17 13:00:00
2185,76,9,2026-05-30 07:00:00,2026-05-30 19:00:00
2186,44,9,2026-05-27 07:00:00,2026-05-27 13:00:00
2187,168,3,2026-05-10 08:00:00,2026-05-10 14:00:00
2188,28,3,2026-04-13 07:00:00,2026-04-13 17:00:00
2189,236,2,2026-04-06 10:00:00,2026-04-06 22:00:00
2190,9,10,2026-04-01 06:00:00,2026-04-01 14:00:00
2191,49,5,2026-06-09 06:00:00,2026-06-09 18:00:00
2192,281,5,2026-06-13 08:00:00,2026-06-13 18:00:00
2193,154,8,2026-06-02 06:00:00,2026-06-02 18:00:00
2194,109,9,2026-04-19 06:00:00,2026-04-19 12:00:00
2195,2,10,2026-06-01 10:00:00,2026-06-01 22:00:00
2196,163,5,2026-04-11 08:00:00,2026-04-11 18:00:00
2197,197,5,2026-06-16 07:00:00,2026-06-16 15:00:00
2198,261,8,2026-04-23 07:00:00,2026-04-23 17:00:00
2199,71,5,2026-04-29 10:00:00,2026-04-29 18:00:00
2200,192,4,2026-06-01 10:00:00,2026-06-01 22:00:00
2201,66,10,2026-06-21 08:00:00,2026-06-21 16:00:00
2202,73,5,2026-06-27 06:00:00,2026-06-27 16:00:00
2203,38,4,2026-06-07 10:00:00,2026-06-07 16:00:00
2204,158,3,2026-06-23 09:00:00,2026-06-23 21:00:00
2205,216,10,2026-06-20 06:00:00,2026-06-20 14:00:00
2206,111,9,2026-05-14 09:00:00,2026-05-14 21:00:00
2207,272,7,2026-06-27 09:00:00,2026-06-27 15:00:00
2208,127,5,2026-04-14 08:00:00,2026-04-14 16:00:00
2209,89,5,2026-06-12 06:00:00,2026-06-12 12:00:00
2210,215,1,2026-05-20 06:00:00,2026-05-20 14:00:00
2211,67,6,2026-04-02 09:00:00,2026-04-02 15:00:00
2212,235,4,2026-04-10 09:00:00,2026-04-10 19:00:00
2213,208,6,2026-06-17 10:00:00,2026-06-17 22:00:00
2214,200,1,2026-05-06 08:00:00,2026-05-06 16:00:00
2215,32,4,2026-05-27 08:00:00,2026-05-27 20:00:00
2216,192,9,2026-04-11 10:00:00,2026-04-11 18:00:00
2217,95,1,2026-06-26 09:00:00,2026-06-26 15:00:00
2218,132,2,2026-04-22 09:00:00,2026-04-22 21:00:00
2219,172,3,2026-05-09 06:00:00,2026-05-09 12:00:00
2220,230,2,2026-05-25 07:00:00,2026-05-25 17:00:00
2221,65,1,2026-04-25 06:00:00,2026-04-25 16:00:00
2222,61,5,2026-06-20 07:00:00,2026-06-20 19:00:00
2223,239,5,2026-04-11 06:00:00,2026-04-11 18:00:00
2224,66,5,2026-06-25 07:00:00,2026-06-25 13:00:00
2225,49,10,2026-04-22 08:00:00,2026-04-22 14:00:00
2226,167,9,2026-06-15 07:00:00,2026-06-15 19:00:00
2227,121,10,2026-04-07 07:00:00,2026-04-07 17:00:00
2228,282,1,2026-04-05 10:00:00,2026-04-05 16:00:00
2229,200,3,2026-06-04 06:00:00,2026-06-04 12:00:00
2230,55,7,2026-06-25 10:00:00,2026-06-25 20:00:00
2231,153,6,2026-05-07 08:00:00,2026-05-07 14:00:00
2232,30,5,2026-05-19 10:00:00,2026-05-19 16:00:00
2233,131,7,2026-06-21 08:00:00,2026-06-21 16:00:00
2234,254,8,2026-04-16 10:00:00,2026-04-16 18:00:00
2235,85,7,2026-05-09 06:00:00,2026-05-09 16:00:00
2236,12,7,2026-05-18 09:00:00,2026-05-18 15:00:00
2237,10,3,2026-04-20 06:00:00,2026-04-20 14:00:00
2238,258,1,2026-05-31 07:00:00,2026-05-31 15:00:00
2239,114,3,2026-05-23 10:00:00,2026-05-23 20:00:00
2240,24,9,2026-05-19 07:00:00,2026-05-19 19:00:00
2241,86,5,2026-04-01 06:00:00,2026-04-01 14:00:00
2242,90,8,2026-04-24 07:00:00,2026-04-24 15:00:00
2243,246,4,2026-05-24 09:00:00,2026-05-24 19:00:00
2244,39,2,2026-04-16 07:00:00,2026-04-16 13:00:00
2245,110,9,2026-04-24 09:00:00,2026-04-24 21:00:00
2246,98,2,2026-05-20 08:00:00,2026-05-20 16:00:00
2247,139,3,2026-05-25 07:00:00,2026-05-25 15:00:00
2248,121,9,2026-06-25 07:00:00,2026-06-25 15:00:00
2249,162,1,2026-05-11 10:00:00,2026-05-11 16:00:00
2250,131,1,2026-04-06 09:00:00,2026-04-06 17:00:00
2251,111,2,2026-05-25 08:00:00,2026-05-25 18:00:00
2252,205,1,2026-05-27 06:00:00,2026-05-27 18:00:00
2253,134,6,2026-04-21 09:00:00,2026-04-21 15:00:00
2254,88,6,2026-05-26 07:00:00,2026-05-26 19:00:00
2255,127,10,2026-05-08 07:00:00,2026-05-08 19:00:00
2256,76,2,2026-06-28 07:00:00,2026-06-28 15:00:00
2257,114,7,2026-04-05 08:00:00,2026-04-05 14:00:00
2258,103,7,2026-04-28 07:00:00,2026-04-28 17:00:00
2259,64,6,2026-04-03 09:00:00,2026-04-03 15:00:00
2260,13,10,2026-05-21 06:00:00,2026-05-21 14:00:00
2261,170,6,2026-06-25 10:00:00,2026-06-25 16:00:00
2262,152,3,2026-06-08 07:00:00,2026-06-08 15:00:00
2263,300,9,2026-06-05 07:00:00,2026-06-05 15:00:00
2264,52,4,2026-06-08 07:00:00,2026-06-08 17:00:00
2265,157,9,2026-06-11 09:00:00,2026-06-11 21:00:00
2266,6,2,2026-04-30 09:00:00,2026-04-30 17:00:00
2267,68,9,2026-04-10 09:00:00,2026-04-10 21:00:00
2268,92,4,2026-04-02 06:00:00,2026-04-02 14:00:00
2269,121,3,2026-05-08 06:00:00,2026-05-08 12:00:00
2270,296,5,2026-06-18 09:00:00,2026-06-18 17:00:00
2271,31,3,2026-04-18 09:00:00,2026-04-18 19:00:00
2272,52,3,2026-06-29 10:00:00,2026-06-29 16:00:00
2273,134,8,2026-06-14 06:00:00,2026-06-14 18:00:00
2274,212,4,2026-05-27 08:00:00,2026-05-27 20:00:00
2275,112,9,2026-05-05 06:00:00,2026-05-05 14:00:00
2276,188,1,2026-04-06 09:00:00,2026-04-06 19:00:00
2277,121,10,2026-06-08 09:00:00,2026-06-08 17:00:00
2278,53,10,2026-04-30 07:00:00,2026-04-30 17:00:00
2279,210,1,2026-04-28 07:00:00,2026-04-28 15:00:00
2280,97,1,2026-04-01 07:00:00,2026-04-01 17:00:00
2281,69,8,2026-05-29 08:00:00,2026-05-29 16:00:00
2282,254,5,2026-04-08 08:00:00,2026-04-08 20:00:00
2283,252,3,2026-06-18 08:00:00,2026-06-18 18:00:00
2284,107,3,2026-06-29 08:00:00,2026-06-29 16:00:00
2285,171,10,2026-04-10 08:00:00,2026-04-10 20:00:00
2286,245,3,2026-05-23 10:00:00,2026-05-23 16:00:00
2287,261,5,2026-06-03 07:00:00,2026-06-03 17:00:00
2288,99,6,2026-04-07 07:00:00,2026-04-07 17:00:00
2289,16,10,2026-05-25 07:00:00,2026-05-25 13:00:00
2290,98,9,2026-05-23 08:00:00,2026-05-23 14:00:00
2291,276,9,2026-06-18 07:00:00,2026-06-18 13:00:00
2292,78,10,2026-06-18 10:00:00,2026-06-18 20:00:00
2293,164,3,2026-06-02 06:00:00,2026-06-02 18:00:00
2294,276,1,2026-06-25 10:00:00,2026-06-25 16:00:00
2295,163,2,2026-05-05 10:00:00,2026-05-05 16:00:00
2296,123,5,2026-04-28 06:00:00,2026-04-28 18:00:00
2297,184,9,2026-06-09 07:00:00,2026-06-09 15:00:00
2298,247,6,2026-06-09 09:00:00,2026-06-09 15:00:00
2299,240,5,2026-05-17 06:00:00,2026-05-17 16:00:00
2300,209,4,2026-05-12 07:00:00,2026-05-12 19:00:00
2301,138,9,2026-04-24 06:00:00,2026-04-24 12:00:00
2302,107,4,2026-04-26 10:00:00,2026-04-26 22:00:00
2303,160,4,2026-05-24 07:00:00,2026-05-24 13:00:00
2304,53,10,2026-06-17 06:00:00,2026-06-17 12:00:00
2305,43,3,2026-06-23 07:00:00,2026-06-23 19:00:00
2306,209,4,2026-05-23 08:00:00,2026-05-23 16:00:00
2307,114,1,2026-05-02 10:00:00,2026-05-02 22:00:00
2308,299,4,2026-05-03 08:00:00,2026-05-03 16:00:00
2309,234,8,2026-04-16 06:00:00,2026-04-16 12:00:00
2310,253,1,2026-04-22 07:00:00,2026-04-22 17:00:00
2311,155,6,2026-05-16 08:00:00,2026-05-16 20:00:00
2312,111,8,2026-06-23 10:00:00,2026-06-23 18:00:00
2313,156,9,2026-04-07 09:00:00,2026-04-07 19:00:00
2314,123,9,2026-04-29 07:00:00,2026-04-29 15:00:00
2315,29,3,2026-05-17 08:00:00,2026-05-17 16:00:00
2316,105,1,2026-05-29 10:00:00,2026-05-29 20:00:00
2317,158,9,2026-04-27 07:00:00,2026-04-27 13:00:00
2318,274,3,2026-04-18 10:00:00,2026-04-18 20:00:00
2319,232,3,2026-06-27 07:00:00,2026-06-27 19:00:00
2320,4,10,2026-04-01 09:00:00,2026-04-01 21:00:00
2321,161,4,2026-04-07 08:00:00,2026-04-07 14:00:00
2322,70,1,2026-05-01 10:00:00,2026-05-01 20:00:00
2323,162,3,2026-04-29 09:00:00,2026-04-29 17:00:00
2324,179,3,2026-06-05 06:00:00,2026-06-05 14:00:00
2325,215,3,2026-05-26 09:00:00,2026-05-26 17:00:00
2326,36,6,2026-05-30 09:00:00,2026-05-30 21:00:00
2327,111,2,2026-05-12 06:00:00,2026-05-12 16:00:00
2328,180,6,2026-04-21 06:00:00,2026-04-21 16:00:00
2329,89,8,2026-06-19 10:00:00,2026-06-19 18:00:00
2330,78,9,2026-04-26 10:00:00,2026-04-26 16:00:00
2331,151,6,2026-05-03 07:00:00,2026-05-03 15:00:00
2332,69,1,2026-04-05 06:00:00,2026-04-05 12:00:00
2333,106,1,2026-06-11 10:00:00,2026-06-11 18:00:00
2334,299,6,2026-05-12 10:00:00,2026-05-12 16:00:00
2335,217,7,2026-04-30 07:00:00,2026-04-30 13:00:00
2336,281,2,2026-05-06 06:00:00,2026-05-06 16:00:00
2337,165,7,2026-06-16 09:00:00,2026-06-16 19:00:00
2338,171,1,2026-06-05 06:00:00,2026-06-05 16:00:00
2339,230,3,2026-06-09 07:00:00,2026-06-09 15:00:00
2340,20,3,2026-04-12 10:00:00,2026-04-12 22:00:00
2341,269,2,2026-05-03 07:00:00,2026-05-03 19:00:00
2342,117,5,2026-06-27 10:00:00,2026-06-27 20:00:00
2343,292,9,2026-06-21 10:00:00,2026-06-21 16:00:00
2344,274,5,2026-06-17 06:00:00,2026-06-17 12:00:00
2345,207,10,2026-06-25 09:00:00,2026-06-25 21:00:00
2346,181,4,2026-05-12 06:00:00,2026-05-12 14:00:00
2347,267,6,2026-05-11 07:00:00,2026-05-11 15:00:00
2348,282,4,2026-05-02 10:00:00,2026-05-02 22:00:00
2349,8,2,2026-06-20 08:00:00,2026-06-20 16:00:00
2350,151,6,2026-04-23 09:00:00,2026-04-23 19:00:00
2351,18,4,2026-05-04 10:00:00,2026-05-04 22:00:00
2352,112,8,2026-05-11 07:00:00,2026-05-11 13:00:00
2353,13,7,2026-06-27 10:00:00,2026-06-27 18:00:00
2354,105,1,2026-06-13 08:00:00,2026-06-13 18:00:00
2355,211,2,2026-04-20 09:00:00,2026-04-20 19:00:00
2356,290,3,2026-06-25 10:00:00,2026-06-25 16:00:00
2357,63,6,2026-06-16 06:00:00,2026-06-16 12:00:00
2358,238,3,2026-06-25 08:00:00,2026-06-25 18:00:00
2359,136,9,2026-04-13 09:00:00,2026-04-13 17:00:00
2360,84,1,2026-05-18 08:00:00,2026-05-18 16:00:00
2361,113,5,2026-05-25 07:00:00,2026-05-25 13:00:00
2362,207,9,2026-06-13 06:00:00,2026-06-13 12:00:00
2363,127,2,2026-06-02 09:00:00,2026-06-02 19:00:00
2364,220,9,2026-04-30 09:00:00,2026-04-30 19:00:00
2365,87,3,2026-06-02 09:00:00,2026-06-02 15:00:00
2366,95,7,2026-06-03 07:00:00,2026-06-03 15:00:00
2367,267,9,2026-06-24 06:00:00,2026-06-24 18:00:00
2368,12,9,2026-06-18 07:00:00,2026-06-18 13:00:00
2369,270,10,2026-05-14 09:00:00,2026-05-14 17:00:00
2370,97,8,2026-05-06 06:00:00,2026-05-06 14:00:00
2371,209,2,2026-05-02 06:00:00,2026-05-02 14:00:00
2372,170,2,2026-05-03 09:00:00,2026-05-03 21:00:00
2373,35,9,2026-05-17 08:00:00,2026-05-17 18:00:00
2374,81,6,2026-04-10 09:00:00,2026-04-10 19:00:00
2375,55,7,2026-04-30 07:00:00,2026-04-30 15:00:00
2376,92,1,2026-06-12 08:00:00,2026-06-12 20:00:00
2377,41,9,2026-04-05 09:00:00,2026-04-05 15:00:00
2378,74,3,2026-05-02 07:00:00,2026-05-02 13:00:00
2379,24,5,2026-05-20 06:00:00,2026-05-20 12:00:00
2380,253,1,2026-06-03 10:00:00,2026-06-03 18:00:00
2381,130,1,2026-06-28 06:00:00,2026-06-28 16:00:00
2382,289,3,2026-05-07 06:00:00,2026-05-07 12:00:00
2383,44,9,2026-06-01 09:00:00,2026-06-01 17:00:00
2384,73,6,2026-04-02 09:00:00,2026-04-02 15:00:00
2385,49,3,2026-05-22 07:00:00,2026-05-22 15:00:00
2386,49,3,2026-06-26 08:00:00,2026-06-26 16:00:00
2387,291,4,2026-06-12 08:00:00,2026-06-12 20:00:00
2388,260,3,2026-06-18 06:00:00,2026-06-18 14:00:00
2389,237,7,2026-04-18 10:00:00,2026-04-18 22:00:00
2390,230,5,2026-06-14 09:00:00,2026-06-14 15:00:00
2391,133,10,2026-05-12 06:00:00,2026-05-12 12:00:00
2392,83,9,2026-05-03 08:00:00,2026-05-03 20:00:00
2393,132,5,2026-04-25 09:00:00,2026-04-25 21:00:00
2394,202,7,2026-04-02 07:00:00,2026-04-02 19:00:00
2395,284,2,2026-06-24 07:00:00,2026-06-24 13:00:00
2396,27,10,2026-05-18 10:00:00,2026-05-18 22:00:00
2397,115,7,2026-04-22 09:00:00,2026-04-22 17:00:00
2398,24,1,2026-06-07 10:00:00,2026-06-07 20:00:00
2399,24,2,2026-04-19 10:00:00,2026-04-19 22:00:00
2400,186,1,2026-04-10 07:00:00,2026-04-10 17:00:00
2401,66,2,2026-04-19 09:00:00,2026-04-19 19:00:00
2402,143,7,2026-04-29 10:00:00,2026-04-29 18:00:00
2403,240,3,2026-05-12 06:00:00,2026-05-12 14:00:00
2404,80,5,2026-05-27 10:00:00,2026-05-27 18:00:00
2405,153,10,2026-06-27 09:00:00,2026-06-27 21:00:00
2406,37,8,2026-05-03 06:00:00,2026-05-03 16:00:00
2407,78,4,2026-05-09 10:00:00,2026-05-09 16:00:00
2408,49,2,2026-04-11 08:00:00,2026-04-11 20:00:00
2409,61,7,2026-04-15 06:00:00,2026-04-15 14:00:00
2410,110,8,2026-04-28 06:00:00,2026-04-28 14:00:00
2411,20,6,2026-05-12 09:00:00,2026-05-12 21:00:00
2412,132,3,2026-06-02 06:00:00,2026-06-02 14:00:00
2413,237,8,2026-05-01 07:00:00,2026-05-01 17:00:00
2414,157,4,2026-04-06 10:00:00,2026-04-06 18:00:00
2415,241,5,2026-06-16 10:00:00,2026-06-16 22:00:00
2416,89,7,2026-04-19 09:00:00,2026-04-19 19:00:00
2417,201,1,2026-04-16 07:00:00,2026-04-16 15:00:00
2418,248,1,2026-06-01 08:00:00,2026-06-01 18:00:00
2419,132,3,2026-06-09 06:00:00,2026-06-09 16:00:00
2420,96,7,2026-05-31 07:00:00,2026-05-31 19:00:00
2421,285,2,2026-04-12 09:00:00,2026-04-12 19:00:00
2422,112,2,2026-06-05 08:00:00,2026-06-05 14:00:00
2423,168,10,2026-05-22 06:00:00,2026-05-22 12:00:00
2424,139,1,2026-04-11 07:00:00,2026-04-11 13:00:00
2425,43,7,2026-05-10 06:00:00,2026-05-10 14:00:00
2426,171,4,2026-04-27 07:00:00,2026-04-27 19:00:00
2427,73,7,2026-04-08 08:00:00,2026-04-08 20:00:00
2428,83,5,2026-04-09 08:00:00,2026-04-09 20:00:00
2429,32,2,2026-06-16 06:00:00,2026-06-16 14:00:00
2430,290,2,2026-06-06 09:00:00,2026-06-06 17:00:00
2431,142,5,2026-05-04 08:00:00,2026-05-04 20:00:00
2432,279,3,2026-06-21 10:00:00,2026-06-21 16:00:00
2433,145,4,2026-06-04 08:00:00,2026-06-04 20:00:00
2434,154,6,2026-05-06 06:00:00,2026-05-06 18:00:00
2435,90,10,2026-06-04 07:00:00,2026-06-04 15:00:00
2436,145,6,2026-06-03 07:00:00,2026-06-03 17:00:00
2437,203,6,2026-04-07 07:00:00,2026-04-07 15:00:00
2438,200,3,2026-04-05 06:00:00,2026-04-05 14:00:00
2439,125,5,2026-05-07 09:00:00,2026-05-07 21:00:00
2440,167,9,2026-05-22 10:00:00,2026-05-22 16:00:00
2441,255,6,2026-05-25 06:00:00,2026-05-25 18:00:00
2442,131,2,2026-04-10 07:00:00,2026-04-10 15:00:00
2443,71,10,2026-04-15 08:00:00,2026-04-15 14:00:00
2444,95,6,2026-04-02 09:00:00,2026-04-02 17:00:00
2445,265,9,2026-04-29 06:00:00,2026-04-29 14:00:00
2446,128,2,2026-04-18 07:00:00,2026-04-18 19:00:00
2447,257,8,2026-04-25 08:00:00,2026-04-25 16:00:00
2448,134,8,2026-05-03 10:00:00,2026-05-03 22:00:00
2449,212,4,2026-05-03 09:00:00,2026-05-03 21:00:00
2450,8,1,2026-06-06 08:00:00,2026-06-06 20:00:00
2451,291,9,2026-06-04 06:00:00,2026-06-04 18:00:00
2452,244,9,2026-04-20 06:00:00,2026-04-20 18:00:00
2453,195,5,2026-04-17 09:00:00,2026-04-17 21:00:00
2454,247,10,2026-04-20 06:00:00,2026-04-20 14:00:00
2455,231,1,2026-04-24 07:00:00,2026-04-24 19:00:00
2456,13,2,2026-05-25 08:00:00,2026-05-25 20:00:00
2457,45,5,2026-04-21 06:00:00,2026-04-21 12:00:00
2458,284,3,2026-04-23 10:00:00,2026-04-23 18:00:00
2459,204,9,2026-06-07 06:00:00,2026-06-07 16:00:00
2460,283,7,2026-04-20 08:00:00,2026-04-20 20:00:00
2461,62,9,2026-04-12 10:00:00,2026-04-12 22:00:00
2462,105,10,2026-04-14 08:00:00,2026-04-14 14:00:00
2463,96,5,2026-04-24 10:00:00,2026-04-24 16:00:00
2464,252,1,2026-05-04 06:00:00,2026-05-04 18:00:00
2465,8,10,2026-05-19 07:00:00,2026-05-19 19:00:00
2466,287,7,2026-04-11 06:00:00,2026-04-11 18:00:00
2467,252,1,2026-06-25 07:00:00,2026-06-25 19:00:00
2468,273,3,2026-04-11 09:00:00,2026-04-11 15:00:00
2469,13,2,2026-05-20 07:00:00,2026-05-20 15:00:00
2470,94,9,2026-05-19 09:00:00,2026-05-19 21:00:00
2471,298,4,2026-06-22 07:00:00,2026-06-22 19:00:00
2472,233,2,2026-05-06 10:00:00,2026-05-06 20:00:00
2473,266,10,2026-06-07 10:00:00,2026-06-07 22:00:00
2474,63,4,2026-04-15 08:00:00,2026-04-15 16:00:00
2475,291,9,2026-05-09 09:00:00,2026-05-09 19:00:00
2476,191,9,2026-06-24 08:00:00,2026-06-24 20:00:00
2477,128,3,2026-04-17 10:00:00,2026-04-17 18:00:00
2478,100,10,2026-05-30 06:00:00,2026-05-30 12:00:00
2479,21,3,2026-05-02 10:00:00,2026-05-02 18:00:00
2480,253,1,2026-06-04 10:00:00,2026-06-04 22:00:00
2481,3,4,2026-04-11 06:00:00,2026-04-11 18:00:00
2482,291,6,2026-05-25 09:00:00,2026-05-25 21:00:00
2483,11,6,2026-06-06 08:00:00,2026-06-06 20:00:00
2484,170,7,2026-04-28 06:00:00,2026-04-28 16:00:00
2485,174,8,2026-06-09 09:00:00,2026-06-09 19:00:00
2486,51,3,2026-04-25 07:00:00,2026-04-25 19:00:00
2487,10,5,2026-05-01 06:00:00,2026-05-01 14:00:00
2488,36,2,2026-04-09 08:00:00,2026-04-09 20:00:00
2489,14,4,2026-04-05 06:00:00,2026-04-05 18:00:00
2490,267,4,2026-04-15 08:00:00,2026-04-15 16:00:00
2491,54,8,2026-04-02 08:00:00,2026-04-02 16:00:00
2492,91,7,2026-06-10 09:00:00,2026-06-10 21:00:00
2493,269,8,2026-06-04 09:00:00,2026-06-04 17:00:00
2494,210,7,2026-06-07 09:00:00,2026-06-07 15:00:00
2495,36,1,2026-04-18 10:00:00,2026-04-18 20:00:00
2496,181,10,2026-05-29 06:00:00,2026-05-29 14:00:00
2497,91,2,2026-06-20 07:00:00,2026-06-20 19:00:00
2498,250,5,2026-06-26 08:00:00,2026-06-26 18:00:00
2499,100,6,2026-04-05 06:00:00,2026-04-05 18:00:00
2500,22,2,2026-05-04 07:00:00,2026-05-04 15:00:00
2501,90,5,2026-05-13 07:00:00,2026-05-13 19:00:00
2502,62,1,2026-06-15 08:00:00,2026-06-15 14:00:00
2503,24,7,2026-06-26 06:00:00,2026-06-26 12:00:00
2504,94,8,2026-05-19 09:00:00,2026-05-19 15:00:00
2505,234,7,2026-06-14 10:00:00,2026-06-14 16:00:00
2506,82,7,2026-04-11 07:00:00,2026-04-11 17:00:00
2507,30,10,2026-06-21 08:00:00,2026-06-21 16:00:00
2508,60,8,2026-04-24 06:00:00,2026-04-24 16:00:00
2509,3,10,2026-06-09 09:00:00,2026-06-09 17:00:00
2510,273,1,2026-05-08 06:00:00,2026-05-08 18:00:00
2511,257,1,2026-05-27 09:00:00,2026-05-27 15:00:00
2512,69,10,2026-04-23 07:00:00,2026-04-23 19:00:00
2513,257,9,2026-05-05 08:00:00,2026-05-05 20:00:00
2514,100,3,2026-05-31 10:00:00,2026-05-31 18:00:00
2515,83,4,2026-05-18 07:00:00,2026-05-18 13:00:00
2516,150,7,2026-04-03 07:00:00,2026-04-03 19:00:00
2517,219,7,2026-06-24 10:00:00,2026-06-24 16:00:00
2518,115,8,2026-05-01 06:00:00,2026-05-01 18:00:00
2519,30,10,2026-06-20 06:00:00,2026-06-20 12:00:00
2520,120,2,2026-04-28 09:00:00,2026-04-28 17:00:00
2521,274,10,2026-06-14 07:00:00,2026-06-14 17:00:00
2522,155,4,2026-04-10 06:00:00,2026-04-10 14:00:00
2523,75,10,2026-05-19 10:00:00,2026-05-19 22:00:00
2524,292,7,2026-06-18 10:00:00,2026-06-18 18:00:00
2525,131,5,2026-04-20 09:00:00,2026-04-20 15:00:00
2526,29,3,2026-05-16 10:00:00,2026-05-16 18:00:00
2527,221,7,2026-05-25 10:00:00,2026-05-25 22:00:00
2528,236,4,2026-04-06 09:00:00,2026-04-06 19:00:00
2529,137,3,2026-06-02 09:00:00,2026-06-02 15:00:00
2530,19,5,2026-06-08 09:00:00,2026-06-08 17:00:00
2531,119,9,2026-06-25 09:00:00,2026-06-25 17:00:00
2532,121,4,2026-04-23 07:00:00,2026-04-23 13:00:00
2533,281,5,2026-04-06 08:00:00,2026-04-06 16:00:00
2534,70,4,2026-04-12 08:00:00,2026-04-12 18:00:00
2535,43,10,2026-06-19 07:00:00,2026-06-19 17:00:00
2536,68,5,2026-04-18 08:00:00,2026-04-18 18:00:00
2537,88,3,2026-05-27 08:00:00,2026-05-27 18:00:00
2538,64,6,2026-05-26 09:00:00,2026-05-26 15:00:00
2539,206,4,2026-06-21 06:00:00,2026-06-21 12:00:00
2540,76,1,2026-06-18 10:00:00,2026-06-18 20:00:00
2541,131,2,2026-04-01 06:00:00,2026-04-01 12:00:00
2542,55,10,2026-05-29 08:00:00,2026-05-29 18:00:00
2543,145,4,2026-06-15 10:00:00,2026-06-15 22:00:00
2544,62,2,2026-05-14 06:00:00,2026-05-14 12:00:00
2545,293,5,2026-04-10 06:00:00,2026-04-10 14:00:00
2546,295,4,2026-04-04 10:00:00,2026-04-04 16:00:00
2547,133,4,2026-05-08 09:00:00,2026-05-08 19:00:00
2548,129,5,2026-06-25 09:00:00,2026-06-25 19:00:00
2549,85,10,2026-05-01 06:00:00,2026-05-01 14:00:00
2550,286,8,2026-06-20 07:00:00,2026-06-20 13:00:00
2551,212,8,2026-05-02 08:00:00,2026-05-02 20:00:00
2552,215,10,2026-04-22 08:00:00,2026-04-22 20:00:00
2553,279,8,2026-06-10 07:00:00,2026-06-10 17:00:00
2554,204,4,2026-05-19 07:00:00,2026-05-19 19:00:00
2555,19,10,2026-05-06 06:00:00,2026-05-06 14:00:00
2556,133,8,2026-05-04 10:00:00,2026-05-04 22:00:00
2557,192,1,2026-05-20 09:00:00,2026-05-20 15:00:00
2558,207,5,2026-05-25 09:00:00,2026-05-25 15:00:00
2559,147,5,2026-05-18 07:00:00,2026-05-18 17:00:00
2560,263,10,2026-05-05 08:00:00,2026-05-05 16:00:00
2561,278,10,2026-06-12 06:00:00,2026-06-12 14:00:00
2562,144,9,2026-05-05 06:00:00,2026-05-05 14:00:00
2563,142,10,2026-04-13 06:00:00,2026-04-13 16:00:00
2564,42,5,2026-05-21 07:00:00,2026-05-21 17:00:00
2565,1,8,2026-06-17 08:00:00,2026-06-17 14:00:00
2566,53,10,2026-05-12 07:00:00,2026-05-12 13:00:00
2567,139,1,2026-05-16 09:00:00,2026-05-16 15:00:00
2568,213,8,2026-04-03 07:00:00,2026-04-03 13:00:00
2569,168,3,2026-04-06 09:00:00,2026-04-06 17:00:00
2570,178,6,2026-04-27 08:00:00,2026-04-27 20:00:00
2571,200,9,2026-06-17 07:00:00,2026-06-17 19:00:00
2572,172,4,2026-04-13 06:00:00,2026-04-13 16:00:00
2573,58,5,2026-06-25 09:00:00,2026-06-25 15:00:00
2574,269,9,2026-06-12 07:00:00,2026-06-12 19:00:00
2575,222,8,2026-05-21 07:00:00,2026-05-21 13:00:00
2576,216,4,2026-06-21 09:00:00,2026-06-21 17:00:00
2577,298,7,2026-04-05 06:00:00,2026-04-05 18:00:00
2578,268,2,2026-06-21 06:00:00,2026-06-21 18:00:00
2579,92,7,2026-04-11 07:00:00,2026-04-11 19:00:00
2580,161,3,2026-05-24 08:00:00,2026-05-24 14:00:00
2581,46,4,2026-05-21 06:00:00,2026-05-21 14:00:00
2582,74,8,2026-06-09 06:00:00,2026-06-09 18:00:00
2583,300,9,2026-05-18 10:00:00,2026-05-18 16:00:00
2584,157,6,2026-05-29 09:00:00,2026-05-29 21:00:00
2585,43,4,2026-05-30 06:00:00,2026-05-30 16:00:00
2586,5,4,2026-04-13 06:00:00,2026-04-13 14:00:00
2587,46,8,2026-05-20 06:00:00,2026-05-20 16:00:00
2588,180,8,2026-05-06 10:00:00,2026-05-06 16:00:00
2589,153,5,2026-06-16 10:00:00,2026-06-16 22:00:00
2590,138,3,2026-05-06 10:00:00,2026-05-06 22:00:00
2591,297,4,2026-04-22 10:00:00,2026-04-22 22:00:00
2592,272,2,2026-05-31 09:00:00,2026-05-31 17:00:00
2593,82,2,2026-04-24 06:00:00,2026-04-24 16:00:00
2594,226,10,2026-04-10 07:00:00,2026-04-10 17:00:00
2595,46,3,2026-05-31 09:00:00,2026-05-31 15:00:00
2596,259,6,2026-04-13 06:00:00,2026-04-13 16:00:00
2597,145,6,2026-04-19 10:00:00,2026-04-19 20:00:00
2598,231,9,2026-05-07 06:00:00,2026-05-07 18:00:00
2599,218,7,2026-06-12 07:00:00,2026-06-12 17:00:00
2600,108,1,2026-05-15 07:00:00,2026-05-15 13:00:00
2601,154,6,2026-06-25 09:00:00,2026-06-25 19:00:00
2602,164,9,2026-06-04 09:00:00,2026-06-04 19:00:00
2603,279,7,2026-06-24 07:00:00,2026-06-24 13:00:00
2604,258,4,2026-05-05 10:00:00,2026-05-05 22:00:00
2605,71,7,2026-06-06 09:00:00,2026-06-06 19:00:00
2606,28,9,2026-05-19 10:00:00,2026-05-19 16:00:00
2607,294,6,2026-06-28 08:00:00,2026-06-28 14:00:00
2608,37,10,2026-05-04 10:00:00,2026-05-04 18:00:00
2609,146,6,2026-05-24 10:00:00,2026-05-24 18:00:00
2610,289,8,2026-06-03 10:00:00,2026-06-03 18:00:00
2611,171,4,2026-04-30 07:00:00,2026-04-30 13:00:00
2612,150,7,2026-04-12 10:00:00,2026-04-12 16:00:00
2613,143,10,2026-06-29 10:00:00,2026-06-29 16:00:00
2614,137,5,2026-04-27 06:00:00,2026-04-27 16:00:00
2615,259,10,2026-04-17 07:00:00,2026-04-17 13:00:00
2616,64,2,2026-04-19 07:00:00,2026-04-19 13:00:00
2617,235,7,2026-06-17 06:00:00,2026-06-17 16:00:00
2618,227,1,2026-04-10 08:00:00,2026-04-10 16:00:00
2619,4,10,2026-06-05 06:00:00,2026-06-05 14:00:00
2620,139,5,2026-05-12 08:00:00,2026-05-12 16:00:00
2621,296,6,2026-05-08 10:00:00,2026-05-08 18:00:00
2622,272,4,2026-06-15 07:00:00,2026-06-15 15:00:00
2623,159,8,2026-04-12 08:00:00,2026-04-12 20:00:00
2624,72,2,2026-04-18 09:00:00,2026-04-18 21:00:00
2625,19,4,2026-04-10 07:00:00,2026-04-10 13:00:00
2626,108,5,2026-04-23 10:00:00,2026-04-23 16:00:00
2627,223,8,2026-05-11 08:00:00,2026-05-11 20:00:00
2628,26,4,2026-05-10 06:00:00,2026-05-10 14:00:00
2629,29,9,2026-05-15 08:00:00,2026-05-15 18:00:00
2630,87,8,2026-05-25 07:00:00,2026-05-25 17:00:00
2631,5,9,2026-04-14 07:00:00,2026-04-14 13:00:00
2632,69,1,2026-05-28 08:00:00,2026-05-28 18:00:00
2633,73,5,2026-05-30 06:00:00,2026-05-30 16:00:00
2634,62,1,2026-05-02 10:00:00,2026-05-02 22:00:00
2635,185,10,2026-05-29 06:00:00,2026-05-29 16:00:00
2636,152,5,2026-05-27 06:00:00,2026-05-27 16:00:00
2637,297,1,2026-06-06 07:00:00,2026-06-06 17:00:00
2638,213,5,2026-04-05 08:00:00,2026-04-05 14:00:00
2639,272,8,2026-05-27 10:00:00,2026-05-27 22:00:00
2640,249,1,2026-04-04 09:00:00,2026-04-04 17:00:00
2641,98,6,2026-06-18 08:00:00,2026-06-18 20:00:00
2642,24,8,2026-04-27 10:00:00,2026-04-27 20:00:00
2643,82,8,2026-04-23 10:00:00,2026-04-23 22:00:00
2644,153,6,2026-04-03 07:00:00,2026-04-03 15:00:00
2645,237,5,2026-06-13 10:00:00,2026-06-13 20:00:00
2646,197,6,2026-05-16 08:00:00,2026-05-16 16:00:00
2647,112,4,2026-05-17 10:00:00,2026-05-17 16:00:00
2648,246,10,2026-04-20 08:00:00,2026-04-20 18:00:00
2649,164,1,2026-05-31 10:00:00,2026-05-31 16:00:00
2650,38,10,2026-04-06 10:00:00,2026-04-06 20:00:00
2651,92,10,2026-06-11 06:00:00,2026-06-11 14:00:00
2652,57,3,2026-06-27 09:00:00,2026-06-27 15:00:00
2653,146,8,2026-04-24 08:00:00,2026-04-24 18:00:00
2654,103,1,2026-04-23 08:00:00,2026-04-23 18:00:00
2655,68,1,2026-04-17 10:00:00,2026-04-17 22:00:00
2656,248,4,2026-06-07 09:00:00,2026-06-07 15:00:00
2657,137,6,2026-06-06 10:00:00,2026-06-06 20:00:00
2658,93,9,2026-06-29 07:00:00,2026-06-29 19:00:00
2659,82,2,2026-05-14 10:00:00,2026-05-14 22:00:00
2660,262,5,2026-05-14 08:00:00,2026-05-14 20:00:00
2661,261,2,2026-05-05 08:00:00,2026-05-05 16:00:00
2662,188,6,2026-06-08 09:00:00,2026-06-08 17:00:00
2663,133,5,2026-04-29 08:00:00,2026-04-29 20:00:00
2664,220,4,2026-06-04 10:00:00,2026-06-04 20:00:00
2665,48,5,2026-06-27 09:00:00,2026-06-27 15:00:00
2666,191,3,2026-04-03 07:00:00,2026-04-03 15:00:00
2667,55,9,2026-06-17 07:00:00,2026-06-17 15:00:00
2668,245,1,2026-05-24 09:00:00,2026-05-24 15:00:00
2669,190,3,2026-06-12 07:00:00,2026-06-12 19:00:00
2670,233,4,2026-04-25 06:00:00,2026-04-25 12:00:00
2671,4,4,2026-05-05 08:00:00,2026-05-05 16:00:00
2672,33,6,2026-04-19 06:00:00,2026-04-19 12:00:00
2673,195,4,2026-05-07 09:00:00,2026-05-07 21:00:00
2674,180,6,2026-05-14 08:00:00,2026-05-14 18:00:00
2675,14,10,2026-05-04 06:00:00,2026-05-04 12:00:00
2676,165,9,2026-05-31 07:00:00,2026-05-31 19:00:00
2677,50,8,2026-05-22 07:00:00,2026-05-22 17:00:00
2678,65,6,2026-04-19 06:00:00,2026-04-19 18:00:00
2679,233,7,2026-05-29 10:00:00,2026-05-29 22:00:00
2680,65,10,2026-06-15 07:00:00,2026-06-15 17:00:00
2681,34,5,2026-05-19 09:00:00,2026-05-19 17:00:00
2682,204,10,2026-05-23 08:00:00,2026-05-23 14:00:00
2683,144,9,2026-04-02 06:00:00,2026-04-02 12:00:00
2684,80,3,2026-06-11 07:00:00,2026-06-11 19:00:00
2685,70,8,2026-05-29 08:00:00,2026-05-29 14:00:00
2686,147,6,2026-06-10 07:00:00,2026-06-10 15:00:00
2687,192,7,2026-06-14 06:00:00,2026-06-14 18:00:00
2688,297,10,2026-05-10 06:00:00,2026-05-10 16:00:00
2689,143,8,2026-06-27 10:00:00,2026-06-27 22:00:00
2690,159,8,2026-04-29 09:00:00,2026-04-29 19:00:00
2691,97,9,2026-05-08 07:00:00,2026-05-08 17:00:00
2692,103,8,2026-05-23 06:00:00,2026-05-23 16:00:00
2693,153,4,2026-05-09 07:00:00,2026-05-09 17:00:00
2694,279,8,2026-05-26 06:00:00,2026-05-26 12:00:00
2695,50,8,2026-06-21 06:00:00,2026-06-21 12:00:00
2696,201,8,2026-05-08 09:00:00,2026-05-08 19:00:00
2697,141,5,2026-04-02 10:00:00,2026-04-02 22:00:00
2698,171,6,2026-04-03 10:00:00,2026-04-03 20:00:00
2699,228,6,2026-05-31 08:00:00,2026-05-31 14:00:00
2700,31,6,2026-06-14 07:00:00,2026-06-14 19:00:00
2701,293,4,2026-05-05 06:00:00,2026-05-05 18:00:00
2702,282,2,2026-04-22 07:00:00,2026-04-22 13:00:00
2703,103,6,2026-05-29 08:00:00,2026-05-29 14:00:00
2704,201,5,2026-06-04 10:00:00,2026-06-04 16:00:00
2705,163,10,2026-04-13 08:00:00,2026-04-13 20:00:00
2706,147,1,2026-05-14 09:00:00,2026-05-14 15:00:00
2707,16,2,2026-05-11 08:00:00,2026-05-11 20:00:00
2708,217,10,2026-05-11 09:00:00,2026-05-11 17:00:00
2709,41,10,2026-06-21 10:00:00,2026-06-21 18:00:00
2710,260,9,2026-06-25 07:00:00,2026-06-25 15:00:00
2711,184,2,2026-04-13 10:00:00,2026-04-13 20:00:00
2712,104,3,2026-05-04 10:00:00,2026-05-04 16:00:00
2713,74,6,2026-06-19 09:00:00,2026-06-19 17:00:00
2714,76,6,2026-04-17 07:00:00,2026-04-17 17:00:00
2715,253,7,2026-06-23 09:00:00,2026-06-23 15:00:00
2716,239,3,2026-04-10 10:00:00,2026-04-10 18:00:00
2717,122,4,2026-05-26 06:00:00,2026-05-26 14:00:00
2718,211,6,2026-06-28 07:00:00,2026-06-28 15:00:00
2719,8,3,2026-04-13 09:00:00,2026-04-13 19:00:00
2720,12,4,2026-04-03 08:00:00,2026-04-03 16:00:00
2721,106,1,2026-05-24 08:00:00,2026-05-24 18:00:00
2722,91,8,2026-05-20 07:00:00,2026-05-20 13:00:00
2723,288,2,2026-04-18 10:00:00,2026-04-18 22:00:00
2724,294,9,2026-06-29 09:00:00,2026-06-29 17:00:00
2725,129,9,2026-06-08 08:00:00,2026-06-08 18:00:00
2726,159,5,2026-05-07 09:00:00,2026-05-07 19:00:00
2727,287,4,2026-05-31 08:00:00,2026-05-31 20:00:00
2728,115,4,2026-06-27 09:00:00,2026-06-27 15:00:00
2729,69,5,2026-06-12 09:00:00,2026-06-12 19:00:00
2730,266,1,2026-06-05 10:00:00,2026-06-05 22:00:00
2731,252,10,2026-05-21 07:00:00,2026-05-21 13:00:00
2732,210,10,2026-06-10 09:00:00,2026-06-10 17:00:00
2733,116,1,2026-06-25 09:00:00,2026-06-25 17:00:00
2734,272,9,2026-06-17 06:00:00,2026-06-17 14:00:00
2735,145,3,2026-06-02 07:00:00,2026-06-02 19:00:00
2736,102,1,2026-05-10 06:00:00,2026-05-10 14:00:00
2737,158,10,2026-06-29 09:00:00,2026-06-29 17:00:00
2738,152,10,2026-06-15 10:00:00,2026-06-15 16:00:00
2739,23,5,2026-05-24 06:00:00,2026-05-24 16:00:00
2740,274,7,2026-04-25 07:00:00,2026-04-25 17:00:00
2741,204,7,2026-04-13 10:00:00,2026-04-13 22:00:00
2742,181,8,2026-06-03 07:00:00,2026-06-03 17:00:00
2743,64,2,2026-05-10 07:00:00,2026-05-10 15:00:00
2744,53,8,2026-04-01 07:00:00,2026-04-01 19:00:00
2745,194,10,2026-04-26 10:00:00,2026-04-26 20:00:00
2746,164,1,2026-05-12 06:00:00,2026-05-12 12:00:00
2747,269,6,2026-05-31 09:00:00,2026-05-31 21:00:00
2748,24,6,2026-04-07 08:00:00,2026-04-07 18:00:00
2749,25,9,2026-06-06 07:00:00,2026-06-06 17:00:00
2750,24,2,2026-06-14 10:00:00,2026-06-14 16:00:00
2751,139,9,2026-05-29 10:00:00,2026-05-29 20:00:00
2752,17,10,2026-05-29 06:00:00,2026-05-29 14:00:00
2753,140,7,2026-05-05 08:00:00,2026-05-05 16:00:00
2754,164,4,2026-06-22 06:00:00,2026-06-22 14:00:00
2755,210,8,2026-05-15 07:00:00,2026-05-15 15:00:00
2756,173,6,2026-05-16 10:00:00,2026-05-16 22:00:00
2757,227,2,2026-04-28 10:00:00,2026-04-28 18:00:00
2758,238,2,2026-04-27 07:00:00,2026-04-27 15:00:00
2759,78,9,2026-05-01 08:00:00,2026-05-01 14:00:00
2760,255,7,2026-06-06 10:00:00,2026-06-06 20:00:00
2761,290,10,2026-05-03 07:00:00,2026-05-03 13:00:00
2762,139,6,2026-06-15 06:00:00,2026-06-15 14:00:00
2763,251,7,2026-04-04 09:00:00,2026-04-04 19:00:00
2764,249,5,2026-04-09 06:00:00,2026-04-09 18:00:00
2765,209,4,2026-05-10 09:00:00,2026-05-10 17:00:00
2766,110,7,2026-05-02 10:00:00,2026-05-02 18:00:00
2767,143,8,2026-04-28 06:00:00,2026-04-28 14:00:00
2768,238,2,2026-04-26 09:00:00,2026-04-26 21:00:00
2769,160,3,2026-06-16 08:00:00,2026-06-16 20:00:00
2770,46,6,2026-05-14 07:00:00,2026-05-14 19:00:00
2771,52,8,2026-05-28 06:00:00,2026-05-28 12:00:00
2772,223,8,2026-05-20 10:00:00,2026-05-20 20:00:00
2773,193,8,2026-04-22 07:00:00,2026-04-22 17:00:00
2774,252,4,2026-06-25 10:00:00,2026-06-25 18:00:00
2775,177,4,2026-06-07 07:00:00,2026-06-07 15:00:00
2776,94,8,2026-04-24 06:00:00,2026-04-24 18:00:00
2777,97,5,2026-06-25 09:00:00,2026-06-25 17:00:00
2778,289,4,2026-06-27 09:00:00,2026-06-27 17:00:00
2779,39,5,2026-05-11 09:00:00,2026-05-11 21:00:00
2780,205,8,2026-06-03 10:00:00,2026-06-03 16:00:00
2781,297,2,2026-05-10 09:00:00,2026-05-10 17:00:00
2782,216,1,2026-05-12 06:00:00,2026-05-12 18:00:00
2783,147,8,2026-05-17 06:00:00,2026-05-17 14:00:00
2784,197,7,2026-04-01 07:00:00,2026-04-01 15:00:00
2785,238,5,2026-04-30 06:00:00,2026-04-30 16:00:00
2786,78,7,2026-06-18 07:00:00,2026-06-18 13:00:00
2787,209,2,2026-06-10 10:00:00,2026-06-10 22:00:00
2788,218,10,2026-05-21 08:00:00,2026-05-21 16:00:00
2789,247,6,2026-06-16 09:00:00,2026-06-16 17:00:00
2790,277,6,2026-06-09 06:00:00,2026-06-09 12:00:00
2791,82,4,2026-04-25 08:00:00,2026-04-25 16:00:00
2792,170,8,2026-05-22 10:00:00,2026-05-22 22:00:00
2793,155,2,2026-06-27 06:00:00,2026-06-27 18:00:00
2794,100,7,2026-04-14 09:00:00,2026-04-14 17:00:00
2795,47,6,2026-04-16 10:00:00,2026-04-16 18:00:00
2796,131,8,2026-05-26 07:00:00,2026-05-26 17:00:00
2797,272,3,2026-06-04 08:00:00,2026-06-04 18:00:00
2798,254,1,2026-05-01 08:00:00,2026-05-01 16:00:00
2799,289,6,2026-04-21 08:00:00,2026-04-21 20:00:00
2800,150,3,2026-05-21 09:00:00,2026-05-21 21:00:00
2801,57,5,2026-04-30 06:00:00,2026-04-30 12:00:00
2802,272,2,2026-06-14 09:00:00,2026-06-14 21:00:00
2803,268,2,2026-05-02 06:00:00,2026-05-02 14:00:00
2804,65,9,2026-06-22 07:00:00,2026-06-22 15:00:00
2805,188,4,2026-04-06 09:00:00,2026-04-06 17:00:00
2806,300,8,2026-06-16 06:00:00,2026-06-16 16:00:00
2807,23,10,2026-04-05 10:00:00,2026-04-05 16:00:00
2808,107,5,2026-06-02 08:00:00,2026-06-02 20:00:00
2809,52,9,2026-04-24 10:00:00,2026-04-24 16:00:00
2810,73,5,2026-06-04 10:00:00,2026-06-04 22:00:00
2811,114,9,2026-05-31 09:00:00,2026-05-31 21:00:00
2812,198,10,2026-04-19 06:00:00,2026-04-19 18:00:00
2813,288,2,2026-04-27 08:00:00,2026-04-27 20:00:00
2814,273,3,2026-05-25 06:00:00,2026-05-25 16:00:00
2815,86,6,2026-06-15 10:00:00,2026-06-15 22:00:00
2816,65,3,2026-05-23 09:00:00,2026-05-23 19:00:00
2817,157,5,2026-04-12 10:00:00,2026-04-12 20:00:00
2818,100,4,2026-06-26 06:00:00,2026-06-26 12:00:00
2819,284,10,2026-06-28 08:00:00,2026-06-28 14:00:00
2820,156,4,2026-06-29 09:00:00,2026-06-29 21:00:00
2821,21,4,2026-05-17 10:00:00,2026-05-17 22:00:00
2822,198,10,2026-06-12 07:00:00,2026-06-12 15:00:00
2823,266,7,2026-05-10 06:00:00,2026-05-10 16:00:00
2824,123,6,2026-06-10 06:00:00,2026-06-10 16:00:00
2825,119,5,2026-06-05 08:00:00,2026-06-05 16:00:00
2826,130,10,2026-06-07 09:00:00,2026-06-07 17:00:00
2827,271,5,2026-05-21 08:00:00,2026-05-21 14:00:00
2828,53,3,2026-06-18 07:00:00,2026-06-18 15:00:00
2829,152,9,2026-05-04 07:00:00,2026-05-04 17:00:00
2830,83,5,2026-06-15 09:00:00,2026-06-15 17:00:00
2831,61,6,2026-06-01 09:00:00,2026-06-01 19:00:00
2832,52,8,2026-06-11 06:00:00,2026-06-11 16:00:00
2833,50,4,2026-05-24 06:00:00,2026-05-24 16:00:00
2834,91,10,2026-06-15 09:00:00,2026-06-15 19:00:00
2835,61,10,2026-06-25 06:00:00,2026-06-25 18:00:00
2836,39,3,2026-04-30 06:00:00,2026-04-30 12:00:00
2837,86,5,2026-06-29 10:00:00,2026-06-29 22:00:00
2838,248,8,2026-06-05 09:00:00,2026-06-05 21:00:00
2839,4,2,2026-05-03 09:00:00,2026-05-03 19:00:00
2840,117,4,2026-05-21 10:00:00,2026-05-21 22:00:00
2841,37,2,2026-04-04 09:00:00,2026-04-04 19:00:00
2842,146,9,2026-04-13 07:00:00,2026-04-13 13:00:00
2843,151,5,2026-05-30 08:00:00,2026-05-30 18:00:00
2844,19,3,2026-06-25 10:00:00,2026-06-25 18:00:00
2845,234,10,2026-06-15 07:00:00,2026-06-15 19:00:00
2846,103,3,2026-05-25 09:00:00,2026-05-25 21:00:00
2847,249,7,2026-04-10 09:00:00,2026-04-10 21:00:00
2848,299,9,2026-06-07 08:00:00,2026-06-07 16:00:00
2849,300,7,2026-04-09 10:00:00,2026-04-09 16:00:00
2850,15,2,2026-05-23 07:00:00,2026-05-23 13:00:00
2851,47,10,2026-04-26 06:00:00,2026-04-26 16:00:00
2852,213,2,2026-05-30 09:00:00,2026-05-30 21:00:00
2853,188,3,2026-04-17 09:00:00,2026-04-17 21:00:00
2854,47,1,2026-06-21 08:00:00,2026-06-21 18:00:00
2855,177,5,2026-06-28 08:00:00,2026-06-28 14:00:00
2856,228,6,2026-05-10 10:00:00,2026-05-10 20:00:00
2857,51,5,2026-05-08 08:00:00,2026-05-08 16:00:00
2858,148,3,2026-05-08 09:00:00,2026-05-08 17:00:00
2859,274,1,2026-05-09 09:00:00,2026-05-09 21:00:00
2860,5,10,2026-06-04 07:00:00,2026-06-04 19:00:00
2861,216,7,2026-06-04 07:00:00,2026-06-04 17:00:00
2862,281,9,2026-06-07 07:00:00,2026-06-07 19:00:00
2863,240,9,2026-06-21 07:00:00,2026-06-21 17:00:00
2864,58,8,2026-06-17 10:00:00,2026-06-17 20:00:00
2865,196,7,2026-06-07 08:00:00,2026-06-07 20:00:00
2866,221,9,2026-04-15 08:00:00,2026-04-15 18:00:00
2867,278,1,2026-05-14 08:00:00,2026-05-14 20:00:00
2868,20,7,2026-04-28 07:00:00,2026-04-28 19:00:00
2869,68,2,2026-05-05 08:00:00,2026-05-05 18:00:00
2870,5,8,2026-05-08 09:00:00,2026-05-08 15:00:00
2871,87,4,2026-04-20 07:00:00,2026-04-20 13:00:00
2872,228,4,2026-06-06 07:00:00,2026-06-06 19:00:00
2873,140,6,2026-06-29 08:00:00,2026-06-29 14:00:00
2874,2,7,2026-06-09 07:00:00,2026-06-09 17:00:00
2875,150,8,2026-06-20 07:00:00,2026-06-20 15:00:00
2876,47,4,2026-04-24 06:00:00,2026-04-24 12:00:00
2877,245,3,2026-04-22 09:00:00,2026-04-22 15:00:00
2878,57,5,2026-06-04 06:00:00,2026-06-04 18:00:00
2879,171,6,2026-06-27 06:00:00,2026-06-27 14:00:00
2880,180,6,2026-04-17 07:00:00,2026-04-17 19:00:00
2881,238,4,2026-05-13 06:00:00,2026-05-13 14:00:00
2882,46,1,2026-04-15 08:00:00,2026-04-15 14:00:00
2883,187,7,2026-04-09 08:00:00,2026-04-09 14:00:00
2884,260,8,2026-04-08 08:00:00,2026-04-08 16:00:00
2885,275,2,2026-06-26 08:00:00,2026-06-26 16:00:00
2886,77,1,2026-06-12 10:00:00,2026-06-12 16:00:00
2887,7,5,2026-06-21 08:00:00,2026-06-21 14:00:00
2888,24,10,2026-05-27 10:00:00,2026-05-27 16:00:00
2889,161,5,2026-06-06 08:00:00,2026-06-06 14:00:00
2890,265,8,2026-04-15 07:00:00,2026-04-15 13:00:00
2891,87,2,2026-04-07 08:00:00,2026-04-07 14:00:00
2892,144,6,2026-06-06 10:00:00,2026-06-06 16:00:00
2893,87,7,2026-05-15 10:00:00,2026-05-15 16:00:00
2894,8,5,2026-05-15 09:00:00,2026-05-15 15:00:00
2895,154,5,2026-06-14 08:00:00,2026-06-14 16:00:00
2896,161,2,2026-05-23 06:00:00,2026-05-23 14:00:00
2897,26,7,2026-06-04 10:00:00,2026-06-04 18:00:00
2898,261,3,2026-06-08 07:00:00,2026-06-08 13:00:00
2899,199,3,2026-06-25 08:00:00,2026-06-25 18:00:00
2900,17,4,2026-05-02 07:00:00,2026-05-02 17:00:00
2901,52,9,2026-04-17 08:00:00,2026-04-17 20:00:00
2902,40,10,2026-06-19 09:00:00,2026-06-19 21:00:00
2903,221,2,2026-05-16 06:00:00,2026-05-16 12:00:00
2904,180,3,2026-06-14 09:00:00,2026-06-14 15:00:00
2905,34,4,2026-06-08 09:00:00,2026-06-08 15:00:00
2906,127,9,2026-06-04 08:00:00,2026-06-04 20:00:00
2907,218,7,2026-04-26 10:00:00,2026-04-26 22:00:00
2908,160,2,2026-04-19 06:00:00,2026-04-19 12:00:00
2909,128,8,2026-05-16 06:00:00,2026-05-16 14:00:00
2910,290,4,2026-05-03 06:00:00,2026-05-03 18:00:00
2911,139,1,2026-06-21 10:00:00,2026-06-21 18:00:00
2912,21,9,2026-06-29 06:00:00,2026-06-29 16:00:00
2913,108,10,2026-06-21 07:00:00,2026-06-21 17:00:00
2914,3,8,2026-05-01 06:00:00,2026-05-01 14:00:00
2915,284,6,2026-04-04 10:00:00,2026-04-04 20:00:00
2916,131,8,2026-04-03 08:00:00,2026-04-03 14:00:00
2917,135,5,2026-06-15 09:00:00,2026-06-15 21:00:00
2918,291,7,2026-04-24 06:00:00,2026-04-24 12:00:00
2919,257,1,2026-05-23 10:00:00,2026-05-23 18:00:00
2920,83,1,2026-04-11 08:00:00,2026-04-11 14:00:00
2921,265,5,2026-05-08 10:00:00,2026-05-08 18:00:00
2922,242,4,2026-06-29 07:00:00,2026-06-29 17:00:00
2923,35,5,2026-05-04 08:00:00,2026-05-04 14:00:00
2924,65,10,2026-05-03 09:00:00,2026-05-03 19:00:00
2925,110,2,2026-04-27 10:00:00,2026-04-27 20:00:00
2926,165,3,2026-06-02 10:00:00,2026-06-02 22:00:00
2927,168,1,2026-06-15 08:00:00,2026-06-15 14:00:00
2928,160,9,2026-04-17 10:00:00,2026-04-17 20:00:00
2929,72,4,2026-04-24 10:00:00,2026-04-24 22:00:00
2930,194,3,2026-04-25 09:00:00,2026-04-25 15:00:00
2931,101,6,2026-05-03 10:00:00,2026-05-03 16:00:00
2932,136,1,2026-06-21 08:00:00,2026-06-21 20:00:00
2933,32,7,2026-05-13 07:00:00,2026-05-13 17:00:00
2934,7,7,2026-05-26 07:00:00,2026-05-26 13:00:00
2935,119,9,2026-04-17 06:00:00,2026-04-17 14:00:00
2936,68,2,2026-05-18 09:00:00,2026-05-18 21:00:00
2937,159,7,2026-05-21 09:00:00,2026-05-21 19:00:00
2938,249,5,2026-04-24 10:00:00,2026-04-24 18:00:00
2939,250,6,2026-06-02 09:00:00,2026-06-02 17:00:00
2940,11,7,2026-05-26 07:00:00,2026-05-26 15:00:00
2941,4,1,2026-04-01 10:00:00,2026-04-01 22:00:00
2942,19,8,2026-05-04 10:00:00,2026-05-04 20:00:00
2943,212,3,2026-05-08 09:00:00,2026-05-08 21:00:00
2944,77,4,2026-06-17 07:00:00,2026-06-17 13:00:00
2945,96,6,2026-06-04 07:00:00,2026-06-04 19:00:00
2946,77,5,2026-06-09 07:00:00,2026-06-09 19:00:00
2947,38,6,2026-05-04 07:00:00,2026-05-04 13:00:00
2948,49,5,2026-05-03 09:00:00,2026-05-03 17:00:00
2949,200,2,2026-06-13 06:00:00,2026-06-13 18:00:00
2950,68,4,2026-06-09 07:00:00,2026-06-09 19:00:00
2951,164,1,2026-04-05 07:00:00,2026-04-05 15:00:00
2952,113,3,2026-05-21 06:00:00,2026-05-21 18:00:00
2953,161,7,2026-05-30 10:00:00,2026-05-30 20:00:00
2954,189,6,2026-04-12 10:00:00,2026-04-12 16:00:00
2955,229,8,2026-05-18 06:00:00,2026-05-18 16:00:00
2956,253,4,2026-06-28 10:00:00,2026-06-28 16:00:00
2957,21,5,2026-06-19 07:00:00,2026-06-19 15:00:00
2958,162,5,2026-04-17 10:00:00,2026-04-17 22:00:00
2959,218,9,2026-05-23 08:00:00,2026-05-23 16:00:00
2960,131,5,2026-04-01 06:00:00,2026-04-01 12:00:00
2961,47,8,2026-04-08 10:00:00,2026-04-08 18:00:00
2962,98,6,2026-05-26 10:00:00,2026-05-26 20:00:00
2963,239,4,2026-04-28 09:00:00,2026-04-28 17:00:00
2964,225,7,2026-05-06 06:00:00,2026-05-06 16:00:00
2965,114,7,2026-04-29 09:00:00,2026-04-29 17:00:00
2966,259,5,2026-06-27 08:00:00,2026-06-27 16:00:00
2967,247,1,2026-05-07 08:00:00,2026-05-07 14:00:00
2968,142,5,2026-05-29 09:00:00,2026-05-29 17:00:00
2969,177,7,2026-06-22 06:00:00,2026-06-22 18:00:00
2970,54,6,2026-04-29 10:00:00,2026-04-29 18:00:00
2971,73,3,2026-05-14 08:00:00,2026-05-14 14:00:00
2972,10,5,2026-06-06 10:00:00,2026-06-06 22:00:00
2973,68,7,2026-06-26 08:00:00,2026-06-26 20:00:00
2974,65,6,2026-04-09 08:00:00,2026-04-09 14:00:00
2975,128,8,2026-04-25 08:00:00,2026-04-25 14:00:00
2976,292,2,2026-05-29 07:00:00,2026-05-29 17:00:00
2977,267,5,2026-05-16 10:00:00,2026-05-16 22:00:00
2978,68,6,2026-04-12 09:00:00,2026-04-12 19:00:00
2979,300,8,2026-06-29 08:00:00,2026-06-29 20:00:00
2980,298,5,2026-06-02 08:00:00,2026-06-02 16:00:00
2981,295,2,2026-04-01 10:00:00,2026-04-01 20:00:00
2982,237,3,2026-06-21 09:00:00,2026-06-21 15:00:00
2983,42,1,2026-05-11 08:00:00,2026-05-11 20:00:00
2984,44,2,2026-06-25 06:00:00,2026-06-25 12:00:00
2985,255,9,2026-06-13 07:00:00,2026-06-13 19:00:00
2986,19,7,2026-04-16 08:00:00,2026-04-16 16:00:00
2987,83,5,2026-04-28 06:00:00,2026-04-28 18:00:00
2988,77,8,2026-05-08 08:00:00,2026-05-08 18:00:00
2989,209,9,2026-06-13 10:00:00,2026-06-13 18:00:00
2990,178,6,2026-05-30 09:00:00,2026-05-30 15:00:00
2991,215,9,2026-06-28 08:00:00,2026-06-28 14:00:00
2992,1,6,2026-04-18 09:00:00,2026-04-18 19:00:00
2993,297,1,2026-06-19 08:00:00,2026-06-19 16:00:00
2994,73,3,2026-04-07 10:00:00,2026-04-07 22:00:00
2995,113,6,2026-06-20 06:00:00,2026-06-20 12:00:00
2996,219,8,2026-05-03 06:00:00,2026-05-03 16:00:00
2997,137,10,2026-05-03 09:00:00,2026-05-03 19:00:00
2998,56,9,2026-05-01 06:00:00,2026-05-01 12:00:00
2999,196,5,2026-04-06 08:00:00,2026-04-06 20:00:00
3000,11,3,2026-05-05 08:00:00,2026-05-05 18:00:00
3001,26,6,2026-06-09 07:00:00,2026-06-09 13:00:00
3002,181,10,2026-06-25 10:00:00,2026-06-25 22:00:00
3003,211,10,2026-04-14 09:00:00,2026-04-14 15:00:00
3004,175,8,2026-04-03 07:00:00,2026-04-03 19:00:00
3005,17,1,2026-05-24 07:00:00,2026-05-24 15:00:00
3006,252,10,2026-05-20 09:00:00,2026-05-20 19:00:00
3007,39,1,2026-04-21 10:00:00,2026-04-21 20:00:00
3008,77,3,2026-04-26 08:00:00,2026-04-26 20:00:00
3009,300,7,2026-04-12 06:00:00,2026-04-12 12:00:00
3010,63,10,2026-06-03 06:00:00,2026-06-03 18:00:00
3011,245,3,2026-06-29 07:00:00,2026-06-29 17:00:00
3012,33,8,2026-06-09 08:00:00,2026-06-09 14:00:00
3013,169,1,2026-04-29 08:00:00,2026-04-29 18:00:00
3014,72,9,2026-04-06 09:00:00,2026-04-06 21:00:00
3015,4,10,2026-04-06 08:00:00,2026-04-06 20:00:00
3016,76,8,2026-05-12 06:00:00,2026-05-12 16:00:00
3017,259,10,2026-05-02 06:00:00,2026-05-02 12:00:00
3018,5,9,2026-05-05 09:00:00,2026-05-05 19:00:00
3019,155,1,2026-04-13 07:00:00,2026-04-13 13:00:00
3020,251,5,2026-04-09 06:00:00,2026-04-09 16:00:00
3021,245,10,2026-04-19 10:00:00,2026-04-19 16:00:00
3022,94,10,2026-05-10 08:00:00,2026-05-10 16:00:00
3023,14,3,2026-05-09 08:00:00,2026-05-09 14:00:00
3024,14,5,2026-04-02 10:00:00,2026-04-02 22:00:00
3025,203,6,2026-06-22 07:00:00,2026-06-22 15:00:00
3026,245,9,2026-05-18 07:00:00,2026-05-18 17:00:00
3027,266,8,2026-05-12 09:00:00,2026-05-12 15:00:00
3028,288,2,2026-05-04 08:00:00,2026-05-04 16:00:00
3029,81,9,2026-05-19 07:00:00,2026-05-19 15:00:00
3030,284,10,2026-05-23 09:00:00,2026-05-23 17:00:00
3031,188,4,2026-05-19 10:00:00,2026-05-19 22:00:00
3032,2,2,2026-05-31 09:00:00,2026-05-31 15:00:00
3033,90,2,2026-06-07 09:00:00,2026-06-07 15:00:00
3034,295,8,2026-04-03 07:00:00,2026-04-03 17:00:00
3035,147,6,2026-04-21 09:00:00,2026-04-21 21:00:00
3036,277,10,2026-05-06 06:00:00,2026-05-06 14:00:00
3037,58,7,2026-04-19 06:00:00,2026-04-19 14:00:00
3038,14,9,2026-04-16 10:00:00,2026-04-16 18:00:00
3039,106,10,2026-06-29 08:00:00,2026-06-29 16:00:00
3040,110,1,2026-06-12 06:00:00,2026-06-12 14:00:00
3041,86,6,2026-05-22 10:00:00,2026-05-22 22:00:00
3042,264,5,2026-06-03 09:00:00,2026-06-03 19:00:00
3043,147,8,2026-06-22 08:00:00,2026-06-22 18:00:00
3044,188,3,2026-04-14 10:00:00,2026-04-14 16:00:00
3045,153,3,2026-06-13 10:00:00,2026-06-13 22:00:00
3046,40,3,2026-06-21 09:00:00,2026-06-21 19:00:00
3047,120,10,2026-06-12 09:00:00,2026-06-12 19:00:00
3048,234,4,2026-06-08 06:00:00,2026-06-08 16:00:00
3049,58,5,2026-06-08 10:00:00,2026-06-08 18:00:00
3050,120,1,2026-06-27 08:00:00,2026-06-27 20:00:00
3051,160,3,2026-05-24 08:00:00,2026-05-24 20:00:00
3052,29,1,2026-04-09 08:00:00,2026-04-09 14:00:00
3053,296,7,2026-06-09 06:00:00,2026-06-09 12:00:00
3054,114,7,2026-06-21 06:00:00,2026-06-21 12:00:00
3055,157,8,2026-04-21 07:00:00,2026-04-21 19:00:00
3056,48,2,2026-04-08 10:00:00,2026-04-08 20:00:00
3057,200,3,2026-04-26 06:00:00,2026-04-26 18:00:00
3058,140,8,2026-05-09 07:00:00,2026-05-09 13:00:00
3059,277,1,2026-06-12 10:00:00,2026-06-12 18:00:00
3060,135,2,2026-04-15 09:00:00,2026-04-15 19:00:00
3061,85,9,2026-05-12 10:00:00,2026-05-12 18:00:00
3062,55,5,2026-05-30 10:00:00,2026-05-30 20:00:00
3063,282,9,2026-05-17 08:00:00,2026-05-17 18:00:00
3064,242,2,2026-05-23 09:00:00,2026-05-23 21:00:00
3065,143,5,2026-06-21 09:00:00,2026-06-21 15:00:00
3066,184,4,2026-04-12 07:00:00,2026-04-12 15:00:00
3067,265,7,2026-04-19 10:00:00,2026-04-19 22:00:00
3068,241,7,2026-06-19 09:00:00,2026-06-19 19:00:00
3069,118,10,2026-06-10 06:00:00,2026-06-10 16:00:00
3070,298,6,2026-06-28 08:00:00,2026-06-28 16:00:00
3071,173,4,2026-06-20 09:00:00,2026-06-20 17:00:00
3072,186,4,2026-06-12 06:00:00,2026-06-12 16:00:00
3073,157,4,2026-06-06 08:00:00,2026-06-06 14:00:00
3074,40,3,2026-04-22 10:00:00,2026-04-22 18:00:00
3075,77,5,2026-04-10 10:00:00,2026-04-10 18:00:00
3076,173,4,2026-06-16 08:00:00,2026-06-16 20:00:00
3077,26,2,2026-05-08 07:00:00,2026-05-08 15:00:00
3078,167,4,2026-04-11 06:00:00,2026-04-11 18:00:00
3079,235,5,2026-06-17 07:00:00,2026-06-17 19:00:00
3080,83,2,2026-05-08 09:00:00,2026-05-08 19:00:00
3081,5,10,2026-06-05 07:00:00,2026-06-05 15:00:00
3082,63,8,2026-05-09 08:00:00,2026-05-09 14:00:00
3083,285,10,2026-05-12 07:00:00,2026-05-12 19:00:00
3084,202,1,2026-05-09 06:00:00,2026-05-09 16:00:00
3085,124,4,2026-06-26 07:00:00,2026-06-26 19:00:00
3086,169,3,2026-05-13 06:00:00,2026-05-13 12:00:00
3087,36,1,2026-06-01 09:00:00,2026-06-01 17:00:00
3088,123,9,2026-05-11 06:00:00,2026-05-11 16:00:00
3089,63,6,2026-04-21 10:00:00,2026-04-21 22:00:00
3090,211,9,2026-06-09 06:00:00,2026-06-09 16:00:00
3091,56,6,2026-05-06 06:00:00,2026-05-06 18:00:00
3092,296,6,2026-04-17 09:00:00,2026-04-17 21:00:00
3093,7,7,2026-04-17 09:00:00,2026-04-17 19:00:00
3094,243,4,2026-06-01 08:00:00,2026-06-01 14:00:00
3095,184,5,2026-06-10 07:00:00,2026-06-10 17:00:00
3096,78,6,2026-04-20 10:00:00,2026-04-20 16:00:00
3097,241,3,2026-04-08 07:00:00,2026-04-08 17:00:00
3098,49,7,2026-05-21 09:00:00,2026-05-21 19:00:00
3099,26,9,2026-04-11 06:00:00,2026-04-11 16:00:00
3100,119,7,2026-06-21 10:00:00,2026-06-21 20:00:00
3101,242,10,2026-06-15 07:00:00,2026-06-15 19:00:00
3102,58,7,2026-04-16 10:00:00,2026-04-16 18:00:00
3103,221,6,2026-05-30 09:00:00,2026-05-30 21:00:00
3104,168,6,2026-05-05 08:00:00,2026-05-05 18:00:00
3105,272,9,2026-05-24 10:00:00,2026-05-24 22:00:00
3106,170,4,2026-04-08 09:00:00,2026-04-08 21:00:00
3107,129,4,2026-05-27 06:00:00,2026-05-27 18:00:00
3108,148,5,2026-04-15 06:00:00,2026-04-15 12:00:00
3109,94,9,2026-06-08 06:00:00,2026-06-08 18:00:00
3110,108,4,2026-05-11 07:00:00,2026-05-11 13:00:00
3111,150,5,2026-05-31 06:00:00,2026-05-31 16:00:00
3112,295,1,2026-04-18 06:00:00,2026-04-18 18:00:00
3113,48,1,2026-06-10 10:00:00,2026-06-10 20:00:00
3114,78,4,2026-06-07 09:00:00,2026-06-07 19:00:00
3115,177,4,2026-05-13 09:00:00,2026-05-13 15:00:00
3116,167,4,2026-05-01 10:00:00,2026-05-01 16:00:00
3117,2,3,2026-06-02 08:00:00,2026-06-02 16:00:00
3118,21,1,2026-04-07 10:00:00,2026-04-07 18:00:00
3119,161,6,2026-04-28 08:00:00,2026-04-28 16:00:00
3120,111,5,2026-06-27 06:00:00,2026-06-27 16:00:00
3121,11,5,2026-04-05 06:00:00,2026-04-05 18:00:00
3122,140,4,2026-05-29 06:00:00,2026-05-29 14:00:00
3123,23,8,2026-06-02 10:00:00,2026-06-02 20:00:00
3124,55,5,2026-04-09 10:00:00,2026-04-09 18:00:00
3125,240,9,2026-06-07 08:00:00,2026-06-07 18:00:00
3126,23,6,2026-06-19 07:00:00,2026-06-19 17:00:00
3127,263,7,2026-05-07 06:00:00,2026-05-07 14:00:00
3128,212,10,2026-04-19 10:00:00,2026-04-19 16:00:00
3129,231,2,2026-05-02 07:00:00,2026-05-02 15:00:00
3130,265,3,2026-06-12 07:00:00,2026-06-12 17:00:00
3131,53,5,2026-05-07 07:00:00,2026-05-07 13:00:00
3132,50,1,2026-05-11 10:00:00,2026-05-11 22:00:00
3133,109,1,2026-04-02 08:00:00,2026-04-02 14:00:00
3134,159,5,2026-05-31 10:00:00,2026-05-31 20:00:00
3135,189,9,2026-06-14 06:00:00,2026-06-14 18:00:00
3136,157,10,2026-05-12 08:00:00,2026-05-12 14:00:00
3137,6,2,2026-04-27 09:00:00,2026-04-27 15:00:00
3138,17,8,2026-06-21 06:00:00,2026-06-21 16:00:00
3139,200,4,2026-04-05 08:00:00,2026-04-05 16:00:00
3140,135,10,2026-05-10 06:00:00,2026-05-10 18:00:00
3141,288,5,2026-05-27 08:00:00,2026-05-27 20:00:00
3142,147,7,2026-06-24 08:00:00,2026-06-24 16:00:00
3143,171,1,2026-04-19 10:00:00,2026-04-19 16:00:00
3144,148,7,2026-05-06 07:00:00,2026-05-06 17:00:00
3145,17,4,2026-06-09 09:00:00,2026-06-09 15:00:00
3146,2,4,2026-06-25 10:00:00,2026-06-25 20:00:00
3147,234,5,2026-04-29 10:00:00,2026-04-29 16:00:00
3148,247,3,2026-04-28 10:00:00,2026-04-28 20:00:00
3149,167,3,2026-06-28 09:00:00,2026-06-28 15:00:00
3150,186,7,2026-04-01 06:00:00,2026-04-01 14:00:00
3151,295,7,2026-05-29 07:00:00,2026-05-29 13:00:00
3152,257,4,2026-06-27 10:00:00,2026-06-27 20:00:00
3153,216,8,2026-04-30 08:00:00,2026-04-30 14:00:00
3154,224,6,2026-06-28 10:00:00,2026-06-28 18:00:00
3155,268,1,2026-04-15 10:00:00,2026-04-15 18:00:00
3156,70,7,2026-05-28 10:00:00,2026-05-28 22:00:00
3157,259,1,2026-05-28 08:00:00,2026-05-28 14:00:00
3158,148,5,2026-05-23 09:00:00,2026-05-23 15:00:00
3159,257,10,2026-06-03 07:00:00,2026-06-03 15:00:00
3160,137,6,2026-05-14 08:00:00,2026-05-14 14:00:00
3161,19,4,2026-05-17 08:00:00,2026-05-17 18:00:00
3162,4,1,2026-04-30 10:00:00,2026-04-30 18:00:00
3163,266,7,2026-05-15 07:00:00,2026-05-15 15:00:00
3164,89,1,2026-04-26 10:00:00,2026-04-26 16:00:00
3165,98,4,2026-06-07 06:00:00,2026-06-07 16:00:00
3166,138,9,2026-04-04 07:00:00,2026-04-04 15:00:00
3167,294,10,2026-06-18 09:00:00,2026-06-18 19:00:00
3168,255,2,2026-05-24 06:00:00,2026-05-24 16:00:00
3169,128,5,2026-04-27 06:00:00,2026-04-27 14:00:00
3170,207,6,2026-06-19 06:00:00,2026-06-19 14:00:00
3171,257,3,2026-04-12 07:00:00,2026-04-12 15:00:00
3172,41,3,2026-04-14 09:00:00,2026-04-14 17:00:00
3173,230,5,2026-06-29 08:00:00,2026-06-29 14:00:00
3174,87,4,2026-06-22 10:00:00,2026-06-22 22:00:00
3175,60,2,2026-05-18 09:00:00,2026-05-18 17:00:00
3176,282,3,2026-05-05 10:00:00,2026-05-05 18:00:00
3177,158,2,2026-06-27 10:00:00,2026-06-27 18:00:00
3178,59,3,2026-04-30 09:00:00,2026-04-30 17:00:00
3179,99,8,2026-06-24 07:00:00,2026-06-24 17:00:00
3180,148,1,2026-05-29 06:00:00,2026-05-29 14:00:00
3181,45,1,2026-05-10 08:00:00,2026-05-10 16:00:00
3182,63,4,2026-05-09 06:00:00,2026-05-09 12:00:00
3183,36,7,2026-04-02 06:00:00,2026-04-02 18:00:00
3184,4,9,2026-06-17 07:00:00,2026-06-17 19:00:00
3185,31,6,2026-04-25 09:00:00,2026-04-25 19:00:00
3186,164,1,2026-06-20 06:00:00,2026-06-20 14:00:00
3187,238,1,2026-04-25 08:00:00,2026-04-25 18:00:00
3188,22,4,2026-06-20 10:00:00,2026-06-20 22:00:00
3189,63,8,2026-04-21 08:00:00,2026-04-21 20:00:00
3190,157,2,2026-06-06 10:00:00,2026-06-06 20:00:00
3191,92,4,2026-04-08 09:00:00,2026-04-08 17:00:00
3192,152,2,2026-04-06 06:00:00,2026-04-06 12:00:00
3193,128,6,2026-06-20 10:00:00,2026-06-20 22:00:00
3194,278,8,2026-05-08 10:00:00,2026-05-08 20:00:00
3195,81,10,2026-06-08 07:00:00,2026-06-08 17:00:00
3196,272,3,2026-05-23 09:00:00,2026-05-23 15:00:00
3197,151,8,2026-06-08 10:00:00,2026-06-08 16:00:00
3198,27,9,2026-06-29 07:00:00,2026-06-29 17:00:00
3199,195,4,2026-05-04 10:00:00,2026-05-04 16:00:00
3200,105,2,2026-06-04 08:00:00,2026-06-04 14:00:00
3201,139,10,2026-05-22 10:00:00,2026-05-22 18:00:00
3202,177,4,2026-05-01 08:00:00,2026-05-01 18:00:00
3203,91,4,2026-06-23 10:00:00,2026-06-23 18:00:00
3204,119,5,2026-05-12 08:00:00,2026-05-12 14:00:00
3205,88,9,2026-05-16 08:00:00,2026-05-16 16:00:00
3206,280,2,2026-05-01 09:00:00,2026-05-01 19:00:00
3207,64,6,2026-06-05 07:00:00,2026-06-05 15:00:00
3208,263,10,2026-05-26 08:00:00,2026-05-26 20:00:00
3209,282,6,2026-04-17 10:00:00,2026-04-17 18:00:00
3210,286,6,2026-04-07 07:00:00,2026-04-07 13:00:00
3211,204,9,2026-05-27 09:00:00,2026-05-27 21:00:00
3212,216,1,2026-06-08 08:00:00,2026-06-08 16:00:00
3213,121,2,2026-05-13 09:00:00,2026-05-13 15:00:00
3214,147,2,2026-06-08 06:00:00,2026-06-08 18:00:00
3215,121,6,2026-04-02 10:00:00,2026-04-02 22:00:00
3216,240,7,2026-06-03 06:00:00,2026-06-03 18:00:00
3217,186,10,2026-04-10 10:00:00,2026-04-10 20:00:00
3218,189,10,2026-06-13 10:00:00,2026-06-13 16:00:00
3219,295,9,2026-06-27 06:00:00,2026-06-27 18:00:00
3220,186,5,2026-04-23 07:00:00,2026-04-23 15:00:00
3221,195,1,2026-05-07 06:00:00,2026-05-07 18:00:00
3222,203,2,2026-05-27 10:00:00,2026-05-27 22:00:00
3223,87,8,2026-06-20 09:00:00,2026-06-20 15:00:00
3224,5,8,2026-04-13 06:00:00,2026-04-13 18:00:00
3225,223,7,2026-04-29 07:00:00,2026-04-29 17:00:00
3226,16,10,2026-05-03 07:00:00,2026-05-03 19:00:00
3227,78,8,2026-06-12 09:00:00,2026-06-12 19:00:00
3228,252,2,2026-06-11 06:00:00,2026-06-11 14:00:00
3229,94,9,2026-04-07 07:00:00,2026-04-07 17:00:00
3230,109,10,2026-06-05 06:00:00,2026-06-05 12:00:00
3231,99,10,2026-06-09 09:00:00,2026-06-09 15:00:00
3232,82,2,2026-06-13 09:00:00,2026-06-13 15:00:00
3233,222,8,2026-06-08 06:00:00,2026-06-08 18:00:00
3234,187,10,2026-05-02 07:00:00,2026-05-02 15:00:00
3235,210,10,2026-04-07 07:00:00,2026-04-07 19:00:00
3236,1,3,2026-04-06 08:00:00,2026-04-06 20:00:00
3237,241,3,2026-06-09 09:00:00,2026-06-09 15:00:00
3238,226,2,2026-06-18 06:00:00,2026-06-18 14:00:00
3239,55,5,2026-05-02 06:00:00,2026-05-02 18:00:00
3240,79,10,2026-04-12 07:00:00,2026-04-12 13:00:00
3241,259,9,2026-06-07 10:00:00,2026-06-07 22:00:00
3242,191,9,2026-06-29 06:00:00,2026-06-29 16:00:00
3243,223,7,2026-06-27 07:00:00,2026-06-27 19:00:00
3244,139,6,2026-05-12 09:00:00,2026-05-12 19:00:00
3245,76,8,2026-06-24 09:00:00,2026-06-24 19:00:00
3246,112,6,2026-04-01 07:00:00,2026-04-01 19:00:00
3247,132,10,2026-05-11 09:00:00,2026-05-11 21:00:00
3248,102,6,2026-05-16 08:00:00,2026-05-16 16:00:00
3249,185,9,2026-06-08 06:00:00,2026-06-08 12:00:00
3250,100,3,2026-04-21 09:00:00,2026-04-21 21:00:00
3251,157,5,2026-04-19 06:00:00,2026-04-19 12:00:00
3252,14,9,2026-06-03 08:00:00,2026-06-03 18:00:00
3253,55,5,2026-04-03 08:00:00,2026-04-03 14:00:00
3254,267,3,2026-06-26 06:00:00,2026-06-26 12:00:00
3255,1,3,2026-06-18 08:00:00,2026-06-18 18:00:00
3256,17,2,2026-06-21 10:00:00,2026-06-21 18:00:00
3257,203,4,2026-06-12 09:00:00,2026-06-12 15:00:00
3258,258,7,2026-05-05 08:00:00,2026-05-05 16:00:00
3259,108,5,2026-06-10 10:00:00,2026-06-10 20:00:00
3260,257,2,2026-04-12 10:00:00,2026-04-12 20:00:00
3261,190,9,2026-04-28 10:00:00,2026-04-28 16:00:00
3262,66,6,2026-04-23 09:00:00,2026-04-23 21:00:00
3263,288,6,2026-05-11 08:00:00,2026-05-11 14:00:00
3264,255,2,2026-06-27 09:00:00,2026-06-27 19:00:00
3265,62,7,2026-06-06 06:00:00,2026-06-06 14:00:00
3266,101,4,2026-05-09 08:00:00,2026-05-09 14:00:00
3267,154,3,2026-04-25 08:00:00,2026-04-25 14:00:00
3268,256,8,2026-05-12 10:00:00,2026-05-12 22:00:00
3269,211,5,2026-06-07 09:00:00,2026-06-07 19:00:00
3270,295,3,2026-05-18 07:00:00,2026-05-18 15:00:00
3271,62,4,2026-04-18 07:00:00,2026-04-18 15:00:00
3272,201,5,2026-05-07 09:00:00,2026-05-07 21:00:00
3273,143,6,2026-04-14 06:00:00,2026-04-14 18:00:00
3274,160,7,2026-04-02 06:00:00,2026-04-02 12:00:00
3275,257,3,2026-06-04 08:00:00,2026-06-04 16:00:00
3276,67,6,2026-05-10 08:00:00,2026-05-10 18:00:00
3277,170,8,2026-05-13 10:00:00,2026-05-13 22:00:00
3278,262,6,2026-06-19 07:00:00,2026-06-19 17:00:00
3279,268,2,2026-05-06 10:00:00,2026-05-06 18:00:00
3280,260,5,2026-05-16 08:00:00,2026-05-16 18:00:00
3281,261,7,2026-05-25 06:00:00,2026-05-25 18:00:00
3282,21,3,2026-05-02 07:00:00,2026-05-02 19:00:00
3283,137,3,2026-04-04 07:00:00,2026-04-04 17:00:00
3284,3,2,2026-05-06 09:00:00,2026-05-06 21:00:00
3285,54,1,2026-05-17 10:00:00,2026-05-17 22:00:00
3286,115,10,2026-04-16 06:00:00,2026-04-16 14:00:00
3287,20,3,2026-06-10 08:00:00,2026-06-10 18:00:00
3288,119,5,2026-05-18 08:00:00,2026-05-18 20:00:00
3289,176,5,2026-05-12 08:00:00,2026-05-12 16:00:00
3290,296,5,2026-06-09 09:00:00,2026-06-09 21:00:00
3291,269,3,2026-06-27 06:00:00,2026-06-27 16:00:00
3292,97,10,2026-06-15 10:00:00,2026-06-15 22:00:00
3293,131,6,2026-04-26 07:00:00,2026-04-26 17:00:00
3294,163,7,2026-06-11 06:00:00,2026-06-11 18:00:00
3295,27,10,2026-05-28 08:00:00,2026-05-28 14:00:00
3296,94,1,2026-06-21 10:00:00,2026-06-21 18:00:00
3297,214,10,2026-05-26 08:00:00,2026-05-26 14:00:00
3298,140,9,2026-06-01 10:00:00,2026-06-01 22:00:00
3299,91,7,2026-06-14 06:00:00,2026-06-14 16:00:00
3300,298,5,2026-04-19 07:00:00,2026-04-19 19:00:00
3301,143,2,2026-05-07 07:00:00,2026-05-07 15:00:00
3302,246,3,2026-06-09 07:00:00,2026-06-09 13:00:00
3303,199,4,2026-05-05 06:00:00,2026-05-05 18:00:00
3304,166,10,2026-06-06 07:00:00,2026-06-06 15:00:00
3305,157,8,2026-05-14 08:00:00,2026-05-14 20:00:00
3306,206,9,2026-06-09 09:00:00,2026-06-09 21:00:00
3307,67,5,2026-05-04 07:00:00,2026-05-04 17:00:00
3308,81,9,2026-05-20 10:00:00,2026-05-20 20:00:00
3309,169,7,2026-06-07 08:00:00,2026-06-07 20:00:00
3310,216,10,2026-06-17 09:00:00,2026-06-17 17:00:00
3311,95,3,2026-06-13 09:00:00,2026-06-13 17:00:00
3312,238,3,2026-05-11 06:00:00,2026-05-11 18:00:00
3313,159,2,2026-05-05 06:00:00,2026-05-05 14:00:00
3314,8,2,2026-05-28 06:00:00,2026-05-28 14:00:00
3315,115,1,2026-04-06 06:00:00,2026-04-06 18:00:00
3316,242,9,2026-06-03 09:00:00,2026-06-03 21:00:00
3317,284,1,2026-06-17 06:00:00,2026-06-17 18:00:00
3318,100,6,2026-04-23 07:00:00,2026-04-23 13:00:00
3319,140,6,2026-05-19 08:00:00,2026-05-19 16:00:00
3320,190,7,2026-05-14 07:00:00,2026-05-14 13:00:00
3321,215,8,2026-04-15 10:00:00,2026-04-15 22:00:00
3322,177,6,2026-06-18 07:00:00,2026-06-18 19:00:00
3323,65,4,2026-05-12 06:00:00,2026-05-12 12:00:00
3324,250,7,2026-04-24 06:00:00,2026-04-24 12:00:00
3325,265,8,2026-06-15 07:00:00,2026-06-15 15:00:00
3326,24,2,2026-06-23 08:00:00,2026-06-23 20:00:00
3327,108,5,2026-05-22 10:00:00,2026-05-22 18:00:00
3328,3,3,2026-05-18 10:00:00,2026-05-18 20:00:00
3329,276,2,2026-06-09 08:00:00,2026-06-09 18:00:00
3330,289,6,2026-05-15 09:00:00,2026-05-15 21:00:00
3331,266,2,2026-04-17 07:00:00,2026-04-17 17:00:00
3332,284,6,2026-06-08 10:00:00,2026-06-08 22:00:00
3333,200,7,2026-05-04 09:00:00,2026-05-04 17:00:00
3334,20,1,2026-05-22 06:00:00,2026-05-22 14:00:00
3335,87,3,2026-04-24 07:00:00,2026-04-24 15:00:00
3336,148,1,2026-04-17 06:00:00,2026-04-17 16:00:00
3337,225,4,2026-06-08 07:00:00,2026-06-08 13:00:00
3338,147,1,2026-06-24 07:00:00,2026-06-24 19:00:00
3339,32,1,2026-04-23 08:00:00,2026-04-23 14:00:00
3340,290,8,2026-05-18 10:00:00,2026-05-18 20:00:00
3341,216,4,2026-06-04 07:00:00,2026-06-04 15:00:00
3342,104,7,2026-04-06 08:00:00,2026-04-06 16:00:00
3343,247,4,2026-04-09 08:00:00,2026-04-09 18:00:00
3344,171,7,2026-05-29 07:00:00,2026-05-29 19:00:00
3345,119,9,2026-04-15 06:00:00,2026-04-15 12:00:00
3346,14,9,2026-04-23 08:00:00,2026-04-23 16:00:00
3347,53,8,2026-05-10 06:00:00,2026-05-10 14:00:00
3348,199,3,2026-04-08 06:00:00,2026-04-08 18:00:00
3349,208,1,2026-04-12 07:00:00,2026-04-12 13:00:00
3350,261,9,2026-05-09 07:00:00,2026-05-09 13:00:00
3351,20,2,2026-05-07 06:00:00,2026-05-07 14:00:00
3352,151,2,2026-04-23 09:00:00,2026-04-23 21:00:00
3353,20,3,2026-04-29 09:00:00,2026-04-29 19:00:00
3354,270,4,2026-06-27 08:00:00,2026-06-27 16:00:00
3355,296,9,2026-06-18 08:00:00,2026-06-18 20:00:00
3356,140,8,2026-05-30 07:00:00,2026-05-30 17:00:00
3357,102,3,2026-06-19 07:00:00,2026-06-19 13:00:00
3358,155,5,2026-05-23 08:00:00,2026-05-23 16:00:00
3359,233,10,2026-06-07 09:00:00,2026-06-07 15:00:00
3360,17,2,2026-05-13 07:00:00,2026-05-13 19:00:00
3361,121,3,2026-06-07 06:00:00,2026-06-07 14:00:00
3362,114,5,2026-04-27 09:00:00,2026-04-27 21:00:00
3363,71,5,2026-06-29 09:00:00,2026-06-29 21:00:00
3364,224,3,2026-05-09 10:00:00,2026-05-09 20:00:00
3365,241,4,2026-06-16 06:00:00,2026-06-16 14:00:00
3366,213,10,2026-06-05 07:00:00,2026-06-05 17:00:00
3367,230,3,2026-06-11 06:00:00,2026-06-11 18:00:00
3368,294,9,2026-04-07 09:00:00,2026-04-07 21:00:00
3369,160,8,2026-06-18 06:00:00,2026-06-18 16:00:00
3370,250,4,2026-06-26 07:00:00,2026-06-26 17:00:00
3371,221,1,2026-04-05 06:00:00,2026-04-05 18:00:00
3372,289,7,2026-06-11 06:00:00,2026-06-11 14:00:00
3373,144,4,2026-04-04 06:00:00,2026-04-04 16:00:00
3374,267,5,2026-04-16 06:00:00,2026-04-16 18:00:00
3375,114,8,2026-05-26 09:00:00,2026-05-26 17:00:00
3376,298,1,2026-04-28 08:00:00,2026-04-28 16:00:00
3377,211,4,2026-06-17 09:00:00,2026-06-17 17:00:00
3378,66,9,2026-05-22 10:00:00,2026-05-22 22:00:00
3379,289,1,2026-04-16 08:00:00,2026-04-16 16:00:00
3380,204,8,2026-06-26 07:00:00,2026-06-26 17:00:00
3381,80,4,2026-06-17 08:00:00,2026-06-17 20:00:00
3382,73,5,2026-04-25 10:00:00,2026-04-25 16:00:00
3383,248,6,2026-06-05 08:00:00,2026-06-05 20:00:00
3384,164,8,2026-04-22 06:00:00,2026-04-22 16:00:00
3385,244,10,2026-05-27 06:00:00,2026-05-27 18:00:00
3386,222,7,2026-06-26 09:00:00,2026-06-26 19:00:00
3387,129,9,2026-05-29 06:00:00,2026-05-29 16:00:00
3388,203,8,2026-05-23 07:00:00,2026-05-23 15:00:00
3389,229,8,2026-04-07 07:00:00,2026-04-07 17:00:00
3390,194,10,2026-05-20 09:00:00,2026-05-20 19:00:00
3391,70,1,2026-04-22 08:00:00,2026-04-22 16:00:00
3392,219,1,2026-04-28 06:00:00,2026-04-28 12:00:00
3393,125,6,2026-05-12 07:00:00,2026-05-12 15:00:00
3394,198,2,2026-04-20 10:00:00,2026-04-20 16:00:00
3395,55,1,2026-04-23 09:00:00,2026-04-23 15:00:00
3396,251,9,2026-05-15 08:00:00,2026-05-15 16:00:00
3397,77,8,2026-05-14 09:00:00,2026-05-14 15:00:00
3398,147,10,2026-06-07 09:00:00,2026-06-07 15:00:00
3399,198,1,2026-05-10 06:00:00,2026-05-10 12:00:00
3400,73,2,2026-05-05 08:00:00,2026-05-05 14:00:00
3401,31,5,2026-05-06 07:00:00,2026-05-06 13:00:00
3402,4,9,2026-05-03 08:00:00,2026-05-03 20:00:00
3403,59,9,2026-05-28 10:00:00,2026-05-28 22:00:00
3404,263,6,2026-06-09 06:00:00,2026-06-09 16:00:00
3405,226,5,2026-06-15 10:00:00,2026-06-15 16:00:00
3406,105,6,2026-05-07 06:00:00,2026-05-07 12:00:00
3407,55,6,2026-05-08 08:00:00,2026-05-08 20:00:00
3408,5,8,2026-06-11 08:00:00,2026-06-11 16:00:00
3409,193,1,2026-04-06 10:00:00,2026-04-06 20:00:00
3410,73,3,2026-06-01 10:00:00,2026-06-01 18:00:00
3411,130,7,2026-06-01 08:00:00,2026-06-01 20:00:00
3412,20,7,2026-06-07 09:00:00,2026-06-07 15:00:00
3413,131,5,2026-04-17 08:00:00,2026-04-17 16:00:00
3414,251,8,2026-05-02 09:00:00,2026-05-02 17:00:00
3415,216,6,2026-04-21 06:00:00,2026-04-21 14:00:00
3416,63,3,2026-04-20 06:00:00,2026-04-20 14:00:00
3417,149,5,2026-06-19 09:00:00,2026-06-19 15:00:00
3418,110,6,2026-04-04 09:00:00,2026-04-04 21:00:00
3419,83,2,2026-04-11 08:00:00,2026-04-11 20:00:00
3420,97,1,2026-04-15 08:00:00,2026-04-15 16:00:00
3421,57,5,2026-06-17 10:00:00,2026-06-17 16:00:00
3422,200,9,2026-06-06 07:00:00,2026-06-06 15:00:00
3423,244,5,2026-06-14 06:00:00,2026-06-14 14:00:00
3424,131,7,2026-04-22 07:00:00,2026-04-22 13:00:00
3425,234,5,2026-06-14 06:00:00,2026-06-14 18:00:00
3426,256,3,2026-04-29 07:00:00,2026-04-29 15:00:00
3427,184,9,2026-04-27 07:00:00,2026-04-27 15:00:00
3428,230,2,2026-06-16 08:00:00,2026-06-16 18:00:00
3429,227,7,2026-05-28 09:00:00,2026-05-28 17:00:00
3430,89,6,2026-05-14 06:00:00,2026-05-14 12:00:00
3431,283,1,2026-05-10 10:00:00,2026-05-10 18:00:00
3432,98,9,2026-06-17 07:00:00,2026-06-17 19:00:00
3433,47,3,2026-04-23 08:00:00,2026-04-23 16:00:00
3434,87,8,2026-04-26 06:00:00,2026-04-26 18:00:00
3435,274,6,2026-05-02 08:00:00,2026-05-02 14:00:00
3436,244,2,2026-05-01 06:00:00,2026-05-01 16:00:00
3437,279,4,2026-06-04 07:00:00,2026-06-04 17:00:00
3438,25,5,2026-05-05 06:00:00,2026-05-05 12:00:00
3439,71,6,2026-05-08 09:00:00,2026-05-08 19:00:00
3440,64,6,2026-06-01 09:00:00,2026-06-01 17:00:00
3441,191,5,2026-05-11 08:00:00,2026-05-11 14:00:00
3442,211,4,2026-04-14 09:00:00,2026-04-14 19:00:00
3443,124,4,2026-04-06 06:00:00,2026-04-06 14:00:00
3444,30,9,2026-05-21 10:00:00,2026-05-21 22:00:00
3445,151,3,2026-06-29 08:00:00,2026-06-29 18:00:00
3446,233,1,2026-04-21 09:00:00,2026-04-21 15:00:00
3447,48,8,2026-04-20 09:00:00,2026-04-20 15:00:00
3448,116,1,2026-04-21 08:00:00,2026-04-21 18:00:00
3449,151,6,2026-05-13 08:00:00,2026-05-13 14:00:00
3450,136,7,2026-05-26 07:00:00,2026-05-26 19:00:00
3451,254,1,2026-05-13 10:00:00,2026-05-13 18:00:00
3452,36,2,2026-06-23 09:00:00,2026-06-23 17:00:00
3453,116,7,2026-05-12 09:00:00,2026-05-12 19:00:00
3454,256,10,2026-04-08 06:00:00,2026-04-08 14:00:00
3455,285,6,2026-04-17 09:00:00,2026-04-17 17:00:00
3456,4,7,2026-04-28 08:00:00,2026-04-28 14:00:00
3457,134,7,2026-06-11 07:00:00,2026-06-11 13:00:00
3458,45,6,2026-04-06 06:00:00,2026-04-06 12:00:00
3459,132,7,2026-04-16 09:00:00,2026-04-16 15:00:00
3460,217,9,2026-06-02 08:00:00,2026-06-02 18:00:00
3461,1,3,2026-06-07 09:00:00,2026-06-07 15:00:00
3462,251,3,2026-06-26 07:00:00,2026-06-26 13:00:00
3463,133,5,2026-05-08 07:00:00,2026-05-08 19:00:00
3464,187,6,2026-06-21 06:00:00,2026-06-21 16:00:00
3465,186,4,2026-04-18 06:00:00,2026-04-18 18:00:00
3466,256,3,2026-04-02 06:00:00,2026-04-02 12:00:00
3467,103,8,2026-05-20 09:00:00,2026-05-20 19:00:00
3468,261,6,2026-04-17 10:00:00,2026-04-17 18:00:00
3469,51,1,2026-04-12 06:00:00,2026-04-12 18:00:00
3470,165,6,2026-04-14 07:00:00,2026-04-14 13:00:00
3471,221,4,2026-06-27 06:00:00,2026-06-27 16:00:00
3472,74,9,2026-04-20 10:00:00,2026-04-20 16:00:00
3473,90,7,2026-06-26 09:00:00,2026-06-26 17:00:00
3474,181,2,2026-06-27 09:00:00,2026-06-27 15:00:00
3475,157,8,2026-05-20 10:00:00,2026-05-20 22:00:00
3476,126,1,2026-04-18 07:00:00,2026-04-18 13:00:00
3477,33,2,2026-04-08 07:00:00,2026-04-08 19:00:00
3478,146,3,2026-04-26 06:00:00,2026-04-26 16:00:00
3479,11,3,2026-06-17 10:00:00,2026-06-17 20:00:00
3480,105,6,2026-04-29 09:00:00,2026-04-29 15:00:00
3481,96,1,2026-05-31 06:00:00,2026-05-31 14:00:00
3482,119,4,2026-04-14 09:00:00,2026-04-14 21:00:00
3483,63,6,2026-06-22 08:00:00,2026-06-22 18:00:00
3484,241,6,2026-06-27 09:00:00,2026-06-27 17:00:00
3485,100,1,2026-05-12 09:00:00,2026-05-12 21:00:00
3486,137,3,2026-05-19 10:00:00,2026-05-19 20:00:00
3487,225,3,2026-06-18 07:00:00,2026-06-18 17:00:00
3488,148,5,2026-04-14 08:00:00,2026-04-14 16:00:00
3489,166,4,2026-04-17 08:00:00,2026-04-17 14:00:00
3490,58,2,2026-04-29 06:00:00,2026-04-29 12:00:00
3491,284,6,2026-04-01 10:00:00,2026-04-01 18:00:00
3492,4,10,2026-06-20 07:00:00,2026-06-20 19:00:00
3493,174,1,2026-05-19 10:00:00,2026-05-19 16:00:00
3494,196,10,2026-05-03 08:00:00,2026-05-03 20:00:00
3495,288,9,2026-06-07 09:00:00,2026-06-07 19:00:00
3496,297,5,2026-05-30 10:00:00,2026-05-30 16:00:00
3497,6,8,2026-06-02 09:00:00,2026-06-02 15:00:00
3498,20,3,2026-05-24 07:00:00,2026-05-24 17:00:00
3499,139,9,2026-05-08 08:00:00,2026-05-08 14:00:00
3500,226,6,2026-06-18 09:00:00,2026-06-18 19:00:00
3501,186,7,2026-06-10 06:00:00,2026-06-10 12:00:00
3502,89,1,2026-04-08 06:00:00,2026-04-08 12:00:00
3503,172,7,2026-04-29 09:00:00,2026-04-29 15:00:00
3504,139,10,2026-04-12 06:00:00,2026-04-12 16:00:00
3505,214,1,2026-04-21 10:00:00,2026-04-21 22:00:00
3506,299,5,2026-06-01 10:00:00,2026-06-01 22:00:00
3507,250,10,2026-06-27 10:00:00,2026-06-27 18:00:00
3508,267,1,2026-05-16 08:00:00,2026-05-16 16:00:00
3509,279,6,2026-06-26 09:00:00,2026-06-26 21:00:00
3510,175,1,2026-04-16 08:00:00,2026-04-16 20:00:00
3511,88,1,2026-04-18 10:00:00,2026-04-18 22:00:00
3512,241,4,2026-05-22 09:00:00,2026-05-22 15:00:00
3513,247,6,2026-06-17 10:00:00,2026-06-17 18:00:00
3514,243,7,2026-05-04 10:00:00,2026-05-04 16:00:00
3515,269,5,2026-06-22 06:00:00,2026-06-22 16:00:00
3516,236,8,2026-04-16 09:00:00,2026-04-16 21:00:00
3517,139,4,2026-05-09 09:00:00,2026-05-09 19:00:00
3518,268,6,2026-06-08 07:00:00,2026-06-08 15:00:00
3519,259,6,2026-04-04 08:00:00,2026-04-04 20:00:00
3520,198,4,2026-05-02 09:00:00,2026-05-02 21:00:00
3521,298,9,2026-04-14 06:00:00,2026-04-14 18:00:00
3522,250,7,2026-05-30 09:00:00,2026-05-30 19:00:00
3523,222,10,2026-06-24 10:00:00,2026-06-24 20:00:00
3524,214,10,2026-06-27 10:00:00,2026-06-27 22:00:00
3525,216,6,2026-05-17 10:00:00,2026-05-17 22:00:00
3526,104,10,2026-06-21 06:00:00,2026-06-21 14:00:00
3527,27,6,2026-05-07 09:00:00,2026-05-07 21:00:00
3528,63,6,2026-05-29 10:00:00,2026-05-29 18:00:00
3529,39,6,2026-04-10 10:00:00,2026-04-10 16:00:00
3530,24,10,2026-04-28 07:00:00,2026-04-28 17:00:00
3531,214,4,2026-06-14 06:00:00,2026-06-14 14:00:00
3532,300,5,2026-06-01 10:00:00,2026-06-01 18:00:00
3533,222,3,2026-05-11 06:00:00,2026-05-11 12:00:00
3534,83,9,2026-06-04 10:00:00,2026-06-04 22:00:00
3535,152,10,2026-05-24 06:00:00,2026-05-24 12:00:00
3536,276,8,2026-04-09 07:00:00,2026-04-09 19:00:00
3537,69,2,2026-04-07 07:00:00,2026-04-07 15:00:00
3538,246,3,2026-05-15 06:00:00,2026-05-15 12:00:00
3539,296,10,2026-04-30 06:00:00,2026-04-30 12:00:00
3540,123,4,2026-04-04 06:00:00,2026-04-04 18:00:00
3541,238,4,2026-04-28 08:00:00,2026-04-28 18:00:00
3542,36,1,2026-05-15 06:00:00,2026-05-15 18:00:00
3543,94,7,2026-04-20 10:00:00,2026-04-20 20:00:00
3544,95,10,2026-04-06 06:00:00,2026-04-06 12:00:00
3545,111,5,2026-06-23 10:00:00,2026-06-23 16:00:00
3546,235,6,2026-06-04 10:00:00,2026-06-04 20:00:00
3547,51,1,2026-06-15 10:00:00,2026-06-15 16:00:00
3548,176,3,2026-06-28 06:00:00,2026-06-28 18:00:00
3549,197,7,2026-04-03 09:00:00,2026-04-03 21:00:00
3550,176,10,2026-06-14 06:00:00,2026-06-14 14:00:00
3551,192,2,2026-04-18 09:00:00,2026-04-18 17:00:00
3552,92,4,2026-04-05 09:00:00,2026-04-05 19:00:00
3553,72,9,2026-06-22 10:00:00,2026-06-22 18:00:00
3554,8,8,2026-04-21 10:00:00,2026-04-21 18:00:00
3555,153,6,2026-04-16 09:00:00,2026-04-16 19:00:00
3556,198,4,2026-04-01 08:00:00,2026-04-01 20:00:00
3557,144,3,2026-06-20 06:00:00,2026-06-20 16:00:00
3558,270,10,2026-06-27 08:00:00,2026-06-27 20:00:00
3559,57,2,2026-04-24 06:00:00,2026-04-24 16:00:00
3560,214,5,2026-05-12 10:00:00,2026-05-12 22:00:00
3561,178,2,2026-06-13 09:00:00,2026-06-13 21:00:00
3562,275,7,2026-06-14 06:00:00,2026-06-14 12:00:00
3563,105,10,2026-05-13 09:00:00,2026-05-13 17:00:00
3564,171,5,2026-05-10 08:00:00,2026-05-10 20:00:00
3565,47,8,2026-06-01 10:00:00,2026-06-01 16:00:00
3566,187,8,2026-05-13 10:00:00,2026-05-13 16:00:00
3567,221,9,2026-05-31 09:00:00,2026-05-31 19:00:00
3568,7,3,2026-04-03 08:00:00,2026-04-03 16:00:00
3569,114,4,2026-04-07 10:00:00,2026-04-07 22:00:00
3570,102,1,2026-04-15 09:00:00,2026-04-15 21:00:00
3571,266,3,2026-06-22 06:00:00,2026-06-22 16:00:00
3572,68,7,2026-05-04 09:00:00,2026-05-04 17:00:00
3573,29,9,2026-04-09 06:00:00,2026-04-09 12:00:00
3574,246,4,2026-04-30 10:00:00,2026-04-30 20:00:00
3575,202,4,2026-05-26 07:00:00,2026-05-26 13:00:00
3576,131,4,2026-06-14 08:00:00,2026-06-14 18:00:00
3577,230,6,2026-04-18 09:00:00,2026-04-18 17:00:00
3578,177,3,2026-06-15 07:00:00,2026-06-15 15:00:00
3579,234,4,2026-06-14 08:00:00,2026-06-14 14:00:00
3580,195,4,2026-06-20 09:00:00,2026-06-20 15:00:00
3581,100,1,2026-06-04 08:00:00,2026-06-04 18:00:00
3582,183,5,2026-04-22 08:00:00,2026-04-22 14:00:00
3583,292,3,2026-04-26 10:00:00,2026-04-26 18:00:00
3584,114,7,2026-04-17 10:00:00,2026-04-17 22:00:00
3585,289,5,2026-06-11 08:00:00,2026-06-11 18:00:00
3586,84,8,2026-04-16 07:00:00,2026-04-16 15:00:00
3587,139,10,2026-06-11 08:00:00,2026-06-11 18:00:00
3588,230,7,2026-04-05 09:00:00,2026-04-05 15:00:00
3589,279,2,2026-04-12 10:00:00,2026-04-12 22:00:00
3590,209,1,2026-04-14 08:00:00,2026-04-14 14:00:00
3591,258,2,2026-06-02 09:00:00,2026-06-02 19:00:00
3592,279,10,2026-04-26 06:00:00,2026-04-26 16:00:00
3593,190,6,2026-06-26 10:00:00,2026-06-26 20:00:00
3594,292,9,2026-04-13 09:00:00,2026-04-13 17:00:00
3595,139,5,2026-04-12 06:00:00,2026-04-12 18:00:00
3596,113,9,2026-06-10 07:00:00,2026-06-10 17:00:00
3597,48,3,2026-06-14 10:00:00,2026-06-14 20:00:00
3598,92,6,2026-05-10 07:00:00,2026-05-10 13:00:00
3599,2,2,2026-06-22 08:00:00,2026-06-22 14:00:00
3600,234,5,2026-06-27 09:00:00,2026-06-27 17:00:00
3601,6,4,2026-04-27 09:00:00,2026-04-27 17:00:00
3602,299,3,2026-04-18 10:00:00,2026-04-18 18:00:00
3603,145,1,2026-05-19 09:00:00,2026-05-19 17:00:00
3604,266,9,2026-04-06 09:00:00,2026-04-06 15:00:00
3605,152,2,2026-04-26 06:00:00,2026-04-26 14:00:00
3606,241,9,2026-05-30 06:00:00,2026-05-30 14:00:00
3607,172,10,2026-04-05 10:00:00,2026-04-05 18:00:00
3608,150,8,2026-06-27 10:00:00,2026-06-27 18:00:00
3609,58,2,2026-05-03 07:00:00,2026-05-03 17:00:00
3610,252,7,2026-06-22 08:00:00,2026-06-22 20:00:00
3611,194,10,2026-06-09 09:00:00,2026-06-09 21:00:00
3612,251,1,2026-04-14 07:00:00,2026-04-14 15:00:00
3613,286,8,2026-04-11 10:00:00,2026-04-11 18:00:00
3614,68,7,2026-06-15 10:00:00,2026-06-15 22:00:00
3615,271,5,2026-04-30 09:00:00,2026-04-30 17:00:00
3616,290,9,2026-06-14 09:00:00,2026-06-14 17:00:00
3617,117,2,2026-04-18 10:00:00,2026-04-18 20:00:00
3618,204,8,2026-04-16 07:00:00,2026-04-16 17:00:00
3619,36,7,2026-05-15 09:00:00,2026-05-15 17:00:00
3620,293,7,2026-06-16 10:00:00,2026-06-16 18:00:00
3621,261,3,2026-06-28 10:00:00,2026-06-28 18:00:00
3622,198,5,2026-05-02 08:00:00,2026-05-02 16:00:00
3623,222,9,2026-04-21 07:00:00,2026-04-21 13:00:00
3624,253,7,2026-04-04 06:00:00,2026-04-04 18:00:00
3625,161,9,2026-04-09 09:00:00,2026-04-09 15:00:00
3626,19,1,2026-06-02 08:00:00,2026-06-02 18:00:00
3627,295,10,2026-06-16 07:00:00,2026-06-16 17:00:00
3628,178,4,2026-05-25 06:00:00,2026-05-25 18:00:00
3629,269,8,2026-05-30 07:00:00,2026-05-30 15:00:00
3630,227,4,2026-06-15 10:00:00,2026-06-15 18:00:00
3631,285,7,2026-04-25 07:00:00,2026-04-25 13:00:00
3632,243,7,2026-05-06 09:00:00,2026-05-06 21:00:00
3633,63,7,2026-05-21 10:00:00,2026-05-21 20:00:00
3634,107,1,2026-05-06 09:00:00,2026-05-06 21:00:00
3635,156,3,2026-04-19 10:00:00,2026-04-19 16:00:00
3636,197,3,2026-06-18 06:00:00,2026-06-18 16:00:00
3637,170,8,2026-04-27 06:00:00,2026-04-27 12:00:00
3638,233,6,2026-06-25 08:00:00,2026-06-25 20:00:00
3639,83,3,2026-05-17 10:00:00,2026-05-17 18:00:00
3640,68,5,2026-05-05 10:00:00,2026-05-05 18:00:00
3641,125,6,2026-06-28 09:00:00,2026-06-28 17:00:00
3642,136,9,2026-06-23 08:00:00,2026-06-23 18:00:00
3643,109,8,2026-05-04 08:00:00,2026-05-04 14:00:00
3644,272,3,2026-04-25 10:00:00,2026-04-25 16:00:00
3645,181,10,2026-05-01 07:00:00,2026-05-01 15:00:00
3646,194,9,2026-04-27 06:00:00,2026-04-27 18:00:00
3647,53,9,2026-06-15 10:00:00,2026-06-15 16:00:00
3648,115,7,2026-04-09 09:00:00,2026-04-09 15:00:00
3649,189,10,2026-04-12 06:00:00,2026-04-12 18:00:00
3650,287,5,2026-05-28 10:00:00,2026-05-28 16:00:00
3651,53,8,2026-05-24 06:00:00,2026-05-24 16:00:00
3652,150,2,2026-06-24 06:00:00,2026-06-24 12:00:00
3653,216,6,2026-05-03 07:00:00,2026-05-03 17:00:00
3654,28,6,2026-05-04 08:00:00,2026-05-04 16:00:00
3655,20,3,2026-05-29 10:00:00,2026-05-29 20:00:00
3656,218,8,2026-04-24 06:00:00,2026-04-24 12:00:00
3657,204,7,2026-04-27 08:00:00,2026-04-27 14:00:00
3658,103,5,2026-04-26 10:00:00,2026-04-26 20:00:00
3659,161,7,2026-05-05 08:00:00,2026-05-05 20:00:00
3660,235,4,2026-04-15 07:00:00,2026-04-15 17:00:00
3661,52,3,2026-04-30 10:00:00,2026-04-30 18:00:00
3662,289,7,2026-05-03 06:00:00,2026-05-03 16:00:00
3663,258,4,2026-05-26 07:00:00,2026-05-26 15:00:00
3664,289,1,2026-05-22 06:00:00,2026-05-22 16:00:00
3665,59,5,2026-04-25 10:00:00,2026-04-25 16:00:00
3666,22,10,2026-06-17 10:00:00,2026-06-17 16:00:00
3667,38,3,2026-04-17 07:00:00,2026-04-17 17:00:00
3668,223,6,2026-05-17 09:00:00,2026-05-17 19:00:00
3669,23,9,2026-05-20 10:00:00,2026-05-20 20:00:00
3670,264,10,2026-05-22 07:00:00,2026-05-22 13:00:00
3671,206,4,2026-06-14 08:00:00,2026-06-14 18:00:00
3672,239,9,2026-04-10 09:00:00,2026-04-10 15:00:00
3673,92,1,2026-04-24 09:00:00,2026-04-24 21:00:00
3674,59,4,2026-05-11 08:00:00,2026-05-11 16:00:00
3675,72,8,2026-06-01 06:00:00,2026-06-01 12:00:00
3676,130,8,2026-05-27 09:00:00,2026-05-27 17:00:00
3677,280,4,2026-06-27 08:00:00,2026-06-27 20:00:00
3678,105,1,2026-05-30 10:00:00,2026-05-30 20:00:00
3679,113,5,2026-05-24 10:00:00,2026-05-24 18:00:00
3680,187,6,2026-04-25 06:00:00,2026-04-25 18:00:00
3681,207,6,2026-05-18 08:00:00,2026-05-18 14:00:00
3682,296,2,2026-04-07 10:00:00,2026-04-07 22:00:00
3683,253,10,2026-05-14 10:00:00,2026-05-14 22:00:00
3684,160,10,2026-06-03 10:00:00,2026-06-03 18:00:00
3685,97,3,2026-05-30 08:00:00,2026-05-30 18:00:00
3686,167,6,2026-04-13 06:00:00,2026-04-13 14:00:00
3687,112,4,2026-06-12 07:00:00,2026-06-12 17:00:00
3688,113,6,2026-04-25 07:00:00,2026-04-25 15:00:00
3689,110,7,2026-04-30 08:00:00,2026-04-30 18:00:00
3690,90,2,2026-06-14 09:00:00,2026-06-14 15:00:00
3691,150,10,2026-05-02 10:00:00,2026-05-02 18:00:00
3692,10,7,2026-05-17 06:00:00,2026-05-17 14:00:00
3693,252,8,2026-04-09 09:00:00,2026-04-09 19:00:00
3694,103,6,2026-05-27 06:00:00,2026-05-27 16:00:00
3695,194,10,2026-05-24 06:00:00,2026-05-24 18:00:00
3696,297,7,2026-06-10 10:00:00,2026-06-10 18:00:00
3697,129,10,2026-05-10 08:00:00,2026-05-10 20:00:00
3698,291,7,2026-04-19 10:00:00,2026-04-19 20:00:00
3699,130,3,2026-06-19 07:00:00,2026-06-19 19:00:00
3700,222,1,2026-04-16 08:00:00,2026-04-16 16:00:00
3701,76,7,2026-04-14 10:00:00,2026-04-14 22:00:00
3702,139,2,2026-06-06 08:00:00,2026-06-06 18:00:00
3703,179,7,2026-05-07 06:00:00,2026-05-07 14:00:00
3704,241,7,2026-06-16 09:00:00,2026-06-16 19:00:00
3705,294,5,2026-04-29 08:00:00,2026-04-29 20:00:00
3706,296,10,2026-05-13 07:00:00,2026-05-13 13:00:00
3707,89,5,2026-06-02 06:00:00,2026-06-02 14:00:00
3708,206,9,2026-06-17 10:00:00,2026-06-17 16:00:00
3709,42,3,2026-05-25 10:00:00,2026-05-25 22:00:00
3710,142,7,2026-06-16 06:00:00,2026-06-16 16:00:00
3711,245,2,2026-05-14 10:00:00,2026-05-14 20:00:00
3712,14,1,2026-06-16 07:00:00,2026-06-16 17:00:00
3713,268,8,2026-06-17 10:00:00,2026-06-17 22:00:00
3714,89,7,2026-04-22 10:00:00,2026-04-22 22:00:00
3715,194,1,2026-04-21 08:00:00,2026-04-21 20:00:00
3716,219,1,2026-05-11 09:00:00,2026-05-11 15:00:00
3717,2,2,2026-06-25 09:00:00,2026-06-25 15:00:00
3718,274,6,2026-05-10 06:00:00,2026-05-10 18:00:00
3719,94,3,2026-04-18 08:00:00,2026-04-18 18:00:00
3720,60,9,2026-06-09 10:00:00,2026-06-09 18:00:00
3721,1,4,2026-04-02 07:00:00,2026-04-02 19:00:00
3722,76,10,2026-04-20 10:00:00,2026-04-20 16:00:00
3723,111,4,2026-05-06 09:00:00,2026-05-06 15:00:00
3724,127,9,2026-04-01 09:00:00,2026-04-01 21:00:00
3725,108,9,2026-04-16 06:00:00,2026-04-16 14:00:00
3726,114,8,2026-04-18 10:00:00,2026-04-18 22:00:00
3727,34,8,2026-05-19 06:00:00,2026-05-19 18:00:00
3728,199,10,2026-04-23 08:00:00,2026-04-23 14:00:00
3729,244,9,2026-04-03 07:00:00,2026-04-03 19:00:00
3730,168,8,2026-05-23 10:00:00,2026-05-23 22:00:00
3731,141,1,2026-06-10 10:00:00,2026-06-10 16:00:00
3732,295,7,2026-05-26 10:00:00,2026-05-26 16:00:00
3733,190,9,2026-05-04 07:00:00,2026-05-04 19:00:00
3734,24,9,2026-04-20 08:00:00,2026-04-20 14:00:00
3735,70,6,2026-06-03 07:00:00,2026-06-03 17:00:00
3736,33,10,2026-06-10 06:00:00,2026-06-10 12:00:00
3737,124,1,2026-05-29 09:00:00,2026-05-29 19:00:00
3738,23,1,2026-05-05 08:00:00,2026-05-05 18:00:00
3739,40,6,2026-05-21 06:00:00,2026-05-21 16:00:00
3740,241,2,2026-05-05 07:00:00,2026-05-05 19:00:00
3741,298,6,2026-05-24 06:00:00,2026-05-24 12:00:00
3742,249,8,2026-06-12 09:00:00,2026-06-12 17:00:00
3743,156,9,2026-04-06 09:00:00,2026-04-06 17:00:00
3744,295,3,2026-06-07 09:00:00,2026-06-07 19:00:00
3745,122,7,2026-06-29 07:00:00,2026-06-29 17:00:00
3746,278,8,2026-06-19 09:00:00,2026-06-19 17:00:00
3747,192,8,2026-05-12 08:00:00,2026-05-12 18:00:00
3748,69,2,2026-04-06 06:00:00,2026-04-06 18:00:00
3749,183,4,2026-05-10 06:00:00,2026-05-10 12:00:00
3750,39,9,2026-05-28 08:00:00,2026-05-28 14:00:00
3751,268,2,2026-04-19 07:00:00,2026-04-19 17:00:00
3752,121,3,2026-06-09 06:00:00,2026-06-09 12:00:00
3753,108,1,2026-04-20 08:00:00,2026-04-20 16:00:00
3754,242,1,2026-04-04 09:00:00,2026-04-04 19:00:00
3755,221,6,2026-05-02 06:00:00,2026-05-02 14:00:00
3756,11,5,2026-05-08 06:00:00,2026-05-08 12:00:00
3757,74,8,2026-04-16 10:00:00,2026-04-16 18:00:00
3758,188,1,2026-04-20 09:00:00,2026-04-20 19:00:00
3759,204,1,2026-05-02 06:00:00,2026-05-02 18:00:00
3760,76,7,2026-06-06 09:00:00,2026-06-06 15:00:00
3761,145,5,2026-05-26 09:00:00,2026-05-26 17:00:00
3762,286,4,2026-04-19 07:00:00,2026-04-19 19:00:00
3763,119,3,2026-05-01 10:00:00,2026-05-01 20:00:00
3764,59,3,2026-06-10 08:00:00,2026-06-10 14:00:00
3765,187,8,2026-05-31 08:00:00,2026-05-31 14:00:00
3766,230,2,2026-05-18 08:00:00,2026-05-18 20:00:00
3767,242,4,2026-06-07 10:00:00,2026-06-07 20:00:00
3768,101,9,2026-06-05 07:00:00,2026-06-05 13:00:00
3769,152,1,2026-04-21 06:00:00,2026-04-21 18:00:00
3770,125,2,2026-04-13 06:00:00,2026-04-13 14:00:00
3771,91,2,2026-04-05 09:00:00,2026-04-05 15:00:00
3772,54,8,2026-06-10 06:00:00,2026-06-10 12:00:00
3773,214,7,2026-06-09 06:00:00,2026-06-09 14:00:00
3774,125,2,2026-05-05 06:00:00,2026-05-05 18:00:00
3775,59,8,2026-04-18 06:00:00,2026-04-18 12:00:00
3776,181,8,2026-06-15 06:00:00,2026-06-15 14:00:00
3777,99,9,2026-04-13 08:00:00,2026-04-13 16:00:00
3778,180,8,2026-04-23 06:00:00,2026-04-23 14:00:00
3779,71,2,2026-05-10 06:00:00,2026-05-10 16:00:00
3780,299,2,2026-04-09 09:00:00,2026-04-09 19:00:00
3781,262,1,2026-06-14 06:00:00,2026-06-14 16:00:00
3782,274,6,2026-04-01 10:00:00,2026-04-01 16:00:00
3783,279,9,2026-06-18 10:00:00,2026-06-18 16:00:00
3784,100,6,2026-04-12 09:00:00,2026-04-12 21:00:00
3785,283,2,2026-06-12 08:00:00,2026-06-12 20:00:00
3786,20,10,2026-04-02 10:00:00,2026-04-02 16:00:00
3787,97,8,2026-06-04 06:00:00,2026-06-04 12:00:00
3788,286,9,2026-06-14 06:00:00,2026-06-14 14:00:00
3789,178,3,2026-05-30 08:00:00,2026-05-30 16:00:00
3790,295,6,2026-05-28 09:00:00,2026-05-28 15:00:00
3791,71,8,2026-05-30 08:00:00,2026-05-30 20:00:00
3792,286,6,2026-04-30 07:00:00,2026-04-30 15:00:00
3793,15,3,2026-05-03 10:00:00,2026-05-03 22:00:00
3794,46,1,2026-06-22 07:00:00,2026-06-22 15:00:00
3795,25,10,2026-04-05 06:00:00,2026-04-05 18:00:00
3796,205,2,2026-04-02 07:00:00,2026-04-02 13:00:00
3797,17,5,2026-06-15 08:00:00,2026-06-15 20:00:00
3798,139,1,2026-04-12 10:00:00,2026-04-12 16:00:00
3799,162,8,2026-04-08 09:00:00,2026-04-08 17:00:00
3800,163,8,2026-04-19 08:00:00,2026-04-19 16:00:00
3801,90,1,2026-05-08 09:00:00,2026-05-08 21:00:00
3802,253,1,2026-05-11 09:00:00,2026-05-11 15:00:00
3803,173,4,2026-04-13 09:00:00,2026-04-13 21:00:00
3804,284,6,2026-04-20 08:00:00,2026-04-20 14:00:00
3805,229,9,2026-05-23 10:00:00,2026-05-23 20:00:00
3806,89,4,2026-04-02 07:00:00,2026-04-02 13:00:00
3807,146,7,2026-05-17 08:00:00,2026-05-17 16:00:00
3808,297,8,2026-05-03 07:00:00,2026-05-03 15:00:00
3809,228,8,2026-06-22 09:00:00,2026-06-22 19:00:00
3810,36,3,2026-05-17 06:00:00,2026-05-17 14:00:00
3811,267,7,2026-06-19 08:00:00,2026-06-19 18:00:00
3812,58,1,2026-06-09 09:00:00,2026-06-09 21:00:00
3813,63,9,2026-06-25 07:00:00,2026-06-25 15:00:00
3814,174,3,2026-04-10 09:00:00,2026-04-10 21:00:00
3815,243,2,2026-04-20 06:00:00,2026-04-20 18:00:00
3816,296,3,2026-06-28 07:00:00,2026-06-28 19:00:00
3817,98,3,2026-06-27 06:00:00,2026-06-27 16:00:00
3818,113,5,2026-06-29 06:00:00,2026-06-29 16:00:00
3819,234,1,2026-05-05 08:00:00,2026-05-05 20:00:00
3820,6,1,2026-05-26 06:00:00,2026-05-26 16:00:00
3821,140,9,2026-05-25 06:00:00,2026-05-25 14:00:00
3822,236,5,2026-05-29 06:00:00,2026-05-29 16:00:00
3823,70,3,2026-04-23 06:00:00,2026-04-23 14:00:00
3824,4,3,2026-05-21 09:00:00,2026-05-21 17:00:00
3825,29,1,2026-06-05 06:00:00,2026-06-05 14:00:00
3826,74,7,2026-05-16 10:00:00,2026-05-16 16:00:00
3827,56,7,2026-04-22 10:00:00,2026-04-22 16:00:00
3828,213,10,2026-05-15 07:00:00,2026-05-15 13:00:00
3829,102,10,2026-05-22 08:00:00,2026-05-22 20:00:00
3830,190,3,2026-06-18 06:00:00,2026-06-18 12:00:00
3831,145,6,2026-05-16 06:00:00,2026-05-16 14:00:00
3832,102,1,2026-05-20 09:00:00,2026-05-20 15:00:00
3833,63,6,2026-04-07 08:00:00,2026-04-07 20:00:00
3834,232,1,2026-04-01 07:00:00,2026-04-01 15:00:00
3835,299,9,2026-05-21 08:00:00,2026-05-21 14:00:00
3836,47,10,2026-06-28 06:00:00,2026-06-28 12:00:00
3837,36,9,2026-06-02 10:00:00,2026-06-02 18:00:00
3838,22,5,2026-05-16 09:00:00,2026-05-16 19:00:00
3839,150,6,2026-04-10 06:00:00,2026-04-10 18:00:00
3840,73,1,2026-06-16 08:00:00,2026-06-16 14:00:00
3841,22,7,2026-05-22 10:00:00,2026-05-22 16:00:00
3842,72,10,2026-05-11 07:00:00,2026-05-11 13:00:00
3843,273,1,2026-05-10 06:00:00,2026-05-10 14:00:00
3844,160,8,2026-06-09 10:00:00,2026-06-09 18:00:00
3845,224,4,2026-06-28 07:00:00,2026-06-28 19:00:00
3846,205,5,2026-06-04 09:00:00,2026-06-04 17:00:00
3847,161,7,2026-04-03 10:00:00,2026-04-03 22:00:00
3848,230,2,2026-04-12 10:00:00,2026-04-12 20:00:00
3849,101,5,2026-05-21 07:00:00,2026-05-21 17:00:00
3850,53,8,2026-05-29 06:00:00,2026-05-29 12:00:00
3851,59,9,2026-04-21 10:00:00,2026-04-21 16:00:00
3852,222,4,2026-05-05 10:00:00,2026-05-05 20:00:00
3853,199,1,2026-04-10 09:00:00,2026-04-10 17:00:00
3854,88,6,2026-06-10 08:00:00,2026-06-10 16:00:00
3855,154,6,2026-06-13 10:00:00,2026-06-13 22:00:00
3856,287,2,2026-06-27 07:00:00,2026-06-27 19:00:00
3857,284,1,2026-04-18 08:00:00,2026-04-18 18:00:00
3858,127,8,2026-05-06 08:00:00,2026-05-06 20:00:00
3859,269,2,2026-06-11 09:00:00,2026-06-11 21:00:00
3860,77,7,2026-06-10 07:00:00,2026-06-10 17:00:00
3861,229,2,2026-06-01 10:00:00,2026-06-01 16:00:00
3862,257,4,2026-05-17 10:00:00,2026-05-17 22:00:00
3863,227,7,2026-05-30 09:00:00,2026-05-30 15:00:00
3864,70,3,2026-06-20 09:00:00,2026-06-20 19:00:00
3865,76,8,2026-04-20 10:00:00,2026-04-20 22:00:00
3866,295,3,2026-04-24 07:00:00,2026-04-24 19:00:00
3867,139,5,2026-04-08 10:00:00,2026-04-08 22:00:00
3868,161,2,2026-04-04 10:00:00,2026-04-04 22:00:00
3869,98,10,2026-04-14 09:00:00,2026-04-14 17:00:00
3870,295,9,2026-05-20 08:00:00,2026-05-20 18:00:00
3871,1,10,2026-05-20 07:00:00,2026-05-20 19:00:00
3872,155,9,2026-05-04 07:00:00,2026-05-04 15:00:00
3873,172,2,2026-06-04 09:00:00,2026-06-04 19:00:00
3874,74,3,2026-06-07 07:00:00,2026-06-07 15:00:00
3875,276,3,2026-06-13 06:00:00,2026-06-13 16:00:00
3876,265,6,2026-06-17 08:00:00,2026-06-17 16:00:00
3877,105,3,2026-04-13 09:00:00,2026-04-13 21:00:00
3878,225,4,2026-05-30 06:00:00,2026-05-30 14:00:00
3879,245,8,2026-06-17 06:00:00,2026-06-17 12:00:00
3880,44,3,2026-06-07 10:00:00,2026-06-07 22:00:00
3881,210,1,2026-04-04 10:00:00,2026-04-04 18:00:00
3882,254,7,2026-05-06 09:00:00,2026-05-06 15:00:00
3883,87,8,2026-06-25 09:00:00,2026-06-25 19:00:00
3884,173,3,2026-06-09 07:00:00,2026-06-09 17:00:00
3885,240,7,2026-06-17 07:00:00,2026-06-17 19:00:00
3886,156,1,2026-05-03 06:00:00,2026-05-03 14:00:00
3887,100,6,2026-06-02 09:00:00,2026-06-02 21:00:00
3888,63,6,2026-05-06 09:00:00,2026-05-06 21:00:00
3889,223,7,2026-06-14 09:00:00,2026-06-14 21:00:00
3890,120,8,2026-06-06 10:00:00,2026-06-06 16:00:00
3891,190,6,2026-06-06 06:00:00,2026-06-06 14:00:00
3892,94,6,2026-04-16 09:00:00,2026-04-16 15:00:00
3893,289,6,2026-04-01 06:00:00,2026-04-01 14:00:00
3894,187,7,2026-04-14 07:00:00,2026-04-14 19:00:00
3895,160,3,2026-05-06 08:00:00,2026-05-06 14:00:00
3896,121,2,2026-05-30 08:00:00,2026-05-30 20:00:00
3897,179,2,2026-04-27 09:00:00,2026-04-27 15:00:00
3898,42,2,2026-06-20 10:00:00,2026-06-20 20:00:00
3899,298,1,2026-06-01 06:00:00,2026-06-01 12:00:00
3900,297,6,2026-06-08 10:00:00,2026-06-08 16:00:00
3901,120,10,2026-06-13 07:00:00,2026-06-13 15:00:00
3902,119,1,2026-04-02 10:00:00,2026-04-02 22:00:00
3903,83,7,2026-05-17 07:00:00,2026-05-17 17:00:00
3904,68,6,2026-06-08 10:00:00,2026-06-08 22:00:00
3905,133,3,2026-06-29 10:00:00,2026-06-29 22:00:00
3906,244,1,2026-04-03 06:00:00,2026-04-03 12:00:00
3907,273,4,2026-04-03 10:00:00,2026-04-03 20:00:00
3908,156,1,2026-06-21 06:00:00,2026-06-21 12:00:00
3909,58,9,2026-06-17 07:00:00,2026-06-17 13:00:00
3910,225,5,2026-05-15 09:00:00,2026-05-15 15:00:00
3911,220,2,2026-06-13 06:00:00,2026-06-13 14:00:00
3912,209,9,2026-06-07 09:00:00,2026-06-07 15:00:00
3913,7,5,2026-04-20 07:00:00,2026-04-20 13:00:00
3914,274,3,2026-05-29 07:00:00,2026-05-29 17:00:00
3915,299,6,2026-05-19 07:00:00,2026-05-19 13:00:00
3916,144,10,2026-06-07 09:00:00,2026-06-07 15:00:00
3917,179,6,2026-04-23 07:00:00,2026-04-23 13:00:00
3918,33,1,2026-06-28 08:00:00,2026-06-28 18:00:00
3919,248,10,2026-04-04 08:00:00,2026-04-04 20:00:00
3920,30,6,2026-06-12 09:00:00,2026-06-12 19:00:00
3921,74,5,2026-06-01 07:00:00,2026-06-01 19:00:00
3922,41,5,2026-05-19 07:00:00,2026-05-19 15:00:00
3923,223,4,2026-04-02 08:00:00,2026-04-02 14:00:00
3924,171,8,2026-06-05 08:00:00,2026-06-05 14:00:00
3925,98,9,2026-05-25 06:00:00,2026-05-25 14:00:00
3926,102,2,2026-06-18 09:00:00,2026-06-18 15:00:00
3927,55,9,2026-05-13 06:00:00,2026-05-13 18:00:00
3928,21,8,2026-06-06 06:00:00,2026-06-06 16:00:00
3929,240,1,2026-04-19 10:00:00,2026-04-19 18:00:00
3930,241,9,2026-05-08 08:00:00,2026-05-08 16:00:00
3931,44,8,2026-06-16 07:00:00,2026-06-16 17:00:00
3932,158,4,2026-04-12 10:00:00,2026-04-12 22:00:00
3933,133,3,2026-04-04 06:00:00,2026-04-04 16:00:00
3934,53,5,2026-06-15 07:00:00,2026-06-15 19:00:00
3935,207,1,2026-04-11 07:00:00,2026-04-11 19:00:00
3936,173,10,2026-06-26 10:00:00,2026-06-26 22:00:00
3937,197,5,2026-06-16 06:00:00,2026-06-16 16:00:00
3938,139,5,2026-04-06 06:00:00,2026-04-06 12:00:00
3939,112,5,2026-06-21 08:00:00,2026-06-21 14:00:00
3940,186,10,2026-05-26 09:00:00,2026-05-26 15:00:00
3941,217,1,2026-05-30 08:00:00,2026-05-30 14:00:00
3942,88,2,2026-04-21 07:00:00,2026-04-21 15:00:00
3943,185,7,2026-05-07 09:00:00,2026-05-07 17:00:00
3944,213,7,2026-04-07 09:00:00,2026-04-07 17:00:00
3945,225,1,2026-04-12 06:00:00,2026-04-12 18:00:00
3946,261,10,2026-04-26 06:00:00,2026-04-26 18:00:00
3947,38,4,2026-04-06 10:00:00,2026-04-06 22:00:00
3948,207,6,2026-04-18 07:00:00,2026-04-18 19:00:00
3949,82,9,2026-05-30 08:00:00,2026-05-30 16:00:00
3950,15,3,2026-06-07 10:00:00,2026-06-07 16:00:00
3951,16,9,2026-04-26 10:00:00,2026-04-26 20:00:00
3952,156,7,2026-05-03 10:00:00,2026-05-03 16:00:00
3953,86,7,2026-06-21 08:00:00,2026-06-21 16:00:00
3954,215,9,2026-04-29 07:00:00,2026-04-29 15:00:00
3955,20,10,2026-06-18 06:00:00,2026-06-18 18:00:00
3956,60,1,2026-04-08 10:00:00,2026-04-08 16:00:00
3957,263,9,2026-05-10 06:00:00,2026-05-10 12:00:00
3958,269,8,2026-05-28 09:00:00,2026-05-28 21:00:00
3959,250,6,2026-06-21 10:00:00,2026-06-21 16:00:00
3960,237,7,2026-05-11 06:00:00,2026-05-11 18:00:00
3961,83,10,2026-06-04 06:00:00,2026-06-04 14:00:00
3962,148,5,2026-04-07 07:00:00,2026-04-07 17:00:00
3963,15,4,2026-05-30 08:00:00,2026-05-30 14:00:00
3964,241,6,2026-04-14 06:00:00,2026-04-14 18:00:00
3965,72,10,2026-05-12 08:00:00,2026-05-12 18:00:00
3966,50,5,2026-04-21 08:00:00,2026-04-21 16:00:00
3967,195,3,2026-06-18 07:00:00,2026-06-18 17:00:00
3968,123,6,2026-04-24 10:00:00,2026-04-24 22:00:00
3969,164,4,2026-04-27 08:00:00,2026-04-27 20:00:00
3970,66,9,2026-05-03 08:00:00,2026-05-03 18:00:00
3971,77,6,2026-04-05 07:00:00,2026-04-05 19:00:00
3972,200,7,2026-05-08 07:00:00,2026-05-08 19:00:00
3973,14,8,2026-04-24 10:00:00,2026-04-24 20:00:00
3974,5,7,2026-06-02 09:00:00,2026-06-02 17:00:00
3975,212,8,2026-04-09 06:00:00,2026-04-09 12:00:00
3976,5,9,2026-05-27 08:00:00,2026-05-27 16:00:00
3977,245,7,2026-05-19 06:00:00,2026-05-19 12:00:00
3978,300,4,2026-06-02 06:00:00,2026-06-02 18:00:00
3979,101,9,2026-04-10 10:00:00,2026-04-10 20:00:00
3980,155,8,2026-04-26 07:00:00,2026-04-26 17:00:00
3981,114,6,2026-04-04 06:00:00,2026-04-04 14:00:00
3982,160,9,2026-04-09 08:00:00,2026-04-09 18:00:00
3983,89,4,2026-04-20 09:00:00,2026-04-20 17:00:00
3984,294,8,2026-05-10 10:00:00,2026-05-10 18:00:00
3985,136,2,2026-06-07 08:00:00,2026-06-07 16:00:00
3986,198,10,2026-06-14 09:00:00,2026-06-14 21:00:00
3987,185,6,2026-04-11 09:00:00,2026-04-11 21:00:00
3988,38,6,2026-05-06 06:00:00,2026-05-06 16:00:00
3989,112,8,2026-05-06 08:00:00,2026-05-06 20:00:00
3990,27,8,2026-05-21 08:00:00,2026-05-21 14:00:00
3991,178,4,2026-04-02 08:00:00,2026-04-02 14:00:00
3992,219,3,2026-04-29 10:00:00,2026-04-29 18:00:00
3993,171,5,2026-06-12 06:00:00,2026-06-12 18:00:00
3994,204,1,2026-04-05 06:00:00,2026-04-05 16:00:00
3995,114,4,2026-05-21 10:00:00,2026-05-21 20:00:00
3996,44,10,2026-06-01 09:00:00,2026-06-01 17:00:00
3997,23,5,2026-04-30 08:00:00,2026-04-30 20:00:00
3998,174,5,2026-06-03 09:00:00,2026-06-03 19:00:00
3999,111,9,2026-04-01 10:00:00,2026-04-01 18:00:00
4000,100,2,2026-04-03 07:00:00,2026-04-03 19:00:00
4001,240,9,2026-06-17 09:00:00,2026-06-17 17:00:00
4002,219,1,2026-06-27 09:00:00,2026-06-27 21:00:00
4003,90,5,2026-06-28 06:00:00,2026-06-28 12:00:00
4004,125,1,2026-04-06 10:00:00,2026-04-06 16:00:00
4005,29,4,2026-06-20 09:00:00,2026-06-20 21:00:00
4006,144,3,2026-04-15 07:00:00,2026-04-15 13:00:00
4007,12,1,2026-04-20 06:00:00,2026-04-20 12:00:00
4008,276,4,2026-04-12 10:00:00,2026-04-12 16:00:00
4009,73,5,2026-04-16 07:00:00,2026-04-16 19:00:00
4010,228,8,2026-06-27 10:00:00,2026-06-27 20:00:00
4011,120,1,2026-04-13 07:00:00,2026-04-13 13:00:00
4012,229,1,2026-06-23 07:00:00,2026-06-23 17:00:00
4013,282,4,2026-06-23 09:00:00,2026-06-23 19:00:00
4014,20,1,2026-05-09 09:00:00,2026-05-09 21:00:00
4015,85,2,2026-05-30 10:00:00,2026-05-30 20:00:00
4016,143,4,2026-04-26 06:00:00,2026-04-26 14:00:00
4017,217,2,2026-04-03 08:00:00,2026-04-03 16:00:00
4018,247,9,2026-04-29 10:00:00,2026-04-29 18:00:00
4019,125,5,2026-05-02 08:00:00,2026-05-02 16:00:00
4020,183,4,2026-04-21 08:00:00,2026-04-21 14:00:00
4021,222,4,2026-06-27 10:00:00,2026-06-27 22:00:00
4022,11,5,2026-04-28 06:00:00,2026-04-28 18:00:00
4023,163,4,2026-04-15 07:00:00,2026-04-15 17:00:00
4024,179,3,2026-06-08 08:00:00,2026-06-08 18:00:00
4025,170,3,2026-05-05 08:00:00,2026-05-05 18:00:00
4026,164,1,2026-06-27 07:00:00,2026-06-27 15:00:00
4027,164,2,2026-06-10 09:00:00,2026-06-10 21:00:00
4028,78,3,2026-05-16 08:00:00,2026-05-16 14:00:00
4029,168,2,2026-05-03 10:00:00,2026-05-03 18:00:00
4030,222,10,2026-05-01 06:00:00,2026-05-01 12:00:00
4031,106,2,2026-04-04 09:00:00,2026-04-04 21:00:00
4032,236,2,2026-04-29 10:00:00,2026-04-29 16:00:00
4033,271,4,2026-06-11 09:00:00,2026-06-11 19:00:00
4034,115,8,2026-06-20 08:00:00,2026-06-20 18:00:00
4035,109,8,2026-05-26 08:00:00,2026-05-26 16:00:00
4036,119,5,2026-06-12 06:00:00,2026-06-12 14:00:00
4037,19,9,2026-06-04 10:00:00,2026-06-04 22:00:00
4038,22,5,2026-04-11 10:00:00,2026-04-11 18:00:00
4039,211,9,2026-06-14 08:00:00,2026-06-14 14:00:00
4040,47,2,2026-05-11 08:00:00,2026-05-11 16:00:00
4041,177,10,2026-05-17 07:00:00,2026-05-17 17:00:00
4042,116,7,2026-05-20 07:00:00,2026-05-20 13:00:00
4043,113,1,2026-06-08 09:00:00,2026-06-08 17:00:00
4044,154,6,2026-04-22 06:00:00,2026-04-22 18:00:00
4045,31,3,2026-05-29 08:00:00,2026-05-29 16:00:00
4046,69,3,2026-05-08 09:00:00,2026-05-08 21:00:00
4047,154,8,2026-05-14 08:00:00,2026-05-14 14:00:00
4048,112,6,2026-04-02 10:00:00,2026-04-02 22:00:00
4049,163,3,2026-06-28 08:00:00,2026-06-28 18:00:00
4050,54,1,2026-04-25 07:00:00,2026-04-25 15:00:00
4051,221,6,2026-06-17 08:00:00,2026-06-17 14:00:00
4052,101,2,2026-05-19 09:00:00,2026-05-19 19:00:00
4053,188,1,2026-04-24 10:00:00,2026-04-24 22:00:00
4054,180,6,2026-06-13 07:00:00,2026-06-13 13:00:00
4055,271,8,2026-06-03 09:00:00,2026-06-03 21:00:00
4056,94,7,2026-06-16 09:00:00,2026-06-16 21:00:00
4057,18,10,2026-06-24 10:00:00,2026-06-24 18:00:00
4058,116,7,2026-05-07 10:00:00,2026-05-07 20:00:00
4059,215,8,2026-04-19 10:00:00,2026-04-19 20:00:00
4060,209,8,2026-06-28 08:00:00,2026-06-28 20:00:00
4061,167,10,2026-04-14 07:00:00,2026-04-14 13:00:00
4062,173,8,2026-06-29 08:00:00,2026-06-29 18:00:00
4063,70,3,2026-04-20 08:00:00,2026-04-20 20:00:00
4064,245,10,2026-06-02 09:00:00,2026-06-02 19:00:00
4065,60,9,2026-06-03 10:00:00,2026-06-03 18:00:00
4066,145,4,2026-04-19 10:00:00,2026-04-19 16:00:00
4067,68,9,2026-04-29 10:00:00,2026-04-29 20:00:00
4068,282,9,2026-05-21 09:00:00,2026-05-21 17:00:00
4069,42,2,2026-06-07 06:00:00,2026-06-07 14:00:00
4070,162,4,2026-05-27 10:00:00,2026-05-27 20:00:00
4071,173,7,2026-05-29 06:00:00,2026-05-29 18:00:00
4072,69,2,2026-05-04 10:00:00,2026-05-04 16:00:00
4073,29,1,2026-05-18 10:00:00,2026-05-18 16:00:00
4074,9,8,2026-05-29 08:00:00,2026-05-29 20:00:00
4075,97,7,2026-04-24 06:00:00,2026-04-24 14:00:00
4076,54,6,2026-06-26 09:00:00,2026-06-26 19:00:00
4077,152,5,2026-05-23 09:00:00,2026-05-23 19:00:00
4078,166,9,2026-05-12 08:00:00,2026-05-12 20:00:00
4079,168,7,2026-06-25 08:00:00,2026-06-25 20:00:00
4080,29,8,2026-05-13 10:00:00,2026-05-13 22:00:00
4081,224,1,2026-04-10 10:00:00,2026-04-10 20:00:00
4082,168,4,2026-05-26 10:00:00,2026-05-26 16:00:00
4083,18,5,2026-05-27 06:00:00,2026-05-27 16:00:00
4084,251,6,2026-06-19 07:00:00,2026-06-19 17:00:00
4085,242,9,2026-04-24 09:00:00,2026-04-24 19:00:00
4086,178,9,2026-05-05 08:00:00,2026-05-05 14:00:00
4087,30,8,2026-05-05 06:00:00,2026-05-05 18:00:00
4088,13,2,2026-04-19 06:00:00,2026-04-19 16:00:00
4089,189,9,2026-06-14 07:00:00,2026-06-14 15:00:00
4090,37,5,2026-06-27 06:00:00,2026-06-27 18:00:00
4091,141,10,2026-05-18 10:00:00,2026-05-18 18:00:00
4092,159,3,2026-04-15 08:00:00,2026-04-15 20:00:00
4093,270,1,2026-04-16 08:00:00,2026-04-16 20:00:00
4094,250,3,2026-06-13 09:00:00,2026-06-13 21:00:00
4095,220,5,2026-05-09 07:00:00,2026-05-09 13:00:00
4096,101,10,2026-06-25 10:00:00,2026-06-25 22:00:00
4097,188,10,2026-05-16 06:00:00,2026-05-16 16:00:00
4098,56,2,2026-06-09 07:00:00,2026-06-09 17:00:00
4099,96,9,2026-05-21 10:00:00,2026-05-21 20:00:00
4100,98,7,2026-04-25 07:00:00,2026-04-25 13:00:00
4101,47,1,2026-06-17 07:00:00,2026-06-17 13:00:00
4102,252,2,2026-06-19 10:00:00,2026-06-19 20:00:00
4103,174,6,2026-05-13 06:00:00,2026-05-13 18:00:00
4104,47,5,2026-04-22 06:00:00,2026-04-22 16:00:00
4105,114,8,2026-05-19 07:00:00,2026-05-19 13:00:00
4106,145,3,2026-05-31 08:00:00,2026-05-31 20:00:00
4107,11,5,2026-05-26 07:00:00,2026-05-26 15:00:00
4108,30,7,2026-05-04 08:00:00,2026-05-04 18:00:00
4109,102,9,2026-05-27 10:00:00,2026-05-27 22:00:00
4110,181,5,2026-04-27 06:00:00,2026-04-27 12:00:00
4111,265,2,2026-05-03 06:00:00,2026-05-03 16:00:00
4112,299,2,2026-05-17 09:00:00,2026-05-17 21:00:00
4113,10,5,2026-04-01 10:00:00,2026-04-01 20:00:00
4114,163,6,2026-05-01 09:00:00,2026-05-01 15:00:00
4115,197,3,2026-06-29 08:00:00,2026-06-29 16:00:00
4116,30,1,2026-04-06 08:00:00,2026-04-06 14:00:00
4117,152,1,2026-06-09 07:00:00,2026-06-09 13:00:00
4118,175,1,2026-04-12 07:00:00,2026-04-12 13:00:00
4119,285,1,2026-05-16 07:00:00,2026-05-16 15:00:00
4120,269,9,2026-05-25 08:00:00,2026-05-25 18:00:00
4121,17,2,2026-05-05 09:00:00,2026-05-05 21:00:00
4122,128,4,2026-05-06 08:00:00,2026-05-06 16:00:00
4123,55,4,2026-06-20 10:00:00,2026-06-20 22:00:00
4124,254,4,2026-06-11 06:00:00,2026-06-11 18:00:00
4125,180,8,2026-04-02 09:00:00,2026-04-02 21:00:00
4126,291,10,2026-06-04 07:00:00,2026-06-04 17:00:00
4127,228,8,2026-05-10 08:00:00,2026-05-10 16:00:00
4128,131,10,2026-04-24 10:00:00,2026-04-24 18:00:00
4129,199,5,2026-05-24 09:00:00,2026-05-24 15:00:00
4130,81,8,2026-05-30 08:00:00,2026-05-30 16:00:00
4131,59,10,2026-06-21 07:00:00,2026-06-21 13:00:00
4132,41,3,2026-06-11 07:00:00,2026-06-11 19:00:00
4133,136,7,2026-06-20 08:00:00,2026-06-20 14:00:00
4134,110,9,2026-05-12 08:00:00,2026-05-12 14:00:00
4135,179,8,2026-06-07 10:00:00,2026-06-07 16:00:00
4136,178,6,2026-06-11 08:00:00,2026-06-11 16:00:00
4137,191,1,2026-04-04 08:00:00,2026-04-04 18:00:00
4138,229,9,2026-04-25 10:00:00,2026-04-25 20:00:00
4139,86,9,2026-06-29 06:00:00,2026-06-29 12:00:00
4140,174,10,2026-06-21 07:00:00,2026-06-21 13:00:00
4141,61,2,2026-04-13 06:00:00,2026-04-13 14:00:00
4142,53,10,2026-04-26 10:00:00,2026-04-26 18:00:00
4143,94,1,2026-04-28 08:00:00,2026-04-28 20:00:00
4144,227,8,2026-05-27 06:00:00,2026-05-27 18:00:00
4145,120,10,2026-04-09 09:00:00,2026-04-09 21:00:00
4146,249,4,2026-06-08 08:00:00,2026-06-08 20:00:00
4147,110,5,2026-05-27 07:00:00,2026-05-27 19:00:00
4148,89,9,2026-04-29 06:00:00,2026-04-29 16:00:00
4149,33,2,2026-04-10 10:00:00,2026-04-10 20:00:00
4150,211,4,2026-06-24 09:00:00,2026-06-24 21:00:00
4151,17,4,2026-05-09 10:00:00,2026-05-09 22:00:00
4152,240,6,2026-05-16 08:00:00,2026-05-16 20:00:00
4153,223,4,2026-05-30 09:00:00,2026-05-30 15:00:00
4154,196,3,2026-04-15 06:00:00,2026-04-15 16:00:00
4155,5,6,2026-04-27 08:00:00,2026-04-27 20:00:00
4156,276,7,2026-06-08 08:00:00,2026-06-08 20:00:00
4157,8,10,2026-05-07 10:00:00,2026-05-07 16:00:00
4158,29,5,2026-04-13 08:00:00,2026-04-13 16:00:00
4159,167,5,2026-06-16 07:00:00,2026-06-16 19:00:00
4160,203,9,2026-06-08 10:00:00,2026-06-08 18:00:00
4161,91,2,2026-05-03 08:00:00,2026-05-03 20:00:00
4162,249,8,2026-05-24 10:00:00,2026-05-24 18:00:00
4163,167,9,2026-05-07 10:00:00,2026-05-07 20:00:00
4164,275,2,2026-04-26 07:00:00,2026-04-26 13:00:00
4165,161,7,2026-06-03 06:00:00,2026-06-03 18:00:00
4166,26,1,2026-04-10 09:00:00,2026-04-10 21:00:00
4167,200,5,2026-06-07 08:00:00,2026-06-07 18:00:00
4168,108,10,2026-05-30 06:00:00,2026-05-30 14:00:00
4169,213,2,2026-06-06 09:00:00,2026-06-06 19:00:00
4170,94,9,2026-05-12 08:00:00,2026-05-12 14:00:00
4171,178,8,2026-06-14 08:00:00,2026-06-14 18:00:00
4172,259,9,2026-05-23 08:00:00,2026-05-23 18:00:00
4173,107,8,2026-04-11 07:00:00,2026-04-11 13:00:00
4174,200,9,2026-05-24 10:00:00,2026-05-24 16:00:00
4175,275,4,2026-04-17 06:00:00,2026-04-17 14:00:00
4176,109,9,2026-04-21 07:00:00,2026-04-21 15:00:00
4177,84,6,2026-06-06 06:00:00,2026-06-06 18:00:00
4178,270,3,2026-04-25 09:00:00,2026-04-25 15:00:00
4179,296,2,2026-05-02 10:00:00,2026-05-02 22:00:00
4180,120,5,2026-05-12 08:00:00,2026-05-12 14:00:00
4181,81,3,2026-05-23 09:00:00,2026-05-23 15:00:00
4182,224,7,2026-06-05 09:00:00,2026-06-05 21:00:00
4183,160,6,2026-04-25 08:00:00,2026-04-25 16:00:00
4184,197,7,2026-05-18 07:00:00,2026-05-18 15:00:00
4185,140,9,2026-04-02 09:00:00,2026-04-02 21:00:00
4186,69,4,2026-06-18 08:00:00,2026-06-18 16:00:00
4187,14,5,2026-04-21 08:00:00,2026-04-21 20:00:00
4188,52,1,2026-04-02 10:00:00,2026-04-02 18:00:00
4189,198,4,2026-05-03 07:00:00,2026-05-03 17:00:00
4190,268,9,2026-06-22 07:00:00,2026-06-22 19:00:00
4191,143,9,2026-05-05 07:00:00,2026-05-05 15:00:00
4192,251,2,2026-04-10 10:00:00,2026-04-10 18:00:00
4193,46,5,2026-05-11 09:00:00,2026-05-11 15:00:00
4194,37,4,2026-06-03 07:00:00,2026-06-03 19:00:00
4195,71,2,2026-04-02 07:00:00,2026-04-02 15:00:00
4196,156,6,2026-06-01 06:00:00,2026-06-01 14:00:00
4197,30,5,2026-04-23 07:00:00,2026-04-23 13:00:00
4198,104,10,2026-05-21 08:00:00,2026-05-21 20:00:00
4199,96,10,2026-04-21 07:00:00,2026-04-21 19:00:00
4200,64,2,2026-04-17 08:00:00,2026-04-17 14:00:00
4201,165,7,2026-04-10 08:00:00,2026-04-10 18:00:00
4202,123,3,2026-04-02 07:00:00,2026-04-02 15:00:00
4203,22,9,2026-06-01 07:00:00,2026-06-01 17:00:00
4204,217,10,2026-04-28 10:00:00,2026-04-28 16:00:00
4205,82,1,2026-04-14 08:00:00,2026-04-14 18:00:00
4206,78,10,2026-04-05 08:00:00,2026-04-05 20:00:00
4207,234,5,2026-05-03 09:00:00,2026-05-03 15:00:00
4208,209,7,2026-04-13 08:00:00,2026-04-13 14:00:00
4209,107,2,2026-06-27 08:00:00,2026-06-27 18:00:00
4210,107,8,2026-04-01 06:00:00,2026-04-01 12:00:00
4211,189,8,2026-06-29 07:00:00,2026-06-29 17:00:00
4212,212,5,2026-04-27 09:00:00,2026-04-27 19:00:00
4213,20,7,2026-05-30 08:00:00,2026-05-30 14:00:00
4214,88,7,2026-06-29 06:00:00,2026-06-29 12:00:00
4215,113,8,2026-05-06 09:00:00,2026-05-06 21:00:00
4216,180,10,2026-06-05 06:00:00,2026-06-05 18:00:00
4217,66,3,2026-06-08 09:00:00,2026-06-08 19:00:00
4218,235,5,2026-05-07 10:00:00,2026-05-07 18:00:00
4219,179,4,2026-04-14 09:00:00,2026-04-14 21:00:00
4220,300,5,2026-06-19 06:00:00,2026-06-19 14:00:00
4221,271,6,2026-06-27 09:00:00,2026-06-27 21:00:00
4222,233,10,2026-05-21 07:00:00,2026-05-21 17:00:00
4223,94,6,2026-06-16 07:00:00,2026-06-16 17:00:00
4224,260,1,2026-05-12 09:00:00,2026-05-12 17:00:00
4225,22,6,2026-06-04 07:00:00,2026-06-04 13:00:00
4226,135,10,2026-05-11 10:00:00,2026-05-11 20:00:00
4227,70,3,2026-06-26 10:00:00,2026-06-26 16:00:00
4228,186,10,2026-04-04 06:00:00,2026-04-04 12:00:00
4229,102,4,2026-06-21 06:00:00,2026-06-21 18:00:00
4230,181,5,2026-05-03 07:00:00,2026-05-03 19:00:00
4231,221,3,2026-05-24 10:00:00,2026-05-24 20:00:00
4232,109,9,2026-06-24 08:00:00,2026-06-24 16:00:00
4233,115,1,2026-05-16 07:00:00,2026-05-16 15:00:00
4234,212,5,2026-04-03 08:00:00,2026-04-03 14:00:00
4235,150,2,2026-06-23 10:00:00,2026-06-23 16:00:00
4236,18,10,2026-04-25 10:00:00,2026-04-25 22:00:00
4237,97,7,2026-04-19 06:00:00,2026-04-19 14:00:00
4238,214,10,2026-05-25 07:00:00,2026-05-25 13:00:00
4239,263,8,2026-04-23 06:00:00,2026-04-23 14:00:00
4240,136,9,2026-05-20 06:00:00,2026-05-20 12:00:00
4241,295,4,2026-06-22 07:00:00,2026-06-22 19:00:00
4242,295,9,2026-04-29 09:00:00,2026-04-29 17:00:00
4243,168,10,2026-05-20 06:00:00,2026-05-20 12:00:00
4244,103,10,2026-06-26 08:00:00,2026-06-26 20:00:00
4245,44,4,2026-04-30 09:00:00,2026-04-30 19:00:00
4246,231,10,2026-06-20 06:00:00,2026-06-20 12:00:00
4247,292,6,2026-04-23 09:00:00,2026-04-23 15:00:00
4248,218,3,2026-04-06 07:00:00,2026-04-06 13:00:00
4249,58,4,2026-06-01 09:00:00,2026-06-01 21:00:00
4250,43,3,2026-06-25 07:00:00,2026-06-25 15:00:00
4251,31,1,2026-04-25 10:00:00,2026-04-25 22:00:00
4252,135,9,2026-04-09 09:00:00,2026-04-09 19:00:00
4253,217,2,2026-04-27 08:00:00,2026-04-27 18:00:00
4254,173,3,2026-06-10 07:00:00,2026-06-10 19:00:00
4255,43,10,2026-04-13 08:00:00,2026-04-13 20:00:00
4256,53,3,2026-04-12 08:00:00,2026-04-12 16:00:00
4257,242,2,2026-05-07 08:00:00,2026-05-07 16:00:00
4258,210,7,2026-04-06 08:00:00,2026-04-06 16:00:00
4259,163,3,2026-04-27 10:00:00,2026-04-27 20:00:00
4260,37,10,2026-05-17 10:00:00,2026-05-17 20:00:00
4261,239,9,2026-04-14 10:00:00,2026-04-14 16:00:00
4262,117,5,2026-04-20 06:00:00,2026-04-20 14:00:00
4263,138,8,2026-05-02 07:00:00,2026-05-02 17:00:00
4264,39,9,2026-05-29 07:00:00,2026-05-29 13:00:00
4265,264,10,2026-04-06 10:00:00,2026-04-06 16:00:00
4266,4,9,2026-05-07 08:00:00,2026-05-07 16:00:00
4267,263,2,2026-04-02 09:00:00,2026-04-02 19:00:00
4268,295,1,2026-05-15 06:00:00,2026-05-15 16:00:00
4269,104,5,2026-05-10 10:00:00,2026-05-10 16:00:00
4270,189,6,2026-06-03 08:00:00,2026-06-03 16:00:00
4271,81,2,2026-04-08 08:00:00,2026-04-08 20:00:00
4272,296,7,2026-05-05 10:00:00,2026-05-05 20:00:00
4273,24,7,2026-06-21 08:00:00,2026-06-21 20:00:00
4274,281,2,2026-06-21 07:00:00,2026-06-21 15:00:00
4275,69,6,2026-04-01 10:00:00,2026-04-01 20:00:00
4276,128,3,2026-04-22 10:00:00,2026-04-22 16:00:00
4277,155,7,2026-05-22 10:00:00,2026-05-22 16:00:00
4278,12,6,2026-06-05 06:00:00,2026-06-05 12:00:00
4279,253,3,2026-05-11 06:00:00,2026-05-11 16:00:00
4280,263,6,2026-06-01 07:00:00,2026-06-01 17:00:00
4281,208,8,2026-06-27 08:00:00,2026-06-27 20:00:00
4282,280,4,2026-04-16 10:00:00,2026-04-16 16:00:00
4283,38,7,2026-06-18 06:00:00,2026-06-18 12:00:00
4284,270,1,2026-06-15 09:00:00,2026-06-15 15:00:00
4285,171,5,2026-05-31 07:00:00,2026-05-31 13:00:00
4286,104,9,2026-05-20 08:00:00,2026-05-20 16:00:00
4287,193,1,2026-04-16 10:00:00,2026-04-16 16:00:00
4288,83,8,2026-04-01 09:00:00,2026-04-01 17:00:00
4289,242,7,2026-06-07 10:00:00,2026-06-07 18:00:00
4290,123,1,2026-06-22 10:00:00,2026-06-22 18:00:00
4291,242,10,2026-04-02 08:00:00,2026-04-02 20:00:00
4292,285,2,2026-04-21 09:00:00,2026-04-21 17:00:00
4293,45,1,2026-05-04 08:00:00,2026-05-04 16:00:00
4294,35,2,2026-06-09 10:00:00,2026-06-09 22:00:00
4295,45,7,2026-05-19 08:00:00,2026-05-19 18:00:00
4296,174,9,2026-04-25 06:00:00,2026-04-25 18:00:00
4297,193,4,2026-04-12 09:00:00,2026-04-12 15:00:00
4298,227,4,2026-04-01 09:00:00,2026-04-01 17:00:00
4299,96,6,2026-05-15 10:00:00,2026-05-15 22:00:00
4300,289,6,2026-06-13 07:00:00,2026-06-13 17:00:00
4301,95,10,2026-04-21 09:00:00,2026-04-21 21:00:00
4302,113,10,2026-05-30 06:00:00,2026-05-30 14:00:00
4303,151,8,2026-06-22 09:00:00,2026-06-22 21:00:00
4304,86,3,2026-06-03 06:00:00,2026-06-03 12:00:00
4305,206,8,2026-04-30 08:00:00,2026-04-30 14:00:00
4306,106,8,2026-05-11 08:00:00,2026-05-11 16:00:00
4307,86,4,2026-05-04 10:00:00,2026-05-04 16:00:00
4308,35,1,2026-06-12 06:00:00,2026-06-12 12:00:00
4309,142,2,2026-06-29 10:00:00,2026-06-29 18:00:00
4310,206,9,2026-04-30 10:00:00,2026-04-30 22:00:00
4311,91,1,2026-04-15 09:00:00,2026-04-15 15:00:00
4312,210,2,2026-04-29 09:00:00,2026-04-29 17:00:00
4313,176,9,2026-06-18 06:00:00,2026-06-18 18:00:00
4314,51,6,2026-05-12 08:00:00,2026-05-12 20:00:00
4315,126,8,2026-05-15 06:00:00,2026-05-15 18:00:00
4316,223,3,2026-06-18 06:00:00,2026-06-18 12:00:00
4317,106,10,2026-04-03 09:00:00,2026-04-03 21:00:00
4318,292,2,2026-05-06 09:00:00,2026-05-06 19:00:00
4319,50,5,2026-06-23 08:00:00,2026-06-23 16:00:00
4320,198,4,2026-04-05 10:00:00,2026-04-05 22:00:00
4321,68,9,2026-06-19 06:00:00,2026-06-19 12:00:00
4322,205,8,2026-05-25 09:00:00,2026-05-25 19:00:00
4323,58,5,2026-04-02 10:00:00,2026-04-02 20:00:00
4324,244,9,2026-05-03 10:00:00,2026-05-03 22:00:00
4325,70,7,2026-06-11 08:00:00,2026-06-11 16:00:00
4326,117,3,2026-05-17 08:00:00,2026-05-17 16:00:00
4327,231,1,2026-06-28 08:00:00,2026-06-28 18:00:00
4328,229,9,2026-06-22 08:00:00,2026-06-22 20:00:00
4329,228,3,2026-05-25 10:00:00,2026-05-25 22:00:00
4330,10,9,2026-04-07 09:00:00,2026-04-07 21:00:00
4331,119,4,2026-04-29 09:00:00,2026-04-29 15:00:00
4332,131,3,2026-06-26 07:00:00,2026-06-26 15:00:00
4333,149,8,2026-04-14 08:00:00,2026-04-14 14:00:00
4334,163,6,2026-05-27 08:00:00,2026-05-27 18:00:00
4335,181,4,2026-06-29 10:00:00,2026-06-29 16:00:00
4336,155,4,2026-04-22 10:00:00,2026-04-22 18:00:00
4337,221,9,2026-06-28 06:00:00,2026-06-28 12:00:00
4338,64,1,2026-04-01 09:00:00,2026-04-01 19:00:00
4339,58,8,2026-04-15 07:00:00,2026-04-15 17:00:00
4340,298,5,2026-05-15 06:00:00,2026-05-15 16:00:00
4341,148,4,2026-05-30 08:00:00,2026-05-30 14:00:00
4342,202,5,2026-04-13 07:00:00,2026-04-13 19:00:00
4343,104,5,2026-06-17 10:00:00,2026-06-17 22:00:00
4344,109,10,2026-06-24 10:00:00,2026-06-24 22:00:00
4345,89,9,2026-06-28 08:00:00,2026-06-28 14:00:00
4346,153,10,2026-05-09 09:00:00,2026-05-09 19:00:00
4347,210,9,2026-05-14 08:00:00,2026-05-14 14:00:00
4348,211,3,2026-06-02 07:00:00,2026-06-02 15:00:00
4349,298,9,2026-06-09 06:00:00,2026-06-09 18:00:00
4350,292,6,2026-05-18 10:00:00,2026-05-18 20:00:00
4351,130,4,2026-05-16 10:00:00,2026-05-16 18:00:00
4352,207,10,2026-05-26 06:00:00,2026-05-26 12:00:00
4353,156,4,2026-06-05 07:00:00,2026-06-05 17:00:00
4354,273,6,2026-05-14 10:00:00,2026-05-14 22:00:00
4355,164,3,2026-04-11 07:00:00,2026-04-11 15:00:00
4356,200,5,2026-06-19 10:00:00,2026-06-19 16:00:00
4357,184,7,2026-05-13 10:00:00,2026-05-13 20:00:00
4358,218,5,2026-04-04 06:00:00,2026-04-04 14:00:00
4359,276,8,2026-06-29 09:00:00,2026-06-29 21:00:00
4360,85,9,2026-04-08 08:00:00,2026-04-08 14:00:00
4361,40,4,2026-04-15 09:00:00,2026-04-15 21:00:00
4362,299,2,2026-05-18 09:00:00,2026-05-18 15:00:00
4363,124,4,2026-04-13 07:00:00,2026-04-13 17:00:00
4364,272,4,2026-05-18 06:00:00,2026-05-18 16:00:00
4365,276,6,2026-04-13 07:00:00,2026-04-13 17:00:00
4366,175,9,2026-04-12 07:00:00,2026-04-12 13:00:00
4367,88,1,2026-04-05 10:00:00,2026-04-05 20:00:00
4368,141,8,2026-04-17 09:00:00,2026-04-17 21:00:00
4369,260,9,2026-04-11 10:00:00,2026-04-11 20:00:00
4370,69,1,2026-05-14 10:00:00,2026-05-14 20:00:00
4371,165,8,2026-05-08 09:00:00,2026-05-08 19:00:00
4372,233,2,2026-04-14 10:00:00,2026-04-14 18:00:00
4373,130,6,2026-04-10 07:00:00,2026-04-10 17:00:00
4374,165,9,2026-06-07 10:00:00,2026-06-07 18:00:00
4375,208,2,2026-05-31 08:00:00,2026-05-31 14:00:00
4376,187,7,2026-05-01 10:00:00,2026-05-01 20:00:00
4377,294,8,2026-05-26 08:00:00,2026-05-26 14:00:00
4378,93,4,2026-04-07 07:00:00,2026-04-07 15:00:00
4379,45,7,2026-05-07 09:00:00,2026-05-07 15:00:00
4380,77,5,2026-04-14 07:00:00,2026-04-14 17:00:00
4381,12,6,2026-04-16 09:00:00,2026-04-16 17:00:00
4382,19,10,2026-06-03 10:00:00,2026-06-03 16:00:00
4383,25,7,2026-06-08 07:00:00,2026-06-08 15:00:00
4384,82,4,2026-05-12 08:00:00,2026-05-12 18:00:00
4385,13,3,2026-06-21 06:00:00,2026-06-21 14:00:00
4386,77,1,2026-04-03 07:00:00,2026-04-03 13:00:00
4387,134,4,2026-04-15 08:00:00,2026-04-15 18:00:00
4388,258,9,2026-04-01 08:00:00,2026-04-01 18:00:00
4389,228,6,2026-05-18 10:00:00,2026-05-18 16:00:00
4390,84,3,2026-06-12 07:00:00,2026-06-12 15:00:00
4391,272,2,2026-05-11 06:00:00,2026-05-11 12:00:00
4392,138,2,2026-06-29 08:00:00,2026-06-29 18:00:00
4393,130,5,2026-04-14 06:00:00,2026-04-14 12:00:00
4394,228,8,2026-05-23 07:00:00,2026-05-23 13:00:00
4395,155,9,2026-06-23 08:00:00,2026-06-23 18:00:00
4396,43,2,2026-04-08 10:00:00,2026-04-08 16:00:00
4397,272,1,2026-06-04 06:00:00,2026-06-04 18:00:00
4398,298,2,2026-05-11 09:00:00,2026-05-11 21:00:00
4399,268,6,2026-06-04 08:00:00,2026-06-04 16:00:00
4400,60,2,2026-06-12 06:00:00,2026-06-12 16:00:00
4401,222,4,2026-04-10 07:00:00,2026-04-10 15:00:00
4402,114,4,2026-04-12 06:00:00,2026-04-12 14:00:00
4403,143,2,2026-04-03 09:00:00,2026-04-03 19:00:00
4404,242,2,2026-05-14 10:00:00,2026-05-14 22:00:00
4405,112,10,2026-06-22 09:00:00,2026-06-22 21:00:00
4406,167,7,2026-04-25 10:00:00,2026-04-25 20:00:00
4407,229,2,2026-05-19 10:00:00,2026-05-19 16:00:00
4408,154,7,2026-04-11 06:00:00,2026-04-11 16:00:00
4409,131,4,2026-06-26 10:00:00,2026-06-26 18:00:00
4410,241,6,2026-05-26 07:00:00,2026-05-26 13:00:00
4411,291,7,2026-05-18 09:00:00,2026-05-18 21:00:00
4412,168,3,2026-04-14 10:00:00,2026-04-14 16:00:00
4413,71,2,2026-05-20 07:00:00,2026-05-20 19:00:00
4414,186,6,2026-05-19 09:00:00,2026-05-19 21:00:00
4415,253,8,2026-04-03 06:00:00,2026-04-03 16:00:00
4416,193,9,2026-04-07 07:00:00,2026-04-07 19:00:00
4417,269,5,2026-05-02 06:00:00,2026-05-02 12:00:00
4418,281,6,2026-04-24 08:00:00,2026-04-24 16:00:00
4419,245,7,2026-05-16 09:00:00,2026-05-16 17:00:00
4420,243,9,2026-06-10 10:00:00,2026-06-10 16:00:00
4421,121,1,2026-06-04 08:00:00,2026-06-04 20:00:00
4422,112,2,2026-04-14 09:00:00,2026-04-14 17:00:00
4423,293,8,2026-04-01 10:00:00,2026-04-01 20:00:00
4424,262,10,2026-04-27 09:00:00,2026-04-27 15:00:00
4425,207,6,2026-05-08 09:00:00,2026-05-08 19:00:00
4426,268,8,2026-06-21 08:00:00,2026-06-21 16:00:00
4427,276,7,2026-05-28 06:00:00,2026-05-28 12:00:00
4428,233,10,2026-05-05 07:00:00,2026-05-05 13:00:00
4429,141,1,2026-04-19 07:00:00,2026-04-19 15:00:00
4430,154,5,2026-06-09 07:00:00,2026-06-09 13:00:00
4431,66,6,2026-05-27 08:00:00,2026-05-27 16:00:00
4432,121,4,2026-04-23 09:00:00,2026-04-23 19:00:00
4433,109,2,2026-04-01 09:00:00,2026-04-01 19:00:00
4434,159,6,2026-04-01 06:00:00,2026-04-01 12:00:00
4435,58,4,2026-06-05 10:00:00,2026-06-05 20:00:00
4436,4,10,2026-04-29 08:00:00,2026-04-29 20:00:00
4437,126,1,2026-05-04 10:00:00,2026-05-04 16:00:00
4438,108,3,2026-04-19 06:00:00,2026-04-19 18:00:00
4439,19,2,2026-06-23 06:00:00,2026-06-23 12:00:00
4440,147,2,2026-04-30 06:00:00,2026-04-30 16:00:00
4441,163,6,2026-05-24 09:00:00,2026-05-24 15:00:00
4442,30,9,2026-04-02 08:00:00,2026-04-02 20:00:00
4443,47,5,2026-05-11 10:00:00,2026-05-11 18:00:00
4444,7,2,2026-04-08 06:00:00,2026-04-08 14:00:00
4445,81,5,2026-04-27 08:00:00,2026-04-27 18:00:00
4446,289,4,2026-05-30 07:00:00,2026-05-30 17:00:00
4447,61,10,2026-06-24 09:00:00,2026-06-24 17:00:00
4448,115,3,2026-06-21 09:00:00,2026-06-21 19:00:00
4449,267,9,2026-06-14 10:00:00,2026-06-14 18:00:00
4450,292,7,2026-04-06 07:00:00,2026-04-06 13:00:00
4451,237,5,2026-06-14 10:00:00,2026-06-14 16:00:00
4452,2,10,2026-05-17 09:00:00,2026-05-17 17:00:00
4453,128,4,2026-04-21 10:00:00,2026-04-21 22:00:00
4454,265,10,2026-05-06 09:00:00,2026-05-06 21:00:00
4455,268,3,2026-04-16 09:00:00,2026-04-16 15:00:00
4456,225,5,2026-06-07 08:00:00,2026-06-07 14:00:00
4457,33,6,2026-04-12 06:00:00,2026-04-12 14:00:00
4458,97,8,2026-04-30 09:00:00,2026-04-30 21:00:00
4459,191,5,2026-05-28 10:00:00,2026-05-28 18:00:00
4460,6,4,2026-04-15 07:00:00,2026-04-15 19:00:00
4461,61,9,2026-05-31 09:00:00,2026-05-31 15:00:00
4462,100,2,2026-04-03 10:00:00,2026-04-03 20:00:00
4463,74,2,2026-06-06 06:00:00,2026-06-06 12:00:00
4464,65,7,2026-04-01 10:00:00,2026-04-01 20:00:00
4465,106,6,2026-05-29 09:00:00,2026-05-29 17:00:00
4466,228,7,2026-04-22 09:00:00,2026-04-22 17:00:00
4467,28,4,2026-05-14 06:00:00,2026-05-14 16:00:00
4468,289,10,2026-06-11 10:00:00,2026-06-11 18:00:00
4469,102,1,2026-05-18 10:00:00,2026-05-18 20:00:00
4470,59,10,2026-05-31 07:00:00,2026-05-31 19:00:00
4471,64,4,2026-06-02 08:00:00,2026-06-02 16:00:00
4472,116,5,2026-05-01 06:00:00,2026-05-01 12:00:00
4473,214,5,2026-05-30 09:00:00,2026-05-30 15:00:00
4474,270,1,2026-04-24 09:00:00,2026-04-24 21:00:00
4475,182,4,2026-04-07 07:00:00,2026-04-07 15:00:00
4476,147,7,2026-04-16 07:00:00,2026-04-16 15:00:00
4477,114,1,2026-05-04 07:00:00,2026-05-04 13:00:00
4478,151,5,2026-05-29 10:00:00,2026-05-29 20:00:00
4479,158,7,2026-05-28 10:00:00,2026-05-28 20:00:00
4480,217,3,2026-06-26 06:00:00,2026-06-26 18:00:00
4481,178,9,2026-05-23 06:00:00,2026-05-23 12:00:00
4482,116,7,2026-06-10 08:00:00,2026-06-10 16:00:00
4483,225,5,2026-04-20 06:00:00,2026-04-20 18:00:00
4484,220,9,2026-05-18 06:00:00,2026-05-18 16:00:00
4485,106,10,2026-04-12 07:00:00,2026-04-12 19:00:00
4486,294,10,2026-04-20 06:00:00,2026-04-20 18:00:00
4487,104,1,2026-04-18 08:00:00,2026-04-18 16:00:00
4488,79,9,2026-05-27 09:00:00,2026-05-27 17:00:00
4489,185,2,2026-05-11 08:00:00,2026-05-11 18:00:00
4490,286,7,2026-04-29 10:00:00,2026-04-29 18:00:00
4491,3,5,2026-05-11 07:00:00,2026-05-11 13:00:00
4492,80,9,2026-04-16 07:00:00,2026-04-16 17:00:00
4493,154,2,2026-05-28 10:00:00,2026-05-28 22:00:00
4494,70,8,2026-04-18 06:00:00,2026-04-18 12:00:00
4495,151,5,2026-04-07 07:00:00,2026-04-07 17:00:00
4496,264,8,2026-04-21 06:00:00,2026-04-21 14:00:00
4497,266,5,2026-04-11 08:00:00,2026-04-11 18:00:00
4498,171,10,2026-06-07 06:00:00,2026-06-07 18:00:00
4499,207,2,2026-06-16 10:00:00,2026-06-16 20:00:00
4500,153,2,2026-05-06 09:00:00,2026-05-06 17:00:00
4501,128,8,2026-04-15 08:00:00,2026-04-15 20:00:00
4502,139,1,2026-05-11 10:00:00,2026-05-11 18:00:00
4503,273,2,2026-05-26 07:00:00,2026-05-26 19:00:00
4504,63,4,2026-06-17 06:00:00,2026-06-17 14:00:00
4505,87,10,2026-06-27 08:00:00,2026-06-27 16:00:00
4506,101,2,2026-06-24 10:00:00,2026-06-24 20:00:00
4507,266,3,2026-06-12 10:00:00,2026-06-12 20:00:00
4508,170,6,2026-05-31 09:00:00,2026-05-31 15:00:00
4509,68,8,2026-06-25 07:00:00,2026-06-25 13:00:00
4510,269,9,2026-05-12 08:00:00,2026-05-12 14:00:00
4511,275,4,2026-05-18 06:00:00,2026-05-18 14:00:00
4512,270,9,2026-05-30 07:00:00,2026-05-30 15:00:00
4513,72,10,2026-06-14 08:00:00,2026-06-14 20:00:00
4514,253,3,2026-06-07 06:00:00,2026-06-07 16:00:00
4515,97,1,2026-04-19 06:00:00,2026-04-19 14:00:00
4516,215,6,2026-04-22 09:00:00,2026-04-22 19:00:00
4517,40,8,2026-06-26 06:00:00,2026-06-26 18:00:00
4518,42,9,2026-05-16 09:00:00,2026-05-16 17:00:00
4519,145,8,2026-04-03 06:00:00,2026-04-03 18:00:00
4520,172,4,2026-04-02 10:00:00,2026-04-02 20:00:00
4521,278,1,2026-04-21 10:00:00,2026-04-21 16:00:00
4522,287,8,2026-05-14 07:00:00,2026-05-14 15:00:00
4523,272,3,2026-04-28 08:00:00,2026-04-28 20:00:00
4524,88,3,2026-06-08 06:00:00,2026-06-08 16:00:00
4525,80,10,2026-05-07 10:00:00,2026-05-07 22:00:00
4526,99,5,2026-04-06 09:00:00,2026-04-06 19:00:00
4527,209,10,2026-05-17 08:00:00,2026-05-17 16:00:00
4528,269,9,2026-05-10 06:00:00,2026-05-10 12:00:00
4529,88,8,2026-04-05 07:00:00,2026-04-05 13:00:00
4530,52,9,2026-06-07 09:00:00,2026-06-07 21:00:00
4531,94,8,2026-05-09 08:00:00,2026-05-09 18:00:00
4532,110,10,2026-06-27 10:00:00,2026-06-27 22:00:00
4533,131,2,2026-04-05 10:00:00,2026-04-05 18:00:00
4534,280,6,2026-05-04 09:00:00,2026-05-04 15:00:00
4535,238,10,2026-06-05 07:00:00,2026-06-05 19:00:00
4536,48,3,2026-05-21 09:00:00,2026-05-21 19:00:00
4537,31,5,2026-04-17 09:00:00,2026-04-17 15:00:00
4538,157,10,2026-04-24 08:00:00,2026-04-24 18:00:00
4539,252,8,2026-05-29 08:00:00,2026-05-29 14:00:00
4540,138,5,2026-04-13 08:00:00,2026-04-13 16:00:00
4541,175,9,2026-04-11 10:00:00,2026-04-11 18:00:00
4542,177,1,2026-05-14 07:00:00,2026-05-14 13:00:00
4543,34,1,2026-05-12 10:00:00,2026-05-12 18:00:00
4544,197,1,2026-06-23 07:00:00,2026-06-23 15:00:00
4545,255,1,2026-05-16 10:00:00,2026-05-16 18:00:00
4546,273,9,2026-06-13 07:00:00,2026-06-13 17:00:00
4547,31,1,2026-05-17 06:00:00,2026-05-17 12:00:00
4548,72,6,2026-06-16 09:00:00,2026-06-16 19:00:00
4549,31,4,2026-04-19 08:00:00,2026-04-19 16:00:00
4550,186,6,2026-05-05 08:00:00,2026-05-05 14:00:00
4551,234,9,2026-06-27 06:00:00,2026-06-27 12:00:00
4552,177,2,2026-05-16 06:00:00,2026-05-16 12:00:00
4553,273,6,2026-05-21 08:00:00,2026-05-21 14:00:00
4554,243,8,2026-06-13 09:00:00,2026-06-13 17:00:00
4555,110,10,2026-04-29 08:00:00,2026-04-29 14:00:00
4556,204,4,2026-04-21 06:00:00,2026-04-21 12:00:00
4557,271,4,2026-06-01 09:00:00,2026-06-01 19:00:00
4558,176,8,2026-05-03 10:00:00,2026-05-03 20:00:00
4559,143,1,2026-06-08 09:00:00,2026-06-08 15:00:00
4560,33,2,2026-06-29 06:00:00,2026-06-29 14:00:00
4561,195,1,2026-04-06 09:00:00,2026-04-06 21:00:00
4562,265,9,2026-04-21 10:00:00,2026-04-21 16:00:00
4563,113,10,2026-05-14 06:00:00,2026-05-14 14:00:00
4564,58,9,2026-05-04 06:00:00,2026-05-04 12:00:00
4565,300,6,2026-04-25 08:00:00,2026-04-25 18:00:00
4566,129,4,2026-06-01 06:00:00,2026-06-01 16:00:00
4567,252,5,2026-06-06 06:00:00,2026-06-06 18:00:00
4568,31,1,2026-06-29 09:00:00,2026-06-29 19:00:00
4569,142,4,2026-06-21 08:00:00,2026-06-21 16:00:00
4570,96,9,2026-06-22 06:00:00,2026-06-22 12:00:00
4571,20,1,2026-05-24 07:00:00,2026-05-24 13:00:00
4572,145,3,2026-06-01 10:00:00,2026-06-01 18:00:00
4573,184,1,2026-05-22 07:00:00,2026-05-22 19:00:00
4574,17,7,2026-06-01 07:00:00,2026-06-01 19:00:00
4575,255,7,2026-06-26 08:00:00,2026-06-26 18:00:00
4576,119,6,2026-06-10 07:00:00,2026-06-10 15:00:00
4577,241,8,2026-04-02 07:00:00,2026-04-02 19:00:00
4578,122,8,2026-05-21 07:00:00,2026-05-21 15:00:00
4579,27,10,2026-04-04 08:00:00,2026-04-04 16:00:00
4580,127,6,2026-06-08 08:00:00,2026-06-08 20:00:00
4581,231,8,2026-05-07 10:00:00,2026-05-07 18:00:00
4582,232,4,2026-05-28 07:00:00,2026-05-28 15:00:00
4583,109,10,2026-05-09 10:00:00,2026-05-09 18:00:00
4584,28,6,2026-06-25 10:00:00,2026-06-25 20:00:00
4585,3,5,2026-06-13 09:00:00,2026-06-13 21:00:00
4586,124,7,2026-04-06 06:00:00,2026-04-06 12:00:00
4587,266,3,2026-05-18 09:00:00,2026-05-18 15:00:00
4588,66,1,2026-06-26 06:00:00,2026-06-26 18:00:00
4589,18,5,2026-06-22 08:00:00,2026-06-22 18:00:00
4590,102,3,2026-05-13 07:00:00,2026-05-13 17:00:00
4591,171,5,2026-04-12 06:00:00,2026-04-12 18:00:00
4592,188,8,2026-06-13 07:00:00,2026-06-13 13:00:00
4593,178,7,2026-05-27 08:00:00,2026-05-27 16:00:00
4594,212,2,2026-04-18 09:00:00,2026-04-18 19:00:00
4595,51,5,2026-04-07 06:00:00,2026-04-07 12:00:00
4596,156,9,2026-04-29 07:00:00,2026-04-29 19:00:00
4597,95,6,2026-04-01 08:00:00,2026-04-01 20:00:00
4598,225,10,2026-06-19 08:00:00,2026-06-19 20:00:00
4599,261,10,2026-05-12 10:00:00,2026-05-12 22:00:00
4600,192,3,2026-04-21 10:00:00,2026-04-21 22:00:00
4601,251,6,2026-05-04 09:00:00,2026-05-04 19:00:00
4602,32,9,2026-04-07 06:00:00,2026-04-07 16:00:00
4603,194,5,2026-05-25 09:00:00,2026-05-25 19:00:00
4604,212,7,2026-05-16 07:00:00,2026-05-16 19:00:00
4605,87,5,2026-04-28 08:00:00,2026-04-28 20:00:00
4606,18,4,2026-06-16 06:00:00,2026-06-16 18:00:00
4607,184,3,2026-05-25 08:00:00,2026-05-25 18:00:00
4608,31,6,2026-05-30 10:00:00,2026-05-30 16:00:00
4609,226,4,2026-05-06 07:00:00,2026-05-06 13:00:00
4610,260,7,2026-04-07 07:00:00,2026-04-07 15:00:00
4611,234,6,2026-05-21 09:00:00,2026-05-21 21:00:00
4612,35,8,2026-04-18 06:00:00,2026-04-18 18:00:00
4613,199,6,2026-05-09 07:00:00,2026-05-09 13:00:00
4614,90,2,2026-06-22 07:00:00,2026-06-22 19:00:00
4615,247,9,2026-04-09 10:00:00,2026-04-09 20:00:00
4616,110,3,2026-05-10 10:00:00,2026-05-10 22:00:00
4617,30,8,2026-05-10 08:00:00,2026-05-10 14:00:00
4618,85,9,2026-04-01 10:00:00,2026-04-01 16:00:00
4619,288,2,2026-05-23 09:00:00,2026-05-23 19:00:00
4620,91,9,2026-05-04 07:00:00,2026-05-04 17:00:00
4621,223,9,2026-06-09 10:00:00,2026-06-09 20:00:00
4622,236,2,2026-06-05 09:00:00,2026-06-05 19:00:00
4623,193,2,2026-05-22 07:00:00,2026-05-22 19:00:00
4624,157,1,2026-04-26 08:00:00,2026-04-26 16:00:00
4625,52,8,2026-05-05 10:00:00,2026-05-05 18:00:00
4626,154,10,2026-05-26 06:00:00,2026-05-26 18:00:00
4627,254,8,2026-06-07 07:00:00,2026-06-07 13:00:00
4628,197,10,2026-05-22 07:00:00,2026-05-22 15:00:00
4629,26,1,2026-04-18 06:00:00,2026-04-18 18:00:00
4630,223,6,2026-06-21 08:00:00,2026-06-21 18:00:00
4631,103,5,2026-06-13 07:00:00,2026-06-13 13:00:00
4632,297,6,2026-05-26 08:00:00,2026-05-26 20:00:00
4633,33,8,2026-06-26 10:00:00,2026-06-26 16:00:00
4634,243,9,2026-04-02 06:00:00,2026-04-02 14:00:00
4635,94,6,2026-05-09 07:00:00,2026-05-09 15:00:00
4636,48,8,2026-06-08 07:00:00,2026-06-08 15:00:00
4637,159,10,2026-04-02 07:00:00,2026-04-02 19:00:00
4638,240,1,2026-06-05 07:00:00,2026-06-05 17:00:00
4639,239,1,2026-05-25 10:00:00,2026-05-25 22:00:00
4640,24,7,2026-05-01 07:00:00,2026-05-01 13:00:00
4641,117,8,2026-06-19 07:00:00,2026-06-19 17:00:00
4642,31,8,2026-06-14 07:00:00,2026-06-14 15:00:00
4643,150,4,2026-04-15 10:00:00,2026-04-15 18:00:00
4644,245,5,2026-04-27 07:00:00,2026-04-27 13:00:00
4645,126,2,2026-06-15 07:00:00,2026-06-15 13:00:00
4646,130,7,2026-06-03 10:00:00,2026-06-03 18:00:00
4647,234,6,2026-06-06 06:00:00,2026-06-06 18:00:00
4648,94,5,2026-05-21 08:00:00,2026-05-21 18:00:00
4649,276,6,2026-05-31 10:00:00,2026-05-31 18:00:00
4650,113,2,2026-04-19 09:00:00,2026-04-19 19:00:00
4651,198,9,2026-05-27 06:00:00,2026-05-27 18:00:00
4652,120,2,2026-05-12 06:00:00,2026-05-12 14:00:00
4653,244,5,2026-06-19 09:00:00,2026-06-19 19:00:00
4654,199,8,2026-05-20 06:00:00,2026-05-20 18:00:00
4655,285,1,2026-05-10 06:00:00,2026-05-10 14:00:00
4656,139,1,2026-04-09 10:00:00,2026-04-09 20:00:00
4657,247,3,2026-04-22 10:00:00,2026-04-22 20:00:00
4658,93,4,2026-05-28 10:00:00,2026-05-28 22:00:00
4659,230,8,2026-05-17 09:00:00,2026-05-17 21:00:00
4660,253,9,2026-06-07 09:00:00,2026-06-07 19:00:00
4661,233,9,2026-04-29 08:00:00,2026-04-29 14:00:00
4662,8,6,2026-04-14 10:00:00,2026-04-14 20:00:00
4663,112,1,2026-04-17 06:00:00,2026-04-17 14:00:00
4664,81,8,2026-06-26 08:00:00,2026-06-26 20:00:00
4665,55,3,2026-04-01 10:00:00,2026-04-01 20:00:00
4666,201,10,2026-05-09 06:00:00,2026-05-09 18:00:00
4667,64,7,2026-06-24 10:00:00,2026-06-24 22:00:00
4668,111,6,2026-06-12 06:00:00,2026-06-12 16:00:00
4669,91,2,2026-06-19 09:00:00,2026-06-19 15:00:00
4670,141,9,2026-04-16 08:00:00,2026-04-16 20:00:00
4671,196,7,2026-04-05 08:00:00,2026-04-05 18:00:00
4672,70,3,2026-05-08 09:00:00,2026-05-08 21:00:00
4673,205,6,2026-06-17 07:00:00,2026-06-17 13:00:00
4674,282,1,2026-04-22 09:00:00,2026-04-22 15:00:00
4675,146,5,2026-05-09 06:00:00,2026-05-09 16:00:00
4676,279,7,2026-06-27 06:00:00,2026-06-27 18:00:00
4677,6,3,2026-06-19 06:00:00,2026-06-19 14:00:00
4678,261,10,2026-05-23 09:00:00,2026-05-23 19:00:00
4679,164,4,2026-05-08 10:00:00,2026-05-08 20:00:00
4680,265,5,2026-04-29 08:00:00,2026-04-29 18:00:00
4681,240,6,2026-05-06 08:00:00,2026-05-06 18:00:00
4682,240,6,2026-05-27 06:00:00,2026-05-27 14:00:00
4683,179,5,2026-05-23 08:00:00,2026-05-23 18:00:00
4684,59,2,2026-06-05 08:00:00,2026-06-05 20:00:00
4685,143,2,2026-04-02 08:00:00,2026-04-02 20:00:00
4686,216,6,2026-06-12 08:00:00,2026-06-12 16:00:00
4687,271,5,2026-04-04 07:00:00,2026-04-04 15:00:00
4688,13,8,2026-06-25 09:00:00,2026-06-25 15:00:00
4689,19,7,2026-06-06 07:00:00,2026-06-06 13:00:00
4690,295,1,2026-06-24 06:00:00,2026-06-24 12:00:00
4691,11,6,2026-06-19 06:00:00,2026-06-19 18:00:00
4692,13,7,2026-06-04 06:00:00,2026-06-04 18:00:00
4693,42,8,2026-04-13 10:00:00,2026-04-13 22:00:00
4694,254,8,2026-05-20 07:00:00,2026-05-20 17:00:00
4695,124,3,2026-05-15 10:00:00,2026-05-15 20:00:00
4696,289,6,2026-04-24 10:00:00,2026-04-24 16:00:00
4697,188,6,2026-05-10 07:00:00,2026-05-10 13:00:00
4698,168,4,2026-04-19 08:00:00,2026-04-19 18:00:00
4699,182,4,2026-05-14 06:00:00,2026-05-14 16:00:00
4700,230,4,2026-06-24 06:00:00,2026-06-24 18:00:00
4701,35,5,2026-04-05 07:00:00,2026-04-05 13:00:00
4702,153,10,2026-05-03 08:00:00,2026-05-03 14:00:00
4703,100,1,2026-04-22 08:00:00,2026-04-22 20:00:00
4704,250,3,2026-06-24 08:00:00,2026-06-24 20:00:00
4705,199,1,2026-05-13 10:00:00,2026-05-13 20:00:00
4706,159,5,2026-06-07 06:00:00,2026-06-07 14:00:00
4707,21,9,2026-04-16 06:00:00,2026-04-16 16:00:00
4708,154,1,2026-05-31 08:00:00,2026-05-31 14:00:00
4709,201,2,2026-06-02 06:00:00,2026-06-02 16:00:00
4710,40,6,2026-05-16 07:00:00,2026-05-16 19:00:00
4711,137,9,2026-06-14 10:00:00,2026-06-14 18:00:00
4712,96,6,2026-05-23 09:00:00,2026-05-23 21:00:00
4713,263,2,2026-06-28 09:00:00,2026-06-28 21:00:00
4714,51,3,2026-06-29 07:00:00,2026-06-29 19:00:00
4715,60,4,2026-06-03 06:00:00,2026-06-03 16:00:00
4716,292,9,2026-05-24 10:00:00,2026-05-24 18:00:00
4717,157,10,2026-04-19 06:00:00,2026-04-19 14:00:00
4718,254,1,2026-04-03 07:00:00,2026-04-03 19:00:00
4719,49,9,2026-06-21 10:00:00,2026-06-21 20:00:00
4720,77,5,2026-04-03 08:00:00,2026-04-03 18:00:00
4721,62,3,2026-06-15 10:00:00,2026-06-15 22:00:00
4722,246,5,2026-06-23 06:00:00,2026-06-23 16:00:00
4723,210,8,2026-05-31 09:00:00,2026-05-31 15:00:00
4724,280,8,2026-06-29 06:00:00,2026-06-29 16:00:00
4725,195,8,2026-05-05 07:00:00,2026-05-05 19:00:00
4726,3,5,2026-06-02 08:00:00,2026-06-02 18:00:00
4727,127,9,2026-05-05 07:00:00,2026-05-05 15:00:00
4728,138,3,2026-04-11 06:00:00,2026-04-11 14:00:00
4729,116,5,2026-05-28 10:00:00,2026-05-28 16:00:00
4730,2,4,2026-06-01 07:00:00,2026-06-01 19:00:00
4731,31,5,2026-05-07 07:00:00,2026-05-07 17:00:00
4732,125,7,2026-04-10 06:00:00,2026-04-10 14:00:00
4733,194,8,2026-06-18 06:00:00,2026-06-18 16:00:00
4734,40,7,2026-05-28 08:00:00,2026-05-28 20:00:00
4735,163,5,2026-06-16 08:00:00,2026-06-16 14:00:00
4736,61,4,2026-04-25 08:00:00,2026-04-25 18:00:00
4737,95,9,2026-06-22 06:00:00,2026-06-22 18:00:00
4738,147,2,2026-04-02 09:00:00,2026-04-02 17:00:00
4739,104,5,2026-06-04 08:00:00,2026-06-04 14:00:00
4740,178,7,2026-05-03 09:00:00,2026-05-03 17:00:00
4741,4,9,2026-04-10 08:00:00,2026-04-10 14:00:00
4742,41,9,2026-05-09 07:00:00,2026-05-09 19:00:00
4743,70,7,2026-05-16 10:00:00,2026-05-16 18:00:00
4744,122,7,2026-05-01 06:00:00,2026-05-01 12:00:00
4745,252,4,2026-05-09 10:00:00,2026-05-09 20:00:00
4746,182,3,2026-06-23 07:00:00,2026-06-23 19:00:00
4747,37,4,2026-04-12 09:00:00,2026-04-12 21:00:00
4748,142,3,2026-06-03 09:00:00,2026-06-03 15:00:00
4749,254,9,2026-04-18 10:00:00,2026-04-18 16:00:00
4750,219,2,2026-04-09 08:00:00,2026-04-09 16:00:00
4751,15,2,2026-05-22 07:00:00,2026-05-22 17:00:00
4752,261,4,2026-06-27 07:00:00,2026-06-27 15:00:00
4753,261,1,2026-05-19 07:00:00,2026-05-19 17:00:00
4754,37,5,2026-04-28 06:00:00,2026-04-28 14:00:00
4755,201,2,2026-04-17 08:00:00,2026-04-17 18:00:00
4756,152,7,2026-06-04 08:00:00,2026-06-04 16:00:00
4757,232,10,2026-05-20 09:00:00,2026-05-20 19:00:00
4758,166,5,2026-05-20 07:00:00,2026-05-20 17:00:00
4759,132,8,2026-04-16 07:00:00,2026-04-16 19:00:00
4760,291,3,2026-05-04 06:00:00,2026-05-04 18:00:00
4761,5,2,2026-05-22 06:00:00,2026-05-22 14:00:00
4762,63,8,2026-06-02 10:00:00,2026-06-02 20:00:00
4763,190,7,2026-06-17 08:00:00,2026-06-17 16:00:00
4764,115,1,2026-04-19 06:00:00,2026-04-19 14:00:00
4765,119,8,2026-06-13 08:00:00,2026-06-13 14:00:00
4766,164,2,2026-05-30 09:00:00,2026-05-30 15:00:00
4767,221,8,2026-06-06 09:00:00,2026-06-06 17:00:00
4768,206,9,2026-05-16 06:00:00,2026-05-16 16:00:00
4769,275,1,2026-05-12 07:00:00,2026-05-12 15:00:00
4770,3,10,2026-04-03 07:00:00,2026-04-03 17:00:00
4771,225,3,2026-05-24 06:00:00,2026-05-24 14:00:00
4772,136,9,2026-04-03 09:00:00,2026-04-03 21:00:00
4773,50,3,2026-06-17 08:00:00,2026-06-17 14:00:00
4774,43,8,2026-04-29 08:00:00,2026-04-29 14:00:00
4775,134,4,2026-06-19 09:00:00,2026-06-19 17:00:00
4776,243,10,2026-06-20 08:00:00,2026-06-20 16:00:00
4777,64,5,2026-06-26 06:00:00,2026-06-26 16:00:00
4778,279,1,2026-06-18 06:00:00,2026-06-18 12:00:00
4779,256,10,2026-05-13 09:00:00,2026-05-13 17:00:00
4780,130,2,2026-05-07 06:00:00,2026-05-07 12:00:00
4781,71,3,2026-04-16 06:00:00,2026-04-16 16:00:00
4782,96,5,2026-04-03 10:00:00,2026-04-03 22:00:00
4783,251,9,2026-04-02 06:00:00,2026-04-02 12:00:00
4784,235,1,2026-05-08 07:00:00,2026-05-08 17:00:00
4785,79,7,2026-05-01 08:00:00,2026-05-01 16:00:00
4786,126,4,2026-04-02 08:00:00,2026-04-02 20:00:00
4787,124,8,2026-04-07 10:00:00,2026-04-07 20:00:00
4788,247,1,2026-05-16 09:00:00,2026-05-16 19:00:00
4789,9,8,2026-05-14 07:00:00,2026-05-14 13:00:00
4790,280,9,2026-05-03 06:00:00,2026-05-03 14:00:00
4791,132,1,2026-06-22 10:00:00,2026-06-22 16:00:00
4792,227,10,2026-06-28 10:00:00,2026-06-28 18:00:00
4793,31,7,2026-06-18 08:00:00,2026-06-18 20:00:00
4794,59,2,2026-05-04 10:00:00,2026-05-04 16:00:00
4795,124,10,2026-04-29 10:00:00,2026-04-29 16:00:00
4796,98,1,2026-05-16 06:00:00,2026-05-16 12:00:00
4797,241,8,2026-04-23 09:00:00,2026-04-23 17:00:00
4798,249,6,2026-04-10 08:00:00,2026-04-10 20:00:00
4799,272,7,2026-04-11 08:00:00,2026-04-11 18:00:00
4800,31,2,2026-05-01 09:00:00,2026-05-01 15:00:00
4801,280,7,2026-06-16 06:00:00,2026-06-16 14:00:00
4802,252,2,2026-06-03 09:00:00,2026-06-03 19:00:00
4803,65,4,2026-05-09 07:00:00,2026-05-09 15:00:00
4804,136,2,2026-04-20 07:00:00,2026-04-20 15:00:00
4805,276,3,2026-05-27 06:00:00,2026-05-27 14:00:00
4806,14,7,2026-04-30 06:00:00,2026-04-30 18:00:00
4807,214,4,2026-06-14 06:00:00,2026-06-14 18:00:00
4808,288,5,2026-04-26 07:00:00,2026-04-26 17:00:00
4809,222,8,2026-04-11 09:00:00,2026-04-11 21:00:00
4810,149,10,2026-05-16 07:00:00,2026-05-16 15:00:00
4811,27,10,2026-04-01 06:00:00,2026-04-01 12:00:00
4812,76,4,2026-05-18 10:00:00,2026-05-18 22:00:00
4813,219,10,2026-05-25 07:00:00,2026-05-25 17:00:00
4814,217,9,2026-05-01 09:00:00,2026-05-01 19:00:00
4815,146,6,2026-06-18 09:00:00,2026-06-18 19:00:00
4816,28,9,2026-05-02 09:00:00,2026-05-02 17:00:00
4817,72,10,2026-04-27 06:00:00,2026-04-27 12:00:00
4818,189,9,2026-05-22 09:00:00,2026-05-22 21:00:00
4819,175,7,2026-05-27 09:00:00,2026-05-27 15:00:00
4820,78,9,2026-06-11 07:00:00,2026-06-11 15:00:00
4821,235,10,2026-05-14 10:00:00,2026-05-14 22:00:00
4822,46,7,2026-05-16 10:00:00,2026-05-16 20:00:00
4823,199,1,2026-06-17 07:00:00,2026-06-17 19:00:00
4824,50,6,2026-05-22 07:00:00,2026-05-22 17:00:00
4825,110,7,2026-05-17 07:00:00,2026-05-17 15:00:00
4826,134,9,2026-05-25 07:00:00,2026-05-25 19:00:00
4827,27,10,2026-05-21 10:00:00,2026-05-21 18:00:00
4828,245,1,2026-05-05 08:00:00,2026-05-05 16:00:00
4829,165,4,2026-06-17 08:00:00,2026-06-17 18:00:00
4830,110,1,2026-04-17 06:00:00,2026-04-17 18:00:00
4831,58,3,2026-06-17 07:00:00,2026-06-17 15:00:00
4832,102,10,2026-06-28 08:00:00,2026-06-28 16:00:00
4833,288,3,2026-04-18 08:00:00,2026-04-18 14:00:00
4834,283,5,2026-05-17 07:00:00,2026-05-17 17:00:00
4835,189,8,2026-04-17 07:00:00,2026-04-17 19:00:00
4836,197,8,2026-04-19 08:00:00,2026-04-19 18:00:00
4837,172,8,2026-05-25 08:00:00,2026-05-25 16:00:00
4838,298,3,2026-06-25 09:00:00,2026-06-25 21:00:00
4839,84,6,2026-06-23 10:00:00,2026-06-23 22:00:00
4840,47,2,2026-06-24 09:00:00,2026-06-24 15:00:00
4841,20,3,2026-05-19 07:00:00,2026-05-19 19:00:00
4842,108,2,2026-04-18 08:00:00,2026-04-18 20:00:00
4843,274,9,2026-05-24 10:00:00,2026-05-24 18:00:00
4844,290,9,2026-06-20 07:00:00,2026-06-20 13:00:00
4845,15,4,2026-06-26 08:00:00,2026-06-26 14:00:00
4846,82,2,2026-05-25 08:00:00,2026-05-25 14:00:00
4847,280,6,2026-06-24 06:00:00,2026-06-24 18:00:00
4848,164,7,2026-05-18 10:00:00,2026-05-18 22:00:00
4849,263,3,2026-05-29 09:00:00,2026-05-29 17:00:00
4850,223,5,2026-06-07 06:00:00,2026-06-07 16:00:00
4851,284,10,2026-06-20 06:00:00,2026-06-20 18:00:00
4852,122,9,2026-04-27 06:00:00,2026-04-27 16:00:00
4853,28,3,2026-05-06 09:00:00,2026-05-06 21:00:00
4854,18,8,2026-05-06 09:00:00,2026-05-06 19:00:00
4855,174,3,2026-04-11 07:00:00,2026-04-11 17:00:00
4856,70,9,2026-04-24 10:00:00,2026-04-24 16:00:00
4857,154,3,2026-06-26 09:00:00,2026-06-26 17:00:00
4858,148,1,2026-05-03 10:00:00,2026-05-03 20:00:00
4859,277,4,2026-04-21 07:00:00,2026-04-21 19:00:00
4860,243,10,2026-06-10 06:00:00,2026-06-10 18:00:00
4861,20,5,2026-06-01 06:00:00,2026-06-01 18:00:00
4862,104,4,2026-06-03 08:00:00,2026-06-03 16:00:00
4863,113,7,2026-05-12 06:00:00,2026-05-12 14:00:00
4864,51,2,2026-06-05 10:00:00,2026-06-05 22:00:00
4865,281,10,2026-04-04 06:00:00,2026-04-04 14:00:00
4866,178,9,2026-06-29 06:00:00,2026-06-29 16:00:00
4867,300,10,2026-04-14 08:00:00,2026-04-14 18:00:00
4868,190,4,2026-04-19 06:00:00,2026-04-19 14:00:00
4869,291,3,2026-05-08 08:00:00,2026-05-08 18:00:00
4870,253,8,2026-05-12 06:00:00,2026-05-12 18:00:00
4871,204,5,2026-06-10 07:00:00,2026-06-10 17:00:00
4872,207,2,2026-06-03 09:00:00,2026-06-03 17:00:00
4873,164,6,2026-06-01 06:00:00,2026-06-01 18:00:00
4874,286,4,2026-04-01 10:00:00,2026-04-01 20:00:00
4875,110,5,2026-05-09 07:00:00,2026-05-09 17:00:00
4876,216,10,2026-04-08 10:00:00,2026-04-08 16:00:00
4877,65,9,2026-04-28 07:00:00,2026-04-28 15:00:00
4878,239,3,2026-04-10 07:00:00,2026-04-10 19:00:00
4879,194,7,2026-06-17 06:00:00,2026-06-17 18:00:00
4880,165,8,2026-04-28 06:00:00,2026-04-28 18:00:00
4881,236,5,2026-06-15 08:00:00,2026-06-15 20:00:00
4882,130,2,2026-04-23 06:00:00,2026-04-23 18:00:00
4883,167,7,2026-05-22 06:00:00,2026-05-22 12:00:00
4884,15,1,2026-05-11 10:00:00,2026-05-11 18:00:00
4885,42,9,2026-04-05 07:00:00,2026-04-05 19:00:00
4886,167,6,2026-06-10 07:00:00,2026-06-10 13:00:00
4887,97,10,2026-05-21 06:00:00,2026-05-21 14:00:00
4888,70,7,2026-06-02 09:00:00,2026-06-02 17:00:00
4889,225,5,2026-04-14 08:00:00,2026-04-14 16:00:00
4890,168,4,2026-05-27 06:00:00,2026-05-27 18:00:00
4891,268,4,2026-06-09 10:00:00,2026-06-09 16:00:00
4892,261,5,2026-04-19 06:00:00,2026-04-19 16:00:00
4893,264,10,2026-05-23 09:00:00,2026-05-23 21:00:00
4894,16,10,2026-04-01 10:00:00,2026-04-01 18:00:00
4895,51,2,2026-05-03 10:00:00,2026-05-03 20:00:00
4896,281,3,2026-06-01 07:00:00,2026-06-01 17:00:00
4897,150,5,2026-04-28 10:00:00,2026-04-28 18:00:00
4898,285,5,2026-04-10 10:00:00,2026-04-10 22:00:00
4899,12,5,2026-06-07 09:00:00,2026-06-07 21:00:00
4900,293,9,2026-06-14 09:00:00,2026-06-14 17:00:00
4901,11,5,2026-05-26 07:00:00,2026-05-26 13:00:00
4902,62,2,2026-06-04 10:00:00,2026-06-04 20:00:00
4903,183,8,2026-04-23 06:00:00,2026-04-23 14:00:00
4904,185,2,2026-06-04 08:00:00,2026-06-04 14:00:00
4905,234,1,2026-05-19 07:00:00,2026-05-19 13:00:00
4906,135,3,2026-05-17 06:00:00,2026-05-17 18:00:00
4907,23,2,2026-06-06 07:00:00,2026-06-06 17:00:00
4908,132,2,2026-04-02 09:00:00,2026-04-02 17:00:00
4909,73,9,2026-06-12 07:00:00,2026-06-12 17:00:00
4910,175,3,2026-06-27 09:00:00,2026-06-27 21:00:00
4911,195,6,2026-06-11 07:00:00,2026-06-11 13:00:00
4912,267,1,2026-06-25 10:00:00,2026-06-25 20:00:00
4913,296,1,2026-06-09 08:00:00,2026-06-09 14:00:00
4914,143,9,2026-05-26 06:00:00,2026-05-26 18:00:00
4915,10,6,2026-04-15 08:00:00,2026-04-15 14:00:00
4916,196,3,2026-04-23 10:00:00,2026-04-23 22:00:00
4917,139,1,2026-06-21 06:00:00,2026-06-21 16:00:00
4918,164,8,2026-06-28 07:00:00,2026-06-28 17:00:00
4919,258,7,2026-04-06 07:00:00,2026-04-06 13:00:00
4920,201,6,2026-05-13 08:00:00,2026-05-13 20:00:00
4921,195,4,2026-04-23 07:00:00,2026-04-23 13:00:00
4922,70,10,2026-06-20 08:00:00,2026-06-20 18:00:00
4923,44,9,2026-05-02 07:00:00,2026-05-02 19:00:00
4924,22,9,2026-05-26 08:00:00,2026-05-26 20:00:00
4925,285,9,2026-06-13 07:00:00,2026-06-13 19:00:00
4926,168,6,2026-05-04 06:00:00,2026-05-04 18:00:00
4927,227,8,2026-05-27 06:00:00,2026-05-27 16:00:00
4928,9,1,2026-06-07 07:00:00,2026-06-07 13:00:00
4929,13,9,2026-04-05 06:00:00,2026-04-05 18:00:00
4930,242,4,2026-06-27 06:00:00,2026-06-27 18:00:00
4931,256,8,2026-06-18 09:00:00,2026-06-18 15:00:00
4932,145,5,2026-04-14 07:00:00,2026-04-14 19:00:00
4933,174,8,2026-04-28 08:00:00,2026-04-28 20:00:00
4934,151,10,2026-04-28 10:00:00,2026-04-28 22:00:00
4935,17,2,2026-05-22 09:00:00,2026-05-22 17:00:00
4936,138,8,2026-04-28 06:00:00,2026-04-28 12:00:00
4937,55,9,2026-05-30 09:00:00,2026-05-30 15:00:00
4938,272,10,2026-06-05 09:00:00,2026-06-05 15:00:00
4939,272,4,2026-05-07 10:00:00,2026-05-07 16:00:00
4940,54,5,2026-06-20 09:00:00,2026-06-20 19:00:00
4941,186,3,2026-04-17 08:00:00,2026-04-17 20:00:00
4942,270,10,2026-05-28 09:00:00,2026-05-28 19:00:00
4943,201,2,2026-04-10 09:00:00,2026-04-10 21:00:00
4944,10,7,2026-06-21 09:00:00,2026-06-21 19:00:00
4945,127,8,2026-04-14 06:00:00,2026-04-14 12:00:00
4946,189,10,2026-05-02 09:00:00,2026-05-02 15:00:00
4947,88,3,2026-06-11 06:00:00,2026-06-11 16:00:00
4948,187,8,2026-05-07 09:00:00,2026-05-07 19:00:00
4949,47,2,2026-06-26 10:00:00,2026-06-26 16:00:00
4950,63,5,2026-06-21 09:00:00,2026-06-21 17:00:00
4951,204,3,2026-06-27 08:00:00,2026-06-27 18:00:00
4952,287,2,2026-05-06 07:00:00,2026-05-06 15:00:00
4953,82,3,2026-05-16 09:00:00,2026-05-16 17:00:00
4954,221,10,2026-06-21 08:00:00,2026-06-21 20:00:00
4955,122,4,2026-05-24 08:00:00,2026-05-24 16:00:00
4956,45,7,2026-05-03 10:00:00,2026-05-03 16:00:00
4957,119,6,2026-04-20 10:00:00,2026-04-20 18:00:00
4958,287,3,2026-04-14 06:00:00,2026-04-14 18:00:00
4959,189,7,2026-06-27 08:00:00,2026-06-27 14:00:00
4960,163,5,2026-06-19 08:00:00,2026-06-19 14:00:00
4961,253,2,2026-04-07 10:00:00,2026-04-07 20:00:00
4962,84,2,2026-04-02 06:00:00,2026-04-02 18:00:00
4963,296,9,2026-04-12 08:00:00,2026-04-12 16:00:00
4964,7,4,2026-06-14 08:00:00,2026-06-14 20:00:00
4965,268,4,2026-04-30 09:00:00,2026-04-30 19:00:00
4966,204,3,2026-04-17 09:00:00,2026-04-17 17:00:00
4967,133,8,2026-06-02 08:00:00,2026-06-02 16:00:00
4968,204,6,2026-05-15 07:00:00,2026-05-15 19:00:00
4969,205,3,2026-04-16 09:00:00,2026-04-16 19:00:00
4970,186,5,2026-06-14 08:00:00,2026-06-14 16:00:00
4971,114,8,2026-05-12 10:00:00,2026-05-12 20:00:00
4972,297,7,2026-05-27 06:00:00,2026-05-27 12:00:00
4973,31,6,2026-05-03 08:00:00,2026-05-03 20:00:00
4974,270,2,2026-06-16 08:00:00,2026-06-16 18:00:00
4975,85,10,2026-06-15 07:00:00,2026-06-15 17:00:00
4976,172,8,2026-05-28 09:00:00,2026-05-28 15:00:00
4977,194,3,2026-06-01 07:00:00,2026-06-01 19:00:00
4978,261,5,2026-06-15 08:00:00,2026-06-15 14:00:00
4979,15,5,2026-06-12 10:00:00,2026-06-12 22:00:00
4980,161,1,2026-06-23 09:00:00,2026-06-23 19:00:00
4981,182,3,2026-06-09 10:00:00,2026-06-09 16:00:00
4982,127,9,2026-05-25 07:00:00,2026-05-25 15:00:00
4983,205,9,2026-04-04 06:00:00,2026-04-04 12:00:00
4984,191,10,2026-06-04 09:00:00,2026-06-04 17:00:00
4985,197,10,2026-05-22 09:00:00,2026-05-22 15:00:00
4986,160,1,2026-06-01 10:00:00,2026-06-01 22:00:00
4987,138,6,2026-06-24 09:00:00,2026-06-24 21:00:00
4988,180,4,2026-06-14 10:00:00,2026-06-14 18:00:00
4989,248,10,2026-04-25 09:00:00,2026-04-25 21:00:00
4990,23,7,2026-06-12 10:00:00,2026-06-12 18:00:00
4991,71,10,2026-05-19 07:00:00,2026-05-19 17:00:00
4992,29,2,2026-06-06 07:00:00,2026-06-06 15:00:00
4993,214,1,2026-05-14 07:00:00,2026-05-14 15:00:00
4994,112,4,2026-04-24 10:00:00,2026-04-24 18:00:00
4995,133,10,2026-06-15 07:00:00,2026-06-15 13:00:00
4996,62,9,2026-05-17 09:00:00,2026-05-17 15:00:00
4997,64,9,2026-06-23 08:00:00,2026-06-23 14:00:00
4998,29,6,2026-05-24 09:00:00,2026-05-24 15:00:00
4999,264,8,2026-04-08 08:00:00,2026-04-08 20:00:00
5000,267,1,2026-06-29 10:00:00,2026-06-29 22:00:00
5001,231,4,2026-06-29 07:00:00,2026-06-29 19:00:00
5002,289,2,2026-04-07 06:00:00,2026-04-07 12:00:00
5003,233,5,2026-05-24 06:00:00,2026-05-24 16:00:00
5004,267,3,2026-05-30 10:00:00,2026-05-30 18:00:00
5005,266,9,2026-05-01 09:00:00,2026-05-01 15:00:00
5006,145,3,2026-06-17 08:00:00,2026-06-17 18:00:00
5007,126,2,2026-04-14 09:00:00,2026-04-14 15:00:00
5008,116,5,2026-04-07 07:00:00,2026-04-07 17:00:00
5009,67,4,2026-04-28 06:00:00,2026-04-28 16:00:00
5010,41,1,2026-05-16 07:00:00,2026-05-16 13:00:00
5011,242,5,2026-05-23 09:00:00,2026-05-23 15:00:00
5012,283,7,2026-06-25 07:00:00,2026-06-25 13:00:00
5013,77,6,2026-04-07 08:00:00,2026-04-07 14:00:00
5014,90,1,2026-05-04 07:00:00,2026-05-04 19:00:00
5015,124,1,2026-06-14 06:00:00,2026-06-14 14:00:00
5016,33,1,2026-04-29 06:00:00,2026-04-29 16:00:00
5017,203,1,2026-04-05 06:00:00,2026-04-05 14:00:00
5018,103,1,2026-05-15 09:00:00,2026-05-15 17:00:00
5019,233,4,2026-04-17 09:00:00,2026-04-17 21:00:00
5020,115,2,2026-04-27 10:00:00,2026-04-27 22:00:00
5021,176,3,2026-04-03 07:00:00,2026-04-03 17:00:00
5022,20,7,2026-04-13 06:00:00,2026-04-13 16:00:00
5023,100,6,2026-05-04 07:00:00,2026-05-04 13:00:00
5024,134,2,2026-05-31 10:00:00,2026-05-31 18:00:00
5025,72,10,2026-05-23 08:00:00,2026-05-23 20:00:00
5026,223,7,2026-04-09 09:00:00,2026-04-09 21:00:00
5027,284,2,2026-04-18 10:00:00,2026-04-18 20:00:00
5028,207,10,2026-04-24 06:00:00,2026-04-24 18:00:00
5029,100,7,2026-05-04 09:00:00,2026-05-04 17:00:00
5030,246,6,2026-04-08 07:00:00,2026-04-08 15:00:00
5031,64,4,2026-04-25 09:00:00,2026-04-25 15:00:00
5032,255,4,2026-04-20 07:00:00,2026-04-20 13:00:00
5033,210,9,2026-06-08 10:00:00,2026-06-08 16:00:00
5034,283,2,2026-04-01 10:00:00,2026-04-01 20:00:00
5035,170,4,2026-04-23 10:00:00,2026-04-23 16:00:00
5036,202,2,2026-05-04 09:00:00,2026-05-04 19:00:00
5037,155,6,2026-04-27 08:00:00,2026-04-27 20:00:00
5038,213,7,2026-04-22 08:00:00,2026-04-22 18:00:00
5039,177,8,2026-05-20 06:00:00,2026-05-20 12:00:00
5040,16,7,2026-06-05 08:00:00,2026-06-05 14:00:00
5041,202,3,2026-04-03 08:00:00,2026-04-03 18:00:00
5042,211,4,2026-04-03 08:00:00,2026-04-03 14:00:00
5043,254,4,2026-04-16 10:00:00,2026-04-16 22:00:00
5044,50,9,2026-06-15 10:00:00,2026-06-15 16:00:00
5045,143,9,2026-04-03 09:00:00,2026-04-03 17:00:00
5046,156,8,2026-04-08 07:00:00,2026-04-08 13:00:00
5047,105,10,2026-06-04 06:00:00,2026-06-04 16:00:00
5048,94,4,2026-05-09 08:00:00,2026-05-09 18:00:00
5049,8,6,2026-06-15 09:00:00,2026-06-15 19:00:00
5050,64,1,2026-06-12 07:00:00,2026-06-12 17:00:00
5051,173,3,2026-06-28 08:00:00,2026-06-28 14:00:00
5052,98,10,2026-05-20 07:00:00,2026-05-20 19:00:00
5053,217,3,2026-05-28 10:00:00,2026-05-28 16:00:00
5054,278,3,2026-05-15 07:00:00,2026-05-15 13:00:00
5055,103,6,2026-06-23 07:00:00,2026-06-23 15:00:00
5056,31,3,2026-04-03 10:00:00,2026-04-03 16:00:00
5057,256,8,2026-05-23 10:00:00,2026-05-23 22:00:00
5058,103,10,2026-05-21 06:00:00,2026-05-21 16:00:00
5059,296,5,2026-05-07 09:00:00,2026-05-07 21:00:00
5060,209,6,2026-06-12 09:00:00,2026-06-12 15:00:00
5061,83,6,2026-06-13 10:00:00,2026-06-13 18:00:00
5062,8,3,2026-05-05 07:00:00,2026-05-05 19:00:00
5063,134,10,2026-04-27 07:00:00,2026-04-27 13:00:00
5064,138,6,2026-06-15 10:00:00,2026-06-15 22:00:00
5065,49,9,2026-05-11 09:00:00,2026-05-11 19:00:00
5066,144,3,2026-04-06 09:00:00,2026-04-06 15:00:00
5067,127,2,2026-04-03 07:00:00,2026-04-03 15:00:00
5068,204,7,2026-06-25 08:00:00,2026-06-25 20:00:00
5069,177,3,2026-06-09 07:00:00,2026-06-09 17:00:00
5070,218,8,2026-05-10 09:00:00,2026-05-10 19:00:00
5071,62,10,2026-06-01 09:00:00,2026-06-01 21:00:00
5072,272,4,2026-06-22 06:00:00,2026-06-22 16:00:00
5073,196,3,2026-06-23 10:00:00,2026-06-23 16:00:00
5074,34,10,2026-05-30 08:00:00,2026-05-30 14:00:00
5075,58,8,2026-05-07 06:00:00,2026-05-07 16:00:00
5076,94,8,2026-05-19 10:00:00,2026-05-19 18:00:00
5077,206,7,2026-06-25 07:00:00,2026-06-25 15:00:00
5078,14,8,2026-05-04 07:00:00,2026-05-04 13:00:00
5079,70,9,2026-04-25 06:00:00,2026-04-25 18:00:00
5080,56,10,2026-04-20 10:00:00,2026-04-20 20:00:00
5081,296,2,2026-05-10 09:00:00,2026-05-10 17:00:00
5082,158,7,2026-06-15 08:00:00,2026-06-15 20:00:00
5083,50,4,2026-05-20 08:00:00,2026-05-20 20:00:00
5084,261,5,2026-04-22 06:00:00,2026-04-22 18:00:00
5085,33,4,2026-06-03 06:00:00,2026-06-03 16:00:00
5086,238,7,2026-04-26 06:00:00,2026-04-26 12:00:00
5087,85,9,2026-05-27 07:00:00,2026-05-27 15:00:00
5088,105,4,2026-06-12 06:00:00,2026-06-12 12:00:00
5089,286,1,2026-04-17 08:00:00,2026-04-17 16:00:00
5090,69,4,2026-04-17 09:00:00,2026-04-17 19:00:00
5091,241,7,2026-04-19 06:00:00,2026-04-19 16:00:00
5092,250,3,2026-06-11 07:00:00,2026-06-11 17:00:00
5093,70,8,2026-06-28 09:00:00,2026-06-28 19:00:00
5094,281,10,2026-04-30 09:00:00,2026-04-30 15:00:00
5095,263,5,2026-04-21 08:00:00,2026-04-21 20:00:00
5096,90,5,2026-05-09 06:00:00,2026-05-09 18:00:00
5097,111,5,2026-05-19 09:00:00,2026-05-19 15:00:00
5098,221,4,2026-05-29 07:00:00,2026-05-29 19:00:00
5099,261,10,2026-04-30 10:00:00,2026-04-30 18:00:00
5100,289,3,2026-05-24 09:00:00,2026-05-24 15:00:00
5101,244,3,2026-04-04 10:00:00,2026-04-04 16:00:00
5102,120,5,2026-06-20 06:00:00,2026-06-20 12:00:00
5103,195,4,2026-05-23 10:00:00,2026-05-23 16:00:00
5104,282,5,2026-04-24 09:00:00,2026-04-24 15:00:00
5105,247,10,2026-04-24 10:00:00,2026-04-24 18:00:00
5106,19,2,2026-04-06 10:00:00,2026-04-06 20:00:00
5107,240,1,2026-05-17 10:00:00,2026-05-17 16:00:00
5108,192,3,2026-05-27 09:00:00,2026-05-27 17:00:00
5109,30,4,2026-04-05 06:00:00,2026-04-05 18:00:00
5110,211,9,2026-04-20 07:00:00,2026-04-20 19:00:00
5111,144,5,2026-05-19 10:00:00,2026-05-19 16:00:00
5112,166,2,2026-06-21 08:00:00,2026-06-21 16:00:00
5113,113,8,2026-04-02 06:00:00,2026-04-02 16:00:00
5114,52,5,2026-05-18 09:00:00,2026-05-18 17:00:00
5115,177,2,2026-04-29 10:00:00,2026-04-29 16:00:00
5116,41,6,2026-06-25 06:00:00,2026-06-25 14:00:00
5117,54,9,2026-04-08 09:00:00,2026-04-08 15:00:00
5118,227,6,2026-04-08 07:00:00,2026-04-08 19:00:00
5119,250,10,2026-06-23 08:00:00,2026-06-23 16:00:00
5120,157,3,2026-05-21 10:00:00,2026-05-21 22:00:00
5121,284,4,2026-06-22 06:00:00,2026-06-22 16:00:00
5122,262,7,2026-06-22 09:00:00,2026-06-22 17:00:00
5123,18,1,2026-05-14 10:00:00,2026-05-14 22:00:00
5124,209,2,2026-05-24 08:00:00,2026-05-24 18:00:00
5125,99,7,2026-06-28 10:00:00,2026-06-28 18:00:00
5126,46,4,2026-04-23 07:00:00,2026-04-23 17:00:00
5127,95,8,2026-05-20 07:00:00,2026-05-20 13:00:00
5128,63,8,2026-05-07 07:00:00,2026-05-07 19:00:00
5129,68,4,2026-06-13 09:00:00,2026-06-13 17:00:00
5130,38,4,2026-06-03 10:00:00,2026-06-03 16:00:00
5131,160,5,2026-04-09 10:00:00,2026-04-09 20:00:00
5132,293,2,2026-04-05 06:00:00,2026-04-05 18:00:00
5133,253,6,2026-04-12 06:00:00,2026-04-12 12:00:00
5134,39,5,2026-05-24 09:00:00,2026-05-24 21:00:00
5135,178,6,2026-04-28 09:00:00,2026-04-28 15:00:00
5136,41,6,2026-06-07 09:00:00,2026-06-07 19:00:00
5137,67,8,2026-04-13 09:00:00,2026-04-13 21:00:00
5138,290,4,2026-04-27 10:00:00,2026-04-27 22:00:00
5139,206,1,2026-05-27 09:00:00,2026-05-27 19:00:00
5140,7,3,2026-06-23 06:00:00,2026-06-23 14:00:00
5141,293,3,2026-05-26 09:00:00,2026-05-26 15:00:00
5142,104,2,2026-04-21 06:00:00,2026-04-21 18:00:00
5143,256,2,2026-05-04 08:00:00,2026-05-04 18:00:00
5144,288,2,2026-06-03 08:00:00,2026-06-03 16:00:00
5145,61,5,2026-06-18 09:00:00,2026-06-18 15:00:00
5146,279,8,2026-05-15 08:00:00,2026-05-15 14:00:00
5147,263,7,2026-06-23 07:00:00,2026-06-23 19:00:00
5148,247,10,2026-05-03 07:00:00,2026-05-03 13:00:00
5149,77,2,2026-04-20 08:00:00,2026-04-20 16:00:00
5150,44,3,2026-05-31 10:00:00,2026-05-31 16:00:00
5151,148,9,2026-06-25 07:00:00,2026-06-25 17:00:00
5152,113,5,2026-05-05 10:00:00,2026-05-05 16:00:00
5153,196,4,2026-04-14 07:00:00,2026-04-14 19:00:00
5154,214,2,2026-04-04 09:00:00,2026-04-04 19:00:00
5155,163,5,2026-04-03 09:00:00,2026-04-03 21:00:00
5156,300,1,2026-04-25 09:00:00,2026-04-25 21:00:00
5157,208,6,2026-06-17 10:00:00,2026-06-17 22:00:00
5158,89,9,2026-04-10 10:00:00,2026-04-10 16:00:00
5159,182,7,2026-04-06 08:00:00,2026-04-06 14:00:00
5160,104,3,2026-05-09 09:00:00,2026-05-09 15:00:00
5161,9,1,2026-04-26 06:00:00,2026-04-26 12:00:00
5162,120,2,2026-04-17 06:00:00,2026-04-17 16:00:00
5163,240,5,2026-06-27 07:00:00,2026-06-27 15:00:00
5164,98,7,2026-06-02 06:00:00,2026-06-02 14:00:00
5165,56,3,2026-05-09 10:00:00,2026-05-09 22:00:00
5166,193,9,2026-06-16 09:00:00,2026-06-16 21:00:00
5167,265,4,2026-05-24 06:00:00,2026-05-24 18:00:00
5168,86,5,2026-06-25 08:00:00,2026-06-25 14:00:00
5169,148,1,2026-06-28 08:00:00,2026-06-28 20:00:00
5170,170,3,2026-05-26 09:00:00,2026-05-26 21:00:00
5171,65,5,2026-04-09 07:00:00,2026-04-09 19:00:00
5172,125,7,2026-04-13 06:00:00,2026-04-13 18:00:00
5173,272,1,2026-06-20 10:00:00,2026-06-20 20:00:00
5174,76,10,2026-04-06 10:00:00,2026-04-06 16:00:00
5175,65,9,2026-04-24 07:00:00,2026-04-24 19:00:00
5176,101,5,2026-05-07 09:00:00,2026-05-07 15:00:00
5177,243,1,2026-06-27 08:00:00,2026-06-27 18:00:00
5178,128,2,2026-04-24 07:00:00,2026-04-24 13:00:00
5179,51,5,2026-05-19 09:00:00,2026-05-19 21:00:00
5180,84,3,2026-05-05 10:00:00,2026-05-05 20:00:00
5181,231,1,2026-04-02 08:00:00,2026-04-02 16:00:00
5182,66,6,2026-04-16 06:00:00,2026-04-16 18:00:00
5183,23,1,2026-06-12 09:00:00,2026-06-12 21:00:00
5184,169,4,2026-06-13 10:00:00,2026-06-13 20:00:00
5185,131,7,2026-06-14 07:00:00,2026-06-14 17:00:00
5186,237,2,2026-05-13 09:00:00,2026-05-13 19:00:00
5187,20,1,2026-06-05 08:00:00,2026-06-05 14:00:00
5188,100,8,2026-04-12 06:00:00,2026-04-12 12:00:00
5189,55,3,2026-06-25 08:00:00,2026-06-25 18:00:00
5190,45,4,2026-05-09 06:00:00,2026-05-09 12:00:00
5191,155,10,2026-05-30 06:00:00,2026-05-30 14:00:00
5192,211,6,2026-06-24 10:00:00,2026-06-24 18:00:00
5193,269,8,2026-05-27 10:00:00,2026-05-27 20:00:00
5194,32,5,2026-04-27 10:00:00,2026-04-27 16:00:00
5195,26,4,2026-05-16 09:00:00,2026-05-16 19:00:00
5196,161,7,2026-06-09 09:00:00,2026-06-09 17:00:00
5197,22,9,2026-06-22 08:00:00,2026-06-22 18:00:00
5198,216,4,2026-06-29 09:00:00,2026-06-29 15:00:00
5199,24,2,2026-06-23 08:00:00,2026-06-23 20:00:00
5200,208,5,2026-04-07 10:00:00,2026-04-07 20:00:00
5201,166,1,2026-05-25 06:00:00,2026-05-25 12:00:00
5202,184,4,2026-05-17 08:00:00,2026-05-17 16:00:00
5203,146,10,2026-06-06 10:00:00,2026-06-06 16:00:00
5204,57,8,2026-05-10 09:00:00,2026-05-10 17:00:00
5205,59,9,2026-04-25 09:00:00,2026-04-25 15:00:00
5206,237,7,2026-06-02 09:00:00,2026-06-02 21:00:00
5207,78,1,2026-05-12 10:00:00,2026-05-12 20:00:00
5208,298,9,2026-05-17 07:00:00,2026-05-17 17:00:00
5209,28,6,2026-05-28 10:00:00,2026-05-28 20:00:00
5210,124,10,2026-06-13 08:00:00,2026-06-13 18:00:00
5211,150,2,2026-06-14 07:00:00,2026-06-14 17:00:00
5212,277,2,2026-04-14 09:00:00,2026-04-14 17:00:00
5213,296,7,2026-05-03 09:00:00,2026-05-03 21:00:00
5214,44,6,2026-04-23 06:00:00,2026-04-23 12:00:00
5215,33,9,2026-04-15 07:00:00,2026-04-15 15:00:00
5216,256,2,2026-04-04 07:00:00,2026-04-04 15:00:00
5217,18,9,2026-05-25 06:00:00,2026-05-25 18:00:00
5218,62,10,2026-06-16 08:00:00,2026-06-16 20:00:00
5219,133,5,2026-06-15 06:00:00,2026-06-15 14:00:00
5220,222,7,2026-04-25 08:00:00,2026-04-25 18:00:00
5221,110,7,2026-05-04 08:00:00,2026-05-04 18:00:00
5222,184,1,2026-05-13 07:00:00,2026-05-13 15:00:00
5223,102,3,2026-06-19 06:00:00,2026-06-19 14:00:00
5224,178,7,2026-04-10 06:00:00,2026-04-10 16:00:00
5225,283,9,2026-06-04 06:00:00,2026-06-04 16:00:00
5226,53,6,2026-04-11 08:00:00,2026-04-11 20:00:00
5227,52,6,2026-05-09 07:00:00,2026-05-09 15:00:00
5228,201,3,2026-04-03 08:00:00,2026-04-03 20:00:00
5229,99,5,2026-04-29 10:00:00,2026-04-29 22:00:00
5230,138,3,2026-04-27 09:00:00,2026-04-27 19:00:00
5231,264,3,2026-05-14 07:00:00,2026-05-14 15:00:00
5232,298,8,2026-05-31 08:00:00,2026-05-31 18:00:00
5233,217,1,2026-05-17 07:00:00,2026-05-17 13:00:00
5234,61,9,2026-05-23 07:00:00,2026-05-23 13:00:00
5235,233,10,2026-05-05 09:00:00,2026-05-05 21:00:00
5236,256,6,2026-06-14 07:00:00,2026-06-14 15:00:00
5237,28,8,2026-04-13 10:00:00,2026-04-13 18:00:00
5238,281,3,2026-06-02 09:00:00,2026-06-02 19:00:00
5239,28,3,2026-05-05 09:00:00,2026-05-05 21:00:00
5240,253,7,2026-06-17 06:00:00,2026-06-17 12:00:00
5241,156,7,2026-05-28 09:00:00,2026-05-28 15:00:00
5242,2,4,2026-05-16 06:00:00,2026-05-16 14:00:00
5243,182,3,2026-06-09 08:00:00,2026-06-09 20:00:00
5244,153,1,2026-05-31 09:00:00,2026-05-31 15:00:00
5245,56,3,2026-06-10 08:00:00,2026-06-10 16:00:00
5246,268,10,2026-04-18 08:00:00,2026-04-18 16:00:00
5247,188,3,2026-06-28 08:00:00,2026-06-28 18:00:00
5248,222,3,2026-04-16 10:00:00,2026-04-16 20:00:00
5249,2,1,2026-05-07 10:00:00,2026-05-07 22:00:00
5250,133,4,2026-05-18 06:00:00,2026-05-18 18:00:00
5251,135,7,2026-06-14 10:00:00,2026-06-14 16:00:00
5252,118,7,2026-06-05 07:00:00,2026-06-05 17:00:00
5253,192,10,2026-06-03 09:00:00,2026-06-03 17:00:00
5254,183,10,2026-06-12 10:00:00,2026-06-12 18:00:00
5255,246,3,2026-06-10 09:00:00,2026-06-10 21:00:00
5256,146,1,2026-04-15 06:00:00,2026-04-15 16:00:00
5257,41,6,2026-05-21 06:00:00,2026-05-21 18:00:00
5258,167,2,2026-05-28 09:00:00,2026-05-28 21:00:00
5259,40,10,2026-05-09 09:00:00,2026-05-09 21:00:00
5260,27,4,2026-06-10 09:00:00,2026-06-10 17:00:00
5261,64,1,2026-05-27 08:00:00,2026-05-27 18:00:00
5262,293,10,2026-06-25 06:00:00,2026-06-25 16:00:00
5263,236,3,2026-06-12 08:00:00,2026-06-12 20:00:00
5264,32,5,2026-05-30 06:00:00,2026-05-30 18:00:00
5265,17,1,2026-04-23 06:00:00,2026-04-23 12:00:00
5266,201,4,2026-06-26 09:00:00,2026-06-26 21:00:00
5267,201,6,2026-04-29 08:00:00,2026-04-29 16:00:00
5268,80,7,2026-05-31 06:00:00,2026-05-31 12:00:00
5269,1,9,2026-04-17 09:00:00,2026-04-17 15:00:00
5270,105,7,2026-06-02 08:00:00,2026-06-02 14:00:00
5271,204,6,2026-06-13 08:00:00,2026-06-13 18:00:00
5272,98,5,2026-06-27 07:00:00,2026-06-27 19:00:00
5273,156,1,2026-06-10 06:00:00,2026-06-10 14:00:00
5274,18,8,2026-05-01 09:00:00,2026-05-01 17:00:00
5275,56,5,2026-05-29 06:00:00,2026-05-29 16:00:00
5276,265,7,2026-05-30 08:00:00,2026-05-30 14:00:00
5277,40,2,2026-06-02 09:00:00,2026-06-02 19:00:00
5278,144,6,2026-04-20 07:00:00,2026-04-20 15:00:00
5279,22,8,2026-05-15 10:00:00,2026-05-15 20:00:00
5280,133,6,2026-04-05 10:00:00,2026-04-05 20:00:00
5281,129,9,2026-06-03 10:00:00,2026-06-03 18:00:00
5282,10,5,2026-06-02 06:00:00,2026-06-02 12:00:00
5283,281,3,2026-04-28 09:00:00,2026-04-28 15:00:00
5284,58,2,2026-05-14 06:00:00,2026-05-14 18:00:00
5285,92,3,2026-06-19 06:00:00,2026-06-19 18:00:00
5286,192,10,2026-06-22 07:00:00,2026-06-22 13:00:00
5287,92,6,2026-04-08 10:00:00,2026-04-08 20:00:00
5288,18,4,2026-06-28 10:00:00,2026-06-28 20:00:00
5289,165,5,2026-05-02 07:00:00,2026-05-02 19:00:00
5290,254,5,2026-05-23 08:00:00,2026-05-23 14:00:00
5291,178,8,2026-04-06 07:00:00,2026-04-06 19:00:00
5292,244,1,2026-06-27 07:00:00,2026-06-27 15:00:00
5293,146,6,2026-05-20 09:00:00,2026-05-20 19:00:00
5294,290,3,2026-05-27 06:00:00,2026-05-27 16:00:00
5295,167,8,2026-06-03 09:00:00,2026-06-03 15:00:00
5296,96,3,2026-04-10 08:00:00,2026-04-10 14:00:00
5297,185,3,2026-06-01 06:00:00,2026-06-01 12:00:00
5298,47,4,2026-04-22 09:00:00,2026-04-22 15:00:00
5299,21,4,2026-06-01 06:00:00,2026-06-01 18:00:00
5300,214,5,2026-06-11 09:00:00,2026-06-11 17:00:00
5301,82,6,2026-05-30 09:00:00,2026-05-30 15:00:00
5302,262,10,2026-04-30 08:00:00,2026-04-30 18:00:00
5303,47,6,2026-04-21 07:00:00,2026-04-21 13:00:00
5304,48,5,2026-05-11 10:00:00,2026-05-11 16:00:00
5305,283,10,2026-04-11 07:00:00,2026-04-11 19:00:00
5306,40,9,2026-04-12 08:00:00,2026-04-12 14:00:00
5307,126,2,2026-05-09 07:00:00,2026-05-09 17:00:00
5308,95,2,2026-05-16 09:00:00,2026-05-16 21:00:00
5309,198,2,2026-06-01 07:00:00,2026-06-01 17:00:00
5310,147,4,2026-06-13 08:00:00,2026-06-13 14:00:00
5311,143,9,2026-06-12 07:00:00,2026-06-12 15:00:00
5312,210,10,2026-06-10 08:00:00,2026-06-10 16:00:00
5313,231,5,2026-05-05 07:00:00,2026-05-05 15:00:00
5314,126,1,2026-05-05 08:00:00,2026-05-05 18:00:00
5315,151,1,2026-06-15 09:00:00,2026-06-15 15:00:00
5316,60,2,2026-04-08 09:00:00,2026-04-08 19:00:00
5317,113,2,2026-04-08 10:00:00,2026-04-08 20:00:00
5318,264,9,2026-05-21 10:00:00,2026-05-21 18:00:00
5319,226,1,2026-05-27 06:00:00,2026-05-27 14:00:00
5320,100,4,2026-06-19 06:00:00,2026-06-19 18:00:00
5321,258,3,2026-04-12 07:00:00,2026-04-12 13:00:00
5322,142,3,2026-06-10 08:00:00,2026-06-10 14:00:00
5323,228,6,2026-06-22 07:00:00,2026-06-22 19:00:00
5324,197,6,2026-05-21 10:00:00,2026-05-21 16:00:00
5325,118,5,2026-04-16 09:00:00,2026-04-16 15:00:00
5326,214,8,2026-05-06 07:00:00,2026-05-06 13:00:00
5327,226,5,2026-05-17 09:00:00,2026-05-17 19:00:00
5328,88,9,2026-06-12 07:00:00,2026-06-12 19:00:00
5329,259,1,2026-06-11 07:00:00,2026-06-11 13:00:00
5330,290,5,2026-04-15 10:00:00,2026-04-15 16:00:00
5331,31,10,2026-06-01 06:00:00,2026-06-01 14:00:00
5332,119,5,2026-06-26 07:00:00,2026-06-26 13:00:00
5333,42,7,2026-06-26 09:00:00,2026-06-26 15:00:00
5334,123,6,2026-06-06 10:00:00,2026-06-06 20:00:00
5335,76,4,2026-05-31 07:00:00,2026-05-31 15:00:00
5336,151,3,2026-05-18 09:00:00,2026-05-18 15:00:00
5337,254,9,2026-06-07 08:00:00,2026-06-07 14:00:00
5338,227,3,2026-04-22 10:00:00,2026-04-22 22:00:00
5339,146,10,2026-04-11 06:00:00,2026-04-11 12:00:00
5340,179,10,2026-04-04 09:00:00,2026-04-04 15:00:00
5341,24,10,2026-06-17 06:00:00,2026-06-17 12:00:00
5342,156,3,2026-04-16 06:00:00,2026-04-16 16:00:00
5343,210,4,2026-05-27 09:00:00,2026-05-27 21:00:00
5344,114,2,2026-04-02 06:00:00,2026-04-02 14:00:00
5345,236,3,2026-06-11 09:00:00,2026-06-11 21:00:00
5346,269,1,2026-04-08 08:00:00,2026-04-08 18:00:00
5347,35,7,2026-05-19 07:00:00,2026-05-19 17:00:00
5348,54,5,2026-05-27 06:00:00,2026-05-27 16:00:00
5349,58,8,2026-04-30 06:00:00,2026-04-30 12:00:00
5350,235,9,2026-04-25 07:00:00,2026-04-25 15:00:00
5351,145,4,2026-05-04 07:00:00,2026-05-04 13:00:00
5352,225,5,2026-04-27 06:00:00,2026-04-27 18:00:00
5353,23,3,2026-04-17 08:00:00,2026-04-17 20:00:00
5354,51,10,2026-06-19 10:00:00,2026-06-19 22:00:00
5355,300,9,2026-05-28 10:00:00,2026-05-28 18:00:00
5356,155,4,2026-04-26 08:00:00,2026-04-26 20:00:00
5357,176,5,2026-05-25 08:00:00,2026-05-25 18:00:00
5358,103,1,2026-05-24 06:00:00,2026-05-24 14:00:00
5359,254,4,2026-05-28 09:00:00,2026-05-28 15:00:00
5360,60,7,2026-06-09 08:00:00,2026-06-09 18:00:00
5361,157,6,2026-04-02 08:00:00,2026-04-02 18:00:00
5362,264,6,2026-05-13 06:00:00,2026-05-13 18:00:00
5363,71,2,2026-06-01 09:00:00,2026-06-01 19:00:00
5364,217,3,2026-06-03 09:00:00,2026-06-03 17:00:00
5365,87,5,2026-05-16 07:00:00,2026-05-16 17:00:00
5366,27,6,2026-05-01 10:00:00,2026-05-01 20:00:00
5367,243,8,2026-06-02 07:00:00,2026-06-02 19:00:00
5368,147,7,2026-04-23 10:00:00,2026-04-23 22:00:00
5369,24,2,2026-04-27 10:00:00,2026-04-27 22:00:00
5370,40,5,2026-06-20 07:00:00,2026-06-20 17:00:00
5371,43,1,2026-06-15 09:00:00,2026-06-15 19:00:00
5372,294,5,2026-06-15 10:00:00,2026-06-15 20:00:00
5373,258,8,2026-04-20 06:00:00,2026-04-20 16:00:00
5374,274,4,2026-05-09 07:00:00,2026-05-09 13:00:00
5375,20,8,2026-06-20 08:00:00,2026-06-20 18:00:00
5376,211,5,2026-05-13 06:00:00,2026-05-13 14:00:00
5377,205,8,2026-05-19 07:00:00,2026-05-19 13:00:00
5378,168,5,2026-06-10 08:00:00,2026-06-10 20:00:00
5379,278,8,2026-04-30 06:00:00,2026-04-30 14:00:00
5380,227,3,2026-06-12 10:00:00,2026-06-12 16:00:00
5381,238,4,2026-06-13 09:00:00,2026-06-13 17:00:00
5382,285,10,2026-05-13 09:00:00,2026-05-13 19:00:00
5383,103,10,2026-06-05 07:00:00,2026-06-05 13:00:00
5384,91,7,2026-04-03 07:00:00,2026-04-03 19:00:00
5385,47,5,2026-04-17 07:00:00,2026-04-17 13:00:00
5386,239,2,2026-05-04 06:00:00,2026-05-04 12:00:00
5387,58,4,2026-04-29 08:00:00,2026-04-29 16:00:00
5388,276,3,2026-04-28 07:00:00,2026-04-28 15:00:00
5389,257,6,2026-06-17 06:00:00,2026-06-17 18:00:00
5390,119,1,2026-06-14 06:00:00,2026-06-14 18:00:00
5391,35,7,2026-05-21 07:00:00,2026-05-21 17:00:00
5392,277,3,2026-05-27 08:00:00,2026-05-27 20:00:00
5393,13,2,2026-05-13 09:00:00,2026-05-13 19:00:00
5394,169,10,2026-05-10 06:00:00,2026-05-10 18:00:00
5395,262,8,2026-05-04 08:00:00,2026-05-04 16:00:00
5396,121,4,2026-06-15 07:00:00,2026-06-15 15:00:00
5397,217,8,2026-06-05 08:00:00,2026-06-05 14:00:00
5398,193,10,2026-04-27 09:00:00,2026-04-27 21:00:00
5399,164,1,2026-04-18 09:00:00,2026-04-18 21:00:00
5400,279,8,2026-06-11 09:00:00,2026-06-11 17:00:00
5401,104,2,2026-04-07 08:00:00,2026-04-07 14:00:00
5402,76,4,2026-06-29 09:00:00,2026-06-29 21:00:00
5403,270,7,2026-05-20 07:00:00,2026-05-20 19:00:00
5404,283,9,2026-06-05 07:00:00,2026-06-05 17:00:00
5405,142,4,2026-05-01 07:00:00,2026-05-01 13:00:00
5406,3,7,2026-05-15 09:00:00,2026-05-15 19:00:00
5407,262,9,2026-06-05 06:00:00,2026-06-05 16:00:00
5408,238,3,2026-06-21 09:00:00,2026-06-21 21:00:00
5409,258,2,2026-06-02 09:00:00,2026-06-02 21:00:00
5410,91,1,2026-05-05 09:00:00,2026-05-05 15:00:00
5411,196,4,2026-04-04 08:00:00,2026-04-04 16:00:00
5412,240,2,2026-04-06 07:00:00,2026-04-06 19:00:00
5413,229,2,2026-04-21 09:00:00,2026-04-21 21:00:00
5414,227,5,2026-04-05 10:00:00,2026-04-05 16:00:00
5415,275,1,2026-06-07 09:00:00,2026-06-07 15:00:00
5416,246,5,2026-06-16 07:00:00,2026-06-16 19:00:00
5417,23,7,2026-05-17 07:00:00,2026-05-17 15:00:00
5418,89,1,2026-06-20 06:00:00,2026-06-20 12:00:00
5419,250,10,2026-04-24 09:00:00,2026-04-24 17:00:00
5420,200,3,2026-04-09 08:00:00,2026-04-09 20:00:00
5421,58,4,2026-05-21 06:00:00,2026-05-21 14:00:00
5422,58,6,2026-05-08 07:00:00,2026-05-08 15:00:00
5423,133,9,2026-06-21 09:00:00,2026-06-21 21:00:00
5424,87,2,2026-05-24 06:00:00,2026-05-24 16:00:00
5425,243,10,2026-06-15 06:00:00,2026-06-15 18:00:00
5426,210,9,2026-04-02 07:00:00,2026-04-02 13:00:00
5427,100,6,2026-05-24 06:00:00,2026-05-24 18:00:00
5428,73,10,2026-06-29 06:00:00,2026-06-29 14:00:00
5429,67,10,2026-05-17 08:00:00,2026-05-17 18:00:00
5430,151,7,2026-06-11 08:00:00,2026-06-11 18:00:00
5431,148,3,2026-05-08 09:00:00,2026-05-08 15:00:00
5432,104,2,2026-04-03 07:00:00,2026-04-03 13:00:00
5433,11,6,2026-04-04 06:00:00,2026-04-04 12:00:00
5434,121,10,2026-06-25 09:00:00,2026-06-25 19:00:00
5435,146,6,2026-06-24 08:00:00,2026-06-24 18:00:00
5436,257,5,2026-05-14 08:00:00,2026-05-14 18:00:00
5437,118,5,2026-05-22 08:00:00,2026-05-22 18:00:00
5438,188,9,2026-04-13 09:00:00,2026-04-13 19:00:00
5439,208,4,2026-04-28 06:00:00,2026-04-28 16:00:00
5440,151,3,2026-05-14 10:00:00,2026-05-14 18:00:00
5441,34,9,2026-04-26 09:00:00,2026-04-26 17:00:00
5442,24,2,2026-05-13 06:00:00,2026-05-13 16:00:00
5443,149,8,2026-04-26 10:00:00,2026-04-26 20:00:00
5444,23,1,2026-05-27 10:00:00,2026-05-27 16:00:00
5445,102,8,2026-06-25 07:00:00,2026-06-25 19:00:00
5446,57,8,2026-04-16 07:00:00,2026-04-16 13:00:00
5447,170,5,2026-04-23 08:00:00,2026-04-23 20:00:00
5448,154,3,2026-04-02 09:00:00,2026-04-02 21:00:00
5449,7,10,2026-05-18 07:00:00,2026-05-18 13:00:00
5450,168,7,2026-04-18 09:00:00,2026-04-18 21:00:00
5451,41,3,2026-04-21 10:00:00,2026-04-21 18:00:00
5452,204,10,2026-05-27 06:00:00,2026-05-27 18:00:00
5453,33,1,2026-06-23 09:00:00,2026-06-23 17:00:00
5454,212,5,2026-04-18 08:00:00,2026-04-18 14:00:00
5455,257,3,2026-06-19 10:00:00,2026-06-19 20:00:00
5456,130,9,2026-04-07 10:00:00,2026-04-07 18:00:00
5457,112,4,2026-06-05 07:00:00,2026-06-05 13:00:00
5458,292,9,2026-05-10 07:00:00,2026-05-10 17:00:00
5459,49,7,2026-06-27 10:00:00,2026-06-27 22:00:00
5460,170,1,2026-06-11 09:00:00,2026-06-11 15:00:00
5461,87,3,2026-06-12 07:00:00,2026-06-12 19:00:00
5462,256,3,2026-04-18 10:00:00,2026-04-18 18:00:00
5463,105,2,2026-06-21 08:00:00,2026-06-21 20:00:00
5464,149,6,2026-06-22 06:00:00,2026-06-22 12:00:00
5465,75,6,2026-06-19 10:00:00,2026-06-19 16:00:00
5466,127,8,2026-05-04 08:00:00,2026-05-04 18:00:00
5467,247,9,2026-06-22 06:00:00,2026-06-22 16:00:00
5468,76,2,2026-05-29 09:00:00,2026-05-29 21:00:00
5469,85,1,2026-06-05 10:00:00,2026-06-05 18:00:00
5470,93,7,2026-04-19 06:00:00,2026-04-19 12:00:00
5471,91,1,2026-04-17 06:00:00,2026-04-17 12:00:00
5472,296,1,2026-04-02 10:00:00,2026-04-02 22:00:00
5473,23,6,2026-06-08 08:00:00,2026-06-08 14:00:00
5474,288,9,2026-06-24 06:00:00,2026-06-24 12:00:00
5475,45,3,2026-06-23 07:00:00,2026-06-23 13:00:00
5476,175,9,2026-04-18 08:00:00,2026-04-18 14:00:00
5477,262,1,2026-06-20 09:00:00,2026-06-20 17:00:00
5478,81,8,2026-06-01 07:00:00,2026-06-01 17:00:00
5479,3,9,2026-05-08 09:00:00,2026-05-08 19:00:00
5480,131,1,2026-06-18 09:00:00,2026-06-18 21:00:00
5481,190,7,2026-05-07 06:00:00,2026-05-07 18:00:00
5482,68,5,2026-05-08 06:00:00,2026-05-08 18:00:00
5483,289,6,2026-06-23 10:00:00,2026-06-23 18:00:00
5484,161,3,2026-05-25 10:00:00,2026-05-25 22:00:00
5485,20,8,2026-04-14 06:00:00,2026-04-14 14:00:00
5486,21,8,2026-05-01 10:00:00,2026-05-01 16:00:00
5487,85,2,2026-05-28 10:00:00,2026-05-28 18:00:00
5488,43,4,2026-05-10 10:00:00,2026-05-10 22:00:00
5489,108,4,2026-05-27 07:00:00,2026-05-27 19:00:00
5490,202,9,2026-06-14 07:00:00,2026-06-14 13:00:00
5491,20,4,2026-05-17 09:00:00,2026-05-17 19:00:00
5492,96,5,2026-05-19 07:00:00,2026-05-19 19:00:00
5493,37,10,2026-06-02 09:00:00,2026-06-02 17:00:00
5494,206,5,2026-06-05 10:00:00,2026-06-05 22:00:00
5495,13,10,2026-05-01 10:00:00,2026-05-01 22:00:00
5496,233,6,2026-06-15 09:00:00,2026-06-15 21:00:00
5497,165,8,2026-06-03 10:00:00,2026-06-03 20:00:00
5498,206,8,2026-05-08 07:00:00,2026-05-08 17:00:00
5499,91,10,2026-04-18 09:00:00,2026-04-18 17:00:00
5500,70,5,2026-05-16 08:00:00,2026-05-16 16:00:00
5501,258,6,2026-05-26 09:00:00,2026-05-26 21:00:00
5502,286,4,2026-06-05 10:00:00,2026-06-05 18:00:00
5503,268,3,2026-06-21 06:00:00,2026-06-21 16:00:00
5504,182,9,2026-04-15 07:00:00,2026-04-15 13:00:00
5505,242,6,2026-05-11 06:00:00,2026-05-11 16:00:00
5506,45,10,2026-05-06 09:00:00,2026-05-06 21:00:00
5507,290,7,2026-05-05 09:00:00,2026-05-05 21:00:00
5508,47,1,2026-04-10 09:00:00,2026-04-10 19:00:00
5509,201,9,2026-05-15 08:00:00,2026-05-15 20:00:00
5510,238,7,2026-04-03 08:00:00,2026-04-03 20:00:00
5511,133,4,2026-05-05 10:00:00,2026-05-05 22:00:00
5512,148,10,2026-04-29 06:00:00,2026-04-29 12:00:00
5513,225,3,2026-05-20 06:00:00,2026-05-20 12:00:00
5514,58,6,2026-06-03 10:00:00,2026-06-03 16:00:00
5515,261,1,2026-06-14 10:00:00,2026-06-14 18:00:00
5516,235,8,2026-04-07 07:00:00,2026-04-07 13:00:00
5517,295,3,2026-05-27 06:00:00,2026-05-27 18:00:00
5518,191,6,2026-05-17 07:00:00,2026-05-17 13:00:00
5519,151,6,2026-05-09 09:00:00,2026-05-09 19:00:00
5520,237,8,2026-04-01 07:00:00,2026-04-01 15:00:00
5521,225,4,2026-06-07 10:00:00,2026-06-07 16:00:00
5522,85,10,2026-06-10 10:00:00,2026-06-10 16:00:00
5523,117,2,2026-06-13 06:00:00,2026-06-13 18:00:00
5524,167,1,2026-06-01 07:00:00,2026-06-01 13:00:00
5525,4,10,2026-04-29 06:00:00,2026-04-29 14:00:00
5526,225,8,2026-06-06 09:00:00,2026-06-06 17:00:00
5527,268,7,2026-04-12 07:00:00,2026-04-12 17:00:00
5528,143,2,2026-05-03 06:00:00,2026-05-03 12:00:00
5529,275,7,2026-06-19 08:00:00,2026-06-19 20:00:00
5530,124,2,2026-06-02 06:00:00,2026-06-02 14:00:00
5531,118,9,2026-05-29 07:00:00,2026-05-29 19:00:00
5532,82,5,2026-04-06 06:00:00,2026-04-06 16:00:00
5533,260,1,2026-05-23 07:00:00,2026-05-23 13:00:00
5534,122,1,2026-05-27 08:00:00,2026-05-27 16:00:00
5535,88,9,2026-06-11 10:00:00,2026-06-11 18:00:00
5536,76,1,2026-05-15 10:00:00,2026-05-15 20:00:00
5537,141,3,2026-04-26 08:00:00,2026-04-26 20:00:00
5538,237,2,2026-04-01 06:00:00,2026-04-01 14:00:00
5539,152,3,2026-06-02 06:00:00,2026-06-02 16:00:00
5540,189,2,2026-05-25 09:00:00,2026-05-25 15:00:00
5541,271,3,2026-04-20 10:00:00,2026-04-20 22:00:00
5542,33,4,2026-04-27 10:00:00,2026-04-27 18:00:00
5543,246,10,2026-04-27 07:00:00,2026-04-27 15:00:00
5544,134,1,2026-05-20 09:00:00,2026-05-20 15:00:00
5545,119,5,2026-04-08 07:00:00,2026-04-08 17:00:00
5546,48,7,2026-06-02 08:00:00,2026-06-02 14:00:00
5547,263,6,2026-04-08 09:00:00,2026-04-08 19:00:00
5548,239,8,2026-04-23 10:00:00,2026-04-23 16:00:00
5549,186,5,2026-05-29 07:00:00,2026-05-29 17:00:00
5550,190,1,2026-04-21 07:00:00,2026-04-21 17:00:00
5551,231,7,2026-06-13 07:00:00,2026-06-13 19:00:00
5552,21,5,2026-05-08 06:00:00,2026-05-08 16:00:00
5553,110,6,2026-04-27 07:00:00,2026-04-27 19:00:00
5554,247,6,2026-04-01 07:00:00,2026-04-01 13:00:00
5555,284,6,2026-06-26 06:00:00,2026-06-26 12:00:00
5556,9,7,2026-04-18 09:00:00,2026-04-18 19:00:00
5557,291,6,2026-05-26 09:00:00,2026-05-26 21:00:00
5558,208,2,2026-05-14 06:00:00,2026-05-14 14:00:00
5559,20,6,2026-04-22 08:00:00,2026-04-22 16:00:00
5560,290,10,2026-04-12 10:00:00,2026-04-12 18:00:00
5561,191,4,2026-06-06 06:00:00,2026-06-06 18:00:00
5562,36,3,2026-06-21 10:00:00,2026-06-21 18:00:00
5563,259,2,2026-05-13 10:00:00,2026-05-13 22:00:00
5564,110,9,2026-06-22 09:00:00,2026-06-22 21:00:00
5565,249,3,2026-04-13 06:00:00,2026-04-13 16:00:00
5566,144,5,2026-04-24 06:00:00,2026-04-24 12:00:00
5567,218,9,2026-04-13 07:00:00,2026-04-13 15:00:00
5568,231,5,2026-05-12 09:00:00,2026-05-12 15:00:00
5569,156,10,2026-05-01 08:00:00,2026-05-01 18:00:00
5570,136,7,2026-04-01 06:00:00,2026-04-01 14:00:00
5571,83,4,2026-04-02 08:00:00,2026-04-02 14:00:00
5572,133,1,2026-06-01 08:00:00,2026-06-01 16:00:00
5573,218,7,2026-05-19 06:00:00,2026-05-19 16:00:00
5574,300,9,2026-04-02 09:00:00,2026-04-02 17:00:00
5575,98,8,2026-04-05 08:00:00,2026-04-05 18:00:00
5576,184,10,2026-05-08 06:00:00,2026-05-08 16:00:00
5577,223,3,2026-06-27 06:00:00,2026-06-27 12:00:00
5578,169,2,2026-06-10 10:00:00,2026-06-10 16:00:00
5579,285,6,2026-05-27 06:00:00,2026-05-27 12:00:00
5580,200,10,2026-04-09 07:00:00,2026-04-09 15:00:00
5581,252,6,2026-06-11 09:00:00,2026-06-11 21:00:00
5582,44,7,2026-06-07 08:00:00,2026-06-07 20:00:00
5583,17,8,2026-05-23 10:00:00,2026-05-23 16:00:00
5584,235,5,2026-05-01 06:00:00,2026-05-01 16:00:00
5585,142,9,2026-06-07 08:00:00,2026-06-07 18:00:00
5586,67,4,2026-06-16 10:00:00,2026-06-16 18:00:00
5587,166,9,2026-04-01 07:00:00,2026-04-01 19:00:00
5588,264,8,2026-04-07 08:00:00,2026-04-07 18:00:00
5589,65,2,2026-04-22 06:00:00,2026-04-22 14:00:00
5590,218,7,2026-05-14 10:00:00,2026-05-14 20:00:00
5591,16,5,2026-04-18 07:00:00,2026-04-18 13:00:00
5592,111,10,2026-04-09 07:00:00,2026-04-09 19:00:00
5593,26,1,2026-05-29 06:00:00,2026-05-29 18:00:00
5594,205,4,2026-05-19 06:00:00,2026-05-19 14:00:00
5595,179,7,2026-06-22 06:00:00,2026-06-22 12:00:00
5596,160,4,2026-04-21 07:00:00,2026-04-21 15:00:00
5597,83,10,2026-06-18 06:00:00,2026-06-18 14:00:00
5598,23,10,2026-05-05 07:00:00,2026-05-05 19:00:00
5599,44,2,2026-04-23 09:00:00,2026-04-23 21:00:00
5600,6,4,2026-06-26 08:00:00,2026-06-26 16:00:00
5601,30,3,2026-06-20 08:00:00,2026-06-20 14:00:00
5602,183,8,2026-06-06 08:00:00,2026-06-06 18:00:00
5603,61,1,2026-04-17 09:00:00,2026-04-17 17:00:00
5604,66,1,2026-05-09 09:00:00,2026-05-09 19:00:00
5605,32,1,2026-05-12 06:00:00,2026-05-12 12:00:00
5606,204,5,2026-06-08 08:00:00,2026-06-08 18:00:00
5607,90,2,2026-04-21 10:00:00,2026-04-21 16:00:00
5608,166,10,2026-05-26 09:00:00,2026-05-26 21:00:00
5609,273,10,2026-06-12 06:00:00,2026-06-12 14:00:00
5610,4,2,2026-04-18 06:00:00,2026-04-18 16:00:00
5611,174,7,2026-06-13 06:00:00,2026-06-13 18:00:00
5612,65,9,2026-06-11 06:00:00,2026-06-11 18:00:00
5613,180,1,2026-06-05 09:00:00,2026-06-05 21:00:00
5614,51,4,2026-06-18 07:00:00,2026-06-18 13:00:00
5615,296,4,2026-04-25 06:00:00,2026-04-25 14:00:00
5616,92,1,2026-06-16 09:00:00,2026-06-16 21:00:00
5617,161,3,2026-06-12 10:00:00,2026-06-12 22:00:00
5618,130,3,2026-06-06 10:00:00,2026-06-06 20:00:00
5619,164,8,2026-05-19 08:00:00,2026-05-19 18:00:00
5620,204,4,2026-05-02 10:00:00,2026-05-02 20:00:00
5621,78,4,2026-06-20 09:00:00,2026-06-20 17:00:00
5622,40,9,2026-06-18 09:00:00,2026-06-18 21:00:00
5623,26,3,2026-06-26 10:00:00,2026-06-26 20:00:00
5624,14,4,2026-06-08 06:00:00,2026-06-08 14:00:00
5625,271,5,2026-05-09 09:00:00,2026-05-09 15:00:00
5626,241,3,2026-04-16 09:00:00,2026-04-16 15:00:00
5627,256,8,2026-06-22 06:00:00,2026-06-22 18:00:00
5628,68,8,2026-04-20 07:00:00,2026-04-20 13:00:00
5629,75,1,2026-06-05 06:00:00,2026-06-05 12:00:00
5630,284,6,2026-04-26 06:00:00,2026-04-26 18:00:00
5631,226,10,2026-04-28 06:00:00,2026-04-28 16:00:00
5632,122,10,2026-04-11 10:00:00,2026-04-11 22:00:00
5633,70,10,2026-04-21 10:00:00,2026-04-21 22:00:00
5634,267,6,2026-06-25 08:00:00,2026-06-25 16:00:00
5635,225,2,2026-06-06 07:00:00,2026-06-06 19:00:00
5636,289,10,2026-05-10 10:00:00,2026-05-10 20:00:00
5637,288,4,2026-04-27 10:00:00,2026-04-27 20:00:00
5638,184,8,2026-05-19 08:00:00,2026-05-19 16:00:00
5639,248,9,2026-06-18 06:00:00,2026-06-18 14:00:00
5640,88,6,2026-04-25 08:00:00,2026-04-25 20:00:00
5641,139,8,2026-06-24 08:00:00,2026-06-24 14:00:00
5642,288,6,2026-04-10 06:00:00,2026-04-10 16:00:00
5643,62,1,2026-04-24 10:00:00,2026-04-24 22:00:00
5644,290,7,2026-06-24 08:00:00,2026-06-24 16:00:00
5645,67,7,2026-04-13 08:00:00,2026-04-13 14:00:00
5646,156,2,2026-05-03 06:00:00,2026-05-03 12:00:00
5647,177,1,2026-04-15 09:00:00,2026-04-15 15:00:00
5648,16,2,2026-04-30 09:00:00,2026-04-30 17:00:00
5649,123,9,2026-06-16 06:00:00,2026-06-16 18:00:00
5650,76,10,2026-04-25 07:00:00,2026-04-25 17:00:00
5651,226,4,2026-04-30 07:00:00,2026-04-30 17:00:00
5652,198,4,2026-06-08 10:00:00,2026-06-08 16:00:00
5653,188,4,2026-05-10 07:00:00,2026-05-10 15:00:00
5654,232,9,2026-06-17 10:00:00,2026-06-17 18:00:00
5655,220,10,2026-04-26 10:00:00,2026-04-26 18:00:00
5656,249,9,2026-06-28 09:00:00,2026-06-28 15:00:00
5657,168,7,2026-05-23 07:00:00,2026-05-23 19:00:00
5658,134,9,2026-04-30 09:00:00,2026-04-30 15:00:00
5659,81,4,2026-05-10 09:00:00,2026-05-10 21:00:00
5660,297,2,2026-04-21 09:00:00,2026-04-21 21:00:00
5661,124,6,2026-05-10 06:00:00,2026-05-10 12:00:00
5662,74,1,2026-05-12 09:00:00,2026-05-12 21:00:00
5663,129,10,2026-04-16 07:00:00,2026-04-16 19:00:00
5664,153,5,2026-06-29 10:00:00,2026-06-29 22:00:00
5665,75,2,2026-05-07 10:00:00,2026-05-07 16:00:00
5666,2,10,2026-04-11 10:00:00,2026-04-11 20:00:00
5667,274,9,2026-05-22 07:00:00,2026-05-22 15:00:00
5668,118,5,2026-06-24 08:00:00,2026-06-24 18:00:00
5669,269,1,2026-04-08 07:00:00,2026-04-08 17:00:00
5670,255,5,2026-04-19 06:00:00,2026-04-19 18:00:00
5671,65,10,2026-04-16 10:00:00,2026-04-16 22:00:00
5672,107,2,2026-04-01 09:00:00,2026-04-01 19:00:00
5673,225,5,2026-06-06 07:00:00,2026-06-06 15:00:00
5674,208,5,2026-05-21 06:00:00,2026-05-21 14:00:00
5675,238,5,2026-06-21 07:00:00,2026-06-21 13:00:00
5676,246,3,2026-06-19 06:00:00,2026-06-19 14:00:00
5677,114,8,2026-05-10 08:00:00,2026-05-10 20:00:00
5678,178,7,2026-06-18 08:00:00,2026-06-18 20:00:00
5679,266,5,2026-04-18 08:00:00,2026-04-18 14:00:00
5680,8,8,2026-06-02 10:00:00,2026-06-02 20:00:00
5681,187,3,2026-06-28 07:00:00,2026-06-28 13:00:00
5682,1,7,2026-05-12 09:00:00,2026-05-12 21:00:00
5683,135,2,2026-05-25 10:00:00,2026-05-25 18:00:00
5684,1,5,2026-04-22 07:00:00,2026-04-22 15:00:00
5685,1,8,2026-05-13 08:00:00,2026-05-13 14:00:00
5686,121,1,2026-04-15 10:00:00,2026-04-15 22:00:00
5687,219,8,2026-04-19 08:00:00,2026-04-19 16:00:00
5688,223,2,2026-05-08 06:00:00,2026-05-08 12:00:00
5689,294,3,2026-04-12 06:00:00,2026-04-12 16:00:00
5690,3,9,2026-05-16 08:00:00,2026-05-16 18:00:00
5691,66,7,2026-04-26 08:00:00,2026-04-26 20:00:00
5692,175,9,2026-05-25 10:00:00,2026-05-25 18:00:00
5693,169,2,2026-05-29 08:00:00,2026-05-29 18:00:00
5694,123,2,2026-06-24 10:00:00,2026-06-24 20:00:00
5695,195,2,2026-04-05 06:00:00,2026-04-05 16:00:00
5696,164,9,2026-06-22 08:00:00,2026-06-22 20:00:00
5697,158,6,2026-05-28 06:00:00,2026-05-28 18:00:00
5698,57,2,2026-06-29 09:00:00,2026-06-29 17:00:00
5699,68,4,2026-06-01 10:00:00,2026-06-01 20:00:00
5700,241,7,2026-06-04 08:00:00,2026-06-04 20:00:00
5701,271,2,2026-04-14 09:00:00,2026-04-14 17:00:00
5702,85,3,2026-04-28 08:00:00,2026-04-28 20:00:00
5703,170,4,2026-06-24 08:00:00,2026-06-24 20:00:00
5704,23,3,2026-04-10 07:00:00,2026-04-10 13:00:00
5705,198,5,2026-05-03 07:00:00,2026-05-03 13:00:00
5706,90,2,2026-06-05 09:00:00,2026-06-05 17:00:00
5707,48,8,2026-06-11 06:00:00,2026-06-11 14:00:00
5708,83,4,2026-06-13 10:00:00,2026-06-13 22:00:00
5709,167,3,2026-04-22 09:00:00,2026-04-22 19:00:00
5710,178,10,2026-04-16 10:00:00,2026-04-16 22:00:00
5711,295,3,2026-04-25 07:00:00,2026-04-25 13:00:00
5712,104,3,2026-04-28 09:00:00,2026-04-28 19:00:00
5713,201,9,2026-05-05 08:00:00,2026-05-05 18:00:00
5714,65,9,2026-05-31 10:00:00,2026-05-31 22:00:00
5715,292,6,2026-04-27 07:00:00,2026-04-27 13:00:00
5716,231,5,2026-04-02 10:00:00,2026-04-02 22:00:00
5717,286,5,2026-04-09 09:00:00,2026-04-09 15:00:00
5718,129,3,2026-05-13 07:00:00,2026-05-13 19:00:00
5719,159,1,2026-05-15 09:00:00,2026-05-15 19:00:00
5720,17,9,2026-06-14 06:00:00,2026-06-14 18:00:00
5721,198,6,2026-04-15 07:00:00,2026-04-15 13:00:00
5722,207,4,2026-05-28 10:00:00,2026-05-28 20:00:00
5723,65,1,2026-04-12 09:00:00,2026-04-12 15:00:00
5724,86,3,2026-05-23 07:00:00,2026-05-23 17:00:00
5725,96,7,2026-05-11 08:00:00,2026-05-11 18:00:00
5726,75,10,2026-06-13 08:00:00,2026-06-13 20:00:00
5727,17,6,2026-04-08 06:00:00,2026-04-08 12:00:00
5728,239,5,2026-05-18 08:00:00,2026-05-18 18:00:00
5729,20,2,2026-06-21 08:00:00,2026-06-21 14:00:00
5730,127,5,2026-04-28 08:00:00,2026-04-28 18:00:00
5731,286,2,2026-04-26 08:00:00,2026-04-26 14:00:00
5732,188,2,2026-04-26 06:00:00,2026-04-26 14:00:00
5733,130,2,2026-06-28 09:00:00,2026-06-28 19:00:00
5734,284,2,2026-05-27 07:00:00,2026-05-27 13:00:00
5735,191,7,2026-05-04 06:00:00,2026-05-04 16:00:00
5736,78,7,2026-05-11 08:00:00,2026-05-11 18:00:00
5737,198,10,2026-04-27 08:00:00,2026-04-27 14:00:00
5738,268,8,2026-06-08 10:00:00,2026-06-08 22:00:00
5739,84,5,2026-06-25 07:00:00,2026-06-25 17:00:00
5740,85,1,2026-06-06 08:00:00,2026-06-06 20:00:00
5741,277,3,2026-05-17 07:00:00,2026-05-17 19:00:00
5742,34,2,2026-05-27 10:00:00,2026-05-27 22:00:00
5743,57,8,2026-05-14 09:00:00,2026-05-14 17:00:00
5744,153,1,2026-04-30 08:00:00,2026-04-30 16:00:00
5745,59,10,2026-04-11 10:00:00,2026-04-11 20:00:00
5746,92,2,2026-06-14 07:00:00,2026-06-14 13:00:00
5747,124,1,2026-04-14 10:00:00,2026-04-14 16:00:00
5748,195,10,2026-05-18 06:00:00,2026-05-18 16:00:00
5749,283,3,2026-06-02 06:00:00,2026-06-02 12:00:00
5750,102,8,2026-05-27 10:00:00,2026-05-27 16:00:00
5751,36,2,2026-05-14 07:00:00,2026-05-14 19:00:00
5752,49,4,2026-05-08 06:00:00,2026-05-08 18:00:00
5753,173,1,2026-05-09 07:00:00,2026-05-09 19:00:00
5754,145,8,2026-05-06 06:00:00,2026-05-06 16:00:00
5755,232,2,2026-04-09 06:00:00,2026-04-09 18:00:00
5756,234,10,2026-05-04 10:00:00,2026-05-04 16:00:00
5757,275,9,2026-06-24 08:00:00,2026-06-24 20:00:00
5758,45,3,2026-05-16 07:00:00,2026-05-16 15:00:00
5759,113,1,2026-04-25 06:00:00,2026-04-25 14:00:00
5760,291,6,2026-04-30 09:00:00,2026-04-30 15:00:00
5761,141,4,2026-05-08 09:00:00,2026-05-08 19:00:00
5762,198,10,2026-04-23 07:00:00,2026-04-23 13:00:00
5763,205,6,2026-05-22 07:00:00,2026-05-22 15:00:00
5764,74,3,2026-04-30 09:00:00,2026-04-30 21:00:00
5765,255,2,2026-05-18 07:00:00,2026-05-18 19:00:00
5766,295,5,2026-05-28 06:00:00,2026-05-28 18:00:00
5767,98,3,2026-04-25 07:00:00,2026-04-25 13:00:00
5768,37,3,2026-05-13 08:00:00,2026-05-13 16:00:00
5769,126,2,2026-05-09 08:00:00,2026-05-09 20:00:00
5770,11,3,2026-06-29 07:00:00,2026-06-29 17:00:00
5771,62,4,2026-04-14 10:00:00,2026-04-14 18:00:00
5772,172,7,2026-06-21 10:00:00,2026-06-21 22:00:00
5773,217,4,2026-05-21 10:00:00,2026-05-21 18:00:00
5774,109,6,2026-05-10 07:00:00,2026-05-10 15:00:00
5775,41,6,2026-05-07 09:00:00,2026-05-07 15:00:00
5776,107,10,2026-05-05 10:00:00,2026-05-05 16:00:00
5777,128,7,2026-06-09 09:00:00,2026-06-09 17:00:00
5778,3,9,2026-06-26 06:00:00,2026-06-26 14:00:00
5779,134,9,2026-06-05 07:00:00,2026-06-05 13:00:00
5780,163,9,2026-06-11 10:00:00,2026-06-11 20:00:00
5781,162,1,2026-06-27 07:00:00,2026-06-27 17:00:00
5782,203,8,2026-04-12 08:00:00,2026-04-12 18:00:00
5783,37,6,2026-05-23 09:00:00,2026-05-23 17:00:00
5784,170,2,2026-05-20 09:00:00,2026-05-20 17:00:00
5785,288,9,2026-06-06 06:00:00,2026-06-06 16:00:00
5786,117,10,2026-04-09 06:00:00,2026-04-09 16:00:00
5787,88,6,2026-04-28 06:00:00,2026-04-28 12:00:00
5788,273,8,2026-06-14 10:00:00,2026-06-14 22:00:00
5789,2,7,2026-04-15 09:00:00,2026-04-15 19:00:00
5790,151,8,2026-04-10 08:00:00,2026-04-10 14:00:00
5791,106,6,2026-04-12 09:00:00,2026-04-12 19:00:00
5792,73,3,2026-06-16 07:00:00,2026-06-16 13:00:00
5793,187,6,2026-04-17 08:00:00,2026-04-17 16:00:00
5794,76,7,2026-04-01 08:00:00,2026-04-01 14:00:00
5795,257,3,2026-05-15 08:00:00,2026-05-15 16:00:00
5796,294,5,2026-06-22 10:00:00,2026-06-22 20:00:00
5797,14,7,2026-06-24 07:00:00,2026-06-24 13:00:00
5798,6,9,2026-04-30 09:00:00,2026-04-30 21:00:00
5799,226,6,2026-06-18 08:00:00,2026-06-18 14:00:00
5800,37,6,2026-05-31 08:00:00,2026-05-31 14:00:00
5801,261,1,2026-04-14 10:00:00,2026-04-14 16:00:00
5802,7,7,2026-05-20 09:00:00,2026-05-20 15:00:00
5803,221,10,2026-06-27 07:00:00,2026-06-27 15:00:00
5804,39,10,2026-04-04 06:00:00,2026-04-04 18:00:00
5805,103,2,2026-06-22 09:00:00,2026-06-22 17:00:00
5806,281,4,2026-05-07 08:00:00,2026-05-07 18:00:00
5807,145,4,2026-06-07 06:00:00,2026-06-07 16:00:00
5808,87,5,2026-06-26 08:00:00,2026-06-26 14:00:00
5809,105,5,2026-05-22 10:00:00,2026-05-22 18:00:00
5810,41,5,2026-04-13 08:00:00,2026-04-13 16:00:00
5811,274,10,2026-05-31 08:00:00,2026-05-31 20:00:00
5812,293,7,2026-04-12 10:00:00,2026-04-12 16:00:00
5813,159,5,2026-04-16 10:00:00,2026-04-16 22:00:00
5814,80,1,2026-06-04 07:00:00,2026-06-04 17:00:00
5815,71,6,2026-04-13 09:00:00,2026-04-13 21:00:00
5816,186,2,2026-04-08 06:00:00,2026-04-08 18:00:00
5817,291,7,2026-06-01 06:00:00,2026-06-01 18:00:00
5818,245,10,2026-06-02 09:00:00,2026-06-02 17:00:00
5819,7,9,2026-05-29 09:00:00,2026-05-29 21:00:00
5820,127,8,2026-06-13 09:00:00,2026-06-13 21:00:00
5821,63,5,2026-04-12 07:00:00,2026-04-12 19:00:00
5822,98,1,2026-06-14 06:00:00,2026-06-14 14:00:00
5823,22,3,2026-05-18 07:00:00,2026-05-18 17:00:00
5824,177,9,2026-04-19 08:00:00,2026-04-19 18:00:00
5825,165,5,2026-06-18 10:00:00,2026-06-18 20:00:00
5826,118,6,2026-05-09 08:00:00,2026-05-09 16:00:00
5827,246,6,2026-04-30 06:00:00,2026-04-30 18:00:00
5828,98,4,2026-06-10 08:00:00,2026-06-10 18:00:00
5829,235,6,2026-06-04 10:00:00,2026-06-04 20:00:00
5830,223,3,2026-04-20 08:00:00,2026-04-20 16:00:00
5831,78,2,2026-05-03 06:00:00,2026-05-03 14:00:00
5832,7,6,2026-06-09 10:00:00,2026-06-09 16:00:00
5833,193,1,2026-04-20 10:00:00,2026-04-20 20:00:00
5834,181,9,2026-06-08 07:00:00,2026-06-08 19:00:00
5835,149,6,2026-04-12 06:00:00,2026-04-12 14:00:00
5836,143,3,2026-04-14 08:00:00,2026-04-14 18:00:00
5837,41,3,2026-06-20 07:00:00,2026-06-20 19:00:00
5838,147,8,2026-05-12 08:00:00,2026-05-12 16:00:00
5839,214,4,2026-05-24 08:00:00,2026-05-24 14:00:00
5840,207,4,2026-04-29 07:00:00,2026-04-29 19:00:00
5841,132,6,2026-05-30 10:00:00,2026-05-30 20:00:00
5842,6,6,2026-05-15 09:00:00,2026-05-15 21:00:00
5843,292,6,2026-04-26 09:00:00,2026-04-26 17:00:00
5844,83,3,2026-04-10 08:00:00,2026-04-10 20:00:00
5845,298,9,2026-06-12 08:00:00,2026-06-12 20:00:00
5846,246,6,2026-04-10 07:00:00,2026-04-10 19:00:00
5847,128,1,2026-04-11 10:00:00,2026-04-11 16:00:00
5848,83,7,2026-04-26 10:00:00,2026-04-26 18:00:00
5849,158,6,2026-04-21 10:00:00,2026-04-21 20:00:00
5850,43,1,2026-05-26 10:00:00,2026-05-26 20:00:00
5851,76,2,2026-05-03 06:00:00,2026-05-03 14:00:00
5852,257,8,2026-06-12 09:00:00,2026-06-12 17:00:00
5853,296,8,2026-05-24 09:00:00,2026-05-24 19:00:00
5854,251,6,2026-06-03 07:00:00,2026-06-03 19:00:00
5855,263,9,2026-06-27 09:00:00,2026-06-27 15:00:00
5856,227,2,2026-04-14 06:00:00,2026-04-14 18:00:00
5857,125,1,2026-05-03 10:00:00,2026-05-03 20:00:00
5858,21,4,2026-04-29 06:00:00,2026-04-29 14:00:00
5859,231,9,2026-05-11 09:00:00,2026-05-11 15:00:00
5860,185,6,2026-04-02 09:00:00,2026-04-02 15:00:00
5861,108,9,2026-04-05 07:00:00,2026-04-05 17:00:00
5862,207,2,2026-05-25 10:00:00,2026-05-25 18:00:00
5863,227,8,2026-06-18 10:00:00,2026-06-18 16:00:00
5864,173,7,2026-05-27 09:00:00,2026-05-27 15:00:00
5865,263,1,2026-06-20 09:00:00,2026-06-20 15:00:00
5866,28,10,2026-05-06 07:00:00,2026-05-06 17:00:00
5867,247,3,2026-05-19 08:00:00,2026-05-19 14:00:00
5868,88,3,2026-06-19 08:00:00,2026-06-19 14:00:00
5869,92,9,2026-04-19 09:00:00,2026-04-19 17:00:00
5870,125,9,2026-06-22 10:00:00,2026-06-22 22:00:00
5871,139,9,2026-06-06 08:00:00,2026-06-06 16:00:00
5872,6,5,2026-04-15 09:00:00,2026-04-15 17:00:00
5873,255,10,2026-04-23 09:00:00,2026-04-23 21:00:00
5874,243,4,2026-04-13 06:00:00,2026-04-13 18:00:00
5875,216,8,2026-06-02 10:00:00,2026-06-02 20:00:00
5876,59,2,2026-04-11 06:00:00,2026-04-11 16:00:00
5877,64,2,2026-05-07 10:00:00,2026-05-07 18:00:00
5878,290,3,2026-05-19 08:00:00,2026-05-19 14:00:00
5879,222,1,2026-06-14 07:00:00,2026-06-14 15:00:00
5880,128,7,2026-06-03 07:00:00,2026-06-03 17:00:00
5881,13,2,2026-04-19 09:00:00,2026-04-19 15:00:00
5882,260,3,2026-05-31 06:00:00,2026-05-31 12:00:00
5883,25,1,2026-04-06 09:00:00,2026-04-06 15:00:00
5884,108,3,2026-06-22 08:00:00,2026-06-22 14:00:00
5885,100,1,2026-06-13 09:00:00,2026-06-13 19:00:00
5886,76,7,2026-04-17 06:00:00,2026-04-17 18:00:00
5887,216,9,2026-05-06 06:00:00,2026-05-06 14:00:00
5888,13,4,2026-04-17 07:00:00,2026-04-17 15:00:00
5889,58,1,2026-06-06 10:00:00,2026-06-06 16:00:00
5890,84,3,2026-06-12 06:00:00,2026-06-12 16:00:00
5891,224,9,2026-05-30 09:00:00,2026-05-30 19:00:00
5892,154,3,2026-05-25 10:00:00,2026-05-25 16:00:00
5893,271,5,2026-04-13 09:00:00,2026-04-13 17:00:00
5894,18,4,2026-04-17 09:00:00,2026-04-17 15:00:00
5895,270,3,2026-06-07 06:00:00,2026-06-07 12:00:00
5896,9,7,2026-06-10 06:00:00,2026-06-10 12:00:00
5897,165,10,2026-06-17 10:00:00,2026-06-17 22:00:00
5898,77,9,2026-05-17 09:00:00,2026-05-17 19:00:00
5899,229,5,2026-06-04 10:00:00,2026-06-04 18:00:00
5900,136,9,2026-06-14 10:00:00,2026-06-14 18:00:00
5901,16,3,2026-05-05 06:00:00,2026-05-05 12:00:00
5902,127,6,2026-04-30 08:00:00,2026-04-30 16:00:00
5903,251,2,2026-06-29 09:00:00,2026-06-29 21:00:00
5904,242,10,2026-06-26 10:00:00,2026-06-26 18:00:00
5905,286,7,2026-06-21 10:00:00,2026-06-21 22:00:00
5906,270,9,2026-06-02 06:00:00,2026-06-02 18:00:00
5907,237,8,2026-04-07 09:00:00,2026-04-07 17:00:00
5908,166,1,2026-04-20 06:00:00,2026-04-20 16:00:00
5909,54,3,2026-05-23 09:00:00,2026-05-23 15:00:00
5910,191,4,2026-05-02 06:00:00,2026-05-02 18:00:00
5911,37,6,2026-04-20 07:00:00,2026-04-20 17:00:00
5912,169,4,2026-05-24 08:00:00,2026-05-24 18:00:00
5913,105,6,2026-06-29 10:00:00,2026-06-29 20:00:00
5914,59,2,2026-04-30 08:00:00,2026-04-30 20:00:00
5915,25,7,2026-04-29 06:00:00,2026-04-29 14:00:00
5916,11,5,2026-06-05 06:00:00,2026-06-05 12:00:00
5917,233,1,2026-04-12 09:00:00,2026-04-12 17:00:00
5918,232,8,2026-06-26 09:00:00,2026-06-26 21:00:00
5919,64,2,2026-06-12 10:00:00,2026-06-12 20:00:00
5920,282,2,2026-04-02 09:00:00,2026-04-02 15:00:00
5921,180,2,2026-04-16 09:00:00,2026-04-16 19:00:00
5922,73,3,2026-06-19 07:00:00,2026-06-19 15:00:00
5923,209,8,2026-04-22 07:00:00,2026-04-22 15:00:00
5924,300,1,2026-06-06 07:00:00,2026-06-06 15:00:00
5925,132,5,2026-06-23 08:00:00,2026-06-23 18:00:00
5926,158,6,2026-05-23 09:00:00,2026-05-23 17:00:00
5927,207,3,2026-06-03 07:00:00,2026-06-03 13:00:00
5928,250,7,2026-06-23 09:00:00,2026-06-23 19:00:00
5929,222,4,2026-06-24 10:00:00,2026-06-24 18:00:00
5930,208,8,2026-05-11 06:00:00,2026-05-11 16:00:00
5931,119,5,2026-04-07 10:00:00,2026-04-07 20:00:00
5932,48,7,2026-04-24 07:00:00,2026-04-24 15:00:00
5933,262,3,2026-05-04 08:00:00,2026-05-04 16:00:00
5934,167,8,2026-04-03 06:00:00,2026-04-03 12:00:00
5935,256,10,2026-05-30 09:00:00,2026-05-30 21:00:00
5936,166,5,2026-06-26 07:00:00,2026-06-26 19:00:00
5937,97,10,2026-04-29 07:00:00,2026-04-29 19:00:00
5938,138,9,2026-04-17 10:00:00,2026-04-17 20:00:00
5939,251,8,2026-06-09 08:00:00,2026-06-09 16:00:00
5940,176,6,2026-04-28 08:00:00,2026-04-28 14:00:00
5941,63,10,2026-06-24 09:00:00,2026-06-24 19:00:00
5942,188,10,2026-06-07 06:00:00,2026-06-07 14:00:00
5943,258,4,2026-06-15 08:00:00,2026-06-15 18:00:00
5944,57,7,2026-06-07 10:00:00,2026-06-07 20:00:00
5945,88,2,2026-06-06 08:00:00,2026-06-06 16:00:00
5946,162,8,2026-04-29 09:00:00,2026-04-29 21:00:00
5947,71,4,2026-04-10 06:00:00,2026-04-10 18:00:00
5948,143,2,2026-04-22 06:00:00,2026-04-22 16:00:00
5949,262,2,2026-04-07 07:00:00,2026-04-07 17:00:00
5950,155,6,2026-05-28 10:00:00,2026-05-28 16:00:00
5951,269,9,2026-05-03 10:00:00,2026-05-03 22:00:00
5952,299,3,2026-04-13 10:00:00,2026-04-13 22:00:00
5953,25,3,2026-06-22 06:00:00,2026-06-22 12:00:00
5954,3,4,2026-06-06 06:00:00,2026-06-06 18:00:00
5955,140,1,2026-04-01 09:00:00,2026-04-01 17:00:00
5956,112,9,2026-05-05 06:00:00,2026-05-05 12:00:00
5957,103,10,2026-06-14 10:00:00,2026-06-14 22:00:00
5958,112,5,2026-06-29 10:00:00,2026-06-29 22:00:00
5959,107,3,2026-04-16 06:00:00,2026-04-16 12:00:00
5960,51,5,2026-04-07 06:00:00,2026-04-07 16:00:00
5961,180,2,2026-06-23 07:00:00,2026-06-23 17:00:00
5962,233,4,2026-04-16 07:00:00,2026-04-16 19:00:00
5963,287,9,2026-04-21 10:00:00,2026-04-21 18:00:00
5964,109,1,2026-04-24 10:00:00,2026-04-24 20:00:00
5965,98,5,2026-04-08 08:00:00,2026-04-08 14:00:00
5966,135,1,2026-06-08 10:00:00,2026-06-08 22:00:00
5967,128,2,2026-06-24 09:00:00,2026-06-24 19:00:00
5968,180,6,2026-06-19 08:00:00,2026-06-19 14:00:00
5969,223,2,2026-06-27 06:00:00,2026-06-27 18:00:00
5970,192,4,2026-04-18 06:00:00,2026-04-18 12:00:00
5971,103,2,2026-05-19 10:00:00,2026-05-19 20:00:00
5972,208,1,2026-05-08 09:00:00,2026-05-08 15:00:00
5973,10,7,2026-06-10 09:00:00,2026-06-10 15:00:00
5974,139,9,2026-04-07 08:00:00,2026-04-07 20:00:00
5975,74,10,2026-05-23 06:00:00,2026-05-23 16:00:00
5976,49,6,2026-05-25 10:00:00,2026-05-25 16:00:00
5977,5,1,2026-05-20 10:00:00,2026-05-20 18:00:00
5978,239,7,2026-04-23 07:00:00,2026-04-23 15:00:00
5979,72,6,2026-06-19 08:00:00,2026-06-19 16:00:00
5980,155,3,2026-06-26 08:00:00,2026-06-26 16:00:00
5981,89,4,2026-05-25 08:00:00,2026-05-25 18:00:00
5982,121,9,2026-04-08 08:00:00,2026-04-08 16:00:00
5983,186,8,2026-06-11 10:00:00,2026-06-11 20:00:00
5984,299,10,2026-06-06 07:00:00,2026-06-06 15:00:00
5985,122,9,2026-04-21 09:00:00,2026-04-21 17:00:00
5986,143,5,2026-06-23 08:00:00,2026-06-23 14:00:00
5987,209,10,2026-04-02 10:00:00,2026-04-02 20:00:00
5988,153,3,2026-04-16 09:00:00,2026-04-16 21:00:00
5989,196,5,2026-04-18 07:00:00,2026-04-18 19:00:00
5990,220,5,2026-06-04 07:00:00,2026-06-04 15:00:00
5991,238,10,2026-05-10 10:00:00,2026-05-10 16:00:00
5992,243,7,2026-05-06 07:00:00,2026-05-06 13:00:00
5993,119,9,2026-05-06 06:00:00,2026-05-06 16:00:00
5994,104,2,2026-04-17 07:00:00,2026-04-17 15:00:00
5995,28,3,2026-06-01 09:00:00,2026-06-01 17:00:00
5996,158,8,2026-06-24 07:00:00,2026-06-24 13:00:00
5997,129,9,2026-06-14 07:00:00,2026-06-14 13:00:00
5998,127,6,2026-06-24 06:00:00,2026-06-24 16:00:00
5999,18,2,2026-04-18 09:00:00,2026-04-18 19:00:00
6000,246,8,2026-05-27 07:00:00,2026-05-27 19:00:00
6001,13,7,2026-05-23 07:00:00,2026-05-23 13:00:00
6002,166,1,2026-05-26 06:00:00,2026-05-26 12:00:00
6003,145,2,2026-04-08 10:00:00,2026-04-08 20:00:00
6004,28,10,2026-06-15 08:00:00,2026-06-15 16:00:00
6005,207,10,2026-04-13 08:00:00,2026-04-13 20:00:00
6006,128,9,2026-05-25 08:00:00,2026-05-25 16:00:00
6007,5,6,2026-05-08 07:00:00,2026-05-08 13:00:00
6008,205,10,2026-06-26 08:00:00,2026-06-26 16:00:00
6009,197,7,2026-04-01 07:00:00,2026-04-01 15:00:00
6010,78,3,2026-04-28 07:00:00,2026-04-28 19:00:00
6011,167,6,2026-04-14 09:00:00,2026-04-14 19:00:00
6012,223,4,2026-04-29 09:00:00,2026-04-29 19:00:00
6013,300,4,2026-05-09 06:00:00,2026-05-09 12:00:00
6014,238,2,2026-05-24 10:00:00,2026-05-24 18:00:00
6015,72,6,2026-05-21 09:00:00,2026-05-21 19:00:00
6016,64,5,2026-04-12 08:00:00,2026-04-12 14:00:00
6017,135,4,2026-06-07 09:00:00,2026-06-07 19:00:00
6018,218,7,2026-05-31 08:00:00,2026-05-31 18:00:00
6019,141,4,2026-04-04 10:00:00,2026-04-04 18:00:00
6020,82,2,2026-06-21 08:00:00,2026-06-21 16:00:00
6021,94,1,2026-05-20 10:00:00,2026-05-20 20:00:00
6022,152,8,2026-05-07 09:00:00,2026-05-07 21:00:00
6023,215,3,2026-05-28 10:00:00,2026-05-28 20:00:00
6024,57,8,2026-05-31 06:00:00,2026-05-31 14:00:00
6025,76,6,2026-05-25 09:00:00,2026-05-25 15:00:00
6026,195,4,2026-04-16 09:00:00,2026-04-16 21:00:00
6027,182,3,2026-06-12 06:00:00,2026-06-12 12:00:00
6028,69,6,2026-05-13 10:00:00,2026-05-13 18:00:00
6029,180,1,2026-06-16 10:00:00,2026-06-16 22:00:00
6030,156,8,2026-05-04 10:00:00,2026-05-04 22:00:00
6031,5,6,2026-05-21 06:00:00,2026-05-21 18:00:00
6032,228,1,2026-04-18 09:00:00,2026-04-18 15:00:00
6033,30,5,2026-04-28 10:00:00,2026-04-28 22:00:00
6034,94,2,2026-04-17 07:00:00,2026-04-17 17:00:00
6035,157,7,2026-06-09 10:00:00,2026-06-09 20:00:00
6036,233,2,2026-05-04 08:00:00,2026-05-04 16:00:00
6037,223,5,2026-05-15 09:00:00,2026-05-15 21:00:00
6038,195,9,2026-04-16 09:00:00,2026-04-16 17:00:00
6039,98,7,2026-05-19 06:00:00,2026-05-19 18:00:00
6040,2,5,2026-06-26 10:00:00,2026-06-26 18:00:00
6041,104,1,2026-05-04 09:00:00,2026-05-04 21:00:00
6042,184,1,2026-06-03 10:00:00,2026-06-03 18:00:00
6043,282,9,2026-05-15 08:00:00,2026-05-15 18:00:00
6044,71,4,2026-06-02 06:00:00,2026-06-02 16:00:00
6045,59,6,2026-05-23 10:00:00,2026-05-23 18:00:00
6046,30,4,2026-06-21 08:00:00,2026-06-21 18:00:00
6047,170,8,2026-04-09 08:00:00,2026-04-09 16:00:00
6048,135,6,2026-04-08 09:00:00,2026-04-08 21:00:00
6049,179,7,2026-05-26 06:00:00,2026-05-26 14:00:00
6050,13,2,2026-05-26 08:00:00,2026-05-26 20:00:00
6051,269,9,2026-06-04 10:00:00,2026-06-04 18:00:00
6052,238,3,2026-06-18 06:00:00,2026-06-18 18:00:00
6053,212,8,2026-06-06 09:00:00,2026-06-06 21:00:00
6054,203,6,2026-04-03 09:00:00,2026-04-03 19:00:00
6055,246,5,2026-05-08 10:00:00,2026-05-08 16:00:00
6056,246,7,2026-05-25 10:00:00,2026-05-25 16:00:00
6057,171,10,2026-06-02 07:00:00,2026-06-02 15:00:00
6058,108,9,2026-04-06 09:00:00,2026-04-06 21:00:00
6059,145,3,2026-05-11 10:00:00,2026-05-11 16:00:00
6060,44,10,2026-05-20 07:00:00,2026-05-20 17:00:00
6061,235,3,2026-05-09 10:00:00,2026-05-09 18:00:00
6062,166,3,2026-06-22 10:00:00,2026-06-22 20:00:00
6063,214,8,2026-06-07 08:00:00,2026-06-07 16:00:00
6064,185,7,2026-06-07 07:00:00,2026-06-07 19:00:00
6065,122,9,2026-06-21 09:00:00,2026-06-21 19:00:00
6066,171,10,2026-04-03 06:00:00,2026-04-03 16:00:00
6067,251,2,2026-04-13 09:00:00,2026-04-13 15:00:00
6068,33,5,2026-05-15 06:00:00,2026-05-15 18:00:00
6069,72,2,2026-06-16 07:00:00,2026-06-16 15:00:00
6070,291,4,2026-05-21 09:00:00,2026-05-21 15:00:00
6071,164,10,2026-04-18 07:00:00,2026-04-18 17:00:00
6072,17,2,2026-05-03 06:00:00,2026-05-03 12:00:00
6073,268,2,2026-04-03 07:00:00,2026-04-03 13:00:00
6074,171,2,2026-06-25 08:00:00,2026-06-25 18:00:00
6075,200,8,2026-05-20 07:00:00,2026-05-20 19:00:00
6076,198,1,2026-04-14 08:00:00,2026-04-14 20:00:00
6077,119,4,2026-04-14 08:00:00,2026-04-14 20:00:00
6078,55,3,2026-04-10 08:00:00,2026-04-10 16:00:00
6079,43,4,2026-05-08 06:00:00,2026-05-08 18:00:00
6080,155,3,2026-04-27 07:00:00,2026-04-27 13:00:00
6081,118,8,2026-06-25 09:00:00,2026-06-25 17:00:00
6082,76,6,2026-04-19 08:00:00,2026-04-19 18:00:00
6083,272,1,2026-05-20 09:00:00,2026-05-20 21:00:00
6084,17,9,2026-04-24 07:00:00,2026-04-24 17:00:00
6085,255,2,2026-05-01 08:00:00,2026-05-01 18:00:00
6086,123,9,2026-06-16 07:00:00,2026-06-16 15:00:00
6087,278,8,2026-04-12 08:00:00,2026-04-12 14:00:00
6088,187,7,2026-06-12 10:00:00,2026-06-12 22:00:00
6089,122,1,2026-04-03 08:00:00,2026-04-03 14:00:00
6090,141,1,2026-06-14 08:00:00,2026-06-14 18:00:00
6091,89,3,2026-04-17 09:00:00,2026-04-17 21:00:00
6092,188,2,2026-05-15 09:00:00,2026-05-15 15:00:00
6093,133,8,2026-04-11 10:00:00,2026-04-11 18:00:00
6094,113,7,2026-04-17 06:00:00,2026-04-17 12:00:00
6095,4,1,2026-06-28 09:00:00,2026-06-28 17:00:00
6096,286,9,2026-05-22 09:00:00,2026-05-22 17:00:00
6097,247,5,2026-04-25 07:00:00,2026-04-25 17:00:00
6098,208,8,2026-05-24 09:00:00,2026-05-24 19:00:00
6099,169,9,2026-06-26 06:00:00,2026-06-26 12:00:00
6100,140,1,2026-05-09 07:00:00,2026-05-09 15:00:00
6101,209,4,2026-05-18 09:00:00,2026-05-18 19:00:00
6102,288,4,2026-04-23 07:00:00,2026-04-23 19:00:00
6103,190,5,2026-05-05 07:00:00,2026-05-05 15:00:00
6104,136,8,2026-05-14 07:00:00,2026-05-14 15:00:00
6105,264,2,2026-06-16 06:00:00,2026-06-16 14:00:00
6106,50,3,2026-05-02 07:00:00,2026-05-02 15:00:00
6107,169,2,2026-04-11 09:00:00,2026-04-11 21:00:00
6108,16,3,2026-05-22 09:00:00,2026-05-22 19:00:00
6109,108,2,2026-04-25 09:00:00,2026-04-25 21:00:00
6110,154,2,2026-04-17 06:00:00,2026-04-17 16:00:00
6111,270,1,2026-04-26 09:00:00,2026-04-26 19:00:00
6112,261,6,2026-05-16 09:00:00,2026-05-16 19:00:00
6113,62,9,2026-04-08 07:00:00,2026-04-08 17:00:00
6114,33,4,2026-05-28 10:00:00,2026-05-28 18:00:00
6115,245,9,2026-04-26 10:00:00,2026-04-26 16:00:00
6116,98,3,2026-05-19 09:00:00,2026-05-19 21:00:00
6117,256,5,2026-04-23 10:00:00,2026-04-23 18:00:00
6118,241,7,2026-05-07 06:00:00,2026-05-07 14:00:00
6119,33,9,2026-05-15 09:00:00,2026-05-15 21:00:00
6120,218,1,2026-06-14 09:00:00,2026-06-14 17:00:00
6121,42,9,2026-04-30 06:00:00,2026-04-30 12:00:00
6122,146,4,2026-04-27 06:00:00,2026-04-27 14:00:00
6123,60,10,2026-04-14 07:00:00,2026-04-14 19:00:00
6124,197,4,2026-05-15 10:00:00,2026-05-15 22:00:00
6125,132,8,2026-05-28 09:00:00,2026-05-28 17:00:00
6126,184,3,2026-06-19 06:00:00,2026-06-19 14:00:00
6127,61,8,2026-06-10 06:00:00,2026-06-10 16:00:00
6128,113,4,2026-06-22 07:00:00,2026-06-22 17:00:00
6129,141,5,2026-05-02 07:00:00,2026-05-02 19:00:00
6130,10,8,2026-04-14 10:00:00,2026-04-14 18:00:00
6131,160,8,2026-06-04 06:00:00,2026-06-04 18:00:00
6132,195,8,2026-06-24 09:00:00,2026-06-24 17:00:00
6133,285,8,2026-04-23 06:00:00,2026-04-23 18:00:00
6134,180,5,2026-05-17 07:00:00,2026-05-17 19:00:00
6135,119,3,2026-06-25 07:00:00,2026-06-25 19:00:00
6136,94,6,2026-05-25 09:00:00,2026-05-25 15:00:00
6137,76,1,2026-06-06 08:00:00,2026-06-06 14:00:00
6138,115,6,2026-05-29 08:00:00,2026-05-29 16:00:00
6139,189,9,2026-04-14 08:00:00,2026-04-14 14:00:00
6140,196,4,2026-06-07 10:00:00,2026-06-07 20:00:00
6141,83,7,2026-06-08 10:00:00,2026-06-08 18:00:00
6142,262,4,2026-05-26 08:00:00,2026-05-26 18:00:00
6143,287,5,2026-04-22 09:00:00,2026-04-22 19:00:00
6144,241,8,2026-06-29 08:00:00,2026-06-29 16:00:00
6145,262,3,2026-06-18 09:00:00,2026-06-18 17:00:00
6146,56,6,2026-04-11 07:00:00,2026-04-11 17:00:00
6147,89,9,2026-06-28 08:00:00,2026-06-28 14:00:00
6148,291,8,2026-06-12 08:00:00,2026-06-12 18:00:00
6149,212,2,2026-05-02 09:00:00,2026-05-02 21:00:00
6150,102,7,2026-06-22 09:00:00,2026-06-22 19:00:00
6151,37,8,2026-05-24 07:00:00,2026-05-24 19:00:00
6152,241,5,2026-06-21 10:00:00,2026-06-21 18:00:00
6153,251,7,2026-06-17 09:00:00,2026-06-17 15:00:00
6154,87,6,2026-05-17 07:00:00,2026-05-17 17:00:00
6155,231,10,2026-04-17 06:00:00,2026-04-17 18:00:00
6156,158,2,2026-04-16 07:00:00,2026-04-16 15:00:00
6157,176,1,2026-06-29 09:00:00,2026-06-29 15:00:00
6158,297,7,2026-04-29 06:00:00,2026-04-29 18:00:00
6159,289,6,2026-05-24 09:00:00,2026-05-24 15:00:00
6160,32,3,2026-04-10 08:00:00,2026-04-10 16:00:00
6161,93,8,2026-06-16 07:00:00,2026-06-16 17:00:00
6162,262,10,2026-06-21 09:00:00,2026-06-21 21:00:00
6163,261,5,2026-04-24 10:00:00,2026-04-24 22:00:00
6164,76,7,2026-06-17 10:00:00,2026-06-17 22:00:00
6165,74,8,2026-05-19 09:00:00,2026-05-19 15:00:00
6166,153,1,2026-06-22 09:00:00,2026-06-22 15:00:00
6167,133,3,2026-04-05 09:00:00,2026-04-05 21:00:00
6168,186,2,2026-06-10 10:00:00,2026-06-10 18:00:00
6169,126,10,2026-05-20 08:00:00,2026-05-20 20:00:00
6170,158,6,2026-06-24 09:00:00,2026-06-24 17:00:00
6171,278,10,2026-04-27 09:00:00,2026-04-27 19:00:00
6172,118,8,2026-04-08 10:00:00,2026-04-08 20:00:00
6173,157,4,2026-05-23 07:00:00,2026-05-23 19:00:00
6174,38,10,2026-05-04 09:00:00,2026-05-04 21:00:00
6175,232,8,2026-04-19 06:00:00,2026-04-19 14:00:00
6176,299,9,2026-05-29 06:00:00,2026-05-29 14:00:00
6177,173,10,2026-04-20 08:00:00,2026-04-20 20:00:00
6178,248,7,2026-06-07 06:00:00,2026-06-07 18:00:00
6179,18,4,2026-04-22 08:00:00,2026-04-22 18:00:00
6180,193,8,2026-06-15 06:00:00,2026-06-15 18:00:00
6181,14,3,2026-04-08 10:00:00,2026-04-08 16:00:00
6182,201,6,2026-04-07 06:00:00,2026-04-07 18:00:00
6183,184,1,2026-05-17 09:00:00,2026-05-17 21:00:00
6184,37,4,2026-06-20 07:00:00,2026-06-20 15:00:00
6185,6,8,2026-06-05 10:00:00,2026-06-05 16:00:00
6186,211,5,2026-05-03 09:00:00,2026-05-03 19:00:00
6187,49,7,2026-05-19 06:00:00,2026-05-19 18:00:00
6188,68,6,2026-04-06 10:00:00,2026-04-06 18:00:00
6189,5,5,2026-05-10 10:00:00,2026-05-10 18:00:00
6190,27,1,2026-06-23 07:00:00,2026-06-23 19:00:00
6191,236,6,2026-04-11 10:00:00,2026-04-11 16:00:00
6192,212,9,2026-05-07 06:00:00,2026-05-07 18:00:00
6193,240,3,2026-04-16 08:00:00,2026-04-16 16:00:00
6194,154,7,2026-06-16 07:00:00,2026-06-16 15:00:00
6195,75,5,2026-05-02 10:00:00,2026-05-02 22:00:00
6196,59,10,2026-04-07 08:00:00,2026-04-07 14:00:00
6197,252,8,2026-06-16 07:00:00,2026-06-16 19:00:00
6198,228,2,2026-05-31 06:00:00,2026-05-31 12:00:00
6199,205,5,2026-05-31 09:00:00,2026-05-31 19:00:00
6200,58,9,2026-04-29 09:00:00,2026-04-29 15:00:00
6201,248,6,2026-06-28 09:00:00,2026-06-28 15:00:00
6202,203,8,2026-05-08 08:00:00,2026-05-08 20:00:00
6203,12,9,2026-06-23 09:00:00,2026-06-23 17:00:00
6204,298,7,2026-04-18 08:00:00,2026-04-18 14:00:00
6205,202,2,2026-04-23 10:00:00,2026-04-23 20:00:00
6206,190,6,2026-06-07 09:00:00,2026-06-07 17:00:00
6207,292,6,2026-05-31 10:00:00,2026-05-31 20:00:00
6208,110,9,2026-04-23 07:00:00,2026-04-23 17:00:00
6209,80,10,2026-06-15 06:00:00,2026-06-15 14:00:00
6210,99,9,2026-06-29 06:00:00,2026-06-29 18:00:00
6211,170,1,2026-04-21 06:00:00,2026-04-21 16:00:00
6212,172,4,2026-04-17 06:00:00,2026-04-17 12:00:00
6213,87,5,2026-05-19 09:00:00,2026-05-19 19:00:00
6214,117,1,2026-06-15 09:00:00,2026-06-15 21:00:00
6215,245,6,2026-06-28 08:00:00,2026-06-28 20:00:00
6216,243,5,2026-06-13 08:00:00,2026-06-13 20:00:00
6217,220,9,2026-04-25 08:00:00,2026-04-25 16:00:00
6218,95,10,2026-04-13 07:00:00,2026-04-13 13:00:00
6219,38,7,2026-04-22 08:00:00,2026-04-22 14:00:00
6220,109,2,2026-06-01 09:00:00,2026-06-01 19:00:00
6221,157,5,2026-04-27 06:00:00,2026-04-27 12:00:00
6222,50,8,2026-06-13 06:00:00,2026-06-13 12:00:00
6223,3,6,2026-05-03 08:00:00,2026-05-03 18:00:00
6224,75,1,2026-05-11 07:00:00,2026-05-11 17:00:00
6225,278,1,2026-05-13 09:00:00,2026-05-13 15:00:00
6226,136,8,2026-05-18 07:00:00,2026-05-18 13:00:00
6227,58,10,2026-04-29 08:00:00,2026-04-29 16:00:00
6228,281,2,2026-04-01 10:00:00,2026-04-01 20:00:00
6229,234,9,2026-04-09 09:00:00,2026-04-09 21:00:00
6230,203,3,2026-04-22 09:00:00,2026-04-22 17:00:00
6231,196,4,2026-05-26 08:00:00,2026-05-26 20:00:00
6232,200,4,2026-05-20 10:00:00,2026-05-20 18:00:00
6233,193,8,2026-04-11 08:00:00,2026-04-11 20:00:00
6234,102,4,2026-04-02 10:00:00,2026-04-02 16:00:00
6235,197,4,2026-04-21 10:00:00,2026-04-21 22:00:00
6236,297,7,2026-06-09 07:00:00,2026-06-09 13:00:00
6237,125,6,2026-06-27 06:00:00,2026-06-27 14:00:00
6238,121,8,2026-05-21 09:00:00,2026-05-21 21:00:00
6239,125,6,2026-04-12 08:00:00,2026-04-12 14:00:00
6240,167,7,2026-06-12 10:00:00,2026-06-12 20:00:00
6241,19,3,2026-06-03 09:00:00,2026-06-03 19:00:00
6242,17,1,2026-05-26 08:00:00,2026-05-26 14:00:00
6243,255,7,2026-06-08 09:00:00,2026-06-08 17:00:00
6244,6,8,2026-04-28 10:00:00,2026-04-28 16:00:00
6245,205,2,2026-04-12 06:00:00,2026-04-12 14:00:00
6246,71,3,2026-06-23 07:00:00,2026-06-23 17:00:00
6247,151,4,2026-04-04 09:00:00,2026-04-04 21:00:00
6248,193,5,2026-05-09 07:00:00,2026-05-09 13:00:00
6249,273,7,2026-06-12 06:00:00,2026-06-12 12:00:00
6250,272,6,2026-05-29 08:00:00,2026-05-29 16:00:00
6251,57,6,2026-06-13 10:00:00,2026-06-13 18:00:00
6252,171,2,2026-06-23 06:00:00,2026-06-23 12:00:00
6253,112,3,2026-04-02 09:00:00,2026-04-02 19:00:00
6254,88,4,2026-06-19 08:00:00,2026-06-19 20:00:00
6255,118,10,2026-06-03 09:00:00,2026-06-03 15:00:00
6256,294,1,2026-06-22 07:00:00,2026-06-22 17:00:00
6257,163,5,2026-06-01 06:00:00,2026-06-01 14:00:00
6258,272,2,2026-06-24 06:00:00,2026-06-24 12:00:00
6259,208,5,2026-04-24 09:00:00,2026-04-24 17:00:00
6260,254,2,2026-04-09 10:00:00,2026-04-09 16:00:00
6261,197,8,2026-06-19 08:00:00,2026-06-19 18:00:00
6262,202,2,2026-06-26 07:00:00,2026-06-26 13:00:00
6263,220,10,2026-04-01 07:00:00,2026-04-01 13:00:00
6264,248,2,2026-05-28 06:00:00,2026-05-28 14:00:00
6265,78,1,2026-04-05 08:00:00,2026-04-05 18:00:00
6266,255,9,2026-05-08 08:00:00,2026-05-08 20:00:00
6267,28,1,2026-04-03 09:00:00,2026-04-03 15:00:00
6268,218,2,2026-06-14 09:00:00,2026-06-14 21:00:00
6269,199,2,2026-06-28 08:00:00,2026-06-28 14:00:00
6270,97,7,2026-04-27 09:00:00,2026-04-27 17:00:00
6271,170,5,2026-04-14 07:00:00,2026-04-14 15:00:00
6272,182,10,2026-06-16 07:00:00,2026-06-16 17:00:00
6273,217,2,2026-06-19 08:00:00,2026-06-19 14:00:00
6274,203,6,2026-05-21 10:00:00,2026-05-21 16:00:00
6275,50,1,2026-06-27 10:00:00,2026-06-27 16:00:00
6276,84,1,2026-05-09 10:00:00,2026-05-09 20:00:00
6277,21,3,2026-05-14 08:00:00,2026-05-14 20:00:00
6278,175,7,2026-04-27 10:00:00,2026-04-27 18:00:00
6279,262,8,2026-04-20 07:00:00,2026-04-20 19:00:00
6280,74,1,2026-04-06 07:00:00,2026-04-06 19:00:00
6281,27,5,2026-05-12 08:00:00,2026-05-12 18:00:00
6282,242,4,2026-06-17 06:00:00,2026-06-17 12:00:00
6283,159,8,2026-06-15 07:00:00,2026-06-15 13:00:00
6284,14,8,2026-05-20 10:00:00,2026-05-20 18:00:00
6285,106,3,2026-06-11 06:00:00,2026-06-11 18:00:00
6286,233,5,2026-05-16 07:00:00,2026-05-16 19:00:00
6287,144,6,2026-04-14 06:00:00,2026-04-14 12:00:00
6288,275,9,2026-06-25 06:00:00,2026-06-25 12:00:00
6289,202,6,2026-04-29 08:00:00,2026-04-29 18:00:00
6290,179,10,2026-06-05 10:00:00,2026-06-05 16:00:00
6291,262,7,2026-04-10 06:00:00,2026-04-10 16:00:00
6292,29,2,2026-06-13 10:00:00,2026-06-13 22:00:00
6293,103,10,2026-06-19 10:00:00,2026-06-19 18:00:00
6294,270,6,2026-06-01 09:00:00,2026-06-01 15:00:00
6295,119,6,2026-06-28 09:00:00,2026-06-28 17:00:00
6296,235,3,2026-05-21 06:00:00,2026-05-21 18:00:00
6297,35,1,2026-04-08 08:00:00,2026-04-08 20:00:00
6298,30,5,2026-04-26 10:00:00,2026-04-26 18:00:00
6299,184,4,2026-06-13 07:00:00,2026-06-13 19:00:00
6300,111,3,2026-06-06 10:00:00,2026-06-06 18:00:00
6301,195,10,2026-04-30 09:00:00,2026-04-30 17:00:00
6302,56,6,2026-06-20 10:00:00,2026-06-20 22:00:00
6303,212,5,2026-06-15 07:00:00,2026-06-15 19:00:00
6304,292,2,2026-06-13 08:00:00,2026-06-13 20:00:00
6305,272,1,2026-06-27 06:00:00,2026-06-27 12:00:00
6306,70,9,2026-05-11 07:00:00,2026-05-11 13:00:00
6307,277,8,2026-05-15 08:00:00,2026-05-15 18:00:00
6308,257,3,2026-06-29 07:00:00,2026-06-29 13:00:00
6309,142,6,2026-04-23 08:00:00,2026-04-23 14:00:00
6310,78,6,2026-05-01 10:00:00,2026-05-01 22:00:00
6311,147,10,2026-05-08 06:00:00,2026-05-08 12:00:00
6312,241,1,2026-05-20 10:00:00,2026-05-20 22:00:00
6313,77,3,2026-06-28 09:00:00,2026-06-28 21:00:00
6314,198,6,2026-06-14 09:00:00,2026-06-14 21:00:00
6315,56,8,2026-06-14 07:00:00,2026-06-14 13:00:00
6316,84,4,2026-05-25 06:00:00,2026-05-25 14:00:00
6317,149,2,2026-05-09 07:00:00,2026-05-09 13:00:00
6318,98,3,2026-06-01 07:00:00,2026-06-01 15:00:00
6319,109,4,2026-05-28 10:00:00,2026-05-28 20:00:00
6320,250,3,2026-05-26 07:00:00,2026-05-26 19:00:00
6321,234,9,2026-06-15 09:00:00,2026-06-15 17:00:00
6322,232,6,2026-04-07 08:00:00,2026-04-07 18:00:00
6323,260,2,2026-04-25 06:00:00,2026-04-25 16:00:00
6324,184,6,2026-06-21 09:00:00,2026-06-21 21:00:00
6325,231,4,2026-05-05 10:00:00,2026-05-05 22:00:00
6326,4,7,2026-04-25 06:00:00,2026-04-25 16:00:00
6327,132,2,2026-05-24 07:00:00,2026-05-24 17:00:00
6328,201,4,2026-04-19 09:00:00,2026-04-19 21:00:00
6329,137,2,2026-04-09 07:00:00,2026-04-09 17:00:00
6330,38,4,2026-04-26 06:00:00,2026-04-26 18:00:00
6331,257,1,2026-06-03 06:00:00,2026-06-03 12:00:00
6332,203,7,2026-06-24 07:00:00,2026-06-24 15:00:00
6333,144,9,2026-05-25 10:00:00,2026-05-25 22:00:00
6334,288,6,2026-06-27 06:00:00,2026-06-27 14:00:00
6335,126,5,2026-06-17 10:00:00,2026-06-17 18:00:00
6336,58,5,2026-05-18 07:00:00,2026-05-18 19:00:00
6337,213,4,2026-05-23 06:00:00,2026-05-23 16:00:00
6338,114,9,2026-04-24 07:00:00,2026-04-24 19:00:00
6339,288,3,2026-06-01 06:00:00,2026-06-01 18:00:00
6340,283,1,2026-05-04 06:00:00,2026-05-04 12:00:00
6341,16,3,2026-06-12 08:00:00,2026-06-12 16:00:00
6342,141,7,2026-06-25 07:00:00,2026-06-25 19:00:00
6343,197,8,2026-04-16 10:00:00,2026-04-16 20:00:00
6344,170,5,2026-04-28 08:00:00,2026-04-28 16:00:00
6345,253,2,2026-04-18 10:00:00,2026-04-18 18:00:00
6346,31,6,2026-05-23 07:00:00,2026-05-23 19:00:00
6347,292,9,2026-04-06 09:00:00,2026-04-06 15:00:00
6348,161,3,2026-05-28 06:00:00,2026-05-28 16:00:00
6349,60,1,2026-05-10 09:00:00,2026-05-10 21:00:00
6350,261,2,2026-04-30 08:00:00,2026-04-30 20:00:00
6351,156,1,2026-05-15 09:00:00,2026-05-15 17:00:00
6352,23,6,2026-04-12 06:00:00,2026-04-12 12:00:00
6353,104,3,2026-04-13 08:00:00,2026-04-13 16:00:00
6354,30,6,2026-04-14 06:00:00,2026-04-14 12:00:00
6355,177,1,2026-04-13 10:00:00,2026-04-13 16:00:00
6356,260,9,2026-06-18 10:00:00,2026-06-18 20:00:00
6357,136,9,2026-04-01 10:00:00,2026-04-01 18:00:00
6358,111,9,2026-04-21 09:00:00,2026-04-21 19:00:00
6359,198,9,2026-04-11 10:00:00,2026-04-11 16:00:00
6360,163,3,2026-05-11 08:00:00,2026-05-11 14:00:00
6361,148,5,2026-04-14 08:00:00,2026-04-14 18:00:00
6362,287,3,2026-04-27 09:00:00,2026-04-27 17:00:00
6363,282,1,2026-05-12 09:00:00,2026-05-12 15:00:00
6364,240,4,2026-04-02 06:00:00,2026-04-02 16:00:00
6365,209,5,2026-05-28 06:00:00,2026-05-28 12:00:00
6366,31,8,2026-04-28 08:00:00,2026-04-28 18:00:00
6367,288,7,2026-06-06 10:00:00,2026-06-06 18:00:00
6368,79,9,2026-06-20 07:00:00,2026-06-20 13:00:00
6369,29,10,2026-04-11 10:00:00,2026-04-11 20:00:00
6370,46,9,2026-04-10 09:00:00,2026-04-10 17:00:00
6371,136,4,2026-04-14 09:00:00,2026-04-14 15:00:00
6372,190,9,2026-05-14 06:00:00,2026-05-14 14:00:00
6373,67,6,2026-05-16 10:00:00,2026-05-16 18:00:00
6374,76,3,2026-06-11 08:00:00,2026-06-11 16:00:00
6375,68,10,2026-04-22 10:00:00,2026-04-22 16:00:00
6376,280,2,2026-06-12 08:00:00,2026-06-12 16:00:00
6377,111,4,2026-04-26 07:00:00,2026-04-26 15:00:00
6378,237,10,2026-05-21 08:00:00,2026-05-21 16:00:00
6379,23,4,2026-05-22 08:00:00,2026-05-22 14:00:00
6380,156,8,2026-06-23 07:00:00,2026-06-23 13:00:00
6381,29,9,2026-06-29 06:00:00,2026-06-29 12:00:00
6382,261,10,2026-06-22 10:00:00,2026-06-22 16:00:00
6383,253,1,2026-05-28 06:00:00,2026-05-28 18:00:00
6384,21,1,2026-06-21 10:00:00,2026-06-21 16:00:00
6385,96,10,2026-05-04 10:00:00,2026-05-04 20:00:00
6386,84,4,2026-06-09 10:00:00,2026-06-09 18:00:00
6387,211,9,2026-06-24 10:00:00,2026-06-24 18:00:00
6388,88,1,2026-04-25 07:00:00,2026-04-25 13:00:00
6389,229,2,2026-04-03 07:00:00,2026-04-03 17:00:00
6390,76,6,2026-06-13 06:00:00,2026-06-13 14:00:00
6391,141,9,2026-04-12 10:00:00,2026-04-12 16:00:00
6392,229,10,2026-05-24 07:00:00,2026-05-24 19:00:00
6393,127,5,2026-06-28 08:00:00,2026-06-28 18:00:00
6394,20,1,2026-06-28 07:00:00,2026-06-28 17:00:00
6395,250,8,2026-05-24 10:00:00,2026-05-24 16:00:00
6396,88,2,2026-05-28 07:00:00,2026-05-28 19:00:00
6397,269,5,2026-04-20 06:00:00,2026-04-20 14:00:00
6398,200,7,2026-04-04 06:00:00,2026-04-04 18:00:00
6399,203,7,2026-04-09 09:00:00,2026-04-09 15:00:00
6400,147,5,2026-06-02 07:00:00,2026-06-02 13:00:00
6401,299,7,2026-04-25 09:00:00,2026-04-25 15:00:00
6402,219,1,2026-05-23 06:00:00,2026-05-23 14:00:00
6403,41,3,2026-05-21 08:00:00,2026-05-21 20:00:00
6404,193,7,2026-05-22 10:00:00,2026-05-22 22:00:00
6405,221,7,2026-04-23 10:00:00,2026-04-23 18:00:00
6406,117,4,2026-06-22 08:00:00,2026-06-22 16:00:00
6407,224,6,2026-05-15 10:00:00,2026-05-15 16:00:00
6408,51,8,2026-05-19 10:00:00,2026-05-19 20:00:00
6409,41,10,2026-05-18 07:00:00,2026-05-18 19:00:00
6410,25,6,2026-05-19 07:00:00,2026-05-19 19:00:00
6411,72,2,2026-05-14 06:00:00,2026-05-14 18:00:00
6412,186,10,2026-06-09 08:00:00,2026-06-09 16:00:00
6413,256,9,2026-05-16 08:00:00,2026-05-16 16:00:00
6414,49,2,2026-05-28 09:00:00,2026-05-28 19:00:00
6415,292,3,2026-04-07 10:00:00,2026-04-07 20:00:00
6416,23,10,2026-04-01 06:00:00,2026-04-01 12:00:00
6417,290,3,2026-06-13 07:00:00,2026-06-13 19:00:00
6418,169,7,2026-05-17 06:00:00,2026-05-17 16:00:00
6419,273,8,2026-04-21 06:00:00,2026-04-21 12:00:00
6420,191,3,2026-05-12 07:00:00,2026-05-12 19:00:00
6421,105,8,2026-04-09 07:00:00,2026-04-09 15:00:00
6422,130,2,2026-04-16 08:00:00,2026-04-16 20:00:00
6423,1,7,2026-05-15 08:00:00,2026-05-15 18:00:00
6424,133,6,2026-04-25 08:00:00,2026-04-25 14:00:00
6425,209,4,2026-04-11 09:00:00,2026-04-11 17:00:00
6426,51,8,2026-05-15 07:00:00,2026-05-15 19:00:00
6427,47,9,2026-06-07 06:00:00,2026-06-07 16:00:00
6428,106,8,2026-06-06 09:00:00,2026-06-06 19:00:00
6429,153,9,2026-05-09 09:00:00,2026-05-09 21:00:00
6430,231,10,2026-05-16 07:00:00,2026-05-16 17:00:00
6431,246,6,2026-04-14 06:00:00,2026-04-14 18:00:00
6432,120,1,2026-05-08 09:00:00,2026-05-08 17:00:00
6433,272,1,2026-05-19 10:00:00,2026-05-19 22:00:00
6434,94,2,2026-06-28 10:00:00,2026-06-28 18:00:00
6435,37,4,2026-06-23 10:00:00,2026-06-23 18:00:00
6436,233,4,2026-05-15 09:00:00,2026-05-15 21:00:00
6437,60,5,2026-04-27 10:00:00,2026-04-27 18:00:00
6438,171,4,2026-05-20 07:00:00,2026-05-20 19:00:00
6439,92,3,2026-04-10 06:00:00,2026-04-10 14:00:00
6440,218,2,2026-04-21 08:00:00,2026-04-21 16:00:00
6441,46,6,2026-06-23 08:00:00,2026-06-23 18:00:00
6442,61,7,2026-05-08 10:00:00,2026-05-08 22:00:00
6443,123,7,2026-04-05 08:00:00,2026-04-05 20:00:00
6444,214,4,2026-05-23 07:00:00,2026-05-23 15:00:00
6445,205,3,2026-06-06 06:00:00,2026-06-06 16:00:00
6446,128,6,2026-04-09 10:00:00,2026-04-09 16:00:00
6447,213,6,2026-05-29 06:00:00,2026-05-29 14:00:00
6448,219,9,2026-05-03 07:00:00,2026-05-03 13:00:00
6449,141,4,2026-04-14 08:00:00,2026-04-14 16:00:00
6450,152,6,2026-05-28 09:00:00,2026-05-28 15:00:00
6451,134,9,2026-05-27 07:00:00,2026-05-27 15:00:00
6452,175,7,2026-06-21 06:00:00,2026-06-21 14:00:00
6453,128,10,2026-05-27 07:00:00,2026-05-27 17:00:00
6454,290,5,2026-06-14 09:00:00,2026-06-14 19:00:00
6455,191,10,2026-06-27 08:00:00,2026-06-27 20:00:00
6456,204,5,2026-04-10 07:00:00,2026-04-10 17:00:00
6457,257,4,2026-04-10 10:00:00,2026-04-10 18:00:00
6458,20,9,2026-05-05 06:00:00,2026-05-05 16:00:00
6459,178,2,2026-04-02 10:00:00,2026-04-02 22:00:00
6460,85,3,2026-06-04 07:00:00,2026-06-04 15:00:00
6461,71,3,2026-06-27 08:00:00,2026-06-27 16:00:00
6462,88,3,2026-06-07 07:00:00,2026-06-07 19:00:00
6463,257,1,2026-04-07 07:00:00,2026-04-07 19:00:00
6464,254,8,2026-05-13 08:00:00,2026-05-13 18:00:00
6465,104,6,2026-06-20 08:00:00,2026-06-20 18:00:00
6466,11,8,2026-06-25 07:00:00,2026-06-25 19:00:00
6467,215,8,2026-04-15 10:00:00,2026-04-15 22:00:00
6468,95,8,2026-06-16 08:00:00,2026-06-16 16:00:00
6469,80,2,2026-06-24 09:00:00,2026-06-24 17:00:00
6470,268,6,2026-05-16 10:00:00,2026-05-16 20:00:00
6471,191,10,2026-05-16 10:00:00,2026-05-16 22:00:00
6472,269,4,2026-06-28 06:00:00,2026-06-28 18:00:00
6473,216,10,2026-04-18 07:00:00,2026-04-18 17:00:00
6474,47,8,2026-04-21 07:00:00,2026-04-21 13:00:00
6475,66,1,2026-05-26 09:00:00,2026-05-26 19:00:00
6476,19,4,2026-04-28 07:00:00,2026-04-28 17:00:00
6477,278,1,2026-05-01 07:00:00,2026-05-01 15:00:00
6478,54,4,2026-04-13 10:00:00,2026-04-13 16:00:00
6479,133,10,2026-05-17 06:00:00,2026-05-17 14:00:00
6480,294,2,2026-06-15 10:00:00,2026-06-15 16:00:00
6481,45,8,2026-04-09 10:00:00,2026-04-09 22:00:00
6482,289,7,2026-04-16 10:00:00,2026-04-16 20:00:00
6483,65,5,2026-05-28 08:00:00,2026-05-28 14:00:00
6484,36,4,2026-04-23 07:00:00,2026-04-23 13:00:00
6485,158,4,2026-04-01 09:00:00,2026-04-01 21:00:00
6486,267,8,2026-05-06 10:00:00,2026-05-06 20:00:00
6487,160,4,2026-05-24 06:00:00,2026-05-24 12:00:00
6488,147,4,2026-04-28 06:00:00,2026-04-28 18:00:00
6489,188,1,2026-06-04 08:00:00,2026-06-04 20:00:00
6490,238,5,2026-06-22 10:00:00,2026-06-22 18:00:00
6491,121,10,2026-04-27 10:00:00,2026-04-27 16:00:00
6492,244,10,2026-06-20 07:00:00,2026-06-20 15:00:00
6493,138,6,2026-05-05 08:00:00,2026-05-05 18:00:00
6494,257,1,2026-06-08 06:00:00,2026-06-08 16:00:00
6495,204,8,2026-06-08 09:00:00,2026-06-08 21:00:00
6496,104,1,2026-04-19 06:00:00,2026-04-19 18:00:00
6497,96,1,2026-05-08 06:00:00,2026-05-08 12:00:00
6498,78,1,2026-05-30 08:00:00,2026-05-30 16:00:00
6499,261,4,2026-05-15 08:00:00,2026-05-15 18:00:00
6500,77,5,2026-04-22 07:00:00,2026-04-22 19:00:00
6501,33,7,2026-05-10 06:00:00,2026-05-10 16:00:00
6502,162,9,2026-06-26 08:00:00,2026-06-26 20:00:00
6503,12,7,2026-06-24 07:00:00,2026-06-24 15:00:00
6504,58,1,2026-06-17 09:00:00,2026-06-17 21:00:00
6505,144,8,2026-04-30 08:00:00,2026-04-30 18:00:00
6506,27,3,2026-04-12 08:00:00,2026-04-12 16:00:00
6507,105,7,2026-04-18 09:00:00,2026-04-18 21:00:00
6508,20,1,2026-06-08 07:00:00,2026-06-08 13:00:00
6509,277,1,2026-05-07 08:00:00,2026-05-07 20:00:00
6510,103,8,2026-05-19 08:00:00,2026-05-19 16:00:00
6511,118,7,2026-05-01 07:00:00,2026-05-01 17:00:00
6512,17,9,2026-06-08 07:00:00,2026-06-08 13:00:00
6513,44,7,2026-04-25 09:00:00,2026-04-25 15:00:00
6514,88,5,2026-04-30 08:00:00,2026-04-30 16:00:00
6515,46,5,2026-06-16 10:00:00,2026-06-16 16:00:00
6516,245,2,2026-06-28 08:00:00,2026-06-28 16:00:00
6517,75,9,2026-04-10 08:00:00,2026-04-10 16:00:00
6518,269,1,2026-05-12 07:00:00,2026-05-12 17:00:00
6519,62,4,2026-04-05 06:00:00,2026-04-05 16:00:00
6520,76,8,2026-05-03 07:00:00,2026-05-03 15:00:00
6521,42,4,2026-04-17 09:00:00,2026-04-17 21:00:00
6522,153,10,2026-06-07 10:00:00,2026-06-07 18:00:00
6523,183,2,2026-04-18 08:00:00,2026-04-18 20:00:00
6524,73,1,2026-06-06 09:00:00,2026-06-06 19:00:00
6525,262,8,2026-04-18 10:00:00,2026-04-18 16:00:00
6526,77,5,2026-04-02 07:00:00,2026-04-02 15:00:00
6527,115,4,2026-06-26 08:00:00,2026-06-26 18:00:00
6528,22,9,2026-04-28 07:00:00,2026-04-28 17:00:00
6529,128,5,2026-04-26 10:00:00,2026-04-26 16:00:00
6530,96,2,2026-05-10 10:00:00,2026-05-10 16:00:00
6531,22,7,2026-04-25 07:00:00,2026-04-25 17:00:00
6532,103,3,2026-04-07 06:00:00,2026-04-07 18:00:00
6533,156,9,2026-05-19 08:00:00,2026-05-19 18:00:00
6534,55,5,2026-04-28 07:00:00,2026-04-28 19:00:00
6535,254,8,2026-06-18 10:00:00,2026-06-18 20:00:00
6536,30,2,2026-05-24 08:00:00,2026-05-24 16:00:00
6537,57,2,2026-04-16 10:00:00,2026-04-16 18:00:00
6538,211,1,2026-05-25 07:00:00,2026-05-25 19:00:00
6539,252,4,2026-06-11 09:00:00,2026-06-11 15:00:00
6540,219,1,2026-04-25 10:00:00,2026-04-25 20:00:00
6541,278,8,2026-05-28 07:00:00,2026-05-28 19:00:00
6542,300,2,2026-06-17 10:00:00,2026-06-17 18:00:00
6543,292,4,2026-05-05 06:00:00,2026-05-05 14:00:00
6544,114,8,2026-05-14 07:00:00,2026-05-14 13:00:00
6545,199,2,2026-04-28 07:00:00,2026-04-28 15:00:00
6546,144,5,2026-05-19 08:00:00,2026-05-19 14:00:00
6547,9,5,2026-04-18 06:00:00,2026-04-18 18:00:00
6548,25,10,2026-04-17 09:00:00,2026-04-17 19:00:00
6549,247,3,2026-06-20 10:00:00,2026-06-20 16:00:00
6550,48,8,2026-05-05 06:00:00,2026-05-05 18:00:00
6551,213,7,2026-04-14 06:00:00,2026-04-14 16:00:00
6552,137,6,2026-04-19 09:00:00,2026-04-19 21:00:00
6553,119,7,2026-06-14 09:00:00,2026-06-14 19:00:00
6554,296,2,2026-06-18 10:00:00,2026-06-18 20:00:00
6555,243,3,2026-05-22 09:00:00,2026-05-22 21:00:00
6556,109,6,2026-06-16 07:00:00,2026-06-16 15:00:00
6557,20,5,2026-05-21 09:00:00,2026-05-21 21:00:00
6558,51,9,2026-04-02 06:00:00,2026-04-02 12:00:00
6559,143,9,2026-04-06 07:00:00,2026-04-06 17:00:00
6560,12,10,2026-06-15 07:00:00,2026-06-15 17:00:00
6561,141,9,2026-05-16 07:00:00,2026-05-16 13:00:00
6562,205,7,2026-06-21 10:00:00,2026-06-21 16:00:00
6563,51,2,2026-06-04 07:00:00,2026-06-04 13:00:00
6564,175,4,2026-04-19 09:00:00,2026-04-19 17:00:00
6565,237,7,2026-04-06 08:00:00,2026-04-06 20:00:00
6566,79,9,2026-06-24 06:00:00,2026-06-24 16:00:00
6567,37,10,2026-05-30 06:00:00,2026-05-30 16:00:00
6568,205,4,2026-05-22 06:00:00,2026-05-22 12:00:00
6569,174,9,2026-04-08 07:00:00,2026-04-08 13:00:00
6570,200,2,2026-04-17 09:00:00,2026-04-17 21:00:00
6571,197,5,2026-04-16 06:00:00,2026-04-16 12:00:00
6572,43,7,2026-04-04 10:00:00,2026-04-04 20:00:00
6573,93,9,2026-05-25 09:00:00,2026-05-25 19:00:00
6574,231,3,2026-05-06 09:00:00,2026-05-06 17:00:00
6575,43,1,2026-04-28 08:00:00,2026-04-28 16:00:00
6576,131,9,2026-05-12 09:00:00,2026-05-12 19:00:00
6577,144,7,2026-05-07 06:00:00,2026-05-07 18:00:00
6578,184,10,2026-04-28 10:00:00,2026-04-28 16:00:00
6579,247,1,2026-04-13 10:00:00,2026-04-13 22:00:00
6580,105,7,2026-04-17 06:00:00,2026-04-17 14:00:00
6581,166,3,2026-06-15 08:00:00,2026-06-15 18:00:00
6582,231,1,2026-05-12 07:00:00,2026-05-12 15:00:00
6583,106,3,2026-06-23 06:00:00,2026-06-23 16:00:00
6584,4,9,2026-04-04 06:00:00,2026-04-04 18:00:00
6585,210,3,2026-04-03 10:00:00,2026-04-03 18:00:00
6586,187,4,2026-04-14 10:00:00,2026-04-14 20:00:00
6587,299,10,2026-05-03 10:00:00,2026-05-03 20:00:00
6588,140,7,2026-05-25 09:00:00,2026-05-25 17:00:00
6589,283,6,2026-04-14 10:00:00,2026-04-14 20:00:00
6590,123,9,2026-04-15 09:00:00,2026-04-15 21:00:00
6591,245,5,2026-04-19 06:00:00,2026-04-19 12:00:00
6592,136,2,2026-05-04 08:00:00,2026-05-04 20:00:00
6593,236,8,2026-04-10 07:00:00,2026-04-10 17:00:00
6594,176,1,2026-06-05 10:00:00,2026-06-05 16:00:00
6595,28,2,2026-05-25 09:00:00,2026-05-25 21:00:00
6596,64,10,2026-05-31 06:00:00,2026-05-31 16:00:00
6597,6,5,2026-04-14 07:00:00,2026-04-14 17:00:00
6598,97,7,2026-06-08 10:00:00,2026-06-08 16:00:00
6599,199,6,2026-06-20 07:00:00,2026-06-20 19:00:00
6600,84,7,2026-06-06 07:00:00,2026-06-06 15:00:00
6601,160,6,2026-06-28 10:00:00,2026-06-28 16:00:00
6602,135,2,2026-04-15 08:00:00,2026-04-15 20:00:00
6603,245,2,2026-06-29 08:00:00,2026-06-29 14:00:00
6604,31,4,2026-05-19 06:00:00,2026-05-19 12:00:00
6605,42,4,2026-04-15 09:00:00,2026-04-15 19:00:00
6606,78,8,2026-06-02 06:00:00,2026-06-02 14:00:00
6607,119,3,2026-05-26 09:00:00,2026-05-26 17:00:00
6608,282,10,2026-05-17 08:00:00,2026-05-17 16:00:00
6609,174,8,2026-04-26 09:00:00,2026-04-26 15:00:00
6610,228,4,2026-05-24 09:00:00,2026-05-24 21:00:00
6611,110,2,2026-04-11 07:00:00,2026-04-11 13:00:00
6612,227,1,2026-06-28 07:00:00,2026-06-28 19:00:00
6613,136,4,2026-06-27 07:00:00,2026-06-27 13:00:00
6614,200,3,2026-05-19 08:00:00,2026-05-19 14:00:00
6615,59,10,2026-04-27 07:00:00,2026-04-27 15:00:00
6616,216,1,2026-05-03 07:00:00,2026-05-03 13:00:00
6617,46,5,2026-06-18 09:00:00,2026-06-18 15:00:00
6618,246,9,2026-05-04 06:00:00,2026-05-04 14:00:00
6619,168,7,2026-06-07 09:00:00,2026-06-07 19:00:00
6620,193,1,2026-05-03 08:00:00,2026-05-03 14:00:00
6621,164,5,2026-06-23 06:00:00,2026-06-23 12:00:00
6622,128,1,2026-04-03 09:00:00,2026-04-03 17:00:00
6623,141,2,2026-04-16 09:00:00,2026-04-16 17:00:00
6624,189,9,2026-04-18 07:00:00,2026-04-18 15:00:00
6625,114,8,2026-04-02 08:00:00,2026-04-02 18:00:00
6626,76,10,2026-04-07 06:00:00,2026-04-07 18:00:00
6627,3,3,2026-05-22 10:00:00,2026-05-22 22:00:00
6628,62,9,2026-04-14 08:00:00,2026-04-14 16:00:00
6629,211,8,2026-05-15 08:00:00,2026-05-15 18:00:00
6630,260,4,2026-06-20 07:00:00,2026-06-20 13:00:00
6631,297,1,2026-05-31 07:00:00,2026-05-31 17:00:00
6632,153,4,2026-04-07 07:00:00,2026-04-07 17:00:00
6633,55,6,2026-04-13 07:00:00,2026-04-13 13:00:00
6634,235,6,2026-06-05 08:00:00,2026-06-05 16:00:00
6635,60,10,2026-06-19 08:00:00,2026-06-19 20:00:00
6636,249,7,2026-06-23 06:00:00,2026-06-23 16:00:00
6637,142,6,2026-06-01 08:00:00,2026-06-01 16:00:00
6638,242,9,2026-05-25 07:00:00,2026-05-25 19:00:00
6639,87,2,2026-05-05 06:00:00,2026-05-05 12:00:00
6640,292,1,2026-06-27 09:00:00,2026-06-27 19:00:00
6641,286,1,2026-06-12 09:00:00,2026-06-12 21:00:00
6642,120,3,2026-04-09 06:00:00,2026-04-09 12:00:00
6643,65,9,2026-05-01 10:00:00,2026-05-01 20:00:00
6644,44,10,2026-05-30 09:00:00,2026-05-30 19:00:00
6645,128,3,2026-04-10 10:00:00,2026-04-10 20:00:00
6646,236,4,2026-05-04 09:00:00,2026-05-04 21:00:00
6647,184,4,2026-05-24 08:00:00,2026-05-24 20:00:00
6648,82,7,2026-05-02 09:00:00,2026-05-02 21:00:00
6649,93,5,2026-06-13 06:00:00,2026-06-13 12:00:00
6650,20,1,2026-04-27 10:00:00,2026-04-27 20:00:00
6651,109,4,2026-05-30 07:00:00,2026-05-30 13:00:00
6652,256,8,2026-06-18 10:00:00,2026-06-18 18:00:00
6653,137,5,2026-04-10 08:00:00,2026-04-10 20:00:00
6654,56,7,2026-05-12 10:00:00,2026-05-12 20:00:00
6655,42,5,2026-04-12 06:00:00,2026-04-12 18:00:00
6656,26,6,2026-05-16 08:00:00,2026-05-16 18:00:00
6657,139,5,2026-05-19 07:00:00,2026-05-19 15:00:00
6658,298,3,2026-05-19 07:00:00,2026-05-19 13:00:00
6659,40,8,2026-04-29 10:00:00,2026-04-29 22:00:00
6660,24,9,2026-04-22 06:00:00,2026-04-22 16:00:00
6661,202,1,2026-06-08 07:00:00,2026-06-08 17:00:00
6662,58,3,2026-05-12 10:00:00,2026-05-12 16:00:00
6663,291,5,2026-05-14 07:00:00,2026-05-14 13:00:00
6664,103,3,2026-04-05 08:00:00,2026-04-05 16:00:00
6665,273,7,2026-05-21 06:00:00,2026-05-21 16:00:00
6666,285,5,2026-06-04 06:00:00,2026-06-04 12:00:00
6667,267,9,2026-05-24 09:00:00,2026-05-24 21:00:00
6668,202,2,2026-05-13 10:00:00,2026-05-13 16:00:00
6669,241,1,2026-05-17 10:00:00,2026-05-17 18:00:00
6670,256,2,2026-05-20 07:00:00,2026-05-20 19:00:00
6671,283,1,2026-05-26 08:00:00,2026-05-26 14:00:00
6672,269,8,2026-06-20 06:00:00,2026-06-20 12:00:00
6673,244,6,2026-06-03 08:00:00,2026-06-03 18:00:00
6674,222,1,2026-05-18 06:00:00,2026-05-18 14:00:00
6675,173,4,2026-05-19 09:00:00,2026-05-19 17:00:00
6676,147,8,2026-05-04 10:00:00,2026-05-04 22:00:00
6677,270,2,2026-06-07 10:00:00,2026-06-07 16:00:00
6678,13,8,2026-06-15 10:00:00,2026-06-15 22:00:00
6679,263,3,2026-05-02 06:00:00,2026-05-02 12:00:00
6680,137,4,2026-06-29 07:00:00,2026-06-29 17:00:00
6681,155,3,2026-04-12 08:00:00,2026-04-12 14:00:00
6682,165,7,2026-05-05 06:00:00,2026-05-05 12:00:00
6683,300,1,2026-04-28 08:00:00,2026-04-28 14:00:00
6684,284,9,2026-05-03 10:00:00,2026-05-03 22:00:00
6685,190,7,2026-06-03 10:00:00,2026-06-03 20:00:00
6686,38,3,2026-05-06 06:00:00,2026-05-06 12:00:00
6687,56,7,2026-04-22 10:00:00,2026-04-22 20:00:00
6688,99,9,2026-06-06 07:00:00,2026-06-06 19:00:00
6689,85,2,2026-05-01 07:00:00,2026-05-01 17:00:00
6690,167,3,2026-04-17 06:00:00,2026-04-17 14:00:00
6691,168,8,2026-06-12 06:00:00,2026-06-12 16:00:00
6692,176,2,2026-04-07 06:00:00,2026-04-07 14:00:00
6693,96,10,2026-05-20 08:00:00,2026-05-20 14:00:00
6694,28,1,2026-04-29 09:00:00,2026-04-29 21:00:00
6695,255,5,2026-05-29 09:00:00,2026-05-29 15:00:00
6696,271,4,2026-04-10 09:00:00,2026-04-10 15:00:00
6697,193,2,2026-06-12 09:00:00,2026-06-12 19:00:00
6698,207,1,2026-04-15 07:00:00,2026-04-15 17:00:00
6699,130,8,2026-06-29 07:00:00,2026-06-29 17:00:00
6700,300,5,2026-06-10 07:00:00,2026-06-10 15:00:00
6701,198,5,2026-06-18 06:00:00,2026-06-18 12:00:00
6702,94,6,2026-06-08 09:00:00,2026-06-08 19:00:00
6703,63,9,2026-06-27 10:00:00,2026-06-27 22:00:00
6704,283,7,2026-06-18 08:00:00,2026-06-18 20:00:00
6705,193,1,2026-06-10 09:00:00,2026-06-10 21:00:00
6706,6,6,2026-04-04 06:00:00,2026-04-04 14:00:00
6707,165,6,2026-05-01 07:00:00,2026-05-01 19:00:00
6708,54,2,2026-05-14 09:00:00,2026-05-14 21:00:00
6709,17,7,2026-06-19 09:00:00,2026-06-19 21:00:00
6710,177,9,2026-04-06 08:00:00,2026-04-06 18:00:00
6711,300,2,2026-04-20 08:00:00,2026-04-20 16:00:00
6712,255,10,2026-05-16 06:00:00,2026-05-16 12:00:00
6713,281,3,2026-05-06 07:00:00,2026-05-06 13:00:00
6714,22,3,2026-04-19 09:00:00,2026-04-19 17:00:00
6715,285,9,2026-06-22 07:00:00,2026-06-22 19:00:00
6716,230,7,2026-05-15 10:00:00,2026-05-15 22:00:00
6717,99,2,2026-05-26 06:00:00,2026-05-26 12:00:00
6718,278,8,2026-05-30 06:00:00,2026-05-30 12:00:00
6719,290,2,2026-06-20 07:00:00,2026-06-20 19:00:00
6720,237,9,2026-04-13 08:00:00,2026-04-13 14:00:00
6721,282,10,2026-05-03 10:00:00,2026-05-03 16:00:00
6722,70,5,2026-05-08 07:00:00,2026-05-08 17:00:00
6723,62,4,2026-04-25 10:00:00,2026-04-25 22:00:00
6724,253,5,2026-05-24 10:00:00,2026-05-24 20:00:00
6725,226,8,2026-06-01 06:00:00,2026-06-01 12:00:00
6726,180,3,2026-05-20 06:00:00,2026-05-20 16:00:00
6727,145,1,2026-04-24 07:00:00,2026-04-24 19:00:00
6728,156,3,2026-05-16 08:00:00,2026-05-16 18:00:00
6729,128,3,2026-04-02 10:00:00,2026-04-02 22:00:00
6730,298,1,2026-04-21 10:00:00,2026-04-21 20:00:00
6731,265,8,2026-06-24 07:00:00,2026-06-24 17:00:00
6732,5,4,2026-05-14 08:00:00,2026-05-14 16:00:00
6733,104,5,2026-05-16 07:00:00,2026-05-16 15:00:00
6734,22,10,2026-05-07 10:00:00,2026-05-07 18:00:00
6735,273,2,2026-05-31 06:00:00,2026-05-31 18:00:00
6736,152,8,2026-05-25 06:00:00,2026-05-25 14:00:00
6737,39,5,2026-04-02 08:00:00,2026-04-02 14:00:00
6738,147,7,2026-04-23 07:00:00,2026-04-23 19:00:00
6739,54,6,2026-04-15 07:00:00,2026-04-15 19:00:00
6740,2,8,2026-05-16 09:00:00,2026-05-16 17:00:00
6741,218,7,2026-06-01 10:00:00,2026-06-01 18:00:00
6742,287,3,2026-05-02 07:00:00,2026-05-02 17:00:00
6743,157,7,2026-06-26 08:00:00,2026-06-26 14:00:00
6744,283,7,2026-04-01 07:00:00,2026-04-01 17:00:00
6745,55,3,2026-06-29 07:00:00,2026-06-29 13:00:00
6746,273,4,2026-06-07 09:00:00,2026-06-07 19:00:00
6747,295,5,2026-05-18 06:00:00,2026-05-18 18:00:00
6748,199,2,2026-06-01 07:00:00,2026-06-01 17:00:00
6749,241,10,2026-04-24 09:00:00,2026-04-24 19:00:00
6750,248,6,2026-06-02 10:00:00,2026-06-02 20:00:00
6751,242,6,2026-05-01 08:00:00,2026-05-01 20:00:00
6752,220,5,2026-04-03 06:00:00,2026-04-03 14:00:00
6753,158,9,2026-04-15 10:00:00,2026-04-15 18:00:00
6754,30,3,2026-04-30 08:00:00,2026-04-30 14:00:00
6755,250,6,2026-04-16 07:00:00,2026-04-16 15:00:00
6756,72,6,2026-06-21 06:00:00,2026-06-21 12:00:00
6757,90,1,2026-04-11 06:00:00,2026-04-11 12:00:00
6758,120,9,2026-06-02 09:00:00,2026-06-02 21:00:00
6759,106,9,2026-06-10 07:00:00,2026-06-10 15:00:00
6760,189,9,2026-04-03 06:00:00,2026-04-03 18:00:00
6761,161,4,2026-04-11 09:00:00,2026-04-11 19:00:00
6762,110,10,2026-06-12 10:00:00,2026-06-12 16:00:00
6763,222,4,2026-06-05 09:00:00,2026-06-05 19:00:00
6764,243,10,2026-04-01 10:00:00,2026-04-01 20:00:00
6765,41,9,2026-05-16 10:00:00,2026-05-16 18:00:00
6766,250,3,2026-06-26 09:00:00,2026-06-26 17:00:00
6767,171,5,2026-06-07 10:00:00,2026-06-07 22:00:00
6768,256,9,2026-04-21 07:00:00,2026-04-21 17:00:00
6769,72,7,2026-05-16 08:00:00,2026-05-16 18:00:00
6770,135,10,2026-05-21 10:00:00,2026-05-21 22:00:00
6771,164,2,2026-05-09 06:00:00,2026-05-09 18:00:00
6772,88,9,2026-06-24 09:00:00,2026-06-24 21:00:00
6773,140,6,2026-06-21 08:00:00,2026-06-21 14:00:00
6774,139,6,2026-05-26 06:00:00,2026-05-26 12:00:00
6775,70,9,2026-04-18 06:00:00,2026-04-18 18:00:00
6776,282,7,2026-05-08 06:00:00,2026-05-08 12:00:00
6777,53,5,2026-06-01 09:00:00,2026-06-01 15:00:00
6778,5,6,2026-05-06 08:00:00,2026-05-06 14:00:00
6779,68,4,2026-05-25 08:00:00,2026-05-25 18:00:00
6780,223,5,2026-05-21 08:00:00,2026-05-21 14:00:00
6781,98,5,2026-04-28 08:00:00,2026-04-28 20:00:00
6782,125,5,2026-06-20 06:00:00,2026-06-20 12:00:00
6783,100,3,2026-05-21 09:00:00,2026-05-21 19:00:00
6784,158,3,2026-06-19 10:00:00,2026-06-19 22:00:00
6785,245,8,2026-05-04 07:00:00,2026-05-04 19:00:00
6786,163,5,2026-04-19 09:00:00,2026-04-19 19:00:00
6787,171,10,2026-04-01 09:00:00,2026-04-01 17:00:00
6788,32,6,2026-06-02 08:00:00,2026-06-02 20:00:00
6789,234,5,2026-05-05 07:00:00,2026-05-05 17:00:00
6790,41,2,2026-06-05 08:00:00,2026-06-05 18:00:00
6791,176,9,2026-06-16 06:00:00,2026-06-16 16:00:00
6792,99,3,2026-06-10 09:00:00,2026-06-10 21:00:00
6793,236,1,2026-05-05 09:00:00,2026-05-05 19:00:00
6794,137,1,2026-06-15 09:00:00,2026-06-15 15:00:00
6795,176,8,2026-06-20 09:00:00,2026-06-20 19:00:00
6796,254,9,2026-06-20 10:00:00,2026-06-20 16:00:00
6797,144,10,2026-06-02 10:00:00,2026-06-02 20:00:00
6798,253,3,2026-04-19 07:00:00,2026-04-19 19:00:00
6799,270,5,2026-06-17 06:00:00,2026-06-17 16:00:00
6800,61,6,2026-06-17 08:00:00,2026-06-17 16:00:00
6801,190,3,2026-04-09 06:00:00,2026-04-09 18:00:00
6802,66,1,2026-05-09 08:00:00,2026-05-09 16:00:00
6803,7,9,2026-04-17 07:00:00,2026-04-17 19:00:00
6804,268,4,2026-04-23 10:00:00,2026-04-23 20:00:00
6805,258,4,2026-04-28 07:00:00,2026-04-28 15:00:00
6806,16,8,2026-05-23 07:00:00,2026-05-23 15:00:00
6807,275,10,2026-04-03 06:00:00,2026-04-03 12:00:00
6808,141,4,2026-05-29 10:00:00,2026-05-29 22:00:00
6809,82,3,2026-04-04 09:00:00,2026-04-04 17:00:00
6810,150,1,2026-06-17 07:00:00,2026-06-17 13:00:00
6811,20,9,2026-05-09 08:00:00,2026-05-09 16:00:00
6812,248,7,2026-06-26 10:00:00,2026-06-26 22:00:00
6813,281,10,2026-04-14 09:00:00,2026-04-14 15:00:00
6814,220,8,2026-05-02 08:00:00,2026-05-02 18:00:00
6815,149,5,2026-06-07 08:00:00,2026-06-07 14:00:00
6816,29,10,2026-06-24 07:00:00,2026-06-24 15:00:00
6817,18,7,2026-04-22 08:00:00,2026-04-22 14:00:00
6818,13,9,2026-04-17 06:00:00,2026-04-17 18:00:00
6819,262,8,2026-06-23 09:00:00,2026-06-23 21:00:00
6820,242,3,2026-05-20 07:00:00,2026-05-20 17:00:00
6821,121,1,2026-04-19 06:00:00,2026-04-19 16:00:00
6822,50,4,2026-05-10 08:00:00,2026-05-10 18:00:00
6823,173,6,2026-04-09 10:00:00,2026-04-09 22:00:00
6824,196,9,2026-05-10 08:00:00,2026-05-10 20:00:00
6825,210,7,2026-05-20 08:00:00,2026-05-20 14:00:00
6826,61,10,2026-04-01 06:00:00,2026-04-01 14:00:00
6827,91,2,2026-04-01 10:00:00,2026-04-01 20:00:00
6828,28,4,2026-04-27 10:00:00,2026-04-27 16:00:00
6829,285,9,2026-05-03 07:00:00,2026-05-03 17:00:00
6830,186,1,2026-04-30 07:00:00,2026-04-30 19:00:00
6831,250,4,2026-06-24 10:00:00,2026-06-24 22:00:00
6832,200,8,2026-06-29 07:00:00,2026-06-29 19:00:00
6833,288,2,2026-06-27 06:00:00,2026-06-27 12:00:00
6834,95,7,2026-04-26 06:00:00,2026-04-26 12:00:00
6835,94,9,2026-04-11 09:00:00,2026-04-11 15:00:00
6836,203,5,2026-05-11 10:00:00,2026-05-11 16:00:00
6837,285,5,2026-06-19 09:00:00,2026-06-19 19:00:00
6838,295,4,2026-04-23 06:00:00,2026-04-23 16:00:00
6839,126,6,2026-05-13 09:00:00,2026-05-13 17:00:00
6840,80,9,2026-05-04 09:00:00,2026-05-04 15:00:00
6841,29,1,2026-04-11 09:00:00,2026-04-11 21:00:00
6842,137,10,2026-04-18 10:00:00,2026-04-18 22:00:00
6843,15,6,2026-05-29 07:00:00,2026-05-29 15:00:00
6844,154,7,2026-06-20 09:00:00,2026-06-20 19:00:00
6845,147,6,2026-04-24 09:00:00,2026-04-24 17:00:00
6846,103,1,2026-05-07 07:00:00,2026-05-07 13:00:00
6847,80,6,2026-04-04 06:00:00,2026-04-04 18:00:00
6848,258,5,2026-06-01 08:00:00,2026-06-01 20:00:00
6849,190,8,2026-04-01 06:00:00,2026-04-01 18:00:00
6850,29,6,2026-05-06 07:00:00,2026-05-06 15:00:00
6851,87,7,2026-05-14 07:00:00,2026-05-14 13:00:00
6852,35,3,2026-05-24 08:00:00,2026-05-24 18:00:00
6853,253,9,2026-06-10 07:00:00,2026-06-10 15:00:00
6854,222,2,2026-05-13 09:00:00,2026-05-13 19:00:00
6855,22,9,2026-05-14 07:00:00,2026-05-14 17:00:00
6856,41,3,2026-04-15 10:00:00,2026-04-15 16:00:00
6857,30,4,2026-04-13 07:00:00,2026-04-13 17:00:00
6858,50,5,2026-05-25 10:00:00,2026-05-25 20:00:00
6859,174,9,2026-05-19 08:00:00,2026-05-19 14:00:00
6860,155,6,2026-04-01 07:00:00,2026-04-01 13:00:00
6861,94,6,2026-05-27 08:00:00,2026-05-27 18:00:00
6862,209,7,2026-05-30 07:00:00,2026-05-30 17:00:00
6863,15,8,2026-04-22 10:00:00,2026-04-22 18:00:00
6864,203,9,2026-04-01 08:00:00,2026-04-01 18:00:00
6865,87,7,2026-06-20 08:00:00,2026-06-20 16:00:00
6866,5,7,2026-05-08 07:00:00,2026-05-08 13:00:00
6867,158,8,2026-04-11 08:00:00,2026-04-11 16:00:00
6868,104,10,2026-04-27 07:00:00,2026-04-27 15:00:00
6869,287,7,2026-05-01 09:00:00,2026-05-01 19:00:00
6870,261,1,2026-06-21 10:00:00,2026-06-21 18:00:00
6871,167,1,2026-04-11 08:00:00,2026-04-11 20:00:00
6872,31,10,2026-06-14 07:00:00,2026-06-14 13:00:00
6873,16,2,2026-06-07 10:00:00,2026-06-07 22:00:00
6874,172,10,2026-05-16 10:00:00,2026-05-16 20:00:00
6875,248,9,2026-04-24 10:00:00,2026-04-24 18:00:00
6876,191,9,2026-04-27 08:00:00,2026-04-27 18:00:00
6877,59,4,2026-05-25 08:00:00,2026-05-25 16:00:00
6878,192,5,2026-05-21 09:00:00,2026-05-21 15:00:00
6879,243,9,2026-06-06 06:00:00,2026-06-06 16:00:00
6880,19,3,2026-06-09 10:00:00,2026-06-09 20:00:00
6881,109,7,2026-06-08 09:00:00,2026-06-08 21:00:00
6882,185,6,2026-05-29 10:00:00,2026-05-29 20:00:00
6883,134,7,2026-06-15 07:00:00,2026-06-15 19:00:00
6884,110,8,2026-04-21 10:00:00,2026-04-21 18:00:00
6885,65,10,2026-06-01 09:00:00,2026-06-01 15:00:00
6886,116,3,2026-05-02 07:00:00,2026-05-02 17:00:00
6887,185,9,2026-05-04 09:00:00,2026-05-04 17:00:00
6888,176,9,2026-05-25 06:00:00,2026-05-25 14:00:00
6889,215,9,2026-06-16 07:00:00,2026-06-16 15:00:00
6890,209,1,2026-05-10 07:00:00,2026-05-10 19:00:00
6891,157,10,2026-05-03 07:00:00,2026-05-03 19:00:00
6892,194,10,2026-06-28 08:00:00,2026-06-28 16:00:00
6893,179,5,2026-05-02 07:00:00,2026-05-02 13:00:00
6894,69,10,2026-06-15 09:00:00,2026-06-15 21:00:00
6895,35,10,2026-05-29 08:00:00,2026-05-29 16:00:00
6896,295,7,2026-04-04 06:00:00,2026-04-04 18:00:00
6897,246,10,2026-05-19 06:00:00,2026-05-19 18:00:00
6898,101,7,2026-06-23 06:00:00,2026-06-23 18:00:00
6899,287,4,2026-05-08 09:00:00,2026-05-08 21:00:00
6900,184,3,2026-06-01 08:00:00,2026-06-01 16:00:00
6901,243,1,2026-06-22 10:00:00,2026-06-22 22:00:00
6902,3,10,2026-06-20 10:00:00,2026-06-20 22:00:00
6903,255,10,2026-06-07 10:00:00,2026-06-07 18:00:00
6904,205,3,2026-05-18 10:00:00,2026-05-18 16:00:00
6905,290,8,2026-04-25 08:00:00,2026-04-25 20:00:00
6906,262,6,2026-06-24 10:00:00,2026-06-24 20:00:00
6907,192,10,2026-05-15 07:00:00,2026-05-15 17:00:00
6908,67,8,2026-05-13 06:00:00,2026-05-13 14:00:00
6909,191,3,2026-04-13 06:00:00,2026-04-13 12:00:00
6910,109,8,2026-04-23 08:00:00,2026-04-23 18:00:00
6911,19,6,2026-06-13 06:00:00,2026-06-13 14:00:00
6912,106,1,2026-06-21 10:00:00,2026-06-21 20:00:00
6913,93,9,2026-04-20 06:00:00,2026-04-20 14:00:00
6914,235,5,2026-05-17 09:00:00,2026-05-17 21:00:00
6915,19,2,2026-05-04 10:00:00,2026-05-04 20:00:00
6916,71,2,2026-04-05 08:00:00,2026-04-05 14:00:00
6917,284,7,2026-06-05 06:00:00,2026-06-05 18:00:00
6918,36,3,2026-04-01 10:00:00,2026-04-01 18:00:00
6919,56,3,2026-06-26 06:00:00,2026-06-26 16:00:00
6920,72,7,2026-06-20 07:00:00,2026-06-20 19:00:00
6921,212,8,2026-06-15 06:00:00,2026-06-15 16:00:00
6922,78,10,2026-04-15 06:00:00,2026-04-15 18:00:00
6923,279,9,2026-04-25 10:00:00,2026-04-25 16:00:00
6924,247,4,2026-04-28 09:00:00,2026-04-28 15:00:00
6925,105,5,2026-04-04 08:00:00,2026-04-04 16:00:00
6926,67,8,2026-05-22 10:00:00,2026-05-22 22:00:00
6927,179,10,2026-04-28 09:00:00,2026-04-28 15:00:00
6928,188,1,2026-06-23 07:00:00,2026-06-23 15:00:00
6929,145,8,2026-05-05 06:00:00,2026-05-05 18:00:00
6930,170,10,2026-06-13 09:00:00,2026-06-13 17:00:00
6931,224,1,2026-05-12 10:00:00,2026-05-12 20:00:00
6932,143,8,2026-06-07 08:00:00,2026-06-07 14:00:00
6933,167,2,2026-04-25 06:00:00,2026-04-25 14:00:00
6934,272,8,2026-06-22 09:00:00,2026-06-22 17:00:00
6935,119,5,2026-05-18 06:00:00,2026-05-18 12:00:00
6936,161,5,2026-04-18 09:00:00,2026-04-18 15:00:00
6937,37,5,2026-04-10 08:00:00,2026-04-10 20:00:00
6938,278,2,2026-05-21 07:00:00,2026-05-21 17:00:00
6939,40,4,2026-06-23 08:00:00,2026-06-23 14:00:00
6940,94,6,2026-04-24 06:00:00,2026-04-24 18:00:00
6941,262,6,2026-04-03 08:00:00,2026-04-03 18:00:00
6942,108,1,2026-06-11 07:00:00,2026-06-11 17:00:00
6943,6,1,2026-05-23 09:00:00,2026-05-23 15:00:00
6944,44,2,2026-06-14 06:00:00,2026-06-14 16:00:00
6945,116,4,2026-06-10 06:00:00,2026-06-10 16:00:00
6946,209,4,2026-06-16 08:00:00,2026-06-16 16:00:00
6947,115,2,2026-04-26 08:00:00,2026-04-26 20:00:00
6948,209,4,2026-04-11 10:00:00,2026-04-11 22:00:00
6949,83,4,2026-05-21 08:00:00,2026-05-21 20:00:00
6950,190,10,2026-05-05 08:00:00,2026-05-05 20:00:00
6951,294,1,2026-05-28 09:00:00,2026-05-28 19:00:00
6952,213,6,2026-06-25 08:00:00,2026-06-25 16:00:00
6953,170,9,2026-06-13 08:00:00,2026-06-13 16:00:00
6954,162,6,2026-05-06 08:00:00,2026-05-06 16:00:00
6955,133,2,2026-04-30 09:00:00,2026-04-30 15:00:00
6956,104,7,2026-06-22 10:00:00,2026-06-22 18:00:00
6957,146,8,2026-06-08 06:00:00,2026-06-08 12:00:00
6958,191,4,2026-06-25 07:00:00,2026-06-25 13:00:00
6959,233,7,2026-06-12 10:00:00,2026-06-12 16:00:00
6960,281,6,2026-06-27 08:00:00,2026-06-27 18:00:00
6961,181,5,2026-06-12 08:00:00,2026-06-12 18:00:00
6962,221,1,2026-05-18 09:00:00,2026-05-18 19:00:00
6963,137,5,2026-05-11 07:00:00,2026-05-11 15:00:00
6964,227,7,2026-06-11 08:00:00,2026-06-11 18:00:00
6965,25,5,2026-04-08 07:00:00,2026-04-08 19:00:00
6966,24,7,2026-06-14 10:00:00,2026-06-14 22:00:00
6967,28,4,2026-05-05 07:00:00,2026-05-05 19:00:00
6968,82,9,2026-04-17 09:00:00,2026-04-17 17:00:00
6969,40,4,2026-05-16 07:00:00,2026-05-16 19:00:00
6970,155,3,2026-04-24 09:00:00,2026-04-24 19:00:00
6971,132,8,2026-04-20 09:00:00,2026-04-20 21:00:00
6972,237,5,2026-06-26 07:00:00,2026-06-26 13:00:00
6973,232,7,2026-06-08 06:00:00,2026-06-08 12:00:00
6974,68,2,2026-05-26 10:00:00,2026-05-26 20:00:00
6975,8,9,2026-05-23 06:00:00,2026-05-23 12:00:00
6976,266,4,2026-06-16 07:00:00,2026-06-16 19:00:00
6977,28,8,2026-05-15 08:00:00,2026-05-15 16:00:00
6978,206,6,2026-06-01 10:00:00,2026-06-01 20:00:00
6979,122,5,2026-05-25 10:00:00,2026-05-25 18:00:00
6980,129,3,2026-04-17 08:00:00,2026-04-17 20:00:00
6981,115,2,2026-05-18 06:00:00,2026-05-18 16:00:00
6982,54,6,2026-04-14 06:00:00,2026-04-14 14:00:00
6983,138,4,2026-06-18 06:00:00,2026-06-18 12:00:00
6984,230,4,2026-06-28 10:00:00,2026-06-28 18:00:00
6985,36,6,2026-04-18 10:00:00,2026-04-18 16:00:00
6986,275,4,2026-05-25 07:00:00,2026-05-25 13:00:00
6987,95,10,2026-04-23 09:00:00,2026-04-23 21:00:00
6988,237,6,2026-06-29 10:00:00,2026-06-29 18:00:00
6989,69,10,2026-04-07 10:00:00,2026-04-07 18:00:00
6990,264,7,2026-06-10 09:00:00,2026-06-10 19:00:00
6991,207,3,2026-04-17 06:00:00,2026-04-17 14:00:00
6992,78,6,2026-04-10 06:00:00,2026-04-10 14:00:00
6993,214,1,2026-06-28 10:00:00,2026-06-28 18:00:00
6994,103,2,2026-05-16 10:00:00,2026-05-16 20:00:00
6995,295,9,2026-06-17 09:00:00,2026-06-17 15:00:00
6996,115,9,2026-04-30 08:00:00,2026-04-30 14:00:00
6997,294,6,2026-06-02 07:00:00,2026-06-02 19:00:00
6998,143,3,2026-06-26 07:00:00,2026-06-26 17:00:00
6999,51,7,2026-05-06 07:00:00,2026-05-06 19:00:00
7000,172,2,2026-06-26 08:00:00,2026-06-26 16:00:00
2306,209,4,2026-05-23 08:00:00,2026-05-23 16:00:00
4389,228,6,2026-05-18 10:00:00,2026-05-18 16:00:00
1687,93,7,2026-04-25 06:00:00,2026-04-25 12:00:00
4946,189,10,2026-05-02 09:00:00,2026-05-02 15:00:00
4198,104,10,2026-05-21 08:00:00,2026-05-21 20:00:00
1652,43,3,2026-04-18 09:00:00,2026-04-18 17:00:00
1529,91,7,2026-04-03 10:00:00,2026-04-03 22:00:00
6347,292,9,2026-04-06 09:00:00,2026-04-06 15:00:00
6190,27,1,2026-06-23 07:00:00,2026-06-23 19:00:00
5390,119,1,2026-06-14 06:00:00,2026-06-14 18:00:00
