shrinkage_id,people_id,shrinkage_type_id,start_datetime,end_datetime
1,130,5,2026-04-26 07:15:00,2026-04-26 07:38:00
2,122,2,2026-06-11 10:15:00,2026-06-11 10:32:00
3,260,4,2026-04-24 08:15:00,2026-04-24 09:11:00
4,105,5,2026-04-25 06:15:00,2026-04-25 07:22:00
5,40,1,2026-04-28 08:15:00,2026-04-28 09:04:00
6,140,5,2026-06-20 10:15:00,2026-06-20 11:09:00
7,272,1,2026-04-29 10:15:00,2026-04-29 10:40:00
8,27,5,2026-06-20 06:15:00,2026-06-20 07:02:00
9,251,3,2026-06-23 09:15:00,2026-06-23 10:09:00
10,213,2,2026-04-01 06:15:00,2026-04-01 07:32:00
11,46,2,2026-04-15 09:15:00,2026-04-15 10:34:00
12,45,4,2026-04-22 07:15:00,2026-04-22 08:34:00
13,296,4,2026-05-24 09:15:00,2026-05-24 10:36:00
14,152,1,2026-05-06 08:15:00,2026-05-06 08:31:00
15,10,1,2026-04-02 06:15:00,2026-04-02 07:21:00
16,197,3,2026-05-29 09:15:00,2026-05-29 10:32:00
17,45,5,2026-05-12 08:15:00,2026-05-12 09:42:00
18,202,1,2026-06-08 09:15:00,2026-06-08 10:25:00
19,141,5,2026-04-19 07:15:00,2026-04-19 08:22:00
20,288,2,2026-06-26 10:15:00,2026-06-26 11:34:00
21,139,1,2026-06-23 08:15:00,2026-06-23 09:25:00
22,154,4,2026-05-17 09:15:00,2026-05-17 10:26:00
23,273,5,2026-05-26 06:15:00,2026-05-26 07:28:00
24,131,5,2026-06-09 06:15:00,2026-06-09 07:45:00
25,37,4,2026-06-01 07:15:00,2026-06-01 07:47:00
26,290,3,2026-06-24 10:15:00,2026-06-24 10:37:00
27,174,2,2026-04-25 10:15:00,2026-04-25 10:46:00
28,177,4,2026-05-04 10:15:00,2026-05-04 11:07:00
29,35,5,2026-05-08 07:15:00,2026-05-08 08:13:00
30,217,4,2026-04-14 09:15:00,2026-04-14 10:38:00
31,284,5,2026-06-18 08:15:00,2026-06-18 08:52:00
32,227,5,2026-04-03 10:15:00,2026-04-03 11:37:00
33,57,4,2026-05-16 07:15:00,2026-05-16 08:38:00
34,296,3,2026-05-14 08:15:00,2026-05-14 09:19:00
35,219,1,2026-05-31 10:15:00,2026-05-31 11:02:00
36,248,4,2026-06-18 09:15:00,2026-06-18 09:34:00
37,143,5,2026-06-08 06:15:00,2026-06-08 07:09:00
38,85,5,2026-06-11 07:15:00,2026-06-11 07:52:00
39,45,5,2026-04-25 08:15:00,2026-04-25 09:06:00
40,246,2,2026-05-20 09:15:00,2026-05-20 09:42:00
41,146,1,2026-05-11 08:15:00,2026-05-11 08:57:00
42,23,2,2026-06-11 07:15:00,2026-06-11 07:36:00
43,250,4,2026-05-10 08:15:00,2026-05-10 09:44:00
44,296,1,2026-04-24 09:15:00,2026-04-24 09:41:00
45,88,5,2026-05-17 09:15:00,2026-05-17 10:08:00
46,50,2,2026-05-30 06:15:00,2026-05-30 07:04:00
47,287,3,2026-05-08 06:15:00,2026-05-08 07:09:00
48,138,4,2026-04-29 09:15:00,2026-04-29 09:43:00
49,96,1,2026-04-04 09:15:00,2026-04-04 09:59:00
50,174,1,2026-04-28 10:15:00,2026-04-28 11:10:00
51,66,5,2026-04-15 10:15:00,2026-04-15 11:01:00
52,67,5,2026-06-27 10:15:00,2026-06-27 11:30:00
53,268,1,2026-05-26 09:15:00,2026-05-26 10:43:00
54,106,5,2026-05-25 06:15:00,2026-05-25 07:09:00
55,259,5,2026-06-06 07:15:00,2026-06-06 08:04:00
56,33,4,2026-04-01 09:15:00,2026-04-01 09:40:00
57,9,1,2026-05-29 09:15:00,2026-05-29 10:34:00
58,119,4,2026-04-08 10:15:00,2026-04-08 11:12:00
59,112,3,2026-05-11 06:15:00,2026-05-11 06:54:00
60,15,4,2026-06-28 08:15:00,2026-06-28 08:45:00
61,257,4,2026-04-16 08:15:00,2026-04-16 09:39:00
62,159,4,2026-06-25 10:15:00,2026-06-25 10:31:00
63,207,4,2026-06-19 08:15:00,2026-06-19 08:31:00
64,261,4,2026-04-02 07:15:00,2026-04-02 08:21:00
65,265,1,2026-04-03 09:15:00,2026-04-03 09:30:00
66,243,2,2026-04-26 08:15:00,2026-04-26 09:04:00
67,283,2,2026-05-16 10:15:00,2026-05-16 10:40:00
68,21,5,2026-06-10 06:15:00,2026-06-10 07:26:00
69,86,4,2026-05-22 06:15:00,2026-05-22 07:21:00
70,11,1,2026-06-24 10:15:00,2026-06-24 11:09:00
71,20,2,2026-05-10 07:15:00,2026-05-10 07:34:00
72,245,2,2026-05-17 08:15:00,2026-05-17 09:39:00
73,71,3,2026-04-15 09:15:00,2026-04-15 09:49:00
74,159,1,2026-06-24 09:15:00,2026-06-24 09:38:00
75,4,3,2026-05-11 09:15:00,2026-05-11 10:03:00
76,226,2,2026-05-26 08:15:00,2026-05-26 08:32:00
77,95,2,2026-06-10 09:15:00,2026-06-10 10:42:00
78,168,5,2026-05-09 06:15:00,2026-05-09 06:57:00
79,291,3,2026-04-30 06:15:00,2026-04-30 06:44:00
80,165,1,2026-04-06 10:15:00,2026-04-06 11:11:00
81,250,4,2026-05-19 08:15:00,2026-05-19 09:24:00
82,287,4,2026-06-26 06:15:00,2026-06-26 07:24:00
83,33,4,2026-04-23 09:15:00,2026-04-23 09:57:00
84,253,5,2026-05-27 10:15:00,2026-05-27 11:16:00
85,243,1,2026-04-30 08:15:00,2026-04-30 09:13:00
86,50,5,2026-06-06 09:15:00,2026-06-06 10:39:00
87,45,4,2026-04-21 06:15:00,2026-04-21 06:39:00
88,218,4,2026-05-13 07:15:00,2026-05-13 08:29:00
89,3,5,2026-05-14 06:15:00,2026-05-14 07:25:00
90,184,1,2026-06-03 09:15:00,2026-06-03 10:30:00
91,260,4,2026-04-05 07:15:00,2026-04-05 07:51:00
92,279,1,2026-05-24 06:15:00,2026-05-24 07:40:00
93,167,1,2026-05-20 10:15:00,2026-05-20 11:44:00
94,224,5,2026-06-27 09:15:00,2026-06-27 10:01:00
95,145,1,2026-06-04 06:15:00,2026-06-04 07:40:00
96,107,4,2026-06-26 09:15:00,2026-06-26 10:10:00
97,199,2,2026-05-07 09:15:00,2026-05-07 09:46:00
98,63,2,2026-04-19 10:15:00,2026-04-19 10:56:00
99,275,1,2026-04-20 10:15:00,2026-04-20 10:36:00
100,154,1,2026-04-06 07:15:00,2026-04-06 08:24:00
101,1,2,2026-05-11 09:15:00,2026-05-11 10:36:00
102,51,2,2026-05-12 07:15:00,2026-05-12 07:31:00
103,288,5,2026-05-03 07:15:00,2026-05-03 08:38:00
104,129,3,2026-06-22 06:15:00,2026-06-22 07:26:00
105,226,1,2026-05-04 07:15:00,2026-05-04 08:41:00
106,261,1,2026-06-25 10:15:00,2026-06-25 11:34:00
107,58,1,2026-05-31 10:15:00,2026-05-31 10:45:00
108,155,5,2026-05-04 09:15:00,2026-05-04 10:22:00
109,74,1,2026-05-14 08:15:00,2026-05-14 09:16:00
110,111,5,2026-04-24 09:15:00,2026-04-24 09:57:00
111,50,4,2026-04-11 07:15:00,2026-04-11 08:07:00
112,139,3,2026-05-13 10:15:00,2026-05-13 10:48:00
113,234,3,2026-04-10 10:15:00,2026-04-10 10:57:00
114,163,3,2026-05-06 08:15:00,2026-05-06 09:31:00
115,72,3,2026-06-16 10:15:00,2026-06-16 11:16:00
116,17,1,2026-06-04 10:15:00,2026-06-04 11:30:00
117,145,5,2026-05-18 08:15:00,2026-05-18 09:44:00
118,62,2,2026-06-29 08:15:00,2026-06-29 09:42:00
119,206,5,2026-04-16 07:15:00,2026-04-16 08:19:00
120,246,3,2026-04-01 07:15:00,2026-04-01 08:21:00
121,18,2,2026-06-25 07:15:00,2026-06-25 07:37:00
122,235,4,2026-04-12 10:15:00,2026-04-12 10:40:00
123,15,1,2026-04-02 10:15:00,2026-04-02 11:29:00
124,80,2,2026-05-06 07:15:00,2026-05-06 08:40:00
125,211,5,2026-04-27 07:15:00,2026-04-27 08:20:00
126,256,2,2026-05-08 10:15:00,2026-05-08 10:58:00
127,277,2,2026-04-05 08:15:00,2026-04-05 08:49:00
128,8,4,2026-04-17 07:15:00,2026-04-17 07:45:00
129,93,2,2026-04-08 09:15:00,2026-04-08 09:44:00
130,81,3,2026-06-29 07:15:00,2026-06-29 08:36:00
131,92,5,2026-06-20 08:15:00,2026-06-20 09:12:00
132,62,1,2026-06-17 09:15:00,2026-06-17 09:51:00
133,163,3,2026-06-16 06:15:00,2026-06-16 07:12:00
134,89,4,2026-06-11 06:15:00,2026-06-11 06:49:00
135,27,3,2026-06-29 10:15:00,2026-06-29 11:01:00
136,130,1,2026-04-22 09:15:00,2026-04-22 10:18:00
137,103,5,2026-04-05 10:15:00,2026-04-05 11:04:00
138,42,3,2026-05-11 10:15:00,2026-05-11 10:46:00
139,17,5,2026-06-21 07:15:00,2026-06-21 07:58:00
140,239,3,2026-04-22 08:15:00,2026-04-22 09:06:00
141,152,3,2026-05-21 10:15:00,2026-05-21 10:57:00
142,163,1,2026-04-05 08:15:00,2026-04-05 08:49:00
143,61,5,2026-06-05 09:15:00,2026-06-05 10:42:00
144,53,1,2026-04-14 10:15:00,2026-04-14 11:32:00
145,201,5,2026-04-03 10:15:00,2026-04-03 11:16:00
146,81,2,2026-06-14 07:15:00,2026-06-14 07:50:00
147,170,5,2026-04-14 09:15:00,2026-04-14 10:42:00
148,176,1,2026-04-19 09:15:00,2026-04-19 10:18:00
149,261,3,2026-06-23 07:15:00,2026-06-23 07:52:00
150,156,3,2026-04-07 10:15:00,2026-04-07 11:13:00
151,243,2,2026-05-05 09:15:00,2026-05-05 10:21:00
152,288,4,2026-04-07 10:15:00,2026-04-07 11:31:00
153,21,2,2026-05-05 07:15:00,2026-05-05 08:39:00
154,251,5,2026-06-14 09:15:00,2026-06-14 09:56:00
155,206,1,2026-05-27 08:15:00,2026-05-27 09:27:00
156,81,1,2026-04-30 10:15:00,2026-04-30 10:45:00
157,195,2,2026-04-13 08:15:00,2026-04-13 09:22:00
158,31,3,2026-05-01 10:15:00,2026-05-01 11:16:00
159,76,3,2026-06-16 08:15:00,2026-06-16 09:37:00
160,144,5,2026-06-20 07:15:00,2026-06-20 07:45:00
161,20,5,2026-06-14 08:15:00,2026-06-14 08:42:00
162,190,2,2026-06-04 06:15:00,2026-06-04 06:39:00
163,142,3,2026-06-04 10:15:00,2026-06-04 10:53:00
164,278,4,2026-06-01 08:15:00,2026-06-01 08:31:00
165,296,4,2026-06-22 09:15:00,2026-06-22 09:57:00
166,124,2,2026-05-06 09:15:00,2026-05-06 10:07:00
167,108,2,2026-06-07 10:15:00,2026-06-07 10:41:00
168,164,1,2026-05-05 06:15:00,2026-05-05 06:56:00
169,110,4,2026-04-18 08:15:00,2026-04-18 08:34:00
170,116,5,2026-04-13 06:15:00,2026-04-13 06:39:00
171,282,2,2026-04-03 10:15:00,2026-04-03 11:38:00
172,152,3,2026-04-01 08:15:00,2026-04-01 09:22:00
173,189,1,2026-06-19 10:15:00,2026-06-19 11:28:00
174,22,2,2026-05-13 08:15:00,2026-05-13 09:28:00
175,121,2,2026-06-12 10:15:00,2026-06-12 10:46:00
176,62,1,2026-04-17 10:15:00,2026-04-17 11:00:00
177,210,4,2026-05-28 06:15:00,2026-05-28 06:57:00
178,14,4,2026-05-22 08:15:00,2026-05-22 09:01:00
179,158,4,2026-05-12 09:15:00,2026-05-12 10:38:00
180,55,5,2026-06-09 08:15:00,2026-06-09 08:39:00
181,102,3,2026-05-05 06:15:00,2026-05-05 06:54:00
182,203,5,2026-04-19 08:15:00,2026-04-19 09:08:00
183,59,4,2026-05-03 09:15:00,2026-05-03 10:00:00
184,257,4,2026-05-05 08:15:00,2026-05-05 09:03:00
185,136,2,2026-06-19 09:15:00,2026-06-19 10:36:00
186,196,2,2026-04-25 10:15:00,2026-04-25 10:43:00
187,105,3,2026-04-06 06:15:00,2026-04-06 07:25:00
188,61,1,2026-05-04 10:15:00,2026-05-04 11:23:00
189,6,4,2026-06-18 06:15:00,2026-06-18 06:42:00
190,125,2,2026-06-05 08:15:00,2026-06-05 09:16:00
191,242,3,2026-06-02 09:15:00,2026-06-02 10:24:00
192,204,4,2026-05-21 08:15:00,2026-05-21 08:59:00
193,79,1,2026-04-19 08:15:00,2026-04-19 09:37:00
194,194,5,2026-06-27 09:15:00,2026-06-27 10:21:00
195,203,2,2026-06-01 08:15:00,2026-06-01 09:13:00
196,46,3,2026-04-28 10:15:00,2026-04-28 10:42:00
197,208,4,2026-06-05 07:15:00,2026-06-05 08:08:00
198,176,5,2026-06-17 10:15:00,2026-06-17 10:50:00
199,81,2,2026-06-10 09:15:00,2026-06-10 09:40:00
200,38,1,2026-06-18 06:15:00,2026-06-18 06:46:00
201,126,5,2026-04-03 07:15:00,2026-04-03 07:38:00
202,155,4,2026-04-30 08:15:00,2026-04-30 08:32:00
203,167,4,2026-06-01 09:15:00,2026-06-01 10:10:00
204,53,3,2026-06-18 07:15:00,2026-06-18 08:05:00
205,248,3,2026-05-10 10:15:00,2026-05-10 10:52:00
206,279,2,2026-05-07 09:15:00,2026-05-07 10:19:00
207,170,3,2026-06-07 08:15:00,2026-06-07 09:24:00
208,252,5,2026-04-06 09:15:00,2026-04-06 10:12:00
209,7,5,2026-06-16 08:15:00,2026-06-16 09:03:00
210,223,4,2026-04-05 10:15:00,2026-04-05 10:30:00
211,300,3,2026-06-20 07:15:00,2026-06-20 08:41:00
212,96,4,2026-05-20 08:15:00,2026-05-20 09:31:00
213,226,5,2026-04-10 08:15:00,2026-04-10 08:37:00
214,92,4,2026-06-20 09:15:00,2026-06-20 10:06:00
215,152,1,2026-05-06 07:15:00,2026-05-06 07:42:00
216,39,1,2026-06-26 10:15:00,2026-06-26 10:49:00
217,232,1,2026-06-21 08:15:00,2026-06-21 08:40:00
218,300,2,2026-05-20 10:15:00,2026-05-20 11:18:00
219,266,1,2026-06-24 07:15:00,2026-06-24 08:16:00
220,102,2,2026-06-13 07:15:00,2026-06-13 07:45:00
221,288,3,2026-04-18 07:15:00,2026-04-18 08:04:00
222,164,2,2026-05-30 08:15:00,2026-05-30 09:09:00
223,62,1,2026-05-24 08:15:00,2026-05-24 09:32:00
224,147,3,2026-04-14 09:15:00,2026-04-14 10:42:00
225,219,2,2026-05-16 09:15:00,2026-05-16 10:17:00
226,120,1,2026-05-16 06:15:00,2026-05-16 07:37:00
227,85,2,2026-06-14 10:15:00,2026-06-14 11:13:00
228,72,3,2026-06-14 07:15:00,2026-06-14 08:01:00
229,207,5,2026-06-04 07:15:00,2026-06-04 07:36:00
230,177,3,2026-04-24 09:15:00,2026-04-24 09:49:00
231,66,5,2026-06-08 07:15:00,2026-06-08 08:26:00
232,203,5,2026-06-27 08:15:00,2026-06-27 08:37:00
233,174,2,2026-06-13 08:15:00,2026-06-13 08:45:00
234,232,2,2026-05-11 07:15:00,2026-05-11 08:05:00
235,63,2,2026-04-15 10:15:00,2026-04-15 11:03:00
236,257,1,2026-05-01 08:15:00,2026-05-01 09:25:00
237,193,4,2026-06-29 07:15:00,2026-06-29 07:49:00
238,93,4,2026-05-30 07:15:00,2026-05-30 08:33:00
239,109,3,2026-05-05 08:15:00,2026-05-05 09:28:00
240,134,2,2026-06-03 06:15:00,2026-06-03 07:16:00
241,240,3,2026-05-30 07:15:00,2026-05-30 08:24:00
242,167,1,2026-05-26 08:15:00,2026-05-26 09:25:00
243,182,3,2026-04-19 07:15:00,2026-04-19 08:45:00
244,54,5,2026-06-14 08:15:00,2026-06-14 09:27:00
245,39,4,2026-06-22 08:15:00,2026-06-22 08:53:00
246,197,2,2026-05-31 09:15:00,2026-05-31 10:24:00
247,148,4,2026-04-07 09:15:00,2026-04-07 10:03:00
248,193,1,2026-06-12 09:15:00,2026-06-12 10:34:00
249,26,2,2026-05-15 08:15:00,2026-05-15 09:01:00
250,84,1,2026-04-15 09:15:00,2026-04-15 10:31:00
251,158,5,2026-06-11 08:15:00,2026-06-11 09:29:00
252,122,2,2026-05-09 08:15:00,2026-05-09 09:04:00
253,58,3,2026-05-01 09:15:00,2026-05-01 09:51:00
254,272,4,2026-04-06 07:15:00,2026-04-06 08:10:00
255,241,3,2026-04-06 09:15:00,2026-04-06 10:21:00
256,205,3,2026-05-25 10:15:00,2026-05-25 11:28:00
257,245,5,2026-04-27 10:15:00,2026-04-27 10:42:00
258,233,3,2026-06-11 08:15:00,2026-06-11 08:58:00
259,133,4,2026-06-12 06:15:00,2026-06-12 06:52:00
260,108,3,2026-05-23 06:15:00,2026-05-23 06:42:00
261,9,1,2026-04-06 08:15:00,2026-04-06 09:36:00
262,118,3,2026-06-28 07:15:00,2026-06-28 07:51:00
263,85,3,2026-06-03 07:15:00,2026-06-03 07:33:00
264,216,5,2026-05-13 09:15:00,2026-05-13 09:52:00
265,203,5,2026-04-18 07:15:00,2026-04-18 08:12:00
266,43,3,2026-05-21 08:15:00,2026-05-21 09:17:00
267,276,2,2026-06-12 07:15:00,2026-06-12 08:30:00
268,191,3,2026-06-17 08:15:00,2026-06-17 08:32:00
269,130,1,2026-05-24 09:15:00,2026-05-24 10:07:00
270,102,3,2026-05-17 09:15:00,2026-05-17 09:33:00
271,124,5,2026-06-20 10:15:00,2026-06-20 10:42:00
272,284,2,2026-05-02 09:15:00,2026-05-02 10:03:00
273,138,4,2026-06-19 08:15:00,2026-06-19 09:20:00
274,185,2,2026-04-10 07:15:00,2026-04-10 08:04:00
275,72,1,2026-04-23 09:15:00,2026-04-23 10:03:00
276,89,3,2026-06-01 09:15:00,2026-06-01 09:42:00
277,44,5,2026-04-11 07:15:00,2026-04-11 07:36:00
278,153,2,2026-04-11 07:15:00,2026-04-11 08:25:00
279,219,4,2026-05-08 07:15:00,2026-05-08 08:13:00
280,215,4,2026-05-20 07:15:00,2026-05-20 08:04:00
281,108,3,2026-04-06 07:15:00,2026-04-06 07:35:00
282,293,3,2026-06-09 10:15:00,2026-06-09 10:40:00
283,33,4,2026-05-16 08:15:00,2026-05-16 09:33:00
284,276,4,2026-04-16 07:15:00,2026-04-16 08:09:00
285,8,2,2026-04-25 09:15:00,2026-04-25 10:17:00
286,156,3,2026-04-24 09:15:00,2026-04-24 10:04:00
287,213,2,2026-04-29 06:15:00,2026-04-29 06:36:00
288,242,1,2026-04-02 07:15:00,2026-04-02 07:30:00
289,262,5,2026-06-17 06:15:00,2026-06-17 07:09:00
290,60,3,2026-05-06 06:15:00,2026-05-06 06:50:00
291,37,5,2026-06-13 09:15:00,2026-06-13 09:32:00
292,110,5,2026-04-01 07:15:00,2026-04-01 08:31:00
293,194,4,2026-06-19 09:15:00,2026-06-19 09:40:00
294,106,3,2026-05-09 07:15:00,2026-05-09 08:16:00
295,253,1,2026-06-29 08:15:00,2026-06-29 09:27:00
296,252,4,2026-06-25 09:15:00,2026-06-25 10:25:00
297,152,1,2026-06-02 06:15:00,2026-06-02 07:22:00
298,280,4,2026-06-21 07:15:00,2026-06-21 08:36:00
299,285,3,2026-06-12 07:15:00,2026-06-12 07:38:00
300,281,2,2026-04-08 06:15:00,2026-04-08 07:09:00
301,58,4,2026-04-08 07:15:00,2026-04-08 08:21:00
302,114,4,2026-04-19 08:15:00,2026-04-19 08:52:00
303,32,3,2026-06-04 10:15:00,2026-06-04 11:12:00
304,3,4,2026-06-28 09:15:00,2026-06-28 10:09:00
305,255,3,2026-06-25 08:15:00,2026-06-25 09:36:00
306,10,4,2026-05-29 07:15:00,2026-05-29 08:36:00
307,199,1,2026-04-14 10:15:00,2026-04-14 10:49:00
308,101,3,2026-05-24 10:15:00,2026-05-24 10:33:00
309,252,5,2026-05-07 08:15:00,2026-05-07 08:31:00
310,132,4,2026-04-05 06:15:00,2026-04-05 07:10:00
311,188,5,2026-05-17 06:15:00,2026-05-17 07:40:00
312,52,1,2026-05-28 10:15:00,2026-05-28 11:44:00
313,142,3,2026-04-26 08:15:00,2026-04-26 08:51:00
314,200,2,2026-04-04 10:15:00,2026-04-04 11:25:00
315,108,3,2026-06-15 09:15:00,2026-06-15 10:21:00
316,148,3,2026-05-05 07:15:00,2026-05-05 08:17:00
317,276,2,2026-06-08 08:15:00,2026-06-08 08:45:00
318,37,1,2026-05-14 07:15:00,2026-05-14 07:44:00
319,203,1,2026-06-07 10:15:00,2026-06-07 11:19:00
320,83,1,2026-06-01 09:15:00,2026-06-01 10:10:00
321,242,4,2026-04-27 10:15:00,2026-04-27 10:49:00
322,131,3,2026-05-11 08:15:00,2026-05-11 08:32:00
323,81,4,2026-06-13 07:15:00,2026-06-13 08:12:00
324,74,4,2026-06-14 10:15:00,2026-06-14 10:46:00
325,118,1,2026-04-02 08:15:00,2026-04-02 08:49:00
326,100,5,2026-06-03 08:15:00,2026-06-03 08:55:00
327,295,5,2026-04-10 09:15:00,2026-04-10 10:11:00
328,206,5,2026-04-23 09:15:00,2026-04-23 10:16:00
329,22,2,2026-04-30 10:15:00,2026-04-30 11:36:00
330,34,4,2026-06-25 10:15:00,2026-06-25 11:34:00
331,124,5,2026-05-11 06:15:00,2026-05-11 07:12:00
332,89,5,2026-06-19 10:15:00,2026-06-19 11:31:00
333,166,4,2026-04-24 06:15:00,2026-04-24 06:57:00
334,258,4,2026-06-09 08:15:00,2026-06-09 09:33:00
335,93,3,2026-06-28 06:15:00,2026-06-28 07:17:00
336,170,1,2026-05-07 10:15:00,2026-05-07 11:37:00
337,53,2,2026-06-19 09:15:00,2026-06-19 10:33:00
338,228,1,2026-06-09 09:15:00,2026-06-09 09:31:00
339,288,4,2026-06-17 06:15:00,2026-06-17 07:18:00
340,110,5,2026-05-09 10:15:00,2026-05-09 11:06:00
341,175,2,2026-04-26 08:15:00,2026-04-26 08:47:00
342,100,5,2026-04-27 06:15:00,2026-04-27 07:16:00
343,265,4,2026-06-22 08:15:00,2026-06-22 09:18:00
344,68,4,2026-05-11 07:15:00,2026-05-11 07:55:00
345,142,1,2026-04-02 08:15:00,2026-04-02 09:32:00
346,23,3,2026-04-12 07:15:00,2026-04-12 07:52:00
347,163,1,2026-05-14 07:15:00,2026-05-14 08:09:00
348,177,5,2026-04-29 09:15:00,2026-04-29 10:06:00
349,31,4,2026-04-28 08:15:00,2026-04-28 08:43:00
350,20,2,2026-05-09 09:15:00,2026-05-09 10:36:00
351,175,5,2026-04-02 10:15:00,2026-04-02 11:33:00
352,112,2,2026-06-12 07:15:00,2026-06-12 08:44:00
353,252,2,2026-06-01 07:15:00,2026-06-01 07:42:00
354,59,3,2026-06-01 10:15:00,2026-06-01 11:31:00
355,267,3,2026-04-15 09:15:00,2026-04-15 09:33:00
356,214,3,2026-05-27 06:15:00,2026-05-27 06:49:00
357,62,3,2026-04-14 09:15:00,2026-04-14 10:38:00
358,229,4,2026-06-20 07:15:00,2026-06-20 08:34:00
359,165,4,2026-05-21 10:15:00,2026-05-21 10:58:00
360,117,4,2026-04-01 09:15:00,2026-04-01 09:35:00
361,240,5,2026-04-03 09:15:00,2026-04-03 10:16:00
362,61,3,2026-04-03 10:15:00,2026-04-03 11:27:00
363,215,3,2026-05-29 08:15:00,2026-05-29 08:45:00
364,4,4,2026-04-27 10:15:00,2026-04-27 11:42:00
365,203,4,2026-05-16 08:15:00,2026-05-16 08:49:00
366,2,5,2026-06-27 10:15:00,2026-06-27 11:33:00
367,63,5,2026-04-25 07:15:00,2026-04-25 07:52:00
368,87,2,2026-05-05 06:15:00,2026-05-05 07:06:00
369,95,2,2026-04-12 10:15:00,2026-04-12 11:19:00
370,249,3,2026-05-12 10:15:00,2026-05-12 11:15:00
371,130,1,2026-05-19 08:15:00,2026-05-19 08:36:00
372,14,1,2026-05-07 07:15:00,2026-05-07 08:15:00
373,112,5,2026-04-17 06:15:00,2026-04-17 06:39:00
374,109,5,2026-05-05 09:15:00,2026-05-05 10:36:00
375,127,5,2026-05-09 06:15:00,2026-05-09 07:32:00
376,297,3,2026-04-20 08:15:00,2026-04-20 08:33:00
377,89,1,2026-05-23 08:15:00,2026-05-23 08:35:00
378,141,5,2026-04-23 06:15:00,2026-04-23 07:32:00
379,291,4,2026-06-28 07:15:00,2026-06-28 08:39:00
380,219,3,2026-04-04 07:15:00,2026-04-04 08:15:00
381,254,5,2026-06-16 07:15:00,2026-06-16 07:34:00
382,213,3,2026-06-20 07:15:00,2026-06-20 07:44:00
383,134,2,2026-04-09 06:15:00,2026-04-09 07:45:00
384,225,2,2026-05-20 07:15:00,2026-05-20 08:04:00
385,59,2,2026-05-29 08:15:00,2026-05-29 09:43:00
386,227,2,2026-05-16 09:15:00,2026-05-16 09:56:00
387,152,1,2026-06-23 09:15:00,2026-06-23 09:44:00
388,295,1,2026-06-10 09:15:00,2026-06-10 09:51:00
389,90,2,2026-06-11 07:15:00,2026-06-11 08:17:00
390,295,3,2026-04-14 09:15:00,2026-04-14 10:18:00
391,299,3,2026-06-03 07:15:00,2026-06-03 07:44:00
392,274,2,2026-05-23 08:15:00,2026-05-23 09:10:00
393,270,2,2026-05-12 06:15:00,2026-05-12 06:41:00
394,134,1,2026-06-09 06:15:00,2026-06-09 07:12:00
395,26,3,2026-04-24 07:15:00,2026-04-24 07:55:00
396,96,5,2026-04-28 08:15:00,2026-04-28 08:45:00
397,219,3,2026-05-08 10:15:00,2026-05-08 11:15:00
398,114,5,2026-04-25 10:15:00,2026-04-25 10:40:00
399,40,4,2026-04-28 07:15:00,2026-04-28 08:24:00
400,147,5,2026-05-24 06:15:00,2026-05-24 06:50:00
401,37,4,2026-05-26 09:15:00,2026-05-26 10:19:00
402,205,1,2026-05-16 10:15:00,2026-05-16 11:18:00
403,188,4,2026-06-18 10:15:00,2026-06-18 10:37:00
404,237,5,2026-04-18 07:15:00,2026-04-18 07:42:00
405,37,2,2026-05-31 08:15:00,2026-05-31 09:09:00
406,190,4,2026-05-27 07:15:00,2026-05-27 08:13:00
407,177,1,2026-06-21 06:15:00,2026-06-21 07:34:00
408,144,2,2026-04-06 10:15:00,2026-04-06 11:17:00
409,10,2,2026-04-28 08:15:00,2026-04-28 08:52:00
410,167,3,2026-06-08 10:15:00,2026-06-08 11:28:00
411,90,4,2026-06-14 07:15:00,2026-06-14 07:58:00
412,146,4,2026-04-20 06:15:00,2026-04-20 07:29:00
413,32,3,2026-06-07 10:15:00,2026-06-07 11:36:00
414,117,2,2026-05-03 09:15:00,2026-05-03 10:20:00
415,186,3,2026-06-23 06:15:00,2026-06-23 07:31:00
416,76,2,2026-06-12 08:15:00,2026-06-12 09:33:00
417,210,5,2026-04-11 09:15:00,2026-04-11 10:09:00
418,77,1,2026-06-19 10:15:00,2026-06-19 11:24:00
419,181,5,2026-06-19 09:15:00,2026-06-19 09:54:00
420,184,3,2026-04-07 07:15:00,2026-04-07 07:42:00
421,175,2,2026-04-05 10:15:00,2026-04-05 11:17:00
422,233,5,2026-06-03 09:15:00,2026-06-03 09:47:00
423,11,1,2026-06-10 10:15:00,2026-06-10 10:54:00
424,21,2,2026-06-07 07:15:00,2026-06-07 07:40:00
425,209,1,2026-05-05 09:15:00,2026-05-05 09:30:00
426,295,2,2026-04-18 07:15:00,2026-04-18 08:02:00
427,21,2,2026-05-10 10:15:00,2026-05-10 11:08:00
428,24,4,2026-05-12 08:15:00,2026-05-12 08:38:00
429,208,5,2026-04-03 07:15:00,2026-04-03 07:50:00
430,292,5,2026-04-21 09:15:00,2026-04-21 09:41:00
431,207,4,2026-04-27 10:15:00,2026-04-27 10:56:00
432,291,4,2026-05-15 10:15:00,2026-05-15 10:52:00
433,93,3,2026-05-21 10:15:00,2026-05-21 10:51:00
434,31,4,2026-06-07 06:15:00,2026-06-07 06:31:00
435,96,3,2026-04-24 09:15:00,2026-04-24 10:43:00
436,36,5,2026-04-14 07:15:00,2026-04-14 08:10:00
437,1,2,2026-05-13 10:15:00,2026-05-13 11:18:00
438,271,4,2026-06-05 07:15:00,2026-06-05 08:16:00
439,279,5,2026-05-18 08:15:00,2026-05-18 08:46:00
440,241,2,2026-05-27 07:15:00,2026-05-27 08:36:00
441,274,1,2026-04-19 08:15:00,2026-04-19 08:31:00
442,241,2,2026-05-07 10:15:00,2026-05-07 10:54:00
443,90,5,2026-04-29 09:15:00,2026-04-29 10:20:00
444,247,3,2026-06-23 08:15:00,2026-06-23 09:01:00
445,235,4,2026-06-04 06:15:00,2026-06-04 07:42:00
446,220,4,2026-04-11 10:15:00,2026-04-11 11:42:00
447,52,3,2026-04-28 06:15:00,2026-04-28 07:40:00
448,123,2,2026-04-02 10:15:00,2026-04-02 11:07:00
449,289,5,2026-06-01 06:15:00,2026-06-01 07:14:00
450,76,3,2026-04-19 09:15:00,2026-04-19 09:39:00
451,148,1,2026-05-20 08:15:00,2026-05-20 08:37:00
452,151,1,2026-05-20 10:15:00,2026-05-20 11:33:00
453,282,4,2026-04-11 06:15:00,2026-04-11 06:55:00
454,39,1,2026-05-01 09:15:00,2026-05-01 09:52:00
455,193,5,2026-05-07 09:15:00,2026-05-07 10:19:00
456,231,4,2026-05-09 09:15:00,2026-05-09 09:37:00
457,154,4,2026-06-06 06:15:00,2026-06-06 07:13:00
458,277,2,2026-06-22 09:15:00,2026-06-22 09:55:00
459,216,5,2026-04-06 09:15:00,2026-04-06 10:42:00
460,208,5,2026-04-05 07:15:00,2026-04-05 08:10:00
461,87,3,2026-05-15 09:15:00,2026-05-15 10:27:00
462,179,5,2026-06-24 09:15:00,2026-06-24 09:57:00
463,233,1,2026-04-01 10:15:00,2026-04-01 11:37:00
464,248,4,2026-05-16 06:15:00,2026-05-16 06:58:00
465,259,1,2026-06-13 08:15:00,2026-06-13 09:12:00
466,26,2,2026-05-14 10:15:00,2026-05-14 11:28:00
467,72,3,2026-04-21 10:15:00,2026-04-21 11:01:00
468,118,2,2026-06-04 10:15:00,2026-06-04 10:50:00
469,1,5,2026-05-12 10:15:00,2026-05-12 11:09:00
470,231,2,2026-04-14 07:15:00,2026-04-14 08:04:00
471,111,3,2026-04-20 06:15:00,2026-04-20 06:52:00
472,172,5,2026-06-24 10:15:00,2026-06-24 11:33:00
473,85,2,2026-06-14 10:15:00,2026-06-14 10:58:00
474,27,5,2026-05-18 09:15:00,2026-05-18 09:51:00
475,143,1,2026-04-12 06:15:00,2026-04-12 07:17:00
476,205,1,2026-04-12 06:15:00,2026-04-12 07:27:00
477,19,3,2026-05-23 07:15:00,2026-05-23 08:42:00
478,161,3,2026-04-02 06:15:00,2026-04-02 06:43:00
479,218,5,2026-05-02 09:15:00,2026-05-02 09:57:00
480,287,5,2026-05-25 07:15:00,2026-05-25 08:13:00
481,67,2,2026-05-03 10:15:00,2026-05-03 10:30:00
482,194,3,2026-04-21 07:15:00,2026-04-21 08:24:00
483,15,1,2026-05-03 07:15:00,2026-05-03 07:52:00
484,255,2,2026-04-03 06:15:00,2026-04-03 07:40:00
485,245,5,2026-04-14 06:15:00,2026-04-14 07:39:00
486,232,1,2026-05-12 09:15:00,2026-05-12 09:35:00
487,46,1,2026-06-05 08:15:00,2026-06-05 08:45:00
488,49,3,2026-04-27 10:15:00,2026-04-27 11:19:00
489,195,3,2026-04-22 06:15:00,2026-04-22 07:06:00
490,159,3,2026-05-08 10:15:00,2026-05-08 11:18:00
491,90,5,2026-06-21 09:15:00,2026-06-21 10:07:00
492,184,3,2026-05-29 08:15:00,2026-05-29 08:57:00
493,85,2,2026-04-10 10:15:00,2026-04-10 10:41:00
494,236,1,2026-06-06 09:15:00,2026-06-06 09:59:00
495,45,3,2026-04-21 07:15:00,2026-04-21 08:24:00
496,79,5,2026-05-20 09:15:00,2026-05-20 10:05:00
497,44,4,2026-05-16 06:15:00,2026-05-16 07:38:00
498,88,4,2026-06-25 10:15:00,2026-06-25 11:24:00
499,49,4,2026-04-13 08:15:00,2026-04-13 09:34:00
500,265,1,2026-05-10 06:15:00,2026-05-10 07:03:00
501,188,2,2026-04-04 06:15:00,2026-04-04 07:10:00
502,188,5,2026-04-10 07:15:00,2026-04-10 08:33:00
503,64,2,2026-05-12 09:15:00,2026-05-12 10:03:00
504,224,2,2026-05-12 06:15:00,2026-05-12 06:40:00
505,193,2,2026-06-20 10:15:00,2026-06-20 11:19:00
506,49,5,2026-04-02 07:15:00,2026-04-02 08:29:00
507,91,2,2026-04-27 06:15:00,2026-04-27 07:40:00
508,249,3,2026-04-26 09:15:00,2026-04-26 09:48:00
509,147,5,2026-04-12 10:15:00,2026-04-12 11:16:00
510,84,1,2026-05-25 07:15:00,2026-05-25 08:19:00
511,136,4,2026-04-17 07:15:00,2026-04-17 08:30:00
512,171,4,2026-04-07 08:15:00,2026-04-07 09:19:00
513,140,3,2026-04-30 06:15:00,2026-04-30 07:04:00
514,277,5,2026-05-11 06:15:00,2026-05-11 07:08:00
515,141,3,2026-05-09 06:15:00,2026-05-09 06:52:00
516,225,2,2026-06-20 06:15:00,2026-06-20 06:30:00
517,230,3,2026-05-29 09:15:00,2026-05-29 09:55:00
518,20,3,2026-05-11 07:15:00,2026-05-11 08:18:00
519,220,1,2026-04-28 06:15:00,2026-04-28 06:44:00
520,253,3,2026-06-27 08:15:00,2026-06-27 08:46:00
521,79,4,2026-06-26 06:15:00,2026-06-26 06:34:00
522,283,4,2026-06-19 06:15:00,2026-06-19 07:09:00
523,109,3,2026-06-18 10:15:00,2026-06-18 10:37:00
524,275,1,2026-05-06 10:15:00,2026-05-06 11:01:00
525,122,5,2026-05-04 08:15:00,2026-05-04 08:48:00
526,9,2,2026-04-03 06:15:00,2026-04-03 07:37:00
527,291,4,2026-05-28 09:15:00,2026-05-28 09:33:00
528,215,4,2026-05-27 07:15:00,2026-05-27 08:33:00
529,131,4,2026-05-15 09:15:00,2026-05-15 10:25:00
530,220,4,2026-06-28 06:15:00,2026-06-28 07:28:00
531,256,4,2026-04-20 09:15:00,2026-04-20 10:11:00
532,12,4,2026-06-17 06:15:00,2026-06-17 07:24:00
533,215,3,2026-05-27 09:15:00,2026-05-27 10:33:00
534,228,1,2026-06-12 10:15:00,2026-06-12 11:34:00
535,294,2,2026-04-07 06:15:00,2026-04-07 07:13:00
536,57,4,2026-05-02 07:15:00,2026-05-02 08:34:00
537,19,1,2026-05-26 10:15:00,2026-05-26 11:36:00
538,12,4,2026-04-30 10:15:00,2026-04-30 10:47:00
539,174,4,2026-06-21 09:15:00,2026-06-21 09:58:00
540,57,3,2026-06-12 07:15:00,2026-06-12 07:31:00
541,226,2,2026-04-08 07:15:00,2026-04-08 07:52:00
542,211,3,2026-06-09 09:15:00,2026-06-09 09:31:00
543,87,2,2026-04-10 08:15:00,2026-04-10 08:34:00
544,228,1,2026-04-27 10:15:00,2026-04-27 11:28:00
545,20,4,2026-05-28 09:15:00,2026-05-28 10:04:00
546,89,1,2026-04-10 08:15:00,2026-04-10 08:54:00
547,296,4,2026-06-20 09:15:00,2026-06-20 10:10:00
548,180,1,2026-04-17 10:15:00,2026-04-17 10:31:00
549,66,2,2026-05-21 10:15:00,2026-05-21 11:11:00
550,250,4,2026-06-19 08:15:00,2026-06-19 09:38:00
551,122,4,2026-04-24 06:15:00,2026-04-24 07:28:00
552,64,3,2026-04-05 10:15:00,2026-04-05 10:34:00
553,238,4,2026-04-24 08:15:00,2026-04-24 08:37:00
554,291,1,2026-04-15 06:15:00,2026-04-15 07:13:00
555,254,2,2026-06-20 08:15:00,2026-06-20 09:17:00
556,226,3,2026-05-14 06:15:00,2026-05-14 06:45:00
557,93,1,2026-04-08 06:15:00,2026-04-08 06:31:00
558,183,1,2026-06-02 08:15:00,2026-06-02 08:51:00
559,234,2,2026-06-15 07:15:00,2026-06-15 07:57:00
560,213,4,2026-06-01 09:15:00,2026-06-01 10:19:00
561,277,1,2026-06-15 08:15:00,2026-06-15 08:41:00
562,202,2,2026-06-21 10:15:00,2026-06-21 11:20:00
563,64,2,2026-06-18 08:15:00,2026-06-18 08:45:00
564,140,1,2026-04-20 06:15:00,2026-04-20 07:09:00
565,64,5,2026-04-23 09:15:00,2026-04-23 09:56:00
566,138,3,2026-04-15 08:15:00,2026-04-15 08:36:00
567,172,5,2026-04-30 08:15:00,2026-04-30 09:08:00
568,11,3,2026-06-28 10:15:00,2026-06-28 11:02:00
569,248,2,2026-05-30 08:15:00,2026-05-30 09:25:00
570,84,1,2026-05-25 10:15:00,2026-05-25 11:14:00
571,294,5,2026-06-08 07:15:00,2026-06-08 07:46:00
572,7,2,2026-06-14 07:15:00,2026-06-14 08:01:00
573,106,2,2026-05-02 06:15:00,2026-05-02 07:19:00
574,28,5,2026-06-20 10:15:00,2026-06-20 11:03:00
575,158,5,2026-04-02 08:15:00,2026-04-02 08:33:00
576,232,3,2026-04-22 08:15:00,2026-04-22 09:02:00
577,273,4,2026-05-19 08:15:00,2026-05-19 09:12:00
578,299,3,2026-05-08 09:15:00,2026-05-08 10:34:00
579,69,4,2026-06-03 08:15:00,2026-06-03 08:42:00
580,74,1,2026-04-18 07:15:00,2026-04-18 07:45:00
581,270,3,2026-05-17 07:15:00,2026-05-17 08:36:00
582,156,1,2026-04-06 09:15:00,2026-04-06 10:04:00
583,200,3,2026-05-10 09:15:00,2026-05-10 10:03:00
584,57,3,2026-04-20 06:15:00,2026-04-20 06:47:00
585,285,4,2026-06-27 09:15:00,2026-06-27 10:22:00
586,273,2,2026-04-05 09:15:00,2026-04-05 09:30:00
587,132,2,2026-05-31 08:15:00,2026-05-31 09:33:00
588,235,2,2026-05-01 07:15:00,2026-05-01 07:36:00
589,241,1,2026-05-28 07:15:00,2026-05-28 08:29:00
590,90,1,2026-06-06 09:15:00,2026-06-06 09:34:00
591,247,3,2026-05-09 09:15:00,2026-05-09 09:57:00
592,244,2,2026-04-06 07:15:00,2026-04-06 07:51:00
593,49,3,2026-05-23 06:15:00,2026-05-23 07:40:00
594,141,2,2026-05-13 06:15:00,2026-05-13 07:39:00
595,91,3,2026-05-22 10:15:00,2026-05-22 10:33:00
596,113,3,2026-04-01 08:15:00,2026-04-01 08:34:00
597,168,3,2026-06-26 08:15:00,2026-06-26 09:30:00
598,205,4,2026-05-04 10:15:00,2026-05-04 10:48:00
599,194,3,2026-05-12 09:15:00,2026-05-12 09:52:00
600,245,1,2026-05-10 08:15:00,2026-05-10 08:39:00
601,15,1,2026-04-16 08:15:00,2026-04-16 08:34:00
602,186,2,2026-04-20 06:15:00,2026-04-20 07:12:00
603,245,2,2026-04-28 09:15:00,2026-04-28 10:19:00
604,243,5,2026-05-15 09:15:00,2026-05-15 10:36:00
605,112,3,2026-06-07 09:15:00,2026-06-07 10:03:00
606,153,2,2026-04-13 09:15:00,2026-04-13 10:07:00
607,73,4,2026-06-20 09:15:00,2026-06-20 10:12:00
608,277,2,2026-04-09 07:15:00,2026-04-09 08:04:00
609,274,1,2026-05-10 08:15:00,2026-05-10 09:15:00
610,75,3,2026-06-19 09:15:00,2026-06-19 10:26:00
611,261,2,2026-06-10 06:15:00,2026-06-10 07:02:00
612,81,1,2026-06-18 07:15:00,2026-06-18 08:16:00
613,118,1,2026-06-08 10:15:00,2026-06-08 10:31:00
614,94,5,2026-04-30 10:15:00,2026-04-30 10:39:00
615,65,2,2026-05-10 08:15:00,2026-05-10 08:33:00
616,96,2,2026-04-04 06:15:00,2026-04-04 06:31:00
617,293,4,2026-04-08 06:15:00,2026-04-08 06:40:00
618,169,1,2026-06-09 07:15:00,2026-06-09 07:53:00
619,3,3,2026-05-28 10:15:00,2026-05-28 11:43:00
620,74,2,2026-04-18 08:15:00,2026-04-18 09:25:00
621,52,1,2026-04-29 08:15:00,2026-04-29 09:10:00
622,66,1,2026-06-20 08:15:00,2026-06-20 09:22:00
623,116,4,2026-04-12 10:15:00,2026-04-12 10:57:00
624,37,4,2026-04-01 06:15:00,2026-04-01 07:18:00
625,225,1,2026-05-27 09:15:00,2026-05-27 10:34:00
626,80,4,2026-04-24 10:15:00,2026-04-24 11:13:00
627,136,1,2026-04-03 08:15:00,2026-04-03 09:00:00
628,79,3,2026-06-22 06:15:00,2026-06-22 06:33:00
629,20,4,2026-06-05 07:15:00,2026-06-05 08:21:00
630,249,5,2026-04-26 09:15:00,2026-04-26 10:09:00
631,25,4,2026-05-19 07:15:00,2026-05-19 08:36:00
632,200,2,2026-04-23 09:15:00,2026-04-23 10:02:00
633,193,1,2026-04-12 08:15:00,2026-04-12 08:42:00
634,188,2,2026-06-07 06:15:00,2026-06-07 07:24:00
635,176,4,2026-04-11 07:15:00,2026-04-11 07:58:00
636,138,1,2026-06-12 10:15:00,2026-06-12 10:32:00
637,192,2,2026-04-18 08:15:00,2026-04-18 09:17:00
638,296,1,2026-04-20 07:15:00,2026-04-20 08:45:00
639,179,3,2026-04-28 10:15:00,2026-04-28 11:23:00
640,238,3,2026-05-18 10:15:00,2026-05-18 10:58:00
641,164,4,2026-04-01 06:15:00,2026-04-01 07:21:00
642,203,5,2026-04-17 08:15:00,2026-04-17 08:57:00
643,119,2,2026-06-28 07:15:00,2026-06-28 08:07:00
644,63,4,2026-05-02 10:15:00,2026-05-02 11:34:00
645,32,2,2026-04-25 09:15:00,2026-04-25 10:39:00
646,163,4,2026-05-13 07:15:00,2026-05-13 08:04:00
647,245,1,2026-04-03 07:15:00,2026-04-03 08:45:00
648,96,1,2026-04-28 09:15:00,2026-04-28 10:24:00
649,47,5,2026-06-19 07:15:00,2026-06-19 08:19:00
650,46,2,2026-06-26 07:15:00,2026-06-26 07:48:00
651,104,2,2026-05-26 07:15:00,2026-05-26 08:11:00
652,231,5,2026-04-20 08:15:00,2026-04-20 08:58:00
653,110,5,2026-04-05 07:15:00,2026-04-05 08:27:00
654,247,1,2026-06-07 06:15:00,2026-06-07 07:04:00
655,197,4,2026-05-20 08:15:00,2026-05-20 09:08:00
656,197,3,2026-06-21 10:15:00,2026-06-21 11:04:00
657,130,4,2026-06-28 09:15:00,2026-06-28 10:42:00
658,12,3,2026-06-01 10:15:00,2026-06-01 10:51:00
659,19,1,2026-04-18 07:15:00,2026-04-18 08:01:00
660,70,3,2026-04-11 09:15:00,2026-04-11 10:06:00
661,149,2,2026-05-14 09:15:00,2026-05-14 09:49:00
662,293,3,2026-06-24 08:15:00,2026-06-24 08:58:00
663,141,1,2026-05-24 07:15:00,2026-05-24 07:36:00
664,98,4,2026-05-26 10:15:00,2026-05-26 11:03:00
665,234,3,2026-05-10 06:15:00,2026-05-10 06:48:00
666,110,1,2026-04-11 08:15:00,2026-04-11 08:35:00
667,38,2,2026-06-05 07:15:00,2026-06-05 07:58:00
668,194,4,2026-04-01 10:15:00,2026-04-01 11:31:00
669,291,3,2026-05-02 09:15:00,2026-05-02 10:18:00
670,68,2,2026-05-02 06:15:00,2026-05-02 06:39:00
671,133,5,2026-05-27 07:15:00,2026-05-27 08:07:00
672,208,5,2026-06-01 06:15:00,2026-06-01 06:53:00
673,241,2,2026-04-05 06:15:00,2026-04-05 07:25:00
674,95,3,2026-05-14 07:15:00,2026-05-14 07:44:00
675,168,1,2026-05-29 06:15:00,2026-05-29 06:38:00
676,160,5,2026-06-07 07:15:00,2026-06-07 07:49:00
677,107,2,2026-06-13 08:15:00,2026-06-13 09:39:00
678,45,2,2026-05-17 06:15:00,2026-05-17 07:18:00
679,7,5,2026-04-23 06:15:00,2026-04-23 07:06:00
680,43,2,2026-05-19 07:15:00,2026-05-19 08:09:00
681,35,3,2026-04-25 08:15:00,2026-04-25 08:40:00
682,177,1,2026-06-24 09:15:00,2026-06-24 10:11:00
683,296,2,2026-05-20 06:15:00,2026-05-20 07:27:00
684,80,3,2026-06-03 06:15:00,2026-06-03 07:18:00
685,263,4,2026-04-27 07:15:00,2026-04-27 08:07:00
686,198,1,2026-04-04 07:15:00,2026-04-04 07:56:00
687,181,4,2026-05-14 10:15:00,2026-05-14 11:07:00
688,205,1,2026-05-14 07:15:00,2026-05-14 07:41:00
689,94,4,2026-06-11 07:15:00,2026-06-11 07:37:00
690,41,2,2026-06-23 06:15:00,2026-06-23 06:46:00
691,60,2,2026-05-20 07:15:00,2026-05-20 07:36:00
692,210,5,2026-06-13 10:15:00,2026-06-13 11:32:00
693,98,5,2026-04-16 10:15:00,2026-04-16 11:00:00
694,43,3,2026-06-20 07:15:00,2026-06-20 08:30:00
695,98,1,2026-05-14 07:15:00,2026-05-14 08:01:00
696,17,4,2026-04-18 07:15:00,2026-04-18 08:27:00
697,261,1,2026-05-04 10:15:00,2026-05-04 11:26:00
698,255,1,2026-04-25 08:15:00,2026-04-25 09:34:00
699,5,3,2026-05-03 06:15:00,2026-05-03 06:56:00
700,121,1,2026-04-29 10:15:00,2026-04-29 10:49:00
701,271,5,2026-04-13 10:15:00,2026-04-13 11:05:00
702,96,1,2026-05-15 06:15:00,2026-05-15 06:47:00
703,274,1,2026-05-30 09:15:00,2026-05-30 10:42:00
704,3,2,2026-04-13 08:15:00,2026-04-13 08:59:00
705,229,5,2026-05-20 07:15:00,2026-05-20 08:33:00
706,34,1,2026-06-23 10:15:00,2026-06-23 10:48:00
707,152,1,2026-05-29 10:15:00,2026-05-29 11:06:00
708,287,5,2026-06-21 07:15:00,2026-06-21 07:48:00
709,266,2,2026-06-15 06:15:00,2026-06-15 06:31:00
710,204,4,2026-06-11 10:15:00,2026-06-11 10:33:00
711,140,5,2026-06-09 08:15:00,2026-06-09 09:08:00
712,46,2,2026-06-11 09:15:00,2026-06-11 09:39:00
713,179,3,2026-05-12 06:15:00,2026-05-12 07:39:00
714,42,5,2026-05-28 09:15:00,2026-05-28 10:12:00
715,162,3,2026-04-07 10:15:00,2026-04-07 10:42:00
716,294,5,2026-04-02 06:15:00,2026-04-02 07:01:00
717,23,3,2026-04-06 06:15:00,2026-04-06 07:05:00
718,199,1,2026-06-17 08:15:00,2026-06-17 08:33:00
719,17,4,2026-04-13 10:15:00,2026-04-13 11:29:00
720,13,5,2026-06-24 08:15:00,2026-06-24 09:25:00
721,192,2,2026-04-27 08:15:00,2026-04-27 09:21:00
722,209,5,2026-04-24 08:15:00,2026-04-24 09:31:00
723,285,3,2026-05-27 06:15:00,2026-05-27 07:36:00
724,57,5,2026-05-14 08:15:00,2026-05-14 09:23:00
725,268,3,2026-04-11 07:15:00,2026-04-11 08:22:00
726,250,2,2026-06-10 08:15:00,2026-06-10 09:31:00
727,282,4,2026-06-21 10:15:00,2026-06-21 11:27:00
728,251,4,2026-04-20 10:15:00,2026-04-20 11:24:00
729,76,3,2026-04-13 06:15:00,2026-04-13 06:38:00
730,5,1,2026-06-08 10:15:00,2026-06-08 11:10:00
731,185,2,2026-06-06 09:15:00,2026-06-06 09:38:00
732,24,5,2026-06-29 09:15:00,2026-06-29 09:52:00
733,59,3,2026-05-26 08:15:00,2026-05-26 08:45:00
734,91,2,2026-06-21 06:15:00,2026-06-21 07:00:00
735,72,1,2026-06-03 08:15:00,2026-06-03 08:48:00
736,116,5,2026-06-11 07:15:00,2026-06-11 08:34:00
737,170,2,2026-06-19 10:15:00,2026-06-19 10:48:00
738,165,2,2026-05-02 09:15:00,2026-05-02 10:04:00
739,80,4,2026-04-17 06:15:00,2026-04-17 06:48:00
740,194,1,2026-04-01 07:15:00,2026-04-01 08:10:00
741,275,5,2026-05-15 07:15:00,2026-05-15 07:43:00
742,168,2,2026-04-24 09:15:00,2026-04-24 10:44:00
743,196,2,2026-04-30 10:15:00,2026-04-30 10:33:00
744,186,2,2026-06-04 08:15:00,2026-06-04 08:41:00
745,176,2,2026-05-27 08:15:00,2026-05-27 08:43:00
746,297,5,2026-06-21 06:15:00,2026-06-21 06:58:00
747,79,4,2026-06-15 08:15:00,2026-06-15 09:33:00
748,211,3,2026-05-05 10:15:00,2026-05-05 10:35:00
749,139,2,2026-04-09 09:15:00,2026-04-09 10:41:00
750,210,1,2026-06-06 08:15:00,2026-06-06 09:19:00
751,47,5,2026-05-31 06:15:00,2026-05-31 07:43:00
752,178,3,2026-06-11 10:15:00,2026-06-11 10:30:00
753,229,4,2026-06-02 10:15:00,2026-06-02 11:42:00
754,280,5,2026-05-24 08:15:00,2026-05-24 08:36:00
755,135,4,2026-06-15 10:15:00,2026-06-15 10:31:00
756,180,5,2026-06-17 06:15:00,2026-06-17 06:49:00
757,237,5,2026-06-20 09:15:00,2026-06-20 10:44:00
758,287,1,2026-05-06 06:15:00,2026-05-06 07:18:00
759,155,2,2026-04-14 08:15:00,2026-04-14 08:43:00
760,195,1,2026-06-29 06:15:00,2026-06-29 07:17:00
761,36,3,2026-06-18 09:15:00,2026-06-18 09:55:00
762,268,2,2026-05-07 09:15:00,2026-05-07 10:21:00
763,57,4,2026-05-07 07:15:00,2026-05-07 08:41:00
764,158,5,2026-06-21 10:15:00,2026-06-21 11:01:00
765,191,1,2026-05-31 10:15:00,2026-05-31 10:46:00
766,256,5,2026-05-14 10:15:00,2026-05-14 11:02:00
767,169,2,2026-05-16 10:15:00,2026-05-16 10:46:00
768,134,1,2026-04-09 08:15:00,2026-04-09 09:37:00
769,262,1,2026-04-22 10:15:00,2026-04-22 11:36:00
770,60,2,2026-06-11 07:15:00,2026-06-11 08:07:00
771,219,2,2026-06-02 09:15:00,2026-06-02 10:02:00
772,150,1,2026-04-22 08:15:00,2026-04-22 09:01:00
773,55,4,2026-05-28 10:15:00,2026-05-28 10:39:00
774,82,3,2026-04-21 08:15:00,2026-04-21 08:39:00
775,249,4,2026-04-15 09:15:00,2026-04-15 10:04:00
776,87,3,2026-06-09 09:15:00,2026-06-09 10:05:00
777,106,3,2026-04-15 09:15:00,2026-04-15 10:25:00
778,294,1,2026-05-15 07:15:00,2026-05-15 08:34:00
779,140,4,2026-06-06 09:15:00,2026-06-06 09:55:00
780,249,5,2026-04-19 10:15:00,2026-04-19 11:34:00
781,173,3,2026-04-20 06:15:00,2026-04-20 06:43:00
782,210,5,2026-06-07 08:15:00,2026-06-07 08:46:00
783,86,3,2026-04-04 09:15:00,2026-04-04 10:14:00
784,38,1,2026-04-01 10:15:00,2026-04-01 11:21:00
785,106,2,2026-06-02 07:15:00,2026-06-02 08:22:00
786,239,3,2026-06-22 08:15:00,2026-06-22 09:42:00
787,269,2,2026-05-25 08:15:00,2026-05-25 08:51:00
788,81,3,2026-05-11 08:15:00,2026-05-11 09:28:00
789,293,5,2026-04-25 08:15:00,2026-04-25 08:42:00
790,118,1,2026-06-10 06:15:00,2026-06-10 07:40:00
791,8,4,2026-04-07 07:15:00,2026-04-07 07:55:00
792,220,1,2026-05-19 10:15:00,2026-05-19 11:38:00
793,12,1,2026-05-21 09:15:00,2026-05-21 10:39:00
794,92,5,2026-06-28 06:15:00,2026-06-28 07:30:00
795,119,2,2026-04-04 07:15:00,2026-04-04 08:43:00
796,104,2,2026-05-10 10:15:00,2026-05-10 10:44:00
797,109,5,2026-05-20 09:15:00,2026-05-20 09:51:00
798,229,4,2026-05-24 10:15:00,2026-05-24 11:37:00
799,290,1,2026-05-14 10:15:00,2026-05-14 10:59:00
800,246,5,2026-04-16 08:15:00,2026-04-16 09:43:00
801,33,4,2026-04-07 08:15:00,2026-04-07 09:36:00
802,79,1,2026-04-18 10:15:00,2026-04-18 10:38:00
803,81,3,2026-06-27 10:15:00,2026-06-27 10:36:00
804,53,5,2026-04-14 10:15:00,2026-04-14 10:49:00
805,23,2,2026-05-16 08:15:00,2026-05-16 08:37:00
806,252,4,2026-05-07 10:15:00,2026-05-07 10:48:00
807,249,2,2026-04-13 09:15:00,2026-04-13 10:37:00
808,213,4,2026-04-28 07:15:00,2026-04-28 07:44:00
809,53,3,2026-04-27 07:15:00,2026-04-27 07:58:00
810,154,1,2026-06-01 08:15:00,2026-06-01 08:51:00
811,247,4,2026-04-23 09:15:00,2026-04-23 10:42:00
812,71,4,2026-04-10 10:15:00,2026-04-10 10:30:00
813,100,4,2026-04-20 09:15:00,2026-04-20 10:11:00
814,286,4,2026-04-18 06:15:00,2026-04-18 07:18:00
815,19,5,2026-04-24 07:15:00,2026-04-24 08:27:00
816,269,2,2026-06-04 07:15:00,2026-06-04 07:52:00
817,265,1,2026-06-24 09:15:00,2026-06-24 09:42:00
818,115,4,2026-06-06 08:15:00,2026-06-06 08:55:00
819,246,4,2026-05-01 06:15:00,2026-05-01 07:43:00
820,124,3,2026-04-17 08:15:00,2026-04-17 08:40:00
821,212,2,2026-05-28 10:15:00,2026-05-28 11:39:00
822,238,2,2026-05-21 06:15:00,2026-05-21 07:18:00
823,23,2,2026-05-19 06:15:00,2026-05-19 07:02:00
824,222,3,2026-04-22 08:15:00,2026-04-22 09:36:00
825,296,1,2026-05-14 07:15:00,2026-05-14 08:19:00
826,251,3,2026-05-07 10:15:00,2026-05-07 11:17:00
827,86,5,2026-06-24 07:15:00,2026-06-24 08:30:00
828,200,3,2026-06-21 07:15:00,2026-06-21 08:19:00
829,52,4,2026-06-21 10:15:00,2026-06-21 11:15:00
830,31,4,2026-05-28 07:15:00,2026-05-28 08:23:00
831,51,1,2026-06-26 07:15:00,2026-06-26 08:19:00
832,16,4,2026-04-04 10:15:00,2026-04-04 11:39:00
833,92,3,2026-05-29 09:15:00,2026-05-29 09:30:00
834,81,5,2026-05-31 09:15:00,2026-05-31 10:01:00
835,242,4,2026-05-19 07:15:00,2026-05-19 08:03:00
836,185,2,2026-04-10 06:15:00,2026-04-10 07:07:00
837,68,4,2026-04-08 06:15:00,2026-04-08 07:04:00
838,63,4,2026-06-14 07:15:00,2026-06-14 07:43:00
839,48,4,2026-05-08 06:15:00,2026-05-08 07:07:00
840,49,4,2026-05-20 07:15:00,2026-05-20 08:01:00
841,88,5,2026-05-12 07:15:00,2026-05-12 07:42:00
842,259,1,2026-06-02 06:15:00,2026-06-02 07:15:00
843,180,3,2026-04-19 07:15:00,2026-04-19 07:57:00
844,165,3,2026-06-03 07:15:00,2026-06-03 08:27:00
845,83,5,2026-05-28 10:15:00,2026-05-28 10:59:00
846,92,4,2026-05-26 07:15:00,2026-05-26 07:54:00
847,145,4,2026-06-22 08:15:00,2026-06-22 08:36:00
848,198,3,2026-05-12 08:15:00,2026-05-12 08:41:00
849,147,3,2026-06-02 07:15:00,2026-06-02 08:03:00
850,196,1,2026-06-14 07:15:00,2026-06-14 07:49:00
851,251,5,2026-04-01 08:15:00,2026-04-01 09:39:00
852,240,4,2026-05-30 10:15:00,2026-05-30 10:45:00
853,190,2,2026-04-02 06:15:00,2026-04-02 07:39:00
854,84,4,2026-04-29 07:15:00,2026-04-29 07:45:00
855,196,4,2026-05-02 06:15:00,2026-05-02 07:29:00
856,92,2,2026-06-16 09:15:00,2026-06-16 09:32:00
857,128,3,2026-04-29 10:15:00,2026-04-29 10:49:00
858,178,5,2026-05-05 08:15:00,2026-05-05 08:41:00
859,169,3,2026-06-05 09:15:00,2026-06-05 10:20:00
860,58,5,2026-06-05 07:15:00,2026-06-05 07:34:00
861,181,3,2026-05-27 07:15:00,2026-05-27 07:32:00
862,99,2,2026-05-23 07:15:00,2026-05-23 07:43:00
863,116,2,2026-06-11 07:15:00,2026-06-11 08:06:00
864,100,3,2026-05-16 10:15:00,2026-05-16 11:00:00
865,11,4,2026-04-28 07:15:00,2026-04-28 07:32:00
866,173,4,2026-06-23 06:15:00,2026-06-23 06:58:00
867,196,2,2026-04-23 07:15:00,2026-04-23 08:22:00
868,140,4,2026-05-11 10:15:00,2026-05-11 10:32:00
869,7,4,2026-05-09 09:15:00,2026-05-09 09:46:00
870,277,3,2026-06-23 07:15:00,2026-06-23 07:38:00
871,241,1,2026-04-18 08:15:00,2026-04-18 09:03:00
872,58,2,2026-04-12 06:15:00,2026-04-12 06:32:00
873,146,1,2026-05-16 08:15:00,2026-05-16 08:42:00
874,16,1,2026-06-09 10:15:00,2026-06-09 10:40:00
875,239,2,2026-05-24 06:15:00,2026-05-24 07:18:00
876,39,3,2026-04-09 09:15:00,2026-04-09 10:19:00
877,284,3,2026-05-05 07:15:00,2026-05-05 07:57:00
878,158,2,2026-06-13 09:15:00,2026-06-13 09:42:00
879,289,5,2026-05-22 10:15:00,2026-05-22 10:57:00
880,265,5,2026-05-23 09:15:00,2026-05-23 09:42:00
881,206,5,2026-05-12 06:15:00,2026-05-12 06:32:00
882,27,2,2026-05-26 06:15:00,2026-05-26 07:28:00
883,7,1,2026-04-14 08:15:00,2026-04-14 09:01:00
884,274,4,2026-06-03 10:15:00,2026-06-03 11:31:00
885,299,3,2026-04-14 06:15:00,2026-04-14 06:43:00
886,40,1,2026-04-14 06:15:00,2026-04-14 06:40:00
887,246,1,2026-06-27 10:15:00,2026-06-27 11:39:00
888,244,5,2026-04-04 06:15:00,2026-04-04 06:30:00
889,84,5,2026-06-13 10:15:00,2026-06-13 10:34:00
890,211,3,2026-05-23 09:15:00,2026-05-23 09:37:00
891,55,5,2026-06-08 07:15:00,2026-06-08 08:01:00
892,123,5,2026-06-15 07:15:00,2026-06-15 07:47:00
893,90,4,2026-05-31 06:15:00,2026-05-31 06:37:00
894,165,1,2026-05-25 09:15:00,2026-05-25 10:38:00
895,246,5,2026-06-28 08:15:00,2026-06-28 09:09:00
896,72,3,2026-06-15 06:15:00,2026-06-15 07:14:00
897,132,1,2026-06-28 08:15:00,2026-06-28 09:30:00
898,130,1,2026-06-22 10:15:00,2026-06-22 10:46:00
899,216,4,2026-06-12 08:15:00,2026-06-12 08:34:00
900,163,1,2026-06-22 06:15:00,2026-06-22 06:41:00
901,233,3,2026-05-01 10:15:00,2026-05-01 11:27:00
902,83,3,2026-05-17 07:15:00,2026-05-17 07:43:00
903,170,4,2026-06-21 07:15:00,2026-06-21 07:52:00
904,61,1,2026-05-18 09:15:00,2026-05-18 09:44:00
905,83,3,2026-04-14 09:15:00,2026-04-14 09:56:00
906,172,5,2026-05-17 10:15:00,2026-05-17 11:15:00
907,295,1,2026-04-11 06:15:00,2026-04-11 06:30:00
908,12,3,2026-06-23 09:15:00,2026-06-23 09:48:00
909,265,4,2026-04-14 06:15:00,2026-04-14 07:36:00
910,138,5,2026-04-08 06:15:00,2026-04-08 07:26:00
911,257,4,2026-06-29 07:15:00,2026-06-29 08:07:00
912,121,4,2026-04-27 08:15:00,2026-04-27 08:45:00
913,144,2,2026-05-14 10:15:00,2026-05-14 11:25:00
914,268,3,2026-06-19 07:15:00,2026-06-19 08:11:00
915,48,3,2026-06-06 09:15:00,2026-06-06 10:41:00
916,164,5,2026-04-21 09:15:00,2026-04-21 09:56:00
917,231,1,2026-04-27 10:15:00,2026-04-27 11:22:00
918,148,4,2026-05-22 08:15:00,2026-05-22 09:00:00
919,231,2,2026-04-13 10:15:00,2026-04-13 11:16:00
920,136,2,2026-04-30 08:15:00,2026-04-30 09:17:00
921,99,3,2026-04-12 10:15:00,2026-04-12 10:39:00
922,195,3,2026-04-29 06:15:00,2026-04-29 07:00:00
923,253,1,2026-04-14 07:15:00,2026-04-14 07:34:00
924,15,4,2026-04-27 09:15:00,2026-04-27 10:16:00
925,223,3,2026-05-11 08:15:00,2026-05-11 09:37:00
926,13,3,2026-06-23 07:15:00,2026-06-23 07:58:00
927,220,4,2026-04-25 08:15:00,2026-04-25 09:38:00
928,290,2,2026-05-23 09:15:00,2026-05-23 10:22:00
929,52,2,2026-04-03 08:15:00,2026-04-03 09:19:00
930,187,5,2026-05-27 06:15:00,2026-05-27 07:31:00
931,23,1,2026-05-21 09:15:00,2026-05-21 09:43:00
932,143,1,2026-06-23 10:15:00,2026-06-23 11:41:00
933,39,3,2026-04-17 07:15:00,2026-04-17 07:41:00
934,130,2,2026-04-07 09:15:00,2026-04-07 09:53:00
935,214,2,2026-05-08 07:15:00,2026-05-08 08:19:00
936,129,1,2026-04-05 08:15:00,2026-04-05 08:35:00
937,162,2,2026-05-20 09:15:00,2026-05-20 10:36:00
938,195,4,2026-05-27 06:15:00,2026-05-27 06:58:00
939,157,1,2026-05-29 10:15:00,2026-05-29 10:48:00
940,116,3,2026-05-15 06:15:00,2026-05-15 07:43:00
941,166,4,2026-05-29 09:15:00,2026-05-29 10:42:00
942,68,4,2026-05-28 10:15:00,2026-05-28 11:18:00
943,180,3,2026-04-17 09:15:00,2026-04-17 10:10:00
944,143,4,2026-05-03 08:15:00,2026-05-03 09:16:00
945,55,1,2026-05-27 09:15:00,2026-05-27 09:40:00
946,163,2,2026-05-13 07:15:00,2026-05-13 08:41:00
947,173,1,2026-05-17 07:15:00,2026-05-17 08:39:00
948,168,3,2026-04-18 06:15:00,2026-04-18 06:47:00
949,8,3,2026-05-02 07:15:00,2026-05-02 08:10:00
950,180,1,2026-04-07 08:15:00,2026-04-07 08:58:00
951,152,3,2026-05-27 08:15:00,2026-05-27 08:53:00
952,239,5,2026-06-10 10:15:00,2026-06-10 11:42:00
953,128,3,2026-04-08 09:15:00,2026-04-08 10:13:00
954,129,5,2026-05-05 06:15:00,2026-05-05 07:31:00
955,289,5,2026-06-10 07:15:00,2026-06-10 08:35:00
956,38,4,2026-04-19 06:15:00,2026-04-19 07:40:00
957,113,5,2026-06-14 08:15:00,2026-06-14 09:23:00
958,205,4,2026-06-07 09:15:00,2026-06-07 10:06:00
959,193,3,2026-04-19 10:15:00,2026-04-19 11:03:00
960,87,2,2026-05-03 10:15:00,2026-05-03 11:25:00
961,106,3,2026-04-16 08:15:00,2026-04-16 09:44:00
962,180,1,2026-04-08 10:15:00,2026-04-08 11:34:00
963,17,2,2026-06-16 06:15:00,2026-06-16 06:45:00
964,43,1,2026-06-28 10:15:00,2026-06-28 11:28:00
965,104,2,2026-05-29 09:15:00,2026-05-29 10:17:00
966,178,1,2026-06-14 09:15:00,2026-06-14 10:17:00
967,44,2,2026-04-28 07:15:00,2026-04-28 08:06:00
968,14,5,2026-04-30 08:15:00,2026-04-30 09:02:00
969,162,1,2026-04-15 08:15:00,2026-04-15 09:32:00
970,83,1,2026-04-17 09:15:00,2026-04-17 10:34:00
971,98,2,2026-04-16 06:15:00,2026-04-16 07:14:00
972,149,3,2026-06-28 10:15:00,2026-06-28 10:36:00
973,97,4,2026-06-10 10:15:00,2026-06-10 11:13:00
974,251,1,2026-06-28 10:15:00,2026-06-28 11:16:00
975,70,2,2026-04-08 08:15:00,2026-04-08 09:22:00
976,248,4,2026-04-29 06:15:00,2026-04-29 07:14:00
977,32,1,2026-04-13 08:15:00,2026-04-13 08:46:00
978,273,4,2026-05-05 06:15:00,2026-05-05 07:33:00
979,223,4,2026-06-19 10:15:00,2026-06-19 10:36:00
980,66,3,2026-05-14 10:15:00,2026-05-14 11:24:00
981,26,4,2026-05-06 09:15:00,2026-05-06 09:53:00
982,32,1,2026-05-31 09:15:00,2026-05-31 10:18:00
983,260,3,2026-05-07 09:15:00,2026-05-07 09:37:00
984,253,3,2026-06-27 06:15:00,2026-06-27 07:18:00
985,212,5,2026-04-02 10:15:00,2026-04-02 10:57:00
986,57,5,2026-06-15 08:15:00,2026-06-15 09:15:00
987,287,5,2026-05-08 06:15:00,2026-05-08 07:03:00
988,153,3,2026-04-30 06:15:00,2026-04-30 06:41:00
989,25,4,2026-04-10 06:15:00,2026-04-10 07:23:00
990,63,2,2026-04-04 06:15:00,2026-04-04 06:53:00
991,268,1,2026-04-03 10:15:00,2026-04-03 11:04:00
992,129,5,2026-04-29 10:15:00,2026-04-29 10:50:00
993,171,3,2026-04-17 07:15:00,2026-04-17 07:55:00
994,45,4,2026-06-13 10:15:00,2026-06-13 11:12:00
995,185,3,2026-05-01 06:15:00,2026-05-01 07:32:00
996,95,2,2026-04-27 09:15:00,2026-04-27 10:42:00
997,88,5,2026-06-27 08:15:00,2026-06-27 08:52:00
998,120,3,2026-05-20 09:15:00,2026-05-20 10:40:00
999,281,2,2026-06-28 08:15:00,2026-06-28 09:04:00
1000,39,1,2026-05-14 06:15:00,2026-05-14 07:24:00
1001,115,3,2026-05-23 09:15:00,2026-05-23 10:24:00
1002,76,3,2026-06-08 09:15:00,2026-06-08 09:43:00
1003,127,5,2026-06-14 10:15:00,2026-06-14 11:07:00
1004,145,3,2026-05-19 09:15:00,2026-05-19 09:45:00
1005,261,4,2026-05-06 08:15:00,2026-05-06 08:40:00
1006,126,5,2026-04-16 07:15:00,2026-04-16 08:28:00
1007,234,2,2026-06-10 06:15:00,2026-06-10 07:25:00
1008,282,3,2026-04-12 07:15:00,2026-04-12 08:03:00
1009,83,4,2026-04-15 09:15:00,2026-04-15 10:43:00
1010,300,2,2026-06-28 10:15:00,2026-06-28 10:33:00
1011,55,3,2026-05-22 06:15:00,2026-05-22 07:10:00
1012,212,3,2026-05-08 09:15:00,2026-05-08 09:48:00
1013,149,5,2026-04-06 09:15:00,2026-04-06 10:16:00
1014,212,5,2026-04-16 09:15:00,2026-04-16 10:07:00
1015,155,4,2026-05-08 06:15:00,2026-05-08 07:33:00
1016,33,1,2026-06-12 06:15:00,2026-06-12 06:57:00
1017,70,5,2026-06-07 06:15:00,2026-06-07 07:12:00
1018,125,1,2026-05-08 06:15:00,2026-05-08 07:15:00
1019,58,2,2026-04-25 10:15:00,2026-04-25 10:39:00
1020,205,4,2026-04-27 09:15:00,2026-04-27 10:41:00
1021,11,2,2026-04-05 09:15:00,2026-04-05 10:25:00
1022,266,3,2026-04-30 06:15:00,2026-04-30 07:16:00
1023,195,1,2026-04-05 07:15:00,2026-04-05 07:48:00
1024,180,5,2026-04-09 08:15:00,2026-04-09 08:54:00
1025,189,5,2026-04-26 10:15:00,2026-04-26 10:45:00
1026,276,1,2026-05-01 09:15:00,2026-05-01 10:07:00
1027,96,3,2026-06-02 06:15:00,2026-06-02 07:08:00
1028,190,5,2026-06-10 10:15:00,2026-06-10 10:58:00
1029,63,3,2026-06-07 10:15:00,2026-06-07 11:37:00
1030,267,2,2026-04-03 07:15:00,2026-04-03 08:04:00
1031,150,2,2026-05-20 06:15:00,2026-05-20 06:48:00
1032,170,4,2026-04-15 08:15:00,2026-04-15 08:54:00
1033,269,1,2026-04-03 10:15:00,2026-04-03 11:13:00
1034,35,4,2026-06-19 10:15:00,2026-06-19 10:45:00
1035,226,1,2026-05-08 09:15:00,2026-05-08 10:10:00
1036,150,2,2026-06-23 06:15:00,2026-06-23 07:09:00
1037,97,2,2026-04-09 10:15:00,2026-04-09 11:05:00
1038,121,5,2026-05-11 09:15:00,2026-05-11 09:54:00
1039,63,2,2026-05-07 06:15:00,2026-05-07 06:58:00
1040,258,1,2026-04-05 07:15:00,2026-04-05 07:58:00
1041,242,4,2026-04-10 08:15:00,2026-04-10 08:41:00
1042,94,2,2026-06-12 10:15:00,2026-06-12 11:21:00
1043,208,3,2026-04-10 07:15:00,2026-04-10 08:38:00
1044,56,5,2026-05-11 06:15:00,2026-05-11 06:38:00
1045,25,4,2026-05-01 06:15:00,2026-05-01 06:39:00
1046,201,3,2026-05-17 08:15:00,2026-05-17 09:06:00
1047,100,4,2026-06-18 06:15:00,2026-06-18 06:31:00
1048,180,4,2026-04-27 09:15:00,2026-04-27 09:37:00
1049,64,2,2026-06-29 09:15:00,2026-06-29 10:27:00
1050,241,2,2026-06-12 08:15:00,2026-06-12 09:19:00
1051,116,2,2026-06-14 09:15:00,2026-06-14 10:32:00
1052,38,5,2026-04-26 06:15:00,2026-04-26 07:04:00
1053,68,5,2026-04-21 10:15:00,2026-04-21 10:42:00
1054,272,3,2026-06-07 06:15:00,2026-06-07 07:37:00
1055,235,2,2026-05-19 09:15:00,2026-05-19 09:44:00
1056,146,3,2026-06-29 06:15:00,2026-06-29 07:44:00
1057,300,1,2026-04-04 06:15:00,2026-04-04 06:59:00
1058,194,2,2026-04-26 10:15:00,2026-04-26 11:10:00
1059,275,3,2026-05-13 09:15:00,2026-05-13 10:24:00
1060,111,1,2026-04-12 08:15:00,2026-04-12 09:08:00
1061,263,2,2026-05-25 09:15:00,2026-05-25 10:01:00
1062,80,5,2026-06-08 08:15:00,2026-06-08 08:42:00
1063,74,2,2026-05-06 10:15:00,2026-05-06 11:12:00
1064,195,4,2026-04-20 10:15:00,2026-04-20 11:03:00
1065,83,5,2026-04-08 08:15:00,2026-04-08 09:18:00
1066,170,4,2026-05-15 06:15:00,2026-05-15 07:22:00
1067,81,2,2026-06-09 06:15:00,2026-06-09 07:07:00
1068,226,4,2026-05-13 06:15:00,2026-05-13 07:04:00
1069,82,2,2026-06-05 07:15:00,2026-06-05 08:24:00
1070,28,1,2026-04-11 07:15:00,2026-04-11 07:37:00
1071,251,1,2026-06-13 06:15:00,2026-06-13 07:32:00
1072,140,5,2026-06-19 07:15:00,2026-06-19 08:06:00
1073,141,5,2026-05-11 06:15:00,2026-05-11 07:16:00
1074,166,4,2026-04-29 10:15:00,2026-04-29 11:00:00
1075,136,4,2026-05-26 09:15:00,2026-05-26 10:43:00
1076,82,5,2026-06-16 07:15:00,2026-06-16 07:43:00
1077,21,3,2026-06-10 06:15:00,2026-06-10 06:36:00
1078,108,3,2026-06-15 10:15:00,2026-06-15 10:52:00
1079,166,5,2026-05-03 10:15:00,2026-05-03 11:23:00
1080,41,4,2026-04-26 09:15:00,2026-04-26 09:58:00
1081,209,2,2026-04-09 06:15:00,2026-04-09 06:57:00
1082,252,3,2026-06-21 09:15:00,2026-06-21 10:04:00
1083,110,4,2026-04-05 07:15:00,2026-04-05 08:25:00
1084,155,2,2026-04-23 10:15:00,2026-04-23 11:45:00
1085,272,2,2026-06-09 09:15:00,2026-06-09 10:31:00
1086,250,1,2026-04-09 07:15:00,2026-04-09 07:39:00
1087,251,5,2026-04-22 08:15:00,2026-04-22 08:34:00
1088,35,3,2026-05-09 07:15:00,2026-05-09 08:21:00
1089,23,2,2026-05-16 09:15:00,2026-05-16 10:23:00
1090,43,1,2026-05-15 09:15:00,2026-05-15 09:48:00
1091,66,3,2026-06-12 10:15:00,2026-06-12 11:25:00
1092,93,1,2026-06-14 10:15:00,2026-06-14 11:30:00
1093,245,4,2026-04-25 06:15:00,2026-04-25 06:38:00
1094,22,1,2026-05-06 08:15:00,2026-05-06 08:52:00
1095,186,3,2026-05-12 10:15:00,2026-05-12 11:29:00
1096,228,5,2026-04-11 09:15:00,2026-04-11 10:20:00
1097,193,1,2026-06-17 08:15:00,2026-06-17 09:17:00
1098,154,3,2026-06-14 07:15:00,2026-06-14 07:43:00
1099,198,4,2026-05-04 10:15:00,2026-05-04 11:01:00
1100,53,4,2026-05-11 09:15:00,2026-05-11 09:45:00
1101,17,1,2026-06-12 06:15:00,2026-06-12 07:33:00
1102,214,5,2026-05-28 10:15:00,2026-05-28 10:54:00
1103,48,4,2026-05-03 08:15:00,2026-05-03 08:39:00
1104,261,3,2026-06-24 07:15:00,2026-06-24 07:46:00
1105,219,1,2026-05-19 10:15:00,2026-05-19 11:37:00
1106,200,2,2026-06-06 09:15:00,2026-06-06 09:40:00
1107,154,4,2026-04-24 07:15:00,2026-04-24 07:49:00
1108,186,2,2026-05-02 07:15:00,2026-05-02 08:10:00
1109,261,4,2026-05-10 09:15:00,2026-05-10 09:41:00
1110,249,2,2026-04-29 10:15:00,2026-04-29 11:07:00
1111,3,5,2026-06-10 07:15:00,2026-06-10 07:54:00
1112,218,2,2026-06-02 06:15:00,2026-06-02 06:35:00
1113,57,5,2026-05-14 06:15:00,2026-05-14 07:28:00
1114,261,1,2026-05-09 09:15:00,2026-05-09 09:56:00
1115,182,5,2026-06-10 06:15:00,2026-06-10 07:02:00
1116,42,4,2026-06-23 08:15:00,2026-06-23 09:30:00
1117,284,4,2026-06-06 07:15:00,2026-06-06 08:04:00
1118,260,4,2026-06-01 09:15:00,2026-06-01 09:49:00
1119,238,4,2026-04-23 09:15:00,2026-04-23 10:21:00
1120,158,1,2026-06-19 10:15:00,2026-06-19 11:09:00
1121,158,5,2026-05-02 10:15:00,2026-05-02 11:18:00
1122,67,4,2026-06-23 06:15:00,2026-06-23 06:58:00
1123,63,2,2026-04-24 08:15:00,2026-04-24 08:47:00
1124,220,4,2026-05-17 08:15:00,2026-05-17 09:13:00
1125,132,2,2026-05-12 10:15:00,2026-05-12 11:09:00
1126,222,1,2026-05-03 06:15:00,2026-05-03 07:17:00
1127,143,5,2026-06-07 06:15:00,2026-06-07 07:31:00
1128,50,3,2026-06-13 06:15:00,2026-06-13 07:30:00
1129,66,2,2026-04-04 09:15:00,2026-04-04 09:46:00
1130,42,1,2026-06-19 07:15:00,2026-06-19 08:32:00
1131,276,2,2026-06-29 06:15:00,2026-06-29 07:22:00
1132,156,3,2026-06-10 07:15:00,2026-06-10 07:51:00
1133,189,5,2026-04-07 10:15:00,2026-04-07 10:52:00
1134,154,1,2026-06-10 06:15:00,2026-06-10 07:30:00
1135,9,3,2026-06-26 07:15:00,2026-06-26 08:14:00
1136,66,3,2026-04-30 09:15:00,2026-04-30 09:33:00
1137,174,5,2026-05-03 10:15:00,2026-05-03 11:05:00
1138,239,2,2026-04-09 08:15:00,2026-04-09 09:19:00
1139,170,3,2026-04-04 10:15:00,2026-04-04 10:55:00
1140,89,4,2026-05-18 10:15:00,2026-05-18 11:36:00
1141,61,2,2026-04-30 08:15:00,2026-04-30 09:18:00
1142,282,2,2026-06-01 07:15:00,2026-06-01 07:36:00
1143,271,2,2026-06-10 09:15:00,2026-06-10 09:51:00
1144,294,5,2026-04-25 07:15:00,2026-04-25 08:09:00
1145,236,1,2026-06-21 07:15:00,2026-06-21 08:09:00
1146,134,5,2026-06-13 07:15:00,2026-06-13 07:40:00
1147,3,1,2026-05-19 08:15:00,2026-05-19 08:31:00
1148,164,1,2026-05-08 07:15:00,2026-05-08 08:28:00
1149,122,1,2026-05-24 09:15:00,2026-05-24 09:36:00
1150,157,1,2026-05-24 09:15:00,2026-05-24 09:50:00
1151,286,2,2026-05-07 09:15:00,2026-05-07 09:41:00
1152,94,3,2026-06-19 09:15:00,2026-06-19 10:29:00
1153,194,2,2026-04-21 06:15:00,2026-04-21 07:17:00
1154,264,1,2026-04-26 08:15:00,2026-04-26 08:32:00
1155,292,5,2026-04-04 08:15:00,2026-04-04 09:22:00
1156,179,1,2026-06-07 08:15:00,2026-06-07 08:58:00
1157,115,3,2026-04-28 06:15:00,2026-04-28 06:57:00
1158,70,5,2026-06-18 06:15:00,2026-06-18 07:40:00
1159,152,1,2026-06-22 09:15:00,2026-06-22 10:12:00
1160,289,3,2026-05-20 07:15:00,2026-05-20 08:25:00
1161,74,3,2026-05-31 10:15:00,2026-05-31 11:32:00
1162,217,4,2026-04-15 10:15:00,2026-04-15 11:35:00
1163,12,1,2026-06-04 06:15:00,2026-06-04 07:22:00
1164,171,1,2026-04-27 06:15:00,2026-04-27 07:36:00
1165,48,2,2026-05-06 07:15:00,2026-05-06 08:39:00
1166,170,3,2026-04-17 06:15:00,2026-04-17 06:58:00
1167,255,2,2026-04-05 09:15:00,2026-04-05 09:56:00
1168,110,2,2026-06-20 10:15:00,2026-06-20 11:10:00
1169,15,5,2026-04-18 09:15:00,2026-04-18 10:16:00
1170,112,5,2026-06-15 07:15:00,2026-06-15 07:54:00
1171,118,3,2026-06-14 10:15:00,2026-06-14 11:34:00
1172,107,3,2026-06-21 06:15:00,2026-06-21 07:41:00
1173,169,5,2026-04-25 10:15:00,2026-04-25 11:12:00
1174,207,1,2026-04-03 07:15:00,2026-04-03 08:24:00
1175,242,1,2026-04-18 07:15:00,2026-04-18 08:25:00
1176,31,2,2026-05-04 08:15:00,2026-05-04 09:19:00
1177,252,1,2026-06-10 09:15:00,2026-06-10 10:18:00
1178,8,4,2026-04-02 06:15:00,2026-04-02 07:10:00
1179,63,2,2026-05-21 08:15:00,2026-05-21 08:49:00
1180,253,1,2026-04-08 07:15:00,2026-04-08 08:12:00
1181,155,4,2026-06-16 09:15:00,2026-06-16 09:55:00
1182,39,2,2026-06-24 07:15:00,2026-06-24 08:40:00
1183,68,1,2026-05-15 10:15:00,2026-05-15 10:57:00
1184,135,4,2026-06-10 07:15:00,2026-06-10 08:01:00
1185,211,4,2026-05-11 07:15:00,2026-05-11 07:58:00
1186,295,5,2026-06-16 07:15:00,2026-06-16 07:43:00
1187,95,3,2026-06-24 08:15:00,2026-06-24 09:39:00
1188,290,2,2026-05-09 09:15:00,2026-05-09 09:43:00
1189,65,2,2026-06-24 07:15:00,2026-06-24 07:58:00
1190,156,2,2026-06-17 10:15:00,2026-06-17 11:29:00
1191,131,5,2026-06-08 10:15:00,2026-06-08 11:18:00
1192,185,2,2026-04-06 10:15:00,2026-04-06 11:30:00
1193,154,4,2026-05-01 10:15:00,2026-05-01 11:06:00
1194,104,4,2026-04-20 07:15:00,2026-04-20 08:18:00
1195,215,4,2026-04-28 10:15:00,2026-04-28 11:13:00
1196,90,1,2026-04-28 10:15:00,2026-04-28 11:18:00
1197,281,4,2026-05-14 09:15:00,2026-05-14 09:35:00
1198,202,5,2026-04-12 06:15:00,2026-04-12 07:18:00
1199,219,1,2026-06-28 07:15:00,2026-06-28 07:56:00
1200,200,3,2026-04-17 10:15:00,2026-04-17 11:39:00
1201,226,4,2026-05-26 08:15:00,2026-05-26 09:24:00
1202,42,1,2026-04-11 07:15:00,2026-04-11 08:45:00
1203,25,2,2026-05-08 08:15:00,2026-05-08 08:55:00
1204,160,4,2026-05-24 08:15:00,2026-05-24 09:39:00
1205,190,1,2026-05-25 09:15:00,2026-05-25 09:42:00
1206,210,4,2026-05-20 10:15:00,2026-05-20 11:40:00
1207,157,5,2026-06-25 10:15:00,2026-06-25 11:06:00
1208,62,1,2026-06-19 10:15:00,2026-06-19 10:52:00
1209,69,2,2026-05-16 08:15:00,2026-05-16 09:00:00
1210,164,5,2026-04-16 09:15:00,2026-04-16 10:13:00
1211,21,3,2026-05-01 08:15:00,2026-05-01 09:00:00
1212,219,5,2026-04-24 06:15:00,2026-04-24 07:37:00
1213,134,1,2026-05-01 10:15:00,2026-05-01 11:16:00
1214,140,1,2026-05-26 10:15:00,2026-05-26 11:23:00
1215,271,2,2026-06-04 10:15:00,2026-06-04 11:42:00
1216,152,4,2026-05-06 08:15:00,2026-05-06 08:40:00
1217,69,1,2026-04-28 09:15:00,2026-04-28 10:34:00
1218,194,5,2026-06-25 06:15:00,2026-06-25 06:42:00
1219,277,1,2026-06-21 10:15:00,2026-06-21 10:51:00
1220,23,4,2026-06-23 08:15:00,2026-06-23 09:42:00
1221,170,2,2026-05-31 08:15:00,2026-05-31 08:40:00
1222,257,3,2026-04-16 09:15:00,2026-04-16 10:03:00
1223,132,4,2026-06-01 07:15:00,2026-06-01 08:28:00
1224,9,4,2026-05-30 10:15:00,2026-05-30 10:48:00
1225,104,3,2026-04-27 10:15:00,2026-04-27 11:42:00
1226,208,1,2026-06-09 06:15:00,2026-06-09 07:04:00
1227,265,4,2026-06-17 09:15:00,2026-06-17 10:37:00
1228,11,5,2026-06-20 08:15:00,2026-06-20 08:48:00
1229,24,5,2026-05-03 09:15:00,2026-05-03 10:43:00
1230,104,2,2026-06-06 09:15:00,2026-06-06 09:49:00
1231,259,2,2026-04-13 09:15:00,2026-04-13 09:33:00
1232,89,1,2026-06-17 08:15:00,2026-06-17 09:43:00
1233,136,2,2026-06-09 07:15:00,2026-06-09 07:43:00
1234,21,2,2026-06-09 06:15:00,2026-06-09 07:25:00
1235,252,4,2026-05-07 10:15:00,2026-05-07 11:05:00
1236,255,2,2026-05-29 06:15:00,2026-05-29 07:18:00
1237,276,3,2026-04-06 08:15:00,2026-04-06 09:19:00
1238,107,4,2026-06-24 10:15:00,2026-06-24 10:58:00
1239,41,1,2026-05-16 08:15:00,2026-05-16 09:03:00
1240,67,4,2026-06-22 06:15:00,2026-06-22 06:39:00
1241,284,1,2026-04-05 06:15:00,2026-04-05 06:54:00
1242,4,4,2026-04-27 08:15:00,2026-04-27 08:39:00
1243,190,5,2026-05-27 09:15:00,2026-05-27 09:41:00
1244,144,4,2026-06-23 08:15:00,2026-06-23 08:39:00
1245,10,1,2026-05-26 10:15:00,2026-05-26 11:20:00
1246,175,2,2026-05-03 08:15:00,2026-05-03 09:16:00
1247,10,1,2026-05-20 10:15:00,2026-05-20 10:49:00
1248,45,1,2026-04-04 06:15:00,2026-04-04 06:42:00
1249,139,4,2026-05-09 07:15:00,2026-05-09 08:06:00
1250,46,2,2026-06-19 06:15:00,2026-06-19 06:49:00
1251,296,5,2026-06-23 06:15:00,2026-06-23 06:45:00
1252,84,3,2026-05-04 09:15:00,2026-05-04 10:07:00
1253,208,3,2026-05-06 07:15:00,2026-05-06 08:27:00
1254,299,5,2026-04-17 06:15:00,2026-04-17 07:39:00
1255,68,3,2026-05-20 06:15:00,2026-05-20 07:44:00
1256,130,2,2026-04-05 08:15:00,2026-04-05 09:27:00
1257,263,5,2026-06-11 08:15:00,2026-06-11 09:29:00
1258,51,2,2026-06-23 07:15:00,2026-06-23 08:09:00
1259,202,3,2026-06-05 06:15:00,2026-06-05 07:30:00
1260,35,2,2026-06-25 10:15:00,2026-06-25 10:40:00
1261,224,5,2026-04-13 07:15:00,2026-04-13 08:03:00
1262,104,1,2026-06-06 09:15:00,2026-06-06 10:40:00
1263,214,3,2026-05-28 10:15:00,2026-05-28 11:42:00
1264,279,2,2026-06-02 10:15:00,2026-06-02 11:15:00
1265,281,3,2026-05-31 08:15:00,2026-05-31 08:43:00
1266,298,1,2026-04-21 09:15:00,2026-04-21 09:39:00
1267,169,3,2026-05-19 10:15:00,2026-05-19 10:52:00
1268,213,5,2026-04-21 06:15:00,2026-04-21 06:32:00
1269,3,3,2026-06-15 06:15:00,2026-06-15 06:47:00
1270,195,5,2026-04-02 06:15:00,2026-04-02 07:44:00
1271,299,1,2026-04-22 06:15:00,2026-04-22 06:45:00
1272,242,4,2026-06-18 08:15:00,2026-06-18 09:28:00
1273,293,1,2026-06-02 08:15:00,2026-06-02 08:52:00
1274,288,2,2026-04-23 07:15:00,2026-04-23 08:15:00
1275,204,2,2026-05-18 10:15:00,2026-05-18 11:08:00
1276,255,3,2026-04-16 07:15:00,2026-04-16 08:36:00
1277,38,1,2026-06-17 10:15:00,2026-06-17 11:44:00
1278,261,4,2026-04-12 10:15:00,2026-04-12 10:51:00
1279,23,4,2026-05-14 07:15:00,2026-05-14 07:30:00
1280,287,4,2026-05-09 08:15:00,2026-05-09 08:40:00
1281,108,2,2026-06-24 06:15:00,2026-06-24 06:57:00
1282,126,3,2026-06-09 06:15:00,2026-06-09 07:15:00
1283,115,2,2026-06-06 07:15:00,2026-06-06 08:01:00
1284,93,1,2026-05-14 10:15:00,2026-05-14 10:53:00
1285,165,5,2026-06-15 08:15:00,2026-06-15 08:30:00
1286,264,1,2026-04-03 09:15:00,2026-04-03 10:28:00
1287,213,1,2026-04-23 07:15:00,2026-04-23 08:19:00
1288,178,5,2026-05-02 09:15:00,2026-05-02 10:39:00
1289,39,1,2026-06-12 10:15:00,2026-06-12 10:51:00
1290,131,4,2026-05-10 09:15:00,2026-05-10 10:34:00
1291,155,3,2026-06-16 06:15:00,2026-06-16 07:10:00
1292,218,5,2026-05-07 07:15:00,2026-05-07 08:45:00
1293,130,5,2026-05-02 08:15:00,2026-05-02 09:36:00
1294,123,1,2026-06-12 06:15:00,2026-06-12 07:15:00
1295,38,5,2026-06-29 10:15:00,2026-06-29 11:15:00
1296,169,2,2026-04-29 10:15:00,2026-04-29 10:53:00
1297,225,3,2026-05-31 09:15:00,2026-05-31 09:58:00
1298,101,1,2026-05-25 06:15:00,2026-05-25 07:16:00
1299,104,4,2026-05-14 09:15:00,2026-05-14 10:16:00
1300,103,4,2026-06-11 06:15:00,2026-06-11 07:36:00
1301,179,1,2026-04-29 10:15:00,2026-04-29 11:14:00
1302,17,5,2026-05-25 09:15:00,2026-05-25 09:42:00
1303,228,2,2026-04-11 06:15:00,2026-04-11 07:33:00
1304,6,5,2026-06-15 07:15:00,2026-06-15 08:39:00
1305,104,2,2026-06-22 09:15:00,2026-06-22 09:33:00
1306,207,3,2026-04-08 10:15:00,2026-04-08 11:12:00
1307,228,3,2026-04-13 09:15:00,2026-04-13 10:04:00
1308,38,5,2026-05-17 10:15:00,2026-05-17 10:48:00
1309,43,4,2026-05-16 06:15:00,2026-05-16 07:13:00
1310,65,5,2026-06-14 06:15:00,2026-06-14 06:36:00
1311,141,2,2026-05-08 07:15:00,2026-05-08 07:58:00
1312,199,5,2026-04-14 06:15:00,2026-04-14 07:25:00
1313,182,1,2026-06-26 06:15:00,2026-06-26 06:40:00
1314,197,2,2026-06-20 09:15:00,2026-06-20 10:18:00
1315,218,1,2026-04-28 08:15:00,2026-04-28 08:54:00
1316,153,4,2026-05-01 09:15:00,2026-05-01 10:04:00
1317,151,3,2026-04-08 10:15:00,2026-04-08 10:44:00
1318,6,3,2026-04-24 10:15:00,2026-04-24 10:32:00
1319,120,5,2026-05-12 10:15:00,2026-05-12 11:27:00
1320,4,2,2026-05-08 09:15:00,2026-05-08 10:33:00
1321,229,1,2026-06-21 08:15:00,2026-06-21 08:51:00
1322,91,5,2026-06-08 06:15:00,2026-06-08 07:09:00
1323,201,4,2026-06-21 10:15:00,2026-06-21 11:31:00
1324,35,5,2026-04-20 08:15:00,2026-04-20 09:30:00
1325,8,1,2026-06-20 08:15:00,2026-06-20 09:19:00
1326,270,4,2026-05-21 06:15:00,2026-05-21 06:49:00
1327,30,1,2026-06-17 08:15:00,2026-06-17 09:01:00
1328,138,5,2026-04-08 08:15:00,2026-04-08 09:45:00
1329,183,2,2026-06-04 07:15:00,2026-06-04 08:24:00
1330,171,2,2026-04-03 09:15:00,2026-04-03 10:19:00
1331,291,5,2026-06-16 09:15:00,2026-06-16 10:10:00
1332,99,4,2026-05-15 06:15:00,2026-05-15 06:43:00
1333,68,1,2026-05-01 06:15:00,2026-05-01 07:28:00
1334,64,5,2026-06-24 06:15:00,2026-06-24 07:36:00
1335,291,2,2026-06-22 09:15:00,2026-06-22 09:59:00
1336,199,3,2026-06-12 08:15:00,2026-06-12 09:35:00
1337,179,3,2026-05-23 09:15:00,2026-05-23 09:31:00
1338,41,4,2026-06-05 07:15:00,2026-06-05 08:12:00
1339,150,2,2026-04-03 09:15:00,2026-04-03 09:51:00
1340,125,2,2026-04-19 08:15:00,2026-04-19 08:36:00
1341,88,4,2026-05-17 07:15:00,2026-05-17 08:36:00
1342,36,4,2026-06-06 09:15:00,2026-06-06 09:43:00
1343,20,3,2026-05-08 07:15:00,2026-05-08 08:39:00
1344,278,3,2026-06-05 08:15:00,2026-06-05 09:21:00
1345,22,2,2026-06-21 07:15:00,2026-06-21 07:30:00
1346,99,4,2026-05-15 08:15:00,2026-05-15 09:17:00
1347,286,5,2026-06-08 08:15:00,2026-06-08 09:26:00
1348,30,4,2026-06-15 09:15:00,2026-06-15 10:42:00
1349,148,5,2026-05-31 09:15:00,2026-05-31 10:16:00
1350,300,3,2026-05-23 07:15:00,2026-05-23 07:30:00
1351,176,1,2026-06-05 06:15:00,2026-06-05 07:21:00
1352,257,5,2026-04-03 09:15:00,2026-04-03 09:36:00
1353,173,2,2026-06-13 08:15:00,2026-06-13 09:24:00
1354,34,1,2026-05-02 07:15:00,2026-05-02 08:34:00
1355,237,1,2026-06-06 07:15:00,2026-06-06 07:38:00
1356,221,2,2026-06-04 08:15:00,2026-06-04 09:01:00
1357,20,3,2026-05-08 07:15:00,2026-05-08 08:25:00
1358,290,1,2026-05-23 07:15:00,2026-05-23 07:44:00
1359,142,1,2026-05-01 09:15:00,2026-05-01 10:25:00
1360,40,4,2026-04-06 06:15:00,2026-04-06 06:30:00
1361,217,5,2026-06-10 09:15:00,2026-06-10 10:41:00
1362,103,1,2026-04-05 07:15:00,2026-04-05 07:42:00
1363,142,3,2026-04-13 06:15:00,2026-04-13 06:57:00
1364,150,4,2026-04-10 07:15:00,2026-04-10 08:36:00
1365,283,1,2026-05-05 06:15:00,2026-05-05 06:47:00
1366,258,4,2026-06-22 10:15:00,2026-06-22 10:39:00
1367,183,1,2026-04-11 08:15:00,2026-04-11 09:36:00
1368,6,1,2026-04-28 10:15:00,2026-04-28 11:34:00
1369,234,2,2026-05-09 07:15:00,2026-05-09 07:44:00
1370,262,2,2026-06-14 06:15:00,2026-06-14 07:15:00
1371,49,5,2026-05-08 08:15:00,2026-05-08 08:40:00
1372,183,1,2026-04-01 10:15:00,2026-04-01 11:12:00
1373,8,5,2026-04-20 08:15:00,2026-04-20 09:25:00
1374,236,1,2026-05-08 10:15:00,2026-05-08 10:36:00
1375,54,2,2026-04-11 10:15:00,2026-04-11 10:40:00
1376,272,4,2026-05-04 09:15:00,2026-05-04 10:42:00
1377,19,2,2026-04-29 10:15:00,2026-04-29 11:31:00
1378,260,1,2026-04-26 06:15:00,2026-04-26 07:15:00
1379,82,5,2026-06-28 07:15:00,2026-06-28 08:32:00
1380,264,5,2026-06-06 07:15:00,2026-06-06 07:46:00
1381,217,3,2026-04-19 08:15:00,2026-04-19 08:37:00
1382,237,4,2026-04-10 07:15:00,2026-04-10 08:31:00
1383,76,4,2026-06-14 07:15:00,2026-06-14 08:08:00
1384,182,3,2026-06-28 09:15:00,2026-06-28 10:22:00
1385,112,4,2026-04-18 06:15:00,2026-04-18 07:40:00
1386,61,3,2026-04-06 07:15:00,2026-04-06 07:45:00
1387,66,4,2026-06-21 07:15:00,2026-06-21 08:16:00
1388,17,2,2026-06-09 09:15:00,2026-06-09 10:28:00
1389,273,3,2026-05-27 06:15:00,2026-05-27 07:30:00
1390,45,5,2026-06-08 07:15:00,2026-06-08 08:04:00
1391,69,3,2026-06-15 07:15:00,2026-06-15 08:38:00
1392,99,2,2026-06-12 06:15:00,2026-06-12 07:12:00
1393,11,4,2026-05-27 06:15:00,2026-05-27 06:49:00
1394,182,1,2026-04-09 07:15:00,2026-04-09 08:00:00
1395,193,4,2026-06-25 07:15:00,2026-06-25 07:52:00
1396,13,1,2026-06-05 07:15:00,2026-06-05 08:37:00
1397,181,4,2026-05-08 10:15:00,2026-05-08 11:06:00
1398,253,3,2026-05-06 08:15:00,2026-05-06 09:29:00
1399,62,1,2026-04-22 07:15:00,2026-04-22 07:47:00
1400,266,2,2026-04-17 08:15:00,2026-04-17 09:40:00
1401,19,2,2026-04-30 06:15:00,2026-04-30 07:37:00
1402,188,3,2026-04-10 07:15:00,2026-04-10 08:40:00
1403,63,4,2026-06-09 08:15:00,2026-06-09 08:36:00
1404,120,1,2026-05-29 07:15:00,2026-05-29 08:02:00
1405,233,1,2026-04-09 08:15:00,2026-04-09 09:40:00
1406,101,2,2026-04-29 06:15:00,2026-04-29 06:54:00
1407,299,2,2026-05-31 08:15:00,2026-05-31 09:14:00
1408,78,3,2026-06-28 10:15:00,2026-06-28 11:04:00
1409,109,4,2026-06-16 08:15:00,2026-06-16 09:34:00
1410,197,3,2026-06-12 08:15:00,2026-06-12 08:43:00
1411,276,4,2026-05-02 07:15:00,2026-05-02 07:57:00
1412,210,2,2026-06-01 07:15:00,2026-06-01 08:39:00
1413,21,4,2026-05-14 06:15:00,2026-05-14 06:42:00
1414,279,1,2026-06-11 09:15:00,2026-06-11 10:00:00
1415,179,4,2026-04-16 06:15:00,2026-04-16 06:45:00
1416,222,5,2026-05-19 10:15:00,2026-05-19 11:04:00
1417,14,5,2026-06-25 07:15:00,2026-06-25 07:48:00
1418,179,5,2026-05-27 07:15:00,2026-05-27 08:10:00
1419,235,2,2026-05-27 10:15:00,2026-05-27 11:08:00
1420,242,2,2026-06-25 09:15:00,2026-06-25 10:11:00
1421,254,2,2026-05-08 07:15:00,2026-05-08 07:43:00
1422,244,3,2026-04-19 07:15:00,2026-04-19 08:01:00
1423,109,4,2026-06-24 10:15:00,2026-06-24 10:39:00
1424,62,4,2026-05-30 09:15:00,2026-05-30 09:59:00
1425,205,3,2026-06-16 10:15:00,2026-06-16 11:11:00
1426,242,3,2026-05-18 07:15:00,2026-05-18 07:52:00
1427,219,5,2026-06-11 07:15:00,2026-06-11 08:17:00
1428,139,2,2026-06-16 07:15:00,2026-06-16 07:36:00
1429,216,3,2026-06-27 10:15:00,2026-06-27 11:00:00
1430,7,4,2026-06-07 08:15:00,2026-06-07 08:46:00
1431,36,1,2026-05-30 07:15:00,2026-05-30 07:45:00
1432,22,5,2026-05-20 09:15:00,2026-05-20 10:04:00
1433,141,3,2026-04-29 06:15:00,2026-04-29 07:25:00
1434,286,2,2026-05-24 10:15:00,2026-05-24 11:00:00
1435,235,3,2026-04-11 07:15:00,2026-04-11 07:35:00
1436,158,2,2026-06-03 10:15:00,2026-06-03 11:00:00
1437,159,5,2026-06-08 07:15:00,2026-06-08 08:40:00
1438,61,4,2026-04-22 08:15:00,2026-04-22 09:07:00
1439,187,4,2026-05-06 09:15:00,2026-05-06 09:37:00
1440,157,3,2026-04-29 08:15:00,2026-04-29 09:29:00
1441,132,4,2026-05-04 10:15:00,2026-05-04 11:01:00
1442,157,1,2026-04-28 09:15:00,2026-04-28 10:15:00
1443,144,3,2026-05-04 10:15:00,2026-05-04 11:10:00
1444,288,5,2026-05-07 07:15:00,2026-05-07 08:24:00
1445,143,4,2026-04-24 09:15:00,2026-04-24 10:40:00
1446,232,2,2026-05-31 09:15:00,2026-05-31 10:03:00
1447,227,3,2026-05-08 07:15:00,2026-05-08 07:42:00
1448,270,1,2026-05-22 10:15:00,2026-05-22 10:39:00
1449,29,4,2026-05-13 07:15:00,2026-05-13 07:55:00
1450,222,4,2026-06-05 10:15:00,2026-06-05 11:39:00
1451,79,5,2026-05-08 08:15:00,2026-05-08 09:18:00
1452,81,2,2026-04-21 09:15:00,2026-04-21 10:38:00
1453,266,4,2026-06-25 07:15:00,2026-06-25 07:57:00
1454,142,5,2026-05-03 06:15:00,2026-05-03 07:12:00
1455,68,5,2026-06-23 10:15:00,2026-06-23 10:34:00
1456,281,5,2026-04-27 10:15:00,2026-04-27 10:52:00
1457,115,5,2026-06-27 10:15:00,2026-06-27 10:30:00
1458,256,1,2026-05-09 07:15:00,2026-05-09 07:52:00
1459,174,3,2026-05-28 06:15:00,2026-05-28 07:00:00
1460,118,3,2026-06-20 06:15:00,2026-06-20 07:40:00
1461,281,4,2026-04-10 10:15:00,2026-04-10 10:56:00
1462,209,5,2026-05-09 08:15:00,2026-05-09 09:30:00
1463,25,5,2026-04-06 06:15:00,2026-04-06 06:36:00
1464,248,3,2026-06-13 10:15:00,2026-06-13 11:11:00
1465,98,3,2026-05-18 08:15:00,2026-05-18 08:48:00
1466,144,1,2026-06-11 07:15:00,2026-06-11 07:57:00
1467,180,2,2026-05-22 07:15:00,2026-05-22 08:24:00
1468,130,3,2026-06-20 08:15:00,2026-06-20 09:42:00
1469,80,1,2026-04-28 09:15:00,2026-04-28 09:30:00
1470,22,5,2026-04-21 08:15:00,2026-04-21 09:39:00
1471,6,5,2026-06-10 08:15:00,2026-06-10 08:34:00
1472,109,5,2026-06-01 07:15:00,2026-06-01 07:42:00
1473,85,2,2026-05-26 08:15:00,2026-05-26 08:43:00
1474,266,4,2026-05-24 09:15:00,2026-05-24 09:38:00
1475,158,5,2026-05-31 06:15:00,2026-05-31 06:33:00
1476,87,2,2026-04-08 10:15:00,2026-04-08 10:39:00
1477,255,4,2026-05-21 06:15:00,2026-05-21 06:47:00
1478,179,4,2026-04-02 09:15:00,2026-04-02 09:48:00
1479,100,4,2026-06-15 09:15:00,2026-06-15 09:49:00
1480,140,4,2026-04-14 06:15:00,2026-04-14 06:50:00
1481,277,3,2026-05-16 07:15:00,2026-05-16 08:27:00
1482,149,5,2026-04-05 10:15:00,2026-04-05 10:33:00
1483,61,1,2026-04-28 10:15:00,2026-04-28 11:29:00
1484,214,3,2026-06-24 10:15:00,2026-06-24 11:00:00
1485,254,2,2026-04-20 09:15:00,2026-04-20 10:12:00
1486,177,1,2026-06-11 09:15:00,2026-06-11 10:19:00
1487,111,1,2026-06-20 06:15:00,2026-06-20 06:44:00
1488,165,2,2026-05-04 06:15:00,2026-05-04 07:11:00
1489,103,3,2026-04-14 09:15:00,2026-04-14 10:27:00
1490,252,2,2026-04-29 09:15:00,2026-04-29 10:06:00
1491,98,3,2026-05-30 07:15:00,2026-05-30 08:43:00
1492,273,5,2026-04-22 09:15:00,2026-04-22 10:33:00
1493,259,2,2026-04-09 07:15:00,2026-04-09 07:51:00
1494,31,5,2026-06-09 07:15:00,2026-06-09 08:06:00
1495,79,1,2026-06-13 09:15:00,2026-06-13 10:43:00
1496,144,4,2026-05-08 08:15:00,2026-05-08 09:31:00
1497,155,1,2026-04-11 07:15:00,2026-04-11 07:49:00
1498,235,4,2026-06-29 10:15:00,2026-06-29 10:45:00
1499,190,1,2026-04-15 07:15:00,2026-04-15 07:57:00
1500,281,3,2026-05-14 06:15:00,2026-05-14 07:06:00
1501,256,2,2026-05-31 07:15:00,2026-05-31 07:38:00
1502,270,5,2026-05-18 07:15:00,2026-05-18 07:59:00
1503,287,5,2026-05-23 09:15:00,2026-05-23 09:58:00
1504,8,1,2026-06-11 07:15:00,2026-06-11 08:24:00
1505,260,5,2026-04-07 06:15:00,2026-04-07 07:03:00
1506,17,2,2026-06-15 06:15:00,2026-06-15 07:00:00
1507,211,1,2026-05-30 07:15:00,2026-05-30 08:13:00
1508,20,3,2026-05-26 07:15:00,2026-05-26 07:39:00
1509,114,2,2026-05-23 06:15:00,2026-05-23 07:41:00
1510,44,3,2026-04-24 10:15:00,2026-04-24 11:33:00
1511,96,2,2026-06-03 09:15:00,2026-06-03 10:18:00
1512,65,4,2026-06-26 07:15:00,2026-06-26 08:22:00
1513,75,1,2026-06-11 09:15:00,2026-06-11 10:03:00
1514,202,2,2026-06-10 10:15:00,2026-06-10 10:52:00
1515,55,3,2026-04-06 09:15:00,2026-04-06 10:42:00
1516,108,4,2026-06-06 08:15:00,2026-06-06 09:11:00
1517,119,5,2026-04-07 07:15:00,2026-04-07 07:55:00
1518,256,2,2026-04-28 09:15:00,2026-04-28 10:00:00
1519,289,2,2026-04-13 09:15:00,2026-04-13 09:48:00
1520,281,2,2026-05-05 09:15:00,2026-05-05 09:38:00
1521,229,4,2026-05-20 09:15:00,2026-05-20 09:48:00
1522,226,3,2026-04-14 06:15:00,2026-04-14 07:22:00
1523,140,1,2026-04-12 08:15:00,2026-04-12 08:49:00
1524,164,5,2026-04-30 07:15:00,2026-04-30 08:34:00
1525,176,2,2026-06-14 07:15:00,2026-06-14 08:12:00
1526,14,4,2026-05-10 10:15:00,2026-05-10 10:30:00
1527,226,3,2026-06-02 07:15:00,2026-06-02 08:09:00
1528,226,3,2026-04-05 09:15:00,2026-04-05 09:37:00
1529,91,3,2026-04-03 10:15:00,2026-04-03 11:38:00
1530,226,3,2026-04-03 06:15:00,2026-04-03 07:11:00
1531,255,4,2026-04-29 10:15:00,2026-04-29 10:42:00
1532,6,5,2026-05-22 06:15:00,2026-05-22 06:49:00
1533,45,1,2026-04-24 08:15:00,2026-04-24 09:44:00
1534,251,3,2026-06-11 08:15:00,2026-06-11 09:25:00
1535,99,4,2026-05-28 08:15:00,2026-05-28 09:07:00
1536,19,4,2026-04-22 07:15:00,2026-04-22 08:06:00
1537,5,1,2026-04-10 10:15:00,2026-04-10 11:34:00
1538,196,4,2026-04-15 09:15:00,2026-04-15 10:03:00
1539,240,4,2026-04-19 10:15:00,2026-04-19 10:51:00
1540,224,4,2026-05-14 08:15:00,2026-05-14 09:33:00
1541,221,2,2026-05-30 10:15:00,2026-05-30 11:10:00
1542,202,2,2026-05-20 10:15:00,2026-05-20 10:55:00
1543,143,3,2026-06-15 06:15:00,2026-06-15 07:37:00
1544,37,4,2026-05-28 07:15:00,2026-05-28 08:37:00
1545,105,5,2026-05-07 10:15:00,2026-05-07 11:06:00
1546,144,1,2026-04-03 10:15:00,2026-04-03 11:16:00
1547,276,5,2026-04-25 06:15:00,2026-04-25 06:39:00
1548,222,3,2026-05-30 10:15:00,2026-05-30 11:42:00
1549,98,3,2026-04-08 07:15:00,2026-04-08 08:33:00
1550,245,5,2026-05-21 07:15:00,2026-05-21 07:33:00
1551,69,5,2026-06-03 08:15:00,2026-06-03 09:43:00
1552,252,1,2026-04-23 10:15:00,2026-04-23 10:58:00
1553,109,1,2026-05-04 09:15:00,2026-05-04 09:41:00
1554,220,4,2026-05-12 09:15:00,2026-05-12 10:26:00
1555,205,1,2026-06-20 06:15:00,2026-06-20 07:33:00
1556,11,2,2026-04-01 09:15:00,2026-04-01 10:15:00
1557,178,2,2026-05-05 09:15:00,2026-05-05 10:15:00
1558,3,3,2026-05-05 08:15:00,2026-05-05 08:55:00
1559,283,2,2026-06-09 09:15:00,2026-06-09 10:23:00
1560,293,2,2026-04-03 08:15:00,2026-04-03 09:37:00
1561,4,4,2026-05-19 09:15:00,2026-05-19 10:00:00
1562,22,2,2026-04-04 10:15:00,2026-04-04 11:08:00
1563,167,5,2026-04-07 07:15:00,2026-04-07 08:09:00
1564,5,4,2026-06-09 10:15:00,2026-06-09 11:12:00
1565,299,4,2026-04-08 08:15:00,2026-04-08 08:39:00
1566,86,5,2026-05-20 07:15:00,2026-05-20 07:40:00
1567,10,2,2026-06-23 08:15:00,2026-06-23 09:06:00
1568,197,3,2026-06-01 10:15:00,2026-06-01 10:46:00
1569,77,3,2026-06-07 06:15:00,2026-06-07 06:51:00
1570,275,4,2026-06-12 08:15:00,2026-06-12 09:12:00
1571,26,3,2026-05-25 09:15:00,2026-05-25 10:35:00
1572,3,2,2026-05-26 06:15:00,2026-05-26 07:19:00
1573,152,1,2026-04-08 06:15:00,2026-04-08 06:31:00
1574,205,4,2026-05-16 10:15:00,2026-05-16 11:41:00
1575,284,2,2026-05-13 08:15:00,2026-05-13 08:36:00
1576,19,3,2026-06-11 10:15:00,2026-06-11 11:34:00
1577,119,5,2026-04-11 10:15:00,2026-04-11 10:53:00
1578,85,4,2026-05-21 09:15:00,2026-05-21 10:38:00
1579,260,5,2026-05-06 08:15:00,2026-05-06 08:43:00
1580,298,2,2026-04-14 07:15:00,2026-04-14 08:15:00
1581,112,3,2026-06-22 09:15:00,2026-06-22 10:19:00
1582,150,4,2026-04-12 08:15:00,2026-04-12 08:46:00
1583,255,1,2026-06-16 08:15:00,2026-06-16 08:43:00
1584,31,2,2026-05-18 07:15:00,2026-05-18 07:53:00
1585,132,5,2026-05-26 10:15:00,2026-05-26 11:06:00
1586,62,2,2026-04-09 08:15:00,2026-04-09 09:01:00
1587,209,1,2026-05-09 07:15:00,2026-05-09 08:37:00
1588,24,4,2026-04-20 08:15:00,2026-04-20 09:30:00
1589,85,5,2026-04-29 09:15:00,2026-04-29 10:44:00
1590,107,5,2026-06-11 09:15:00,2026-06-11 10:31:00
1591,274,1,2026-05-06 08:15:00,2026-05-06 09:21:00
1592,37,4,2026-06-20 06:15:00,2026-06-20 06:36:00
1593,272,3,2026-05-23 10:15:00,2026-05-23 11:44:00
1594,271,2,2026-05-12 10:15:00,2026-05-12 11:15:00
1595,266,1,2026-06-29 09:15:00,2026-06-29 10:01:00
1596,170,5,2026-06-16 08:15:00,2026-06-16 09:00:00
1597,194,5,2026-04-15 08:15:00,2026-04-15 09:03:00
1598,81,4,2026-05-29 10:15:00,2026-05-29 10:33:00
1599,203,1,2026-05-07 09:15:00,2026-05-07 09:33:00
1600,218,4,2026-05-23 06:15:00,2026-05-23 07:18:00
1601,259,2,2026-04-20 09:15:00,2026-04-20 10:30:00
1602,13,3,2026-05-03 06:15:00,2026-05-03 07:21:00
1603,197,2,2026-06-20 10:15:00,2026-06-20 10:39:00
1604,59,5,2026-04-03 10:15:00,2026-04-03 10:49:00
1605,68,2,2026-05-26 06:15:00,2026-05-26 06:32:00
1606,37,1,2026-05-11 06:15:00,2026-05-11 07:08:00
1607,80,3,2026-06-18 06:15:00,2026-06-18 06:45:00
1608,15,1,2026-04-17 09:15:00,2026-04-17 10:43:00
1609,290,1,2026-06-17 07:15:00,2026-06-17 08:27:00
1610,188,5,2026-04-27 07:15:00,2026-04-27 07:31:00
1611,204,1,2026-06-15 06:15:00,2026-06-15 06:35:00
1612,88,3,2026-05-26 10:15:00,2026-05-26 11:22:00
1613,240,4,2026-05-23 10:15:00,2026-05-23 10:31:00
1614,88,5,2026-05-29 10:15:00,2026-05-29 11:36:00
1615,30,3,2026-05-14 06:15:00,2026-05-14 06:45:00
1616,207,2,2026-05-20 08:15:00,2026-05-20 08:49:00
1617,142,5,2026-06-01 08:15:00,2026-06-01 08:54:00
1618,53,4,2026-06-12 10:15:00,2026-06-12 11:04:00
1619,166,2,2026-04-12 08:15:00,2026-04-12 09:36:00
1620,24,4,2026-05-23 09:15:00,2026-05-23 09:52:00
1621,56,4,2026-04-26 10:15:00,2026-04-26 11:07:00
1622,7,4,2026-04-10 07:15:00,2026-04-10 08:39:00
1623,46,3,2026-06-17 08:15:00,2026-06-17 08:59:00
1624,204,2,2026-06-05 08:15:00,2026-06-05 08:48:00
1625,182,5,2026-06-24 07:15:00,2026-06-24 08:28:00
1626,226,5,2026-05-31 07:15:00,2026-05-31 07:44:00
1627,232,2,2026-05-21 06:15:00,2026-05-21 06:46:00
1628,2,5,2026-04-14 10:15:00,2026-04-14 10:39:00
1629,264,1,2026-06-09 10:15:00,2026-06-09 10:38:00
1630,202,5,2026-05-02 07:15:00,2026-05-02 07:50:00
1631,56,1,2026-06-03 09:15:00,2026-06-03 10:32:00
1632,186,1,2026-04-22 08:15:00,2026-04-22 09:21:00
1633,218,4,2026-06-09 06:15:00,2026-06-09 06:51:00
1634,299,1,2026-04-18 10:15:00,2026-04-18 10:41:00
1635,264,3,2026-05-18 08:15:00,2026-05-18 09:25:00
1636,261,5,2026-05-30 10:15:00,2026-05-30 10:55:00
1637,200,1,2026-05-19 09:15:00,2026-05-19 10:25:00
1638,79,4,2026-04-16 08:15:00,2026-04-16 08:43:00
1639,83,2,2026-06-02 10:15:00,2026-06-02 11:34:00
1640,140,5,2026-05-14 06:15:00,2026-05-14 06:55:00
1641,257,1,2026-05-20 09:15:00,2026-05-20 10:11:00
1642,9,3,2026-05-23 08:15:00,2026-05-23 08:46:00
1643,98,2,2026-04-27 06:15:00,2026-04-27 07:21:00
1644,208,1,2026-06-17 06:15:00,2026-06-17 07:44:00
1645,16,1,2026-04-18 08:15:00,2026-04-18 08:42:00
1646,214,3,2026-04-25 08:15:00,2026-04-25 08:48:00
1647,45,4,2026-04-13 06:15:00,2026-04-13 07:09:00
1648,2,1,2026-05-05 07:15:00,2026-05-05 08:21:00
1649,93,5,2026-04-28 09:15:00,2026-04-28 09:44:00
1650,92,3,2026-06-03 10:15:00,2026-06-03 11:06:00
1651,235,4,2026-05-21 08:15:00,2026-05-21 08:54:00
1652,43,1,2026-04-18 09:15:00,2026-04-18 10:07:00
1653,287,1,2026-04-29 09:15:00,2026-04-29 10:07:00
1654,225,4,2026-05-24 09:15:00,2026-05-24 10:25:00
1655,167,5,2026-05-08 10:15:00,2026-05-08 11:11:00
1656,194,1,2026-06-16 07:15:00,2026-06-16 08:21:00
1657,78,4,2026-05-26 09:15:00,2026-05-26 10:45:00
1658,198,4,2026-06-23 09:15:00,2026-06-23 09:49:00
1659,68,1,2026-04-04 10:15:00,2026-04-04 10:37:00
1660,82,3,2026-05-22 07:15:00,2026-05-22 08:19:00
1661,180,5,2026-05-24 07:15:00,2026-05-24 08:09:00
1662,157,3,2026-06-24 10:15:00,2026-06-24 10:41:00
1663,214,2,2026-06-26 07:15:00,2026-06-26 07:39:00
1664,110,4,2026-06-08 08:15:00,2026-06-08 08:43:00
1665,295,4,2026-05-28 09:15:00,2026-05-28 09:39:00
1666,49,4,2026-06-07 08:15:00,2026-06-07 09:15:00
1667,61,5,2026-04-14 10:15:00,2026-04-14 10:44:00
1668,81,3,2026-04-16 06:15:00,2026-04-16 06:46:00
1669,108,4,2026-05-01 06:15:00,2026-05-01 07:00:00
1670,81,3,2026-05-11 10:15:00,2026-05-11 11:16:00
1671,179,3,2026-06-03 09:15:00,2026-06-03 09:46:00
1672,112,5,2026-06-20 07:15:00,2026-06-20 08:39:00
1673,34,3,2026-04-15 07:15:00,2026-04-15 07:51:00
1674,165,5,2026-05-07 08:15:00,2026-05-07 09:19:00
1675,95,4,2026-06-12 07:15:00,2026-06-12 08:04:00
1676,9,2,2026-04-05 07:15:00,2026-04-05 07:33:00
1677,249,3,2026-06-28 10:15:00,2026-06-28 10:55:00
1678,144,4,2026-04-09 08:15:00,2026-04-09 09:43:00
1679,193,5,2026-04-16 08:15:00,2026-04-16 09:26:00
1680,104,2,2026-06-02 09:15:00,2026-06-02 10:30:00
1681,155,5,2026-06-08 09:15:00,2026-06-08 09:53:00
1682,59,2,2026-04-20 06:15:00,2026-04-20 07:07:00
1683,95,4,2026-05-10 09:15:00,2026-05-10 09:37:00
1684,232,3,2026-05-11 08:15:00,2026-05-11 09:13:00
1685,231,5,2026-04-03 10:15:00,2026-04-03 11:19:00
1686,81,4,2026-04-22 08:15:00,2026-04-22 09:31:00
1687,93,5,2026-04-25 06:15:00,2026-04-25 07:06:00
1688,103,5,2026-05-14 09:15:00,2026-05-14 09:52:00
1689,192,5,2026-05-29 07:15:00,2026-05-29 08:22:00
1690,100,5,2026-05-19 07:15:00,2026-05-19 07:39:00
1691,44,4,2026-04-24 06:15:00,2026-04-24 06:53:00
1692,97,5,2026-05-07 08:15:00,2026-05-07 09:32:00
1693,237,2,2026-05-30 07:15:00,2026-05-30 07:34:00
1694,257,5,2026-06-03 09:15:00,2026-06-03 09:59:00
1695,200,1,2026-04-24 07:15:00,2026-04-24 08:03:00
1696,280,1,2026-05-06 10:15:00,2026-05-06 10:43:00
1697,104,4,2026-05-02 09:15:00,2026-05-02 09:31:00
1698,239,5,2026-04-01 06:15:00,2026-04-01 07:08:00
1699,296,1,2026-06-03 06:15:00,2026-06-03 07:19:00
1700,11,1,2026-06-16 10:15:00,2026-06-16 10:31:00
1701,174,5,2026-05-05 07:15:00,2026-05-05 08:00:00
1702,298,1,2026-06-06 09:15:00,2026-06-06 10:05:00
1703,113,1,2026-06-08 10:15:00,2026-06-08 10:52:00
1704,10,3,2026-06-07 06:15:00,2026-06-07 07:36:00
1705,116,2,2026-06-22 06:15:00,2026-06-22 06:47:00
1706,99,2,2026-04-16 08:15:00,2026-04-16 09:09:00
1707,89,3,2026-04-02 08:15:00,2026-04-02 08:39:00
1708,194,4,2026-04-01 09:15:00,2026-04-01 09:45:00
1709,178,1,2026-05-10 06:15:00,2026-05-10 07:19:00
1710,9,2,2026-05-11 10:15:00,2026-05-11 10:49:00
1711,17,3,2026-05-04 10:15:00,2026-05-04 10:58:00
1712,286,3,2026-04-26 08:15:00,2026-04-26 09:22:00
1713,96,3,2026-06-28 08:15:00,2026-06-28 09:26:00
1714,5,4,2026-04-26 08:15:00,2026-04-26 08:35:00
1715,275,3,2026-05-12 06:15:00,2026-05-12 07:37:00
1716,169,5,2026-06-08 10:15:00,2026-06-08 10:42:00
1717,6,5,2026-04-23 06:15:00,2026-04-23 07:12:00
1718,270,1,2026-06-05 08:15:00,2026-06-05 09:40:00
1719,120,2,2026-05-15 10:15:00,2026-05-15 10:37:00
1720,70,5,2026-05-12 08:15:00,2026-05-12 09:09:00
1721,295,5,2026-04-01 06:15:00,2026-04-01 06:37:00
1722,229,2,2026-05-24 10:15:00,2026-05-24 11:40:00
1723,245,1,2026-05-13 09:15:00,2026-05-13 09:41:00
1724,183,1,2026-06-23 06:15:00,2026-06-23 07:16:00
1725,71,5,2026-05-13 07:15:00,2026-05-13 07:54:00
1726,56,5,2026-04-06 10:15:00,2026-04-06 11:21:00
1727,269,5,2026-04-06 08:15:00,2026-04-06 08:35:00
1728,89,5,2026-04-28 09:15:00,2026-04-28 09:34:00
1729,117,1,2026-06-12 10:15:00,2026-06-12 10:30:00
1730,213,4,2026-06-28 06:15:00,2026-06-28 06:31:00
1731,88,5,2026-04-28 10:15:00,2026-04-28 10:34:00
1732,165,4,2026-04-20 08:15:00,2026-04-20 09:03:00
1733,232,5,2026-06-05 07:15:00,2026-06-05 08:35:00
1734,296,3,2026-05-17 07:15:00,2026-05-17 07:34:00
1735,284,1,2026-04-03 09:15:00,2026-04-03 10:05:00
1736,165,5,2026-05-06 10:15:00,2026-05-06 11:40:00
1737,7,5,2026-05-20 09:15:00,2026-05-20 10:00:00
1738,121,2,2026-05-24 10:15:00,2026-05-24 11:22:00
1739,73,4,2026-05-04 07:15:00,2026-05-04 08:10:00
1740,188,2,2026-06-17 06:15:00,2026-06-17 07:06:00
1741,109,1,2026-05-01 09:15:00,2026-05-01 10:06:00
1742,86,5,2026-05-16 09:15:00,2026-05-16 09:44:00
1743,250,3,2026-05-03 10:15:00,2026-05-03 11:09:00
1744,77,1,2026-04-24 08:15:00,2026-04-24 09:10:00
1745,29,2,2026-06-11 09:15:00,2026-06-11 10:06:00
1746,279,1,2026-05-22 08:15:00,2026-05-22 08:40:00
1747,172,1,2026-05-19 06:15:00,2026-05-19 07:41:00
1748,257,1,2026-04-26 08:15:00,2026-04-26 08:45:00
1749,158,4,2026-05-12 06:15:00,2026-05-12 07:03:00
1750,32,2,2026-05-16 06:15:00,2026-05-16 07:25:00
1751,133,1,2026-05-04 09:15:00,2026-05-04 09:39:00
1752,198,1,2026-06-27 06:15:00,2026-06-27 07:24:00
1753,287,3,2026-06-05 06:15:00,2026-06-05 06:45:00
1754,73,5,2026-04-07 10:15:00,2026-04-07 11:20:00
1755,19,4,2026-04-02 08:15:00,2026-04-02 09:26:00
1756,291,4,2026-05-31 10:15:00,2026-05-31 11:36:00
1757,26,4,2026-04-11 10:15:00,2026-04-11 11:16:00
1758,151,3,2026-05-29 06:15:00,2026-05-29 07:39:00
1759,184,3,2026-06-16 06:15:00,2026-06-16 07:23:00
1760,262,2,2026-04-14 08:15:00,2026-04-14 09:16:00
1761,94,3,2026-04-10 06:15:00,2026-04-10 06:58:00
1762,267,3,2026-06-23 08:15:00,2026-06-23 09:07:00
1763,194,2,2026-04-09 08:15:00,2026-04-09 08:42:00
1764,162,3,2026-04-27 10:15:00,2026-04-27 11:21:00
1765,97,5,2026-04-04 06:15:00,2026-04-04 07:27:00
1766,61,4,2026-05-16 06:15:00,2026-05-16 06:37:00
1767,158,4,2026-05-27 10:15:00,2026-05-27 10:54:00
1768,264,1,2026-06-15 10:15:00,2026-06-15 11:00:00
1769,266,4,2026-05-22 06:15:00,2026-05-22 06:58:00
1770,144,1,2026-04-27 06:15:00,2026-04-27 07:04:00
1771,1,5,2026-04-02 08:15:00,2026-04-02 09:35:00
1772,219,1,2026-04-14 06:15:00,2026-04-14 06:48:00
1773,94,1,2026-04-05 06:15:00,2026-04-05 07:24:00
1774,114,3,2026-04-20 08:15:00,2026-04-20 08:48:00
1775,258,5,2026-05-28 10:15:00,2026-05-28 11:02:00
1776,258,2,2026-06-17 07:15:00,2026-06-17 08:39:00
1777,63,1,2026-04-19 10:15:00,2026-04-19 11:29:00
1778,18,4,2026-04-10 08:15:00,2026-04-10 09:03:00
1779,188,5,2026-04-11 06:15:00,2026-04-11 07:12:00
1780,131,1,2026-06-12 07:15:00,2026-06-12 08:40:00
1781,6,3,2026-04-22 09:15:00,2026-04-22 10:41:00
1782,180,2,2026-04-13 06:15:00,2026-04-13 07:12:00
1783,105,4,2026-05-02 09:15:00,2026-05-02 10:03:00
1784,176,3,2026-06-11 09:15:00,2026-06-11 10:09:00
1785,140,4,2026-05-23 09:15:00,2026-05-23 09:51:00
1786,57,1,2026-06-05 08:15:00,2026-06-05 08:42:00
1787,201,3,2026-04-28 08:15:00,2026-04-28 09:30:00
1788,185,5,2026-04-08 09:15:00,2026-04-08 10:15:00
1789,116,2,2026-04-20 08:15:00,2026-04-20 09:00:00
1790,34,4,2026-05-16 10:15:00,2026-05-16 11:15:00
1791,80,4,2026-05-26 07:15:00,2026-05-26 08:03:00
1792,37,1,2026-05-16 07:15:00,2026-05-16 07:41:00
1793,50,1,2026-06-06 10:15:00,2026-06-06 11:28:00
1794,63,4,2026-05-30 08:15:00,2026-05-30 09:36:00
1795,222,5,2026-05-09 06:15:00,2026-05-09 06:54:00
1796,32,5,2026-04-29 09:15:00,2026-04-29 10:30:00
1797,17,5,2026-05-19 07:15:00,2026-05-19 07:42:00
1798,202,1,2026-05-21 09:15:00,2026-05-21 10:19:00
1799,30,1,2026-05-30 10:15:00,2026-05-30 10:57:00
1800,22,3,2026-04-04 10:15:00,2026-04-04 11:40:00
1801,253,2,2026-05-29 09:15:00,2026-05-29 10:28:00
1802,122,3,2026-04-20 09:15:00,2026-04-20 10:33:00
1803,283,1,2026-05-21 09:15:00,2026-05-21 09:50:00
1804,112,5,2026-04-15 07:15:00,2026-04-15 08:37:00
1805,51,3,2026-06-14 07:15:00,2026-06-14 08:15:00
1806,57,1,2026-05-12 08:15:00,2026-05-12 08:36:00
1807,142,1,2026-06-02 07:15:00,2026-06-02 07:42:00
1808,149,4,2026-05-12 09:15:00,2026-05-12 10:16:00
1809,290,2,2026-05-05 07:15:00,2026-05-05 07:39:00
1810,199,2,2026-06-11 08:15:00,2026-06-11 09:08:00
1811,132,4,2026-06-04 10:15:00,2026-06-04 11:11:00
1812,111,4,2026-05-24 08:15:00,2026-05-24 08:52:00
1813,122,4,2026-05-16 09:15:00,2026-05-16 10:13:00
1814,249,3,2026-04-04 10:15:00,2026-04-04 11:30:00
1815,204,4,2026-06-01 08:15:00,2026-06-01 08:51:00
1816,90,5,2026-05-27 08:15:00,2026-05-27 08:33:00
1817,236,3,2026-06-24 06:15:00,2026-06-24 06:41:00
1818,58,2,2026-04-15 07:15:00,2026-04-15 08:25:00
1819,229,2,2026-06-21 09:15:00,2026-06-21 10:11:00
1820,48,3,2026-04-08 06:15:00,2026-04-08 07:11:00
1821,251,5,2026-05-03 08:15:00,2026-05-03 09:06:00
1822,241,3,2026-05-28 07:15:00,2026-05-28 08:33:00
1823,293,2,2026-05-22 06:15:00,2026-05-22 06:57:00
1824,117,5,2026-05-01 08:15:00,2026-05-01 09:45:00
1825,37,1,2026-05-26 10:15:00,2026-05-26 10:36:00
1826,283,4,2026-06-14 07:15:00,2026-06-14 08:30:00
1827,217,5,2026-04-01 06:15:00,2026-04-01 07:41:00
1828,73,4,2026-06-28 06:15:00,2026-06-28 06:44:00
1829,14,1,2026-04-13 08:15:00,2026-04-13 09:16:00
1830,136,3,2026-05-02 10:15:00,2026-05-02 10:41:00
1831,132,1,2026-06-10 07:15:00,2026-06-10 07:36:00
1832,263,4,2026-06-20 08:15:00,2026-06-20 09:09:00
1833,184,3,2026-04-26 07:15:00,2026-04-26 07:41:00
1834,77,2,2026-04-03 07:15:00,2026-04-03 07:30:00
1835,183,3,2026-06-26 06:15:00,2026-06-26 07:16:00
1836,37,5,2026-05-04 06:15:00,2026-05-04 06:35:00
1837,227,5,2026-06-25 10:15:00,2026-06-25 11:41:00
1838,5,5,2026-04-14 08:15:00,2026-04-14 09:07:00
1839,56,4,2026-04-17 10:15:00,2026-04-17 11:09:00
1840,149,4,2026-05-29 06:15:00,2026-05-29 07:34:00
1841,72,5,2026-05-28 10:15:00,2026-05-28 11:13:00
1842,35,1,2026-06-04 09:15:00,2026-06-04 10:28:00
1843,185,2,2026-04-21 07:15:00,2026-04-21 07:45:00
1844,4,3,2026-06-05 08:15:00,2026-06-05 09:31:00
1845,282,3,2026-05-07 07:15:00,2026-05-07 08:31:00
1846,133,2,2026-06-05 10:15:00,2026-06-05 11:30:00
1847,85,1,2026-06-02 07:15:00,2026-06-02 08:07:00
1848,203,1,2026-05-25 09:15:00,2026-05-25 10:18:00
1849,296,4,2026-04-24 10:15:00,2026-04-24 11:13:00
1850,116,5,2026-05-31 09:15:00,2026-05-31 09:58:00
1851,101,1,2026-06-20 06:15:00,2026-06-20 07:10:00
1852,118,4,2026-04-15 08:15:00,2026-04-15 09:34:00
1853,246,1,2026-04-25 06:15:00,2026-04-25 07:12:00
1854,113,5,2026-05-23 08:15:00,2026-05-23 09:05:00
1855,73,2,2026-04-11 10:15:00,2026-04-11 11:24:00
1856,211,5,2026-06-07 10:15:00,2026-06-07 10:34:00
1857,221,3,2026-06-11 09:15:00,2026-06-11 10:26:00
1858,104,5,2026-05-23 07:15:00,2026-05-23 07:31:00
1859,64,4,2026-04-02 10:15:00,2026-04-02 10:43:00
1860,201,3,2026-05-26 08:15:00,2026-05-26 08:31:00
1861,183,1,2026-06-02 09:15:00,2026-06-02 09:54:00
1862,90,1,2026-04-02 10:15:00,2026-04-02 11:01:00
1863,300,4,2026-04-15 06:15:00,2026-04-15 07:31:00
1864,181,2,2026-06-01 08:15:00,2026-06-01 09:01:00
1865,201,3,2026-06-03 10:15:00,2026-06-03 11:27:00
1866,92,1,2026-06-22 10:15:00,2026-06-22 11:44:00
1867,104,3,2026-05-05 09:15:00,2026-05-05 09:44:00
1868,44,1,2026-05-15 08:15:00,2026-05-15 09:32:00
1869,36,3,2026-05-25 09:15:00,2026-05-25 09:55:00
1870,205,4,2026-06-06 06:15:00,2026-06-06 07:34:00
1871,63,4,2026-04-17 10:15:00,2026-04-17 11:39:00
1872,181,2,2026-04-03 07:15:00,2026-04-03 08:37:00
1873,43,5,2026-05-23 07:15:00,2026-05-23 08:12:00
1874,112,5,2026-04-27 10:15:00,2026-04-27 10:44:00
1875,23,2,2026-04-15 07:15:00,2026-04-15 07:57:00
1876,86,1,2026-06-03 09:15:00,2026-06-03 09:57:00
1877,81,1,2026-04-08 10:15:00,2026-04-08 11:03:00
1878,54,3,2026-05-02 09:15:00,2026-05-02 10:15:00
1879,220,3,2026-04-27 07:15:00,2026-04-27 07:50:00
1880,100,2,2026-04-07 10:15:00,2026-04-07 11:20:00
1881,282,4,2026-06-29 10:15:00,2026-06-29 10:46:00
1882,57,3,2026-05-08 10:15:00,2026-05-08 11:40:00
1883,179,4,2026-06-05 07:15:00,2026-06-05 07:46:00
1884,189,5,2026-06-09 07:15:00,2026-06-09 07:44:00
1885,69,2,2026-04-25 07:15:00,2026-04-25 08:28:00
1886,292,5,2026-06-09 09:15:00,2026-06-09 10:03:00
1887,214,1,2026-05-15 06:15:00,2026-05-15 06:39:00
1888,112,5,2026-04-28 10:15:00,2026-04-28 10:51:00
1889,266,3,2026-05-15 06:15:00,2026-05-15 06:37:00
1890,16,4,2026-05-11 07:15:00,2026-05-11 07:51:00
1891,187,1,2026-05-30 07:15:00,2026-05-30 07:40:00
1892,201,5,2026-04-29 07:15:00,2026-04-29 08:07:00
1893,82,5,2026-04-04 06:15:00,2026-04-04 07:06:00
1894,68,3,2026-06-10 06:15:00,2026-06-10 07:03:00
1895,80,2,2026-06-05 07:15:00,2026-06-05 08:21:00
1896,282,2,2026-04-04 09:15:00,2026-04-04 10:22:00
1897,275,2,2026-05-01 08:15:00,2026-05-01 09:37:00
1898,7,4,2026-05-12 10:15:00,2026-05-12 10:31:00
1899,10,1,2026-04-20 09:15:00,2026-04-20 10:27:00
1900,168,1,2026-05-16 08:15:00,2026-05-16 08:34:00
1901,21,4,2026-06-21 06:15:00,2026-06-21 06:38:00
1902,30,3,2026-05-22 10:15:00,2026-05-22 11:26:00
1903,55,1,2026-04-10 08:15:00,2026-04-10 09:13:00
1904,66,3,2026-06-25 07:15:00,2026-06-25 08:03:00
1905,170,3,2026-06-16 08:15:00,2026-06-16 09:35:00
1906,205,1,2026-05-17 09:15:00,2026-05-17 10:25:00
1907,181,1,2026-05-27 08:15:00,2026-05-27 09:38:00
1908,290,4,2026-06-15 07:15:00,2026-06-15 08:05:00
1909,250,5,2026-05-03 06:15:00,2026-05-03 06:45:00
1910,33,2,2026-04-26 10:15:00,2026-04-26 11:27:00
1911,225,1,2026-04-22 07:15:00,2026-04-22 07:55:00
1912,253,2,2026-05-24 08:15:00,2026-05-24 09:10:00
1913,50,5,2026-06-02 06:15:00,2026-06-02 06:59:00
1914,221,3,2026-06-06 06:15:00,2026-06-06 06:40:00
1915,86,2,2026-04-05 06:15:00,2026-04-05 07:31:00
1916,280,1,2026-06-24 06:15:00,2026-06-24 07:36:00
1917,132,5,2026-06-28 09:15:00,2026-06-28 09:52:00
1918,166,3,2026-05-28 09:15:00,2026-05-28 09:51:00
1919,83,1,2026-04-14 06:15:00,2026-04-14 07:08:00
1920,198,3,2026-06-26 08:15:00,2026-06-26 09:11:00
1921,150,4,2026-05-30 10:15:00,2026-05-30 11:42:00
1922,127,4,2026-06-24 06:15:00,2026-06-24 06:52:00
1923,72,1,2026-06-17 09:15:00,2026-06-17 09:34:00
1924,223,3,2026-05-29 07:15:00,2026-05-29 08:29:00
1925,23,4,2026-04-03 10:15:00,2026-04-03 10:57:00
1926,35,5,2026-06-18 07:15:00,2026-06-18 07:56:00
1927,299,2,2026-06-28 06:15:00,2026-06-28 06:43:00
1928,77,3,2026-06-23 07:15:00,2026-06-23 08:07:00
1929,231,2,2026-06-17 10:15:00,2026-06-17 11:37:00
1930,2,2,2026-06-19 07:15:00,2026-06-19 07:31:00
1931,11,1,2026-06-19 10:15:00,2026-06-19 11:40:00
1932,158,4,2026-05-01 08:15:00,2026-05-01 08:34:00
1933,160,5,2026-05-09 08:15:00,2026-05-09 09:17:00
1934,72,4,2026-06-04 07:15:00,2026-06-04 07:56:00
1935,80,3,2026-05-09 10:15:00,2026-05-09 10:45:00
1936,131,2,2026-06-27 06:15:00,2026-06-27 07:15:00
1937,196,1,2026-05-04 10:15:00,2026-05-04 11:33:00
1938,174,5,2026-05-18 09:15:00,2026-05-18 10:19:00
1939,158,5,2026-06-02 08:15:00,2026-06-02 09:00:00
1940,258,2,2026-06-16 09:15:00,2026-06-16 10:38:00
1941,75,3,2026-06-23 08:15:00,2026-06-23 08:49:00
1942,246,1,2026-05-09 10:15:00,2026-05-09 10:49:00
1943,147,1,2026-05-21 10:15:00,2026-05-21 11:13:00
1944,174,5,2026-04-16 09:15:00,2026-04-16 09:31:00
1945,172,1,2026-05-01 10:15:00,2026-05-01 10:45:00
1946,296,1,2026-04-01 07:15:00,2026-04-01 08:19:00
1947,231,1,2026-06-10 06:15:00,2026-06-10 07:35:00
1948,64,5,2026-06-15 10:15:00,2026-06-15 11:13:00
1949,188,1,2026-04-10 07:15:00,2026-04-10 08:34:00
1950,57,1,2026-06-22 06:15:00,2026-06-22 06:39:00
1951,79,2,2026-05-23 09:15:00,2026-05-23 10:29:00
1952,76,3,2026-04-15 06:15:00,2026-04-15 06:53:00
1953,52,4,2026-05-14 10:15:00,2026-05-14 11:21:00
1954,119,4,2026-05-06 09:15:00,2026-05-06 10:36:00
1955,20,3,2026-06-09 09:15:00,2026-06-09 10:06:00
1956,69,4,2026-06-19 09:15:00,2026-06-19 10:04:00
1957,47,2,2026-05-13 06:15:00,2026-05-13 07:19:00
1958,179,1,2026-04-23 10:15:00,2026-04-23 11:16:00
1959,95,3,2026-04-07 09:15:00,2026-04-07 10:05:00
1960,269,4,2026-04-05 09:15:00,2026-04-05 09:40:00
1961,34,1,2026-04-09 07:15:00,2026-04-09 08:14:00
1962,256,1,2026-06-15 06:15:00,2026-06-15 06:33:00
1963,15,2,2026-05-07 07:15:00,2026-05-07 08:16:00
1964,245,4,2026-06-25 10:15:00,2026-06-25 10:35:00
1965,121,2,2026-06-23 07:15:00,2026-06-23 07:58:00
1966,261,2,2026-06-15 08:15:00,2026-06-15 08:57:00
1967,97,4,2026-06-15 10:15:00,2026-06-15 11:02:00
1968,160,3,2026-04-06 08:15:00,2026-04-06 09:30:00
1969,1,2,2026-05-18 09:15:00,2026-05-18 10:15:00
1970,160,2,2026-04-14 10:15:00,2026-04-14 11:43:00
1971,184,1,2026-04-14 07:15:00,2026-04-14 08:13:00
1972,277,4,2026-05-25 10:15:00,2026-05-25 11:34:00
1973,251,1,2026-05-30 08:15:00,2026-05-30 08:42:00
1974,268,3,2026-06-15 09:15:00,2026-06-15 10:21:00
1975,152,4,2026-06-03 06:15:00,2026-06-03 07:07:00
1976,220,1,2026-04-15 08:15:00,2026-04-15 09:13:00
1977,41,3,2026-04-22 10:15:00,2026-04-22 10:49:00
1978,113,4,2026-05-25 07:15:00,2026-05-25 08:04:00
1979,58,3,2026-06-23 08:15:00,2026-06-23 08:39:00
1980,40,3,2026-04-12 06:15:00,2026-04-12 06:39:00
1981,123,2,2026-06-19 07:15:00,2026-06-19 08:03:00
1982,135,3,2026-05-24 10:15:00,2026-05-24 11:36:00
1983,23,2,2026-05-13 08:15:00,2026-05-13 09:20:00
1984,257,2,2026-05-11 06:15:00,2026-05-11 06:51:00
1985,282,3,2026-06-08 07:15:00,2026-06-08 07:31:00
1986,186,2,2026-05-04 07:15:00,2026-05-04 08:33:00
1987,285,4,2026-06-01 09:15:00,2026-06-01 09:57:00
1988,94,3,2026-05-04 06:15:00,2026-05-04 07:44:00
1989,51,1,2026-04-20 10:15:00,2026-04-20 11:25:00
1990,23,4,2026-04-08 09:15:00,2026-04-08 10:13:00
1991,17,2,2026-04-11 10:15:00,2026-04-11 11:20:00
1992,37,1,2026-04-01 07:15:00,2026-04-01 08:14:00
1993,18,4,2026-06-05 10:15:00,2026-06-05 10:42:00
1994,205,5,2026-05-07 08:15:00,2026-05-07 09:39:00
1995,257,2,2026-06-18 06:15:00,2026-06-18 07:19:00
1996,224,2,2026-06-01 08:15:00,2026-06-01 09:14:00
1997,153,3,2026-05-10 09:15:00,2026-05-10 10:37:00
1998,211,1,2026-05-02 08:15:00,2026-05-02 09:13:00
1999,6,3,2026-05-31 08:15:00,2026-05-31 08:46:00
2000,85,4,2026-06-02 07:15:00,2026-06-02 08:43:00
2001,118,5,2026-05-29 07:15:00,2026-05-29 07:51:00
2002,187,5,2026-06-16 06:15:00,2026-06-16 07:45:00
2003,91,3,2026-04-04 09:15:00,2026-04-04 09:50:00
2004,57,3,2026-04-07 07:15:00,2026-04-07 07:37:00
2005,179,3,2026-05-15 10:15:00,2026-05-15 10:36:00
2006,52,2,2026-05-26 08:15:00,2026-05-26 09:06:00
2007,51,1,2026-05-04 07:15:00,2026-05-04 08:19:00
2008,171,5,2026-06-24 09:15:00,2026-06-24 09:40:00
2009,156,2,2026-06-19 07:15:00,2026-06-19 08:22:00
2010,133,1,2026-05-21 06:15:00,2026-05-21 07:39:00
2011,110,1,2026-04-25 10:15:00,2026-04-25 11:42:00
2012,252,1,2026-06-01 06:15:00,2026-06-01 07:40:00
2013,60,4,2026-04-21 08:15:00,2026-04-21 09:14:00
2014,90,3,2026-05-16 07:15:00,2026-05-16 07:51:00
2015,136,1,2026-04-19 06:15:00,2026-04-19 06:42:00
2016,155,2,2026-05-29 07:15:00,2026-05-29 07:39:00
2017,206,2,2026-06-03 09:15:00,2026-06-03 09:45:00
2018,221,1,2026-06-29 06:15:00,2026-06-29 07:10:00
2019,137,2,2026-06-27 06:15:00,2026-06-27 06:55:00
2020,4,1,2026-04-29 07:15:00,2026-04-29 07:45:00
2021,262,3,2026-04-22 06:15:00,2026-04-22 07:07:00
2022,211,1,2026-05-07 10:15:00,2026-05-07 11:18:00
2023,97,3,2026-04-02 07:15:00,2026-04-02 08:40:00
2024,236,4,2026-04-16 10:15:00,2026-04-16 10:40:00
2025,210,5,2026-06-18 08:15:00,2026-06-18 09:08:00
2026,158,1,2026-06-16 07:15:00,2026-06-16 07:45:00
2027,208,5,2026-06-16 08:15:00,2026-06-16 08:52:00
2028,180,4,2026-04-19 08:15:00,2026-04-19 08:36:00
2029,87,3,2026-04-16 08:15:00,2026-04-16 08:31:00
2030,129,5,2026-04-18 07:15:00,2026-04-18 08:02:00
2031,124,5,2026-04-01 08:15:00,2026-04-01 09:20:00
2032,181,2,2026-05-27 06:15:00,2026-05-27 06:35:00
2033,118,1,2026-06-20 08:15:00,2026-06-20 09:12:00
2034,23,2,2026-05-07 08:15:00,2026-05-07 08:31:00
2035,90,4,2026-04-21 10:15:00,2026-04-21 10:35:00
2036,280,3,2026-05-26 07:15:00,2026-05-26 08:21:00
2037,115,2,2026-06-28 10:15:00,2026-06-28 10:50:00
2038,207,2,2026-06-19 10:15:00,2026-06-19 10:31:00
2039,174,2,2026-05-23 08:15:00,2026-05-23 08:31:00
2040,232,1,2026-05-02 09:15:00,2026-05-02 10:43:00
2041,58,3,2026-04-02 07:15:00,2026-04-02 07:31:00
2042,65,3,2026-04-11 08:15:00,2026-04-11 09:36:00
2043,49,5,2026-06-09 07:15:00,2026-06-09 08:35:00
2044,6,3,2026-04-06 07:15:00,2026-04-06 08:33:00
2045,168,1,2026-05-29 06:15:00,2026-05-29 07:42:00
2046,254,2,2026-04-19 10:15:00,2026-04-19 10:49:00
2047,283,5,2026-05-17 10:15:00,2026-05-17 11:30:00
2048,39,3,2026-04-02 06:15:00,2026-04-02 07:34:00
2049,64,3,2026-04-16 07:15:00,2026-04-16 08:28:00
2050,63,4,2026-05-06 07:15:00,2026-05-06 08:04:00
2051,291,2,2026-05-03 07:15:00,2026-05-03 07:48:00
2052,280,1,2026-04-28 10:15:00,2026-04-28 11:15:00
2053,120,4,2026-04-09 07:15:00,2026-04-09 08:24:00
2054,185,4,2026-05-31 07:15:00,2026-05-31 08:34:00
2055,297,5,2026-05-05 07:15:00,2026-05-05 07:41:00
2056,165,2,2026-05-21 08:15:00,2026-05-21 09:09:00
2057,95,3,2026-05-08 08:15:00,2026-05-08 09:20:00
2058,46,3,2026-06-01 09:15:00,2026-06-01 10:10:00
2059,81,3,2026-06-21 09:15:00,2026-06-21 10:06:00
2060,99,5,2026-06-24 09:15:00,2026-06-24 10:10:00
2061,142,3,2026-06-11 08:15:00,2026-06-11 08:38:00
2062,77,2,2026-05-09 08:15:00,2026-05-09 08:36:00
2063,215,3,2026-05-25 07:15:00,2026-05-25 08:12:00
2064,141,2,2026-06-08 10:15:00,2026-06-08 11:19:00
2065,130,1,2026-04-24 07:15:00,2026-04-24 08:31:00
2066,179,5,2026-06-03 09:15:00,2026-06-03 10:11:00
2067,217,4,2026-04-20 06:15:00,2026-04-20 06:32:00
2068,105,1,2026-06-18 09:15:00,2026-06-18 10:44:00
2069,203,2,2026-06-21 08:15:00,2026-06-21 09:12:00
2070,133,4,2026-05-05 06:15:00,2026-05-05 06:58:00
2071,133,2,2026-06-29 09:15:00,2026-06-29 10:21:00
2072,278,5,2026-04-26 09:15:00,2026-04-26 10:15:00
2073,7,5,2026-06-28 06:15:00,2026-06-28 06:49:00
2074,37,5,2026-05-15 06:15:00,2026-05-15 07:34:00
2075,38,3,2026-04-16 08:15:00,2026-04-16 09:05:00
2076,186,1,2026-06-07 10:15:00,2026-06-07 11:09:00
2077,297,2,2026-06-05 10:15:00,2026-06-05 10:57:00
2078,246,3,2026-06-04 09:15:00,2026-06-04 09:35:00
2079,7,4,2026-06-28 10:15:00,2026-06-28 10:53:00
2080,62,1,2026-05-10 09:15:00,2026-05-10 09:32:00
2081,186,3,2026-04-22 07:15:00,2026-04-22 08:43:00
2082,62,1,2026-04-01 10:15:00,2026-04-01 11:23:00
2083,23,3,2026-06-15 09:15:00,2026-06-15 09:37:00
2084,76,2,2026-06-06 10:15:00,2026-06-06 11:03:00
2085,216,1,2026-06-10 08:15:00,2026-06-10 08:48:00
2086,5,3,2026-06-12 09:15:00,2026-06-12 09:57:00
2087,297,4,2026-05-07 06:15:00,2026-05-07 06:49:00
2088,174,1,2026-05-19 07:15:00,2026-05-19 07:58:00
2089,29,5,2026-04-27 07:15:00,2026-04-27 07:36:00
2090,236,2,2026-06-07 08:15:00,2026-06-07 09:28:00
2091,192,1,2026-06-18 10:15:00,2026-06-18 10:46:00
2092,82,2,2026-05-18 08:15:00,2026-05-18 09:06:00
2093,24,3,2026-04-03 10:15:00,2026-04-03 11:00:00
2094,215,5,2026-04-09 07:15:00,2026-04-09 08:04:00
2095,28,4,2026-04-29 10:15:00,2026-04-29 11:40:00
2096,243,1,2026-06-15 08:15:00,2026-06-15 08:49:00
2097,296,1,2026-04-03 07:15:00,2026-04-03 07:34:00
2098,259,4,2026-06-18 07:15:00,2026-06-18 08:40:00
2099,270,4,2026-06-16 06:15:00,2026-06-16 06:35:00
2100,274,3,2026-05-11 07:15:00,2026-05-11 08:34:00
2101,162,2,2026-04-15 09:15:00,2026-04-15 10:15:00
2102,295,2,2026-04-06 08:15:00,2026-04-06 09:40:00
2103,98,1,2026-06-17 06:15:00,2026-06-17 07:11:00
2104,69,3,2026-04-11 10:15:00,2026-04-11 11:12:00
2105,13,5,2026-06-21 06:15:00,2026-06-21 07:34:00
2106,251,1,2026-05-01 09:15:00,2026-05-01 10:16:00
2107,261,5,2026-05-28 08:15:00,2026-05-28 08:45:00
2108,70,3,2026-05-17 10:15:00,2026-05-17 11:28:00
2109,58,3,2026-05-04 06:15:00,2026-05-04 06:36:00
2110,30,2,2026-05-09 06:15:00,2026-05-09 06:55:00
2111,243,4,2026-06-20 08:15:00,2026-06-20 09:33:00
2112,173,1,2026-05-10 09:15:00,2026-05-10 10:43:00
2113,40,3,2026-04-27 06:15:00,2026-04-27 07:30:00
2114,234,4,2026-05-28 07:15:00,2026-05-28 08:13:00
2115,271,4,2026-06-23 07:15:00,2026-06-23 08:11:00
2116,117,4,2026-05-06 10:15:00,2026-05-06 11:28:00
2117,31,4,2026-04-20 08:15:00,2026-04-20 09:38:00
2118,163,4,2026-04-19 10:15:00,2026-04-19 10:49:00
2119,41,3,2026-04-17 06:15:00,2026-04-17 07:02:00
2120,58,4,2026-06-05 06:15:00,2026-06-05 06:51:00
2121,115,3,2026-04-13 09:15:00,2026-04-13 09:49:00
2122,4,2,2026-05-11 06:15:00,2026-05-11 06:46:00
2123,78,3,2026-04-21 10:15:00,2026-04-21 11:40:00
2124,17,4,2026-06-11 10:15:00,2026-06-11 11:04:00
2125,81,5,2026-04-12 09:15:00,2026-04-12 10:07:00
2126,194,4,2026-04-02 10:15:00,2026-04-02 10:53:00
2127,217,3,2026-06-05 08:15:00,2026-06-05 09:01:00
2128,84,2,2026-05-20 10:15:00,2026-05-20 11:27:00
2129,99,1,2026-04-10 07:15:00,2026-04-10 08:36:00
2130,45,1,2026-05-12 06:15:00,2026-05-12 06:45:00
2131,288,4,2026-04-01 09:15:00,2026-04-01 10:09:00
2132,77,3,2026-06-04 07:15:00,2026-06-04 07:46:00
2133,45,5,2026-05-26 06:15:00,2026-05-26 07:00:00
2134,188,3,2026-05-11 08:15:00,2026-05-11 09:18:00
2135,173,5,2026-06-26 09:15:00,2026-06-26 09:52:00
2136,207,5,2026-04-30 10:15:00,2026-04-30 10:42:00
2137,108,3,2026-04-28 06:15:00,2026-04-28 07:14:00
2138,213,2,2026-04-26 09:15:00,2026-04-26 10:25:00
2139,65,1,2026-04-08 09:15:00,2026-04-08 10:33:00
2140,297,2,2026-05-04 08:15:00,2026-05-04 08:36:00
2141,290,2,2026-04-07 08:15:00,2026-04-07 08:41:00
2142,6,2,2026-06-22 10:15:00,2026-06-22 10:43:00
2143,103,2,2026-04-08 09:15:00,2026-04-08 10:12:00
2144,166,3,2026-05-12 06:15:00,2026-05-12 07:18:00
2145,170,2,2026-04-22 09:15:00,2026-04-22 09:41:00
2146,22,5,2026-05-18 06:15:00,2026-05-18 07:21:00
2147,285,1,2026-06-14 06:15:00,2026-06-14 07:30:00
2148,41,2,2026-04-29 07:15:00,2026-04-29 07:56:00
2149,114,2,2026-05-02 08:15:00,2026-05-02 09:07:00
2150,104,2,2026-05-28 09:15:00,2026-05-28 10:27:00
2151,282,2,2026-04-20 06:15:00,2026-04-20 07:17:00
2152,70,5,2026-06-28 07:15:00,2026-06-28 08:44:00
2153,62,1,2026-05-28 10:15:00,2026-05-28 11:24:00
2154,166,5,2026-06-18 07:15:00,2026-06-18 07:41:00
2155,57,4,2026-05-20 06:15:00,2026-05-20 07:10:00
2156,75,2,2026-04-26 06:15:00,2026-04-26 07:32:00
2157,168,2,2026-04-25 08:15:00,2026-04-25 08:42:00
2158,174,2,2026-05-02 07:15:00,2026-05-02 08:07:00
2159,180,3,2026-06-06 07:15:00,2026-06-06 08:01:00
2160,92,4,2026-05-05 10:15:00,2026-05-05 10:40:00
2161,223,2,2026-06-03 09:15:00,2026-06-03 10:18:00
2162,156,1,2026-04-16 10:15:00,2026-04-16 10:31:00
2163,118,3,2026-04-04 08:15:00,2026-04-04 09:42:00
2164,169,1,2026-04-15 09:15:00,2026-04-15 10:37:00
2165,181,3,2026-04-26 09:15:00,2026-04-26 10:19:00
2166,28,4,2026-05-26 08:15:00,2026-05-26 09:36:00
2167,240,2,2026-06-07 10:15:00,2026-06-07 11:35:00
2168,54,2,2026-05-17 06:15:00,2026-05-17 06:36:00
2169,90,2,2026-06-19 10:15:00,2026-06-19 10:42:00
2170,241,5,2026-05-07 09:15:00,2026-05-07 10:36:00
2171,196,3,2026-06-17 08:15:00,2026-06-17 08:49:00
2172,16,3,2026-04-16 09:15:00,2026-04-16 10:19:00
2173,273,1,2026-06-06 06:15:00,2026-06-06 07:06:00
2174,67,1,2026-05-15 08:15:00,2026-05-15 09:16:00
2175,52,2,2026-04-26 09:15:00,2026-04-26 09:48:00
2176,283,3,2026-06-26 07:15:00,2026-06-26 07:52:00
2177,245,2,2026-04-27 06:15:00,2026-04-27 07:32:00
2178,76,5,2026-05-19 06:15:00,2026-05-19 07:27:00
2179,192,1,2026-06-14 09:15:00,2026-06-14 10:44:00
2180,200,3,2026-05-29 09:15:00,2026-05-29 10:16:00
2181,160,2,2026-05-11 06:15:00,2026-05-11 07:09:00
2182,196,1,2026-06-18 09:15:00,2026-06-18 10:16:00
2183,293,2,2026-04-08 10:15:00,2026-04-08 11:01:00
2184,113,4,2026-04-17 07:15:00,2026-04-17 08:34:00
2185,76,4,2026-05-30 07:15:00,2026-05-30 08:12:00
2186,44,1,2026-05-27 07:15:00,2026-05-27 08:25:00
2187,168,1,2026-05-10 08:15:00,2026-05-10 09:42:00
2188,28,2,2026-04-13 07:15:00,2026-04-13 07:46:00
2189,236,3,2026-04-06 10:15:00,2026-04-06 11:09:00
2190,9,3,2026-04-01 06:15:00,2026-04-01 07:36:00
2191,49,3,2026-06-09 06:15:00,2026-06-09 06:58:00
2192,281,4,2026-06-13 08:15:00,2026-06-13 09:00:00
2193,154,1,2026-06-02 06:15:00,2026-06-02 07:24:00
2194,109,1,2026-04-19 06:15:00,2026-04-19 07:43:00
2195,2,5,2026-06-01 10:15:00,2026-06-01 10:53:00
2196,163,1,2026-04-11 08:15:00,2026-04-11 08:54:00
2197,197,3,2026-06-16 07:15:00,2026-06-16 08:22:00
2198,261,5,2026-04-23 07:15:00,2026-04-23 07:52:00
2199,71,1,2026-04-29 10:15:00,2026-04-29 11:19:00
2200,192,5,2026-06-01 10:15:00,2026-06-01 10:49:00
2201,66,2,2026-06-21 08:15:00,2026-06-21 09:21:00
2202,73,2,2026-06-27 06:15:00,2026-06-27 07:27:00
2203,38,4,2026-06-07 10:15:00,2026-06-07 11:27:00
2204,158,3,2026-06-23 09:15:00,2026-06-23 09:37:00
2205,216,2,2026-06-20 06:15:00,2026-06-20 07:19:00
2206,111,3,2026-05-14 09:15:00,2026-05-14 10:00:00
2207,272,5,2026-06-27 09:15:00,2026-06-27 09:31:00
2208,127,3,2026-04-14 08:15:00,2026-04-14 09:37:00
2209,89,1,2026-06-12 06:15:00,2026-06-12 06:51:00
2210,215,2,2026-05-20 06:15:00,2026-05-20 06:55:00
2211,67,2,2026-04-02 09:15:00,2026-04-02 10:13:00
2212,235,5,2026-04-10 09:15:00,2026-04-10 09:49:00
2213,208,4,2026-06-17 10:15:00,2026-06-17 11:21:00
2214,200,2,2026-05-06 08:15:00,2026-05-06 08:54:00
2215,32,5,2026-05-27 08:15:00,2026-05-27 08:45:00
2216,192,1,2026-04-11 10:15:00,2026-04-11 10:57:00
2217,95,4,2026-06-26 09:15:00,2026-06-26 10:33:00
2218,132,2,2026-04-22 09:15:00,2026-04-22 10:13:00
2219,172,4,2026-05-09 06:15:00,2026-05-09 07:39:00
2220,230,2,2026-05-25 07:15:00,2026-05-25 08:09:00
2221,65,4,2026-04-25 06:15:00,2026-04-25 07:39:00
2222,61,1,2026-06-20 07:15:00,2026-06-20 08:01:00
2223,239,3,2026-04-11 06:15:00,2026-04-11 07:18:00
2224,66,4,2026-06-25 07:15:00,2026-06-25 07:33:00
2225,49,1,2026-04-22 08:15:00,2026-04-22 08:35:00
2226,167,4,2026-06-15 07:15:00,2026-06-15 08:22:00
2227,121,4,2026-04-07 07:15:00,2026-04-07 08:12:00
2228,282,1,2026-04-05 10:15:00,2026-04-05 11:02:00
2229,200,2,2026-06-04 06:15:00,2026-06-04 07:38:00
2230,55,1,2026-06-25 10:15:00,2026-06-25 11:43:00
2231,153,5,2026-05-07 08:15:00,2026-05-07 08:55:00
2232,30,5,2026-05-19 10:15:00,2026-05-19 10:38:00
2233,131,4,2026-06-21 08:15:00,2026-06-21 08:58:00
2234,254,1,2026-04-16 10:15:00,2026-04-16 11:15:00
2235,85,3,2026-05-09 06:15:00,2026-05-09 06:42:00
2236,12,4,2026-05-18 09:15:00,2026-05-18 10:30:00
2237,10,3,2026-04-20 06:15:00,2026-04-20 07:28:00
2238,258,5,2026-05-31 07:15:00,2026-05-31 07:52:00
2239,114,3,2026-05-23 10:15:00,2026-05-23 11:02:00
2240,24,1,2026-05-19 07:15:00,2026-05-19 08:28:00
2241,86,2,2026-04-01 06:15:00,2026-04-01 07:36:00
2242,90,4,2026-04-24 07:15:00,2026-04-24 08:33:00
2243,246,5,2026-05-24 09:15:00,2026-05-24 10:19:00
2244,39,5,2026-04-16 07:15:00,2026-04-16 08:30:00
2245,110,4,2026-04-24 09:15:00,2026-04-24 09:42:00
2246,98,2,2026-05-20 08:15:00,2026-05-20 09:27:00
2247,139,4,2026-05-25 07:15:00,2026-05-25 07:35:00
2248,121,1,2026-06-25 07:15:00,2026-06-25 08:33:00
2249,162,1,2026-05-11 10:15:00,2026-05-11 11:15:00
2250,131,4,2026-04-06 09:15:00,2026-04-06 09:35:00
2251,111,1,2026-05-25 08:15:00,2026-05-25 09:33:00
2252,205,1,2026-05-27 06:15:00,2026-05-27 07:10:00
2253,134,5,2026-04-21 09:15:00,2026-04-21 10:28:00
2254,88,5,2026-05-26 07:15:00,2026-05-26 08:03:00
2255,127,1,2026-05-08 07:15:00,2026-05-08 07:32:00
2256,76,5,2026-06-28 07:15:00,2026-06-28 08:41:00
2257,114,5,2026-04-05 08:15:00,2026-04-05 09:17:00
2258,103,5,2026-04-28 07:15:00,2026-04-28 08:10:00
2259,64,4,2026-04-03 09:15:00,2026-04-03 09:43:00
2260,13,3,2026-05-21 06:15:00,2026-05-21 07:28:00
2261,170,1,2026-06-25 10:15:00,2026-06-25 11:43:00
2262,152,2,2026-06-08 07:15:00,2026-06-08 08:00:00
2263,300,2,2026-06-05 07:15:00,2026-06-05 08:23:00
2264,52,3,2026-06-08 07:15:00,2026-06-08 07:37:00
2265,157,1,2026-06-11 09:15:00,2026-06-11 10:07:00
2266,6,3,2026-04-30 09:15:00,2026-04-30 10:25:00
2267,68,4,2026-04-10 09:15:00,2026-04-10 10:09:00
2268,92,2,2026-04-02 06:15:00,2026-04-02 07:37:00
2269,121,5,2026-05-08 06:15:00,2026-05-08 07:23:00
2270,296,1,2026-06-18 09:15:00,2026-06-18 10:11:00
2271,31,5,2026-04-18 09:15:00,2026-04-18 10:21:00
2272,52,2,2026-06-29 10:15:00,2026-06-29 10:37:00
2273,134,1,2026-06-14 06:15:00,2026-06-14 06:48:00
2274,212,1,2026-05-27 08:15:00,2026-05-27 08:54:00
2275,112,3,2026-05-05 06:15:00,2026-05-05 06:32:00
2276,188,2,2026-04-06 09:15:00,2026-04-06 09:37:00
2277,121,5,2026-06-08 09:15:00,2026-06-08 09:42:00
2278,53,4,2026-04-30 07:15:00,2026-04-30 07:46:00
2279,210,2,2026-04-28 07:15:00,2026-04-28 07:50:00
2280,97,2,2026-04-01 07:15:00,2026-04-01 08:08:00
2281,69,3,2026-05-29 08:15:00,2026-05-29 09:33:00
2282,254,3,2026-04-08 08:15:00,2026-04-08 09:33:00
2283,252,5,2026-06-18 08:15:00,2026-06-18 09:36:00
2284,107,4,2026-06-29 08:15:00,2026-06-29 09:43:00
2285,171,4,2026-04-10 08:15:00,2026-04-10 09:07:00
2286,245,3,2026-05-23 10:15:00,2026-05-23 11:39:00
2287,261,4,2026-06-03 07:15:00,2026-06-03 08:00:00
2288,99,2,2026-04-07 07:15:00,2026-04-07 08:16:00
2289,16,3,2026-05-25 07:15:00,2026-05-25 08:37:00
2290,98,4,2026-05-23 08:15:00,2026-05-23 09:28:00
2291,276,5,2026-06-18 07:15:00,2026-06-18 08:11:00
2292,78,2,2026-06-18 10:15:00,2026-06-18 11:41:00
2293,164,3,2026-06-02 06:15:00,2026-06-02 07:25:00
2294,276,5,2026-06-25 10:15:00,2026-06-25 11:23:00
2295,163,3,2026-05-05 10:15:00,2026-05-05 11:16:00
2296,123,5,2026-04-28 06:15:00,2026-04-28 07:25:00
2297,184,2,2026-06-09 07:15:00,2026-06-09 08:04:00
2298,247,3,2026-06-09 09:15:00,2026-06-09 09:59:00
2299,240,3,2026-05-17 06:15:00,2026-05-17 07:16:00
2300,209,1,2026-05-12 07:15:00,2026-05-12 08:12:00
2301,138,1,2026-04-24 06:15:00,2026-04-24 07:28:00
2302,107,1,2026-04-26 10:15:00,2026-04-26 10:58:00
2303,160,1,2026-05-24 07:15:00,2026-05-24 08:11:00
2304,53,4,2026-06-17 06:15:00,2026-06-17 06:55:00
2305,43,4,2026-06-23 07:15:00,2026-06-23 07:36:00
2306,209,3,2026-05-23 08:15:00,2026-05-23 08:43:00
2307,114,5,2026-05-02 10:15:00,2026-05-02 10:42:00
2308,299,2,2026-05-03 08:15:00,2026-05-03 09:07:00
2309,234,5,2026-04-16 06:15:00,2026-04-16 07:13:00
2310,253,1,2026-04-22 07:15:00,2026-04-22 07:36:00
2311,155,1,2026-05-16 08:15:00,2026-05-16 09:14:00
2312,111,3,2026-06-23 10:15:00,2026-06-23 11:43:00
2313,156,2,2026-04-07 09:15:00,2026-04-07 09:54:00
2314,123,4,2026-04-29 07:15:00,2026-04-29 08:24:00
2315,29,4,2026-05-17 08:15:00,2026-05-17 08:37:00
2316,105,4,2026-05-29 10:15:00,2026-05-29 11:19:00
2317,158,4,2026-04-27 07:15:00,2026-04-27 08:01:00
2318,274,5,2026-04-18 10:15:00,2026-04-18 10:43:00
2319,232,2,2026-06-27 07:15:00,2026-06-27 08:11:00
2320,4,1,2026-04-01 09:15:00,2026-04-01 10:34:00
2321,161,1,2026-04-07 08:15:00,2026-04-07 08:54:00
2322,70,1,2026-05-01 10:15:00,2026-05-01 11:05:00
2323,162,4,2026-04-29 09:15:00,2026-04-29 09:55:00
2324,179,2,2026-06-05 06:15:00,2026-06-05 06:36:00
2325,215,5,2026-05-26 09:15:00,2026-05-26 09:37:00
2326,36,1,2026-05-30 09:15:00,2026-05-30 10:16:00
2327,111,4,2026-05-12 06:15:00,2026-05-12 07:38:00
2328,180,4,2026-04-21 06:15:00,2026-04-21 07:41:00
2329,89,2,2026-06-19 10:15:00,2026-06-19 10:34:00
2330,78,3,2026-04-26 10:15:00,2026-04-26 11:12:00
2331,151,3,2026-05-03 07:15:00,2026-05-03 07:40:00
2332,69,5,2026-04-05 06:15:00,2026-04-05 06:51:00
2333,106,3,2026-06-11 10:15:00,2026-06-11 10:37:00
2334,299,4,2026-05-12 10:15:00,2026-05-12 11:13:00
2335,217,4,2026-04-30 07:15:00,2026-04-30 07:46:00
2336,281,1,2026-05-06 06:15:00,2026-05-06 07:12:00
2337,165,1,2026-06-16 09:15:00,2026-06-16 10:30:00
2338,171,1,2026-06-05 06:15:00,2026-06-05 06:57:00
2339,230,2,2026-06-09 07:15:00,2026-06-09 07:42:00
2340,20,1,2026-04-12 10:15:00,2026-04-12 11:04:00
2341,269,3,2026-05-03 07:15:00,2026-05-03 08:44:00
2342,117,3,2026-06-27 10:15:00,2026-06-27 11:36:00
2343,292,4,2026-06-21 10:15:00,2026-06-21 11:33:00
2344,274,3,2026-06-17 06:15:00,2026-06-17 07:43:00
2345,207,5,2026-06-25 09:15:00,2026-06-25 10:18:00
2346,181,4,2026-05-12 06:15:00,2026-05-12 07:11:00
2347,267,3,2026-05-11 07:15:00,2026-05-11 08:33:00
2348,282,4,2026-05-02 10:15:00,2026-05-02 10:33:00
2349,8,2,2026-06-20 08:15:00,2026-06-20 08:48:00
2350,151,2,2026-04-23 09:15:00,2026-04-23 09:36:00
2351,18,5,2026-05-04 10:15:00,2026-05-04 10:49:00
2352,112,1,2026-05-11 07:15:00,2026-05-11 08:43:00
2353,13,2,2026-06-27 10:15:00,2026-06-27 11:31:00
2354,105,1,2026-06-13 08:15:00,2026-06-13 08:48:00
2355,211,5,2026-04-20 09:15:00,2026-04-20 10:30:00
2356,290,4,2026-06-25 10:15:00,2026-06-25 11:07:00
2357,63,5,2026-06-16 06:15:00,2026-06-16 07:13:00
2358,238,1,2026-06-25 08:15:00,2026-06-25 09:41:00
2359,136,4,2026-04-13 09:15:00,2026-04-13 09:38:00
2360,84,3,2026-05-18 08:15:00,2026-05-18 08:40:00
2361,113,4,2026-05-25 07:15:00,2026-05-25 08:24:00
2362,207,3,2026-06-13 06:15:00,2026-06-13 07:34:00
2363,127,5,2026-06-02 09:15:00,2026-06-02 10:43:00
2364,220,1,2026-04-30 09:15:00,2026-04-30 10:27:00
2365,87,5,2026-06-02 09:15:00,2026-06-02 10:01:00
2366,95,5,2026-06-03 07:15:00,2026-06-03 07:49:00
2367,267,2,2026-06-24 06:15:00,2026-06-24 07:44:00
2368,12,1,2026-06-18 07:15:00,2026-06-18 08:36:00
2369,270,1,2026-05-14 09:15:00,2026-05-14 09:51:00
2370,97,2,2026-05-06 06:15:00,2026-05-06 06:33:00
2371,209,1,2026-05-02 06:15:00,2026-05-02 07:18:00
2372,170,4,2026-05-03 09:15:00,2026-05-03 10:10:00
2373,35,5,2026-05-17 08:15:00,2026-05-17 09:18:00
2374,81,3,2026-04-10 09:15:00,2026-04-10 10:30:00
2375,55,4,2026-04-30 07:15:00,2026-04-30 07:55:00
2376,92,3,2026-06-12 08:15:00,2026-06-12 08:47:00
2377,41,5,2026-04-05 09:15:00,2026-04-05 10:32:00
2378,74,5,2026-05-02 07:15:00,2026-05-02 07:42:00
2379,24,4,2026-05-20 06:15:00,2026-05-20 06:40:00
2380,253,1,2026-06-03 10:15:00,2026-06-03 11:27:00
2381,130,1,2026-06-28 06:15:00,2026-06-28 06:55:00
2382,289,2,2026-05-07 06:15:00,2026-05-07 06:45:00
2383,44,4,2026-06-01 09:15:00,2026-06-01 09:33:00
2384,73,5,2026-04-02 09:15:00,2026-04-02 09:42:00
2385,49,4,2026-05-22 07:15:00,2026-05-22 08:35:00
2386,49,3,2026-06-26 08:15:00,2026-06-26 09:21:00
2387,291,3,2026-06-12 08:15:00,2026-06-12 08:53:00
2388,260,2,2026-06-18 06:15:00,2026-06-18 07:09:00
2389,237,1,2026-04-18 10:15:00,2026-04-18 11:44:00
2390,230,5,2026-06-14 09:15:00,2026-06-14 10:06:00
2391,133,4,2026-05-12 06:15:00,2026-05-12 07:39:00
2392,83,2,2026-05-03 08:15:00,2026-05-03 08:45:00
2393,132,1,2026-04-25 09:15:00,2026-04-25 09:34:00
2394,202,4,2026-04-02 07:15:00,2026-04-02 08:16:00
2395,284,2,2026-06-24 07:15:00,2026-06-24 07:38:00
2396,27,3,2026-05-18 10:15:00,2026-05-18 11:25:00
2397,115,3,2026-04-22 09:15:00,2026-04-22 09:50:00
2398,24,4,2026-06-07 10:15:00,2026-06-07 10:50:00
2399,24,2,2026-04-19 10:15:00,2026-04-19 11:07:00
2400,186,4,2026-04-10 07:15:00,2026-04-10 08:13:00
2401,66,1,2026-04-19 09:15:00,2026-04-19 10:05:00
2402,143,3,2026-04-29 10:15:00,2026-04-29 11:42:00
2403,240,3,2026-05-12 06:15:00,2026-05-12 06:49:00
2404,80,5,2026-05-27 10:15:00,2026-05-27 11:29:00
2405,153,1,2026-06-27 09:15:00,2026-06-27 09:54:00
2406,37,4,2026-05-03 06:15:00,2026-05-03 06:36:00
2407,78,1,2026-05-09 10:15:00,2026-05-09 10:56:00
2408,49,4,2026-04-11 08:15:00,2026-04-11 09:02:00
2409,61,1,2026-04-15 06:15:00,2026-04-15 06:44:00
2410,110,4,2026-04-28 06:15:00,2026-04-28 07:42:00
2411,20,5,2026-05-12 09:15:00,2026-05-12 10:36:00
2412,132,2,2026-06-02 06:15:00,2026-06-02 07:42:00
2413,237,4,2026-05-01 07:15:00,2026-05-01 08:00:00
2414,157,1,2026-04-06 10:15:00,2026-04-06 10:54:00
2415,241,3,2026-06-16 10:15:00,2026-06-16 11:39:00
2416,89,1,2026-04-19 09:15:00,2026-04-19 10:15:00
2417,201,1,2026-04-16 07:15:00,2026-04-16 08:37:00
2418,248,1,2026-06-01 08:15:00,2026-06-01 09:28:00
2419,132,4,2026-06-09 06:15:00,2026-06-09 07:10:00
2420,96,1,2026-05-31 07:15:00,2026-05-31 08:04:00
2421,285,3,2026-04-12 09:15:00,2026-04-12 09:32:00
2422,112,3,2026-06-05 08:15:00,2026-06-05 09:31:00
2423,168,5,2026-05-22 06:15:00,2026-05-22 06:41:00
2424,139,1,2026-04-11 07:15:00,2026-04-11 07:51:00
2425,43,2,2026-05-10 06:15:00,2026-05-10 06:50:00
2426,171,2,2026-04-27 07:15:00,2026-04-27 08:01:00
2427,73,5,2026-04-08 08:15:00,2026-04-08 09:37:00
2428,83,3,2026-04-09 08:15:00,2026-04-09 08:48:00
2429,32,2,2026-06-16 06:15:00,2026-06-16 07:07:00
2430,290,5,2026-06-06 09:15:00,2026-06-06 10:07:00
2431,142,2,2026-05-04 08:15:00,2026-05-04 08:30:00
2432,279,2,2026-06-21 10:15:00,2026-06-21 10:40:00
2433,145,4,2026-06-04 08:15:00,2026-06-04 09:07:00
2434,154,1,2026-05-06 06:15:00,2026-05-06 07:34:00
2435,90,3,2026-06-04 07:15:00,2026-06-04 08:28:00
2436,145,4,2026-06-03 07:15:00,2026-06-03 08:16:00
2437,203,4,2026-04-07 07:15:00,2026-04-07 07:36:00
2438,200,4,2026-04-05 06:15:00,2026-04-05 07:45:00
2439,125,5,2026-05-07 09:15:00,2026-05-07 10:30:00
2440,167,5,2026-05-22 10:15:00,2026-05-22 11:25:00
2441,255,4,2026-05-25 06:15:00,2026-05-25 07:17:00
2442,131,5,2026-04-10 07:15:00,2026-04-10 08:15:00
2443,71,1,2026-04-15 08:15:00,2026-04-15 09:19:00
2444,95,3,2026-04-02 09:15:00,2026-04-02 09:48:00
2445,265,3,2026-04-29 06:15:00,2026-04-29 07:19:00
2446,128,2,2026-04-18 07:15:00,2026-04-18 07:54:00
2447,257,5,2026-04-25 08:15:00,2026-04-25 09:43:00
2448,134,3,2026-05-03 10:15:00,2026-05-03 11:40:00
2449,212,2,2026-05-03 09:15:00,2026-05-03 10:22:00
2450,8,5,2026-06-06 08:15:00,2026-06-06 09:23:00
2451,291,5,2026-06-04 06:15:00,2026-06-04 07:04:00
2452,244,5,2026-04-20 06:15:00,2026-04-20 07:00:00
2453,195,3,2026-04-17 09:15:00,2026-04-17 10:40:00
2454,247,2,2026-04-20 06:15:00,2026-04-20 07:22:00
2455,231,3,2026-04-24 07:15:00,2026-04-24 07:46:00
2456,13,1,2026-05-25 08:15:00,2026-05-25 09:34:00
2457,45,4,2026-04-21 06:15:00,2026-04-21 07:25:00
2458,284,3,2026-04-23 10:15:00,2026-04-23 10:40:00
2459,204,4,2026-06-07 06:15:00,2026-06-07 06:48:00
2460,283,3,2026-04-20 08:15:00,2026-04-20 09:41:00
2461,62,5,2026-04-12 10:15:00,2026-04-12 10:46:00
2462,105,4,2026-04-14 08:15:00,2026-04-14 09:40:00
2463,96,2,2026-04-24 10:15:00,2026-04-24 11:30:00
2464,252,5,2026-05-04 06:15:00,2026-05-04 06:46:00
2465,8,2,2026-05-19 07:15:00,2026-05-19 08:13:00
2466,287,3,2026-04-11 06:15:00,2026-04-11 06:54:00
2467,252,3,2026-06-25 07:15:00,2026-06-25 08:31:00
2468,273,4,2026-04-11 09:15:00,2026-04-11 09:37:00
2469,13,4,2026-05-20 07:15:00,2026-05-20 08:27:00
2470,94,2,2026-05-19 09:15:00,2026-05-19 09:46:00
2471,298,2,2026-06-22 07:15:00,2026-06-22 08:40:00
2472,233,1,2026-05-06 10:15:00,2026-05-06 11:21:00
2473,266,3,2026-06-07 10:15:00,2026-06-07 11:12:00
2474,63,5,2026-04-15 08:15:00,2026-04-15 08:59:00
2475,291,5,2026-05-09 09:15:00,2026-05-09 09:31:00
2476,191,2,2026-06-24 08:15:00,2026-06-24 08:37:00
2477,128,2,2026-04-17 10:15:00,2026-04-17 11:05:00
2478,100,1,2026-05-30 06:15:00,2026-05-30 07:27:00
2479,21,2,2026-05-02 10:15:00,2026-05-02 10:51:00
2480,253,3,2026-06-04 10:15:00,2026-06-04 11:12:00
2481,3,2,2026-04-11 06:15:00,2026-04-11 07:25:00
2482,291,4,2026-05-25 09:15:00,2026-05-25 09:58:00
2483,11,2,2026-06-06 08:15:00,2026-06-06 09:32:00
2484,170,4,2026-04-28 06:15:00,2026-04-28 07:18:00
2485,174,1,2026-06-09 09:15:00,2026-06-09 09:32:00
2486,51,3,2026-04-25 07:15:00,2026-04-25 08:11:00
2487,10,1,2026-05-01 06:15:00,2026-05-01 07:00:00
2488,36,2,2026-04-09 08:15:00,2026-04-09 09:36:00
2489,14,5,2026-04-05 06:15:00,2026-04-05 07:18:00
2490,267,1,2026-04-15 08:15:00,2026-04-15 08:38:00
2491,54,5,2026-04-02 08:15:00,2026-04-02 09:21:00
2492,91,5,2026-06-10 09:15:00,2026-06-10 10:30:00
2493,269,3,2026-06-04 09:15:00,2026-06-04 10:31:00
2494,210,4,2026-06-07 09:15:00,2026-06-07 10:02:00
2495,36,3,2026-04-18 10:15:00,2026-04-18 11:27:00
2496,181,4,2026-05-29 06:15:00,2026-05-29 06:30:00
2497,91,5,2026-06-20 07:15:00,2026-06-20 07:49:00
2498,250,4,2026-06-26 08:15:00,2026-06-26 09:22:00
2499,100,1,2026-04-05 06:15:00,2026-04-05 06:42:00
2500,22,2,2026-05-04 07:15:00,2026-05-04 08:36:00
2501,90,2,2026-05-13 07:15:00,2026-05-13 08:15:00
2502,62,3,2026-06-15 08:15:00,2026-06-15 09:38:00
2503,24,5,2026-06-26 06:15:00,2026-06-26 07:07:00
2504,94,1,2026-05-19 09:15:00,2026-05-19 10:23:00
2505,234,3,2026-06-14 10:15:00,2026-06-14 11:37:00
2506,82,5,2026-04-11 07:15:00,2026-04-11 08:34:00
2507,30,4,2026-06-21 08:15:00,2026-06-21 08:51:00
2508,60,3,2026-04-24 06:15:00,2026-04-24 07:40:00
2509,3,1,2026-06-09 09:15:00,2026-06-09 09:38:00
2510,273,1,2026-05-08 06:15:00,2026-05-08 07:41:00
2511,257,4,2026-05-27 09:15:00,2026-05-27 09:53:00
2512,69,2,2026-04-23 07:15:00,2026-04-23 08:05:00
2513,257,4,2026-05-05 08:15:00,2026-05-05 08:42:00
2514,100,5,2026-05-31 10:15:00,2026-05-31 11:25:00
2515,83,3,2026-05-18 07:15:00,2026-05-18 07:46:00
2516,150,5,2026-04-03 07:15:00,2026-04-03 08:28:00
2517,219,5,2026-06-24 10:15:00,2026-06-24 10:51:00
2518,115,5,2026-05-01 06:15:00,2026-05-01 06:34:00
2519,30,4,2026-06-20 06:15:00,2026-06-20 06:59:00
2520,120,3,2026-04-28 09:15:00,2026-04-28 10:18:00
2521,274,4,2026-06-14 07:15:00,2026-06-14 07:49:00
2522,155,5,2026-04-10 06:15:00,2026-04-10 06:54:00
2523,75,1,2026-05-19 10:15:00,2026-05-19 10:49:00
2524,292,3,2026-06-18 10:15:00,2026-06-18 10:51:00
2525,131,1,2026-04-20 09:15:00,2026-04-20 10:24:00
2526,29,4,2026-05-16 10:15:00,2026-05-16 10:43:00
2527,221,2,2026-05-25 10:15:00,2026-05-25 11:29:00
2528,236,1,2026-04-06 09:15:00,2026-04-06 10:07:00
2529,137,4,2026-06-02 09:15:00,2026-06-02 10:08:00
2530,19,3,2026-06-08 09:15:00,2026-06-08 10:37:00
2531,119,3,2026-06-25 09:15:00,2026-06-25 09:59:00
2532,121,2,2026-04-23 07:15:00,2026-04-23 07:42:00
2533,281,1,2026-04-06 08:15:00,2026-04-06 08:34:00
2534,70,5,2026-04-12 08:15:00,2026-04-12 08:39:00
2535,43,4,2026-06-19 07:15:00,2026-06-19 08:16:00
2536,68,2,2026-04-18 08:15:00,2026-04-18 09:41:00
2537,88,5,2026-05-27 08:15:00,2026-05-27 09:35:00
2538,64,1,2026-05-26 09:15:00,2026-05-26 10:15:00
2539,206,5,2026-06-21 06:15:00,2026-06-21 06:54:00
2540,76,1,2026-06-18 10:15:00,2026-06-18 10:48:00
2541,131,1,2026-04-01 06:15:00,2026-04-01 06:33:00
2542,55,5,2026-05-29 08:15:00,2026-05-29 08:55:00
2543,145,3,2026-06-15 10:15:00,2026-06-15 11:37:00
2544,62,2,2026-05-14 06:15:00,2026-05-14 07:12:00
2545,293,5,2026-04-10 06:15:00,2026-04-10 06:57:00
2546,295,2,2026-04-04 10:15:00,2026-04-04 10:50:00
2547,133,2,2026-05-08 09:15:00,2026-05-08 10:16:00
2548,129,5,2026-06-25 09:15:00,2026-06-25 09:39:00
2549,85,4,2026-05-01 06:15:00,2026-05-01 06:47:00
2550,286,4,2026-06-20 07:15:00,2026-06-20 07:46:00
2551,212,4,2026-05-02 08:15:00,2026-05-02 09:24:00
2552,215,5,2026-04-22 08:15:00,2026-04-22 08:34:00
2553,279,2,2026-06-10 07:15:00,2026-06-10 08:28:00
2554,204,4,2026-05-19 07:15:00,2026-05-19 08:44:00
2555,19,2,2026-05-06 06:15:00,2026-05-06 06:51:00
2556,133,5,2026-05-04 10:15:00,2026-05-04 11:17:00
2557,192,1,2026-05-20 09:15:00,2026-05-20 10:42:00
2558,207,3,2026-05-25 09:15:00,2026-05-25 09:55:00
2559,147,3,2026-05-18 07:15:00,2026-05-18 07:48:00
2560,263,5,2026-05-05 08:15:00,2026-05-05 09:00:00
2561,278,2,2026-06-12 06:15:00,2026-06-12 07:02:00
2562,144,2,2026-05-05 06:15:00,2026-05-05 06:55:00
2563,142,4,2026-04-13 06:15:00,2026-04-13 06:46:00
2564,42,4,2026-05-21 07:15:00,2026-05-21 07:48:00
2565,1,5,2026-06-17 08:15:00,2026-06-17 09:36:00
2566,53,4,2026-05-12 07:15:00,2026-05-12 08:14:00
2567,139,2,2026-05-16 09:15:00,2026-05-16 09:33:00
2568,213,4,2026-04-03 07:15:00,2026-04-03 08:11:00
2569,168,4,2026-04-06 09:15:00,2026-04-06 10:06:00
2570,178,5,2026-04-27 08:15:00,2026-04-27 09:20:00
2571,200,4,2026-06-17 07:15:00,2026-06-17 08:07:00
2572,172,5,2026-04-13 06:15:00,2026-04-13 07:03:00
2573,58,5,2026-06-25 09:15:00,2026-06-25 10:31:00
2574,269,4,2026-06-12 07:15:00,2026-06-12 08:10:00
2575,222,1,2026-05-21 07:15:00,2026-05-21 08:07:00
2576,216,2,2026-06-21 09:15:00,2026-06-21 10:08:00
2577,298,4,2026-04-05 06:15:00,2026-04-05 07:39:00
2578,268,3,2026-06-21 06:15:00,2026-06-21 06:42:00
2579,92,4,2026-04-11 07:15:00,2026-04-11 07:33:00
2580,161,5,2026-05-24 08:15:00,2026-05-24 09:22:00
2581,46,2,2026-05-21 06:15:00,2026-05-21 07:17:00
2582,74,4,2026-06-09 06:15:00,2026-06-09 07:16:00
2583,300,4,2026-05-18 10:15:00,2026-05-18 11:33:00
2584,157,1,2026-05-29 09:15:00,2026-05-29 10:23:00
2585,43,4,2026-05-30 06:15:00,2026-05-30 07:35:00
2586,5,4,2026-04-13 06:15:00,2026-04-13 06:51:00
2587,46,3,2026-05-20 06:15:00,2026-05-20 06:52:00
2588,180,4,2026-05-06 10:15:00,2026-05-06 11:36:00
2589,153,4,2026-06-16 10:15:00,2026-06-16 11:23:00
2590,138,4,2026-05-06 10:15:00,2026-05-06 11:25:00
2591,297,4,2026-04-22 10:15:00,2026-04-22 11:44:00
2592,272,4,2026-05-31 09:15:00,2026-05-31 10:25:00
2593,82,4,2026-04-24 06:15:00,2026-04-24 07:31:00
2594,226,1,2026-04-10 07:15:00,2026-04-10 07:43:00
2595,46,5,2026-05-31 09:15:00,2026-05-31 10:09:00
2596,259,3,2026-04-13 06:15:00,2026-04-13 07:33:00
2597,145,5,2026-04-19 10:15:00,2026-04-19 11:07:00
2598,231,4,2026-05-07 06:15:00,2026-05-07 06:44:00
2599,218,4,2026-06-12 07:15:00,2026-06-12 08:03:00
2600,108,1,2026-05-15 07:15:00,2026-05-15 08:15:00
2601,154,2,2026-06-25 09:15:00,2026-06-25 09:39:00
2602,164,4,2026-06-04 09:15:00,2026-06-04 10:12:00
2603,279,3,2026-06-24 07:15:00,2026-06-24 08:00:00
2604,258,5,2026-05-05 10:15:00,2026-05-05 11:24:00
2605,71,4,2026-06-06 09:15:00,2026-06-06 10:28:00
2606,28,1,2026-05-19 10:15:00,2026-05-19 11:15:00
2607,294,3,2026-06-28 08:15:00,2026-06-28 09:12:00
2608,37,4,2026-05-04 10:15:00,2026-05-04 10:59:00
2609,146,1,2026-05-24 10:15:00,2026-05-24 11:00:00
2610,289,2,2026-06-03 10:15:00,2026-06-03 10:59:00
2611,171,3,2026-04-30 07:15:00,2026-04-30 07:52:00
2612,150,1,2026-04-12 10:15:00,2026-04-12 11:41:00
2613,143,4,2026-06-29 10:15:00,2026-06-29 10:58:00
2614,137,1,2026-04-27 06:15:00,2026-04-27 06:46:00
2615,259,5,2026-04-17 07:15:00,2026-04-17 07:56:00
2616,64,5,2026-04-19 07:15:00,2026-04-19 07:40:00
2617,235,5,2026-06-17 06:15:00,2026-06-17 07:16:00
2618,227,5,2026-04-10 08:15:00,2026-04-10 09:42:00
2619,4,4,2026-06-05 06:15:00,2026-06-05 07:13:00
2620,139,2,2026-05-12 08:15:00,2026-05-12 09:13:00
2621,296,2,2026-05-08 10:15:00,2026-05-08 10:49:00
2622,272,3,2026-06-15 07:15:00,2026-06-15 07:48:00
2623,159,4,2026-04-12 08:15:00,2026-04-12 09:12:00
2624,72,3,2026-04-18 09:15:00,2026-04-18 10:21:00
2625,19,1,2026-04-10 07:15:00,2026-04-10 08:19:00
2626,108,3,2026-04-23 10:15:00,2026-04-23 11:28:00
2627,223,1,2026-05-11 08:15:00,2026-05-11 09:16:00
2628,26,4,2026-05-10 06:15:00,2026-05-10 06:44:00
2629,29,2,2026-05-15 08:15:00,2026-05-15 08:36:00
2630,87,2,2026-05-25 07:15:00,2026-05-25 07:44:00
2631,5,1,2026-04-14 07:15:00,2026-04-14 08:09:00
2632,69,4,2026-05-28 08:15:00,2026-05-28 09:07:00
2633,73,5,2026-05-30 06:15:00,2026-05-30 07:20:00
2634,62,2,2026-05-02 10:15:00,2026-05-02 11:29:00
2635,185,3,2026-05-29 06:15:00,2026-05-29 06:31:00
2636,152,5,2026-05-27 06:15:00,2026-05-27 07:19:00
2637,297,3,2026-06-06 07:15:00,2026-06-06 07:36:00
2638,213,1,2026-04-05 08:15:00,2026-04-05 09:27:00
2639,272,4,2026-05-27 10:15:00,2026-05-27 10:55:00
2640,249,1,2026-04-04 09:15:00,2026-04-04 10:04:00
2641,98,1,2026-06-18 08:15:00,2026-06-18 09:26:00
2642,24,2,2026-04-27 10:15:00,2026-04-27 11:37:00
2643,82,5,2026-04-23 10:15:00,2026-04-23 11:05:00
2644,153,1,2026-04-03 07:15:00,2026-04-03 07:58:00
2645,237,1,2026-06-13 10:15:00,2026-06-13 10:57:00
2646,197,5,2026-05-16 08:15:00,2026-05-16 09:00:00
2647,112,5,2026-05-17 10:15:00,2026-05-17 11:30:00
2648,246,4,2026-04-20 08:15:00,2026-04-20 08:30:00
2649,164,3,2026-05-31 10:15:00,2026-05-31 11:01:00
2650,38,5,2026-04-06 10:15:00,2026-04-06 11:07:00
2651,92,3,2026-06-11 06:15:00,2026-06-11 07:06:00
2652,57,3,2026-06-27 09:15:00,2026-06-27 10:18:00
2653,146,3,2026-04-24 08:15:00,2026-04-24 09:09:00
2654,103,2,2026-04-23 08:15:00,2026-04-23 09:07:00
2655,68,1,2026-04-17 10:15:00,2026-04-17 10:53:00
2656,248,2,2026-06-07 09:15:00,2026-06-07 09:43:00
2657,137,5,2026-06-06 10:15:00,2026-06-06 11:36:00
2658,93,2,2026-06-29 07:15:00,2026-06-29 07:42:00
2659,82,2,2026-05-14 10:15:00,2026-05-14 10:58:00
2660,262,1,2026-05-14 08:15:00,2026-05-14 08:43:00
2661,261,1,2026-05-05 08:15:00,2026-05-05 09:18:00
2662,188,5,2026-06-08 09:15:00,2026-06-08 10:17:00
2663,133,3,2026-04-29 08:15:00,2026-04-29 08:43:00
2664,220,1,2026-06-04 10:15:00,2026-06-04 10:37:00
2665,48,5,2026-06-27 09:15:00,2026-06-27 10:00:00
2666,191,5,2026-04-03 07:15:00,2026-04-03 07:55:00
2667,55,4,2026-06-17 07:15:00,2026-06-17 08:09:00
2668,245,5,2026-05-24 09:15:00,2026-05-24 09:43:00
2669,190,3,2026-06-12 07:15:00,2026-06-12 08:25:00
2670,233,2,2026-04-25 06:15:00,2026-04-25 06:57:00
2671,4,5,2026-05-05 08:15:00,2026-05-05 09:13:00
2672,33,5,2026-04-19 06:15:00,2026-04-19 07:25:00
2673,195,3,2026-05-07 09:15:00,2026-05-07 10:21:00
2674,180,2,2026-05-14 08:15:00,2026-05-14 08:35:00
2675,14,4,2026-05-04 06:15:00,2026-05-04 07:06:00
2676,165,1,2026-05-31 07:15:00,2026-05-31 08:17:00
2677,50,4,2026-05-22 07:15:00,2026-05-22 08:13:00
2678,65,5,2026-04-19 06:15:00,2026-04-19 07:19:00
2679,233,1,2026-05-29 10:15:00,2026-05-29 11:05:00
2680,65,1,2026-06-15 07:15:00,2026-06-15 07:43:00
2681,34,2,2026-05-19 09:15:00,2026-05-19 10:07:00
2682,204,3,2026-05-23 08:15:00,2026-05-23 09:30:00
2683,144,3,2026-04-02 06:15:00,2026-04-02 07:27:00
2684,80,1,2026-06-11 07:15:00,2026-06-11 08:11:00
2685,70,2,2026-05-29 08:15:00,2026-05-29 09:10:00
2686,147,2,2026-06-10 07:15:00,2026-06-10 07:40:00
2687,192,2,2026-06-14 06:15:00,2026-06-14 07:21:00
2688,297,1,2026-05-10 06:15:00,2026-05-10 07:15:00
2689,143,4,2026-06-27 10:15:00,2026-06-27 10:38:00
2690,159,4,2026-04-29 09:15:00,2026-04-29 09:45:00
2691,97,5,2026-05-08 07:15:00,2026-05-08 07:52:00
2692,103,1,2026-05-23 06:15:00,2026-05-23 07:21:00
2693,153,1,2026-05-09 07:15:00,2026-05-09 08:30:00
2694,279,5,2026-05-26 06:15:00,2026-05-26 07:36:00
2695,50,3,2026-06-21 06:15:00,2026-06-21 06:31:00
2696,201,2,2026-05-08 09:15:00,2026-05-08 10:40:00
2697,141,3,2026-04-02 10:15:00,2026-04-02 11:43:00
2698,171,2,2026-04-03 10:15:00,2026-04-03 10:46:00
2699,228,2,2026-05-31 08:15:00,2026-05-31 08:40:00
2700,31,3,2026-06-14 07:15:00,2026-06-14 08:07:00
2701,293,2,2026-05-05 06:15:00,2026-05-05 07:14:00
2702,282,4,2026-04-22 07:15:00,2026-04-22 07:52:00
2703,103,4,2026-05-29 08:15:00,2026-05-29 09:13:00
2704,201,1,2026-06-04 10:15:00,2026-06-04 11:34:00
2705,163,4,2026-04-13 08:15:00,2026-04-13 08:30:00
2706,147,2,2026-05-14 09:15:00,2026-05-14 09:53:00
2707,16,5,2026-05-11 08:15:00,2026-05-11 08:35:00
2708,217,1,2026-05-11 09:15:00,2026-05-11 10:13:00
2709,41,5,2026-06-21 10:15:00,2026-06-21 11:06:00
2710,260,3,2026-06-25 07:15:00,2026-06-25 07:51:00
2711,184,2,2026-04-13 10:15:00,2026-04-13 11:01:00
2712,104,5,2026-05-04 10:15:00,2026-05-04 11:35:00
2713,74,5,2026-06-19 09:15:00,2026-06-19 09:39:00
2714,76,2,2026-04-17 07:15:00,2026-04-17 08:07:00
2715,253,4,2026-06-23 09:15:00,2026-06-23 10:09:00
2716,239,2,2026-04-10 10:15:00,2026-04-10 10:36:00
2717,122,3,2026-05-26 06:15:00,2026-05-26 06:45:00
2718,211,3,2026-06-28 07:15:00,2026-06-28 07:45:00
2719,8,3,2026-04-13 09:15:00,2026-04-13 10:33:00
2720,12,5,2026-04-03 08:15:00,2026-04-03 08:31:00
2721,106,1,2026-05-24 08:15:00,2026-05-24 09:06:00
2722,91,4,2026-05-20 07:15:00,2026-05-20 07:47:00
2723,288,4,2026-04-18 10:15:00,2026-04-18 10:47:00
2724,294,2,2026-06-29 09:15:00,2026-06-29 10:04:00
2725,129,4,2026-06-08 08:15:00,2026-06-08 09:28:00
2726,159,4,2026-05-07 09:15:00,2026-05-07 10:04:00
2727,287,4,2026-05-31 08:15:00,2026-05-31 09:00:00
2728,115,4,2026-06-27 09:15:00,2026-06-27 09:37:00
2729,69,5,2026-06-12 09:15:00,2026-06-12 10:27:00
2730,266,3,2026-06-05 10:15:00,2026-06-05 11:00:00
2731,252,3,2026-05-21 07:15:00,2026-05-21 07:33:00
2732,210,3,2026-06-10 09:15:00,2026-06-10 10:31:00
2733,116,4,2026-06-25 09:15:00,2026-06-25 09:32:00
2734,272,1,2026-06-17 06:15:00,2026-06-17 06:45:00
2735,145,1,2026-06-02 07:15:00,2026-06-02 08:13:00
2736,102,2,2026-05-10 06:15:00,2026-05-10 06:33:00
2737,158,2,2026-06-29 09:15:00,2026-06-29 09:39:00
2738,152,3,2026-06-15 10:15:00,2026-06-15 11:23:00
2739,23,4,2026-05-24 06:15:00,2026-05-24 06:39:00
2740,274,4,2026-04-25 07:15:00,2026-04-25 07:59:00
2741,204,5,2026-04-13 10:15:00,2026-04-13 10:38:00
2742,181,4,2026-06-03 07:15:00,2026-06-03 07:42:00
2743,64,2,2026-05-10 07:15:00,2026-05-10 07:41:00
2744,53,3,2026-04-01 07:15:00,2026-04-01 08:15:00
2745,194,2,2026-04-26 10:15:00,2026-04-26 11:07:00
2746,164,2,2026-05-12 06:15:00,2026-05-12 06:31:00
2747,269,5,2026-05-31 09:15:00,2026-05-31 10:08:00
2748,24,2,2026-04-07 08:15:00,2026-04-07 09:04:00
2749,25,2,2026-06-06 07:15:00,2026-06-06 07:39:00
2750,24,2,2026-06-14 10:15:00,2026-06-14 11:07:00
2751,139,2,2026-05-29 10:15:00,2026-05-29 10:45:00
2752,17,1,2026-05-29 06:15:00,2026-05-29 06:42:00
2753,140,4,2026-05-05 08:15:00,2026-05-05 09:18:00
2754,164,4,2026-06-22 06:15:00,2026-06-22 07:05:00
2755,210,4,2026-05-15 07:15:00,2026-05-15 07:37:00
2756,173,2,2026-05-16 10:15:00,2026-05-16 10:55:00
2757,227,1,2026-04-28 10:15:00,2026-04-28 11:21:00
2758,238,3,2026-04-27 07:15:00,2026-04-27 07:49:00
2759,78,5,2026-05-01 08:15:00,2026-05-01 09:26:00
2760,255,4,2026-06-06 10:15:00,2026-06-06 11:13:00
2761,290,2,2026-05-03 07:15:00,2026-05-03 08:33:00
2762,139,3,2026-06-15 06:15:00,2026-06-15 07:43:00
2763,251,4,2026-04-04 09:15:00,2026-04-04 10:23:00
2764,249,5,2026-04-09 06:15:00,2026-04-09 07:28:00
2765,209,3,2026-05-10 09:15:00,2026-05-10 10:15:00
2766,110,5,2026-05-02 10:15:00,2026-05-02 11:24:00
2767,143,4,2026-04-28 06:15:00,2026-04-28 07:36:00
2768,238,2,2026-04-26 09:15:00,2026-04-26 10:29:00
2769,160,1,2026-06-16 08:15:00,2026-06-16 09:37:00
2770,46,1,2026-05-14 07:15:00,2026-05-14 08:22:00
2771,52,3,2026-05-28 06:15:00,2026-05-28 07:40:00
2772,223,3,2026-05-20 10:15:00,2026-05-20 11:15:00
2773,193,5,2026-04-22 07:15:00,2026-04-22 08:18:00
2774,252,4,2026-06-25 10:15:00,2026-06-25 11:19:00
2775,177,5,2026-06-07 07:15:00,2026-06-07 08:19:00
2776,94,3,2026-04-24 06:15:00,2026-04-24 06:31:00
2777,97,2,2026-06-25 09:15:00,2026-06-25 09:34:00
2778,289,2,2026-06-27 09:15:00,2026-06-27 09:38:00
2779,39,3,2026-05-11 09:15:00,2026-05-11 10:32:00
2780,205,2,2026-06-03 10:15:00,2026-06-03 10:50:00
2781,297,4,2026-05-10 09:15:00,2026-05-10 09:56:00
2782,216,1,2026-05-12 06:15:00,2026-05-12 07:29:00
2783,147,4,2026-05-17 06:15:00,2026-05-17 06:33:00
2784,197,1,2026-04-01 07:15:00,2026-04-01 07:53:00
2785,238,5,2026-04-30 06:15:00,2026-04-30 07:14:00
2786,78,1,2026-06-18 07:15:00,2026-06-18 08:03:00
2787,209,5,2026-06-10 10:15:00,2026-06-10 11:16:00
2788,218,2,2026-05-21 08:15:00,2026-05-21 08:50:00
2789,247,5,2026-06-16 09:15:00,2026-06-16 09:44:00
2790,277,1,2026-06-09 06:15:00,2026-06-09 07:09:00
2791,82,3,2026-04-25 08:15:00,2026-04-25 09:22:00
2792,170,4,2026-05-22 10:15:00,2026-05-22 10:40:00
2793,155,5,2026-06-27 06:15:00,2026-06-27 06:30:00
2794,100,1,2026-04-14 09:15:00,2026-04-14 10:01:00
2795,47,1,2026-04-16 10:15:00,2026-04-16 11:13:00
2796,131,1,2026-05-26 07:15:00,2026-05-26 07:46:00
2797,272,4,2026-06-04 08:15:00,2026-06-04 09:07:00
2798,254,3,2026-05-01 08:15:00,2026-05-01 08:38:00
2799,289,5,2026-04-21 08:15:00,2026-04-21 09:33:00
2800,150,4,2026-05-21 09:15:00,2026-05-21 09:35:00
2801,57,3,2026-04-30 06:15:00,2026-04-30 07:17:00
2802,272,2,2026-06-14 09:15:00,2026-06-14 10:19:00
2803,268,5,2026-05-02 06:15:00,2026-05-02 07:35:00
2804,65,5,2026-06-22 07:15:00,2026-06-22 08:17:00
2805,188,4,2026-04-06 09:15:00,2026-04-06 10:21:00
2806,300,2,2026-06-16 06:15:00,2026-06-16 07:06:00
2807,23,3,2026-04-05 10:15:00,2026-04-05 11:12:00
2808,107,4,2026-06-02 08:15:00,2026-06-02 09:06:00
2809,52,5,2026-04-24 10:15:00,2026-04-24 11:16:00
2810,73,4,2026-06-04 10:15:00,2026-06-04 11:42:00
2811,114,2,2026-05-31 09:15:00,2026-05-31 09:39:00
2812,198,3,2026-04-19 06:15:00,2026-04-19 06:30:00
2813,288,3,2026-04-27 08:15:00,2026-04-27 09:06:00
2814,273,1,2026-05-25 06:15:00,2026-05-25 07:23:00
2815,86,2,2026-06-15 10:15:00,2026-06-15 10:42:00
2816,65,4,2026-05-23 09:15:00,2026-05-23 09:57:00
2817,157,5,2026-04-12 10:15:00,2026-04-12 11:11:00
2818,100,4,2026-06-26 06:15:00,2026-06-26 06:39:00
2819,284,1,2026-06-28 08:15:00,2026-06-28 08:46:00
2820,156,2,2026-06-29 09:15:00,2026-06-29 10:38:00
2821,21,2,2026-05-17 10:15:00,2026-05-17 10:55:00
2822,198,5,2026-06-12 07:15:00,2026-06-12 07:57:00
2823,266,1,2026-05-10 06:15:00,2026-05-10 07:10:00
2824,123,5,2026-06-10 06:15:00,2026-06-10 06:32:00
2825,119,5,2026-06-05 08:15:00,2026-06-05 09:45:00
2826,130,2,2026-06-07 09:15:00,2026-06-07 09:38:00
2827,271,1,2026-05-21 08:15:00,2026-05-21 09:27:00
2828,53,2,2026-06-18 07:15:00,2026-06-18 08:12:00
2829,152,3,2026-05-04 07:15:00,2026-05-04 08:06:00
2830,83,3,2026-06-15 09:15:00,2026-06-15 10:27:00
2831,61,2,2026-06-01 09:15:00,2026-06-01 10:24:00
2832,52,5,2026-06-11 06:15:00,2026-06-11 07:30:00
2833,50,4,2026-05-24 06:15:00,2026-05-24 06:57:00
2834,91,2,2026-06-15 09:15:00,2026-06-15 10:43:00
2835,61,2,2026-06-25 06:15:00,2026-06-25 07:31:00
2836,39,5,2026-04-30 06:15:00,2026-04-30 06:43:00
2837,86,5,2026-06-29 10:15:00,2026-06-29 11:21:00
2838,248,1,2026-06-05 09:15:00,2026-06-05 10:36:00
2839,4,2,2026-05-03 09:15:00,2026-05-03 09:51:00
2840,117,1,2026-05-21 10:15:00,2026-05-21 11:03:00
2841,37,5,2026-04-04 09:15:00,2026-04-04 09:43:00
2842,146,2,2026-04-13 07:15:00,2026-04-13 08:24:00
2843,151,4,2026-05-30 08:15:00,2026-05-30 08:40:00
2844,19,5,2026-06-25 10:15:00,2026-06-25 10:46:00
2845,234,2,2026-06-15 07:15:00,2026-06-15 08:29:00
2846,103,5,2026-05-25 09:15:00,2026-05-25 10:18:00
2847,249,3,2026-04-10 09:15:00,2026-04-10 10:19:00
2848,299,4,2026-06-07 08:15:00,2026-06-07 09:26:00
2849,300,5,2026-04-09 10:15:00,2026-04-09 11:26:00
2850,15,3,2026-05-23 07:15:00,2026-05-23 08:36:00
2851,47,2,2026-04-26 06:15:00,2026-04-26 06:57:00
2852,213,1,2026-05-30 09:15:00,2026-05-30 09:36:00
2853,188,5,2026-04-17 09:15:00,2026-04-17 10:23:00
2854,47,3,2026-06-21 08:15:00,2026-06-21 09:42:00
2855,177,1,2026-06-28 08:15:00,2026-06-28 09:27:00
2856,228,2,2026-05-10 10:15:00,2026-05-10 11:31:00
2857,51,1,2026-05-08 08:15:00,2026-05-08 09:37:00
2858,148,4,2026-05-08 09:15:00,2026-05-08 09:40:00
2859,274,3,2026-05-09 09:15:00,2026-05-09 10:13:00
2860,5,3,2026-06-04 07:15:00,2026-06-04 07:46:00
2861,216,1,2026-06-04 07:15:00,2026-06-04 07:48:00
2862,281,5,2026-06-07 07:15:00,2026-06-07 08:42:00
2863,240,4,2026-06-21 07:15:00,2026-06-21 08:06:00
2864,58,3,2026-06-17 10:15:00,2026-06-17 11:09:00
2865,196,1,2026-06-07 08:15:00,2026-06-07 08:47:00
2866,221,5,2026-04-15 08:15:00,2026-04-15 08:44:00
2867,278,3,2026-05-14 08:15:00,2026-05-14 09:33:00
2868,20,2,2026-04-28 07:15:00,2026-04-28 08:04:00
2869,68,1,2026-05-05 08:15:00,2026-05-05 08:46:00
2870,5,3,2026-05-08 09:15:00,2026-05-08 10:15:00
2871,87,2,2026-04-20 07:15:00,2026-04-20 08:02:00
2872,228,5,2026-06-06 07:15:00,2026-06-06 08:12:00
2873,140,4,2026-06-29 08:15:00,2026-06-29 09:06:00
2874,2,4,2026-06-09 07:15:00,2026-06-09 07:58:00
2875,150,3,2026-06-20 07:15:00,2026-06-20 07:52:00
2876,47,4,2026-04-24 06:15:00,2026-04-24 06:55:00
2877,245,1,2026-04-22 09:15:00,2026-04-22 10:22:00
2878,57,5,2026-06-04 06:15:00,2026-06-04 06:54:00
2879,171,3,2026-06-27 06:15:00,2026-06-27 07:13:00
2880,180,2,2026-04-17 07:15:00,2026-04-17 08:12:00
2881,238,3,2026-05-13 06:15:00,2026-05-13 07:11:00
2882,46,3,2026-04-15 08:15:00,2026-04-15 08:50:00
2883,187,1,2026-04-09 08:15:00,2026-04-09 08:37:00
2884,260,2,2026-04-08 08:15:00,2026-04-08 09:05:00
2885,275,2,2026-06-26 08:15:00,2026-06-26 09:37:00
2886,77,3,2026-06-12 10:15:00,2026-06-12 11:37:00
2887,7,3,2026-06-21 08:15:00,2026-06-21 08:48:00
2888,24,2,2026-05-27 10:15:00,2026-05-27 11:40:00
2889,161,2,2026-06-06 08:15:00,2026-06-06 09:10:00
2890,265,1,2026-04-15 07:15:00,2026-04-15 07:54:00
2891,87,5,2026-04-07 08:15:00,2026-04-07 09:06:00
2892,144,3,2026-06-06 10:15:00,2026-06-06 10:56:00
2893,87,1,2026-05-15 10:15:00,2026-05-15 10:58:00
2894,8,2,2026-05-15 09:15:00,2026-05-15 09:51:00
2895,154,1,2026-06-14 08:15:00,2026-06-14 09:34:00
2896,161,3,2026-05-23 06:15:00,2026-05-23 07:43:00
2897,26,1,2026-06-04 10:15:00,2026-06-04 11:39:00
2898,261,5,2026-06-08 07:15:00,2026-06-08 07:52:00
2899,199,1,2026-06-25 08:15:00,2026-06-25 09:06:00
2900,17,3,2026-05-02 07:15:00,2026-05-02 07:36:00
2901,52,4,2026-04-17 08:15:00,2026-04-17 09:41:00
2902,40,1,2026-06-19 09:15:00,2026-06-19 10:01:00
2903,221,1,2026-05-16 06:15:00,2026-05-16 07:06:00
2904,180,4,2026-06-14 09:15:00,2026-06-14 10:22:00
2905,34,3,2026-06-08 09:15:00,2026-06-08 09:55:00
2906,127,4,2026-06-04 08:15:00,2026-06-04 08:41:00
2907,218,4,2026-04-26 10:15:00,2026-04-26 10:52:00
2908,160,1,2026-04-19 06:15:00,2026-04-19 07:39:00
2909,128,4,2026-05-16 06:15:00,2026-05-16 07:04:00
2910,290,3,2026-05-03 06:15:00,2026-05-03 07:04:00
2911,139,3,2026-06-21 10:15:00,2026-06-21 10:40:00
2912,21,2,2026-06-29 06:15:00,2026-06-29 07:36:00
2913,108,3,2026-06-21 07:15:00,2026-06-21 07:39:00
2914,3,3,2026-05-01 06:15:00,2026-05-01 07:39:00
2915,284,3,2026-04-04 10:15:00,2026-04-04 11:25:00
2916,131,2,2026-04-03 08:15:00,2026-04-03 08:46:00
2917,135,5,2026-06-15 09:15:00,2026-06-15 09:40:00
2918,291,3,2026-04-24 06:15:00,2026-04-24 07:39:00
2919,257,3,2026-05-23 10:15:00,2026-05-23 11:13:00
2920,83,1,2026-04-11 08:15:00,2026-04-11 08:54:00
2921,265,3,2026-05-08 10:15:00,2026-05-08 10:49:00
2922,242,3,2026-06-29 07:15:00,2026-06-29 08:11:00
2923,35,1,2026-05-04 08:15:00,2026-05-04 08:32:00
2924,65,1,2026-05-03 09:15:00,2026-05-03 10:31:00
2925,110,3,2026-04-27 10:15:00,2026-04-27 11:34:00
2926,165,4,2026-06-02 10:15:00,2026-06-02 11:30:00
2927,168,2,2026-06-15 08:15:00,2026-06-15 08:34:00
2928,160,3,2026-04-17 10:15:00,2026-04-17 11:40:00
2929,72,4,2026-04-24 10:15:00,2026-04-24 11:09:00
2930,194,4,2026-04-25 09:15:00,2026-04-25 09:48:00
2931,101,3,2026-05-03 10:15:00,2026-05-03 11:06:00
2932,136,4,2026-06-21 08:15:00,2026-06-21 09:44:00
2933,32,5,2026-05-13 07:15:00,2026-05-13 07:51:00
2934,7,1,2026-05-26 07:15:00,2026-05-26 08:36:00
2935,119,1,2026-04-17 06:15:00,2026-04-17 07:34:00
2936,68,5,2026-05-18 09:15:00,2026-05-18 09:55:00
2937,159,3,2026-05-21 09:15:00,2026-05-21 10:10:00
2938,249,5,2026-04-24 10:15:00,2026-04-24 11:10:00
2939,250,5,2026-06-02 09:15:00,2026-06-02 10:33:00
2940,11,1,2026-05-26 07:15:00,2026-05-26 07:52:00
2941,4,4,2026-04-01 10:15:00,2026-04-01 11:18:00
2942,19,5,2026-05-04 10:15:00,2026-05-04 11:39:00
2943,212,4,2026-05-08 09:15:00,2026-05-08 09:45:00
2944,77,1,2026-06-17 07:15:00,2026-06-17 08:41:00
2945,96,4,2026-06-04 07:15:00,2026-06-04 07:32:00
2946,77,2,2026-06-09 07:15:00,2026-06-09 07:31:00
2947,38,4,2026-05-04 07:15:00,2026-05-04 08:08:00
2948,49,1,2026-05-03 09:15:00,2026-05-03 10:05:00
2949,200,3,2026-06-13 06:15:00,2026-06-13 06:56:00
2950,68,5,2026-06-09 07:15:00,2026-06-09 08:18:00
2951,164,2,2026-04-05 07:15:00,2026-04-05 08:09:00
2952,113,3,2026-05-21 06:15:00,2026-05-21 07:34:00
2953,161,3,2026-05-30 10:15:00,2026-05-30 11:02:00
2954,189,2,2026-04-12 10:15:00,2026-04-12 11:03:00
2955,229,1,2026-05-18 06:15:00,2026-05-18 07:33:00
2956,253,2,2026-06-28 10:15:00,2026-06-28 10:40:00
2957,21,5,2026-06-19 07:15:00,2026-06-19 08:34:00
2958,162,5,2026-04-17 10:15:00,2026-04-17 11:29:00
2959,218,2,2026-05-23 08:15:00,2026-05-23 09:00:00
2960,131,3,2026-04-01 06:15:00,2026-04-01 06:55:00
2961,47,2,2026-04-08 10:15:00,2026-04-08 10:38:00
2962,98,5,2026-05-26 10:15:00,2026-05-26 10:59:00
2963,239,5,2026-04-28 09:15:00,2026-04-28 09:36:00
2964,225,4,2026-05-06 06:15:00,2026-05-06 07:42:00
2965,114,1,2026-04-29 09:15:00,2026-04-29 09:57:00
2966,259,4,2026-06-27 08:15:00,2026-06-27 08:31:00
2967,247,1,2026-05-07 08:15:00,2026-05-07 08:45:00
2968,142,1,2026-05-29 09:15:00,2026-05-29 10:32:00
2969,177,3,2026-06-22 06:15:00,2026-06-22 06:48:00
2970,54,5,2026-04-29 10:15:00,2026-04-29 11:31:00
2971,73,1,2026-05-14 08:15:00,2026-05-14 09:15:00
2972,10,2,2026-06-06 10:15:00,2026-06-06 10:37:00
2973,68,4,2026-06-26 08:15:00,2026-06-26 08:46:00
2974,65,5,2026-04-09 08:15:00,2026-04-09 09:09:00
2975,128,1,2026-04-25 08:15:00,2026-04-25 09:31:00
2976,292,4,2026-05-29 07:15:00,2026-05-29 08:12:00
2977,267,4,2026-05-16 10:15:00,2026-05-16 11:22:00
2978,68,5,2026-04-12 09:15:00,2026-04-12 09:40:00
2979,300,3,2026-06-29 08:15:00,2026-06-29 09:25:00
2980,298,2,2026-06-02 08:15:00,2026-06-02 09:05:00
2981,295,4,2026-04-01 10:15:00,2026-04-01 10:46:00
2982,237,5,2026-06-21 09:15:00,2026-06-21 09:54:00
2983,42,2,2026-05-11 08:15:00,2026-05-11 08:57:00
2984,44,2,2026-06-25 06:15:00,2026-06-25 06:51:00
2985,255,5,2026-06-13 07:15:00,2026-06-13 08:24:00
2986,19,1,2026-04-16 08:15:00,2026-04-16 09:01:00
2987,83,1,2026-04-28 06:15:00,2026-04-28 07:37:00
2988,77,1,2026-05-08 08:15:00,2026-05-08 08:49:00
2989,209,1,2026-06-13 10:15:00,2026-06-13 11:27:00
2990,178,2,2026-05-30 09:15:00,2026-05-30 10:03:00
2991,215,2,2026-06-28 08:15:00,2026-06-28 09:29:00
2992,1,2,2026-04-18 09:15:00,2026-04-18 09:52:00
2993,297,4,2026-06-19 08:15:00,2026-06-19 08:48:00
2994,73,3,2026-04-07 10:15:00,2026-04-07 10:49:00
2995,113,3,2026-06-20 06:15:00,2026-06-20 06:33:00
2996,219,4,2026-05-03 06:15:00,2026-05-03 07:16:00
2997,137,5,2026-05-03 09:15:00,2026-05-03 09:58:00
2998,56,3,2026-05-01 06:15:00,2026-05-01 07:19:00
2999,196,4,2026-04-06 08:15:00,2026-04-06 09:43:00
3000,11,2,2026-05-05 08:15:00,2026-05-05 09:24:00
3001,26,5,2026-06-09 07:15:00,2026-06-09 07:48:00
3002,181,2,2026-06-25 10:15:00,2026-06-25 11:09:00
3003,211,4,2026-04-14 09:15:00,2026-04-14 09:43:00
3004,175,2,2026-04-03 07:15:00,2026-04-03 08:20:00
3005,17,1,2026-05-24 07:15:00,2026-05-24 08:06:00
3006,252,5,2026-05-20 09:15:00,2026-05-20 10:18:00
3007,39,2,2026-04-21 10:15:00,2026-04-21 10:43:00
3008,77,3,2026-04-26 08:15:00,2026-04-26 08:32:00
3009,300,2,2026-04-12 06:15:00,2026-04-12 07:00:00
3010,63,2,2026-06-03 06:15:00,2026-06-03 06:50:00
3011,245,4,2026-06-29 07:15:00,2026-06-29 07:52:00
3012,33,1,2026-06-09 08:15:00,2026-06-09 09:17:00
3013,169,3,2026-04-29 08:15:00,2026-04-29 09:02:00
3014,72,3,2026-04-06 09:15:00,2026-04-06 09:31:00
3015,4,1,2026-04-06 08:15:00,2026-04-06 09:39:00
3016,76,1,2026-05-12 06:15:00,2026-05-12 06:33:00
3017,259,4,2026-05-02 06:15:00,2026-05-02 06:52:00
3018,5,2,2026-05-05 09:15:00,2026-05-05 10:15:00
3019,155,5,2026-04-13 07:15:00,2026-04-13 08:42:00
3020,251,1,2026-04-09 06:15:00,2026-04-09 07:11:00
3021,245,3,2026-04-19 10:15:00,2026-04-19 11:31:00
3022,94,4,2026-05-10 08:15:00,2026-05-10 09:27:00
3023,14,4,2026-05-09 08:15:00,2026-05-09 08:35:00
3024,14,2,2026-04-02 10:15:00,2026-04-02 10:49:00
3025,203,5,2026-06-22 07:15:00,2026-06-22 08:16:00
3026,245,2,2026-05-18 07:15:00,2026-05-18 07:33:00
3027,266,4,2026-05-12 09:15:00,2026-05-12 10:29:00
3028,288,3,2026-05-04 08:15:00,2026-05-04 08:46:00
3029,81,5,2026-05-19 07:15:00,2026-05-19 08:43:00
3030,284,2,2026-05-23 09:15:00,2026-05-23 10:40:00
3031,188,3,2026-05-19 10:15:00,2026-05-19 10:31:00
3032,2,3,2026-05-31 09:15:00,2026-05-31 09:41:00
3033,90,1,2026-06-07 09:15:00,2026-06-07 09:40:00
3034,295,2,2026-04-03 07:15:00,2026-04-03 08:41:00
3035,147,4,2026-04-21 09:15:00,2026-04-21 10:00:00
3036,277,4,2026-05-06 06:15:00,2026-05-06 06:49:00
3037,58,2,2026-04-19 06:15:00,2026-04-19 07:18:00
3038,14,2,2026-04-16 10:15:00,2026-04-16 10:43:00
3039,106,2,2026-06-29 08:15:00,2026-06-29 09:14:00
3040,110,3,2026-06-12 06:15:00,2026-06-12 06:46:00
3041,86,4,2026-05-22 10:15:00,2026-05-22 10:42:00
3042,264,5,2026-06-03 09:15:00,2026-06-03 10:31:00
3043,147,4,2026-06-22 08:15:00,2026-06-22 08:46:00
3044,188,3,2026-04-14 10:15:00,2026-04-14 11:13:00
3045,153,3,2026-06-13 10:15:00,2026-06-13 10:47:00
3046,40,5,2026-06-21 09:15:00,2026-06-21 09:51:00
3047,120,5,2026-06-12 09:15:00,2026-06-12 10:31:00
3048,234,1,2026-06-08 06:15:00,2026-06-08 06:38:00
3049,58,2,2026-06-08 10:15:00,2026-06-08 11:10:00
3050,120,4,2026-06-27 08:15:00,2026-06-27 09:31:00
3051,160,2,2026-05-24 08:15:00,2026-05-24 08:50:00
3052,29,1,2026-04-09 08:15:00,2026-04-09 09:36:00
3053,296,5,2026-06-09 06:15:00,2026-06-09 07:06:00
3054,114,4,2026-06-21 06:15:00,2026-06-21 07:12:00
3055,157,4,2026-04-21 07:15:00,2026-04-21 08:11:00
3056,48,3,2026-04-08 10:15:00,2026-04-08 11:45:00
3057,200,3,2026-04-26 06:15:00,2026-04-26 07:09:00
3058,140,4,2026-05-09 07:15:00,2026-05-09 08:07:00
3059,277,3,2026-06-12 10:15:00,2026-06-12 10:38:00
3060,135,4,2026-04-15 09:15:00,2026-04-15 10:14:00
3061,85,1,2026-05-12 10:15:00,2026-05-12 10:51:00
3062,55,5,2026-05-30 10:15:00,2026-05-30 11:15:00
3063,282,5,2026-05-17 08:15:00,2026-05-17 09:10:00
3064,242,2,2026-05-23 09:15:00,2026-05-23 10:39:00
3065,143,4,2026-06-21 09:15:00,2026-06-21 10:36:00
3066,184,1,2026-04-12 07:15:00,2026-04-12 07:54:00
3067,265,5,2026-04-19 10:15:00,2026-04-19 11:32:00
3068,241,1,2026-06-19 09:15:00,2026-06-19 10:15:00
3069,118,1,2026-06-10 06:15:00,2026-06-10 07:27:00
3070,298,5,2026-06-28 08:15:00,2026-06-28 08:54:00
3071,173,1,2026-06-20 09:15:00,2026-06-20 10:20:00
3072,186,5,2026-06-12 06:15:00,2026-06-12 07:00:00
3073,157,1,2026-06-06 08:15:00,2026-06-06 09:30:00
3074,40,5,2026-04-22 10:15:00,2026-04-22 11:13:00
3075,77,5,2026-04-10 10:15:00,2026-04-10 11:07:00
3076,173,3,2026-06-16 08:15:00,2026-06-16 09:13:00
3077,26,3,2026-05-08 07:15:00,2026-05-08 08:10:00
3078,167,4,2026-04-11 06:15:00,2026-04-11 06:30:00
3079,235,3,2026-06-17 07:15:00,2026-06-17 08:37:00
3080,83,3,2026-05-08 09:15:00,2026-05-08 09:38:00
3081,5,5,2026-06-05 07:15:00,2026-06-05 07:44:00
3082,63,4,2026-05-09 08:15:00,2026-05-09 08:36:00
3083,285,1,2026-05-12 07:15:00,2026-05-12 07:34:00
3084,202,5,2026-05-09 06:15:00,2026-05-09 06:53:00
3085,124,3,2026-06-26 07:15:00,2026-06-26 07:42:00
3086,169,2,2026-05-13 06:15:00,2026-05-13 07:00:00
3087,36,4,2026-06-01 09:15:00,2026-06-01 09:50:00
3088,123,5,2026-05-11 06:15:00,2026-05-11 07:05:00
3089,63,5,2026-04-21 10:15:00,2026-04-21 11:23:00
3090,211,1,2026-06-09 06:15:00,2026-06-09 07:21:00
3091,56,2,2026-05-06 06:15:00,2026-05-06 07:16:00
3092,296,4,2026-04-17 09:15:00,2026-04-17 10:36:00
3093,7,4,2026-04-17 09:15:00,2026-04-17 09:57:00
3094,243,5,2026-06-01 08:15:00,2026-06-01 09:17:00
3095,184,2,2026-06-10 07:15:00,2026-06-10 08:18:00
3096,78,4,2026-04-20 10:15:00,2026-04-20 10:53:00
3097,241,5,2026-04-08 07:15:00,2026-04-08 07:34:00
3098,49,3,2026-05-21 09:15:00,2026-05-21 10:28:00
3099,26,5,2026-04-11 06:15:00,2026-04-11 06:42:00
3100,119,5,2026-06-21 10:15:00,2026-06-21 11:40:00
3101,242,2,2026-06-15 07:15:00,2026-06-15 08:00:00
3102,58,3,2026-04-16 10:15:00,2026-04-16 10:33:00
3103,221,2,2026-05-30 09:15:00,2026-05-30 10:12:00
3104,168,5,2026-05-05 08:15:00,2026-05-05 09:09:00
3105,272,5,2026-05-24 10:15:00,2026-05-24 11:27:00
3106,170,4,2026-04-08 09:15:00,2026-04-08 10:28:00
3107,129,3,2026-05-27 06:15:00,2026-05-27 07:44:00
3108,148,3,2026-04-15 06:15:00,2026-04-15 06:59:00
3109,94,2,2026-06-08 06:15:00,2026-06-08 07:09:00
3110,108,2,2026-05-11 07:15:00,2026-05-11 08:35:00
3111,150,3,2026-05-31 06:15:00,2026-05-31 07:44:00
3112,295,1,2026-04-18 06:15:00,2026-04-18 06:41:00
3113,48,1,2026-06-10 10:15:00,2026-06-10 11:26:00
3114,78,2,2026-06-07 09:15:00,2026-06-07 10:13:00
3115,177,4,2026-05-13 09:15:00,2026-05-13 09:33:00
3116,167,4,2026-05-01 10:15:00,2026-05-01 11:22:00
3117,2,5,2026-06-02 08:15:00,2026-06-02 09:19:00
3118,21,1,2026-04-07 10:15:00,2026-04-07 10:46:00
3119,161,1,2026-04-28 08:15:00,2026-04-28 08:54:00
3120,111,1,2026-06-27 06:15:00,2026-06-27 07:28:00
3121,11,1,2026-04-05 06:15:00,2026-04-05 07:13:00
3122,140,2,2026-05-29 06:15:00,2026-05-29 07:06:00
3123,23,3,2026-06-02 10:15:00,2026-06-02 11:12:00
3124,55,5,2026-04-09 10:15:00,2026-04-09 10:43:00
3125,240,5,2026-06-07 08:15:00,2026-06-07 08:52:00
3126,23,3,2026-06-19 07:15:00,2026-06-19 08:07:00
3127,263,3,2026-05-07 06:15:00,2026-05-07 06:36:00
3128,212,2,2026-04-19 10:15:00,2026-04-19 11:24:00
3129,231,2,2026-05-02 07:15:00,2026-05-02 08:32:00
3130,265,2,2026-06-12 07:15:00,2026-06-12 07:47:00
3131,53,3,2026-05-07 07:15:00,2026-05-07 08:40:00
3132,50,2,2026-05-11 10:15:00,2026-05-11 10:55:00
3133,109,1,2026-04-02 08:15:00,2026-04-02 09:19:00
3134,159,1,2026-05-31 10:15:00,2026-05-31 11:12:00
3135,189,1,2026-06-14 06:15:00,2026-06-14 06:40:00
3136,157,5,2026-05-12 08:15:00,2026-05-12 09:03:00
3137,6,5,2026-04-27 09:15:00,2026-04-27 09:33:00
3138,17,2,2026-06-21 06:15:00,2026-06-21 07:13:00
3139,200,5,2026-04-05 08:15:00,2026-04-05 09:43:00
3140,135,5,2026-05-10 06:15:00,2026-05-10 06:39:00
3141,288,5,2026-05-27 08:15:00,2026-05-27 08:45:00
3142,147,5,2026-06-24 08:15:00,2026-06-24 09:18:00
3143,171,4,2026-04-19 10:15:00,2026-04-19 10:58:00
3144,148,1,2026-05-06 07:15:00,2026-05-06 08:08:00
3145,17,2,2026-06-09 09:15:00,2026-06-09 09:57:00
3146,2,2,2026-06-25 10:15:00,2026-06-25 10:30:00
3147,234,3,2026-04-29 10:15:00,2026-04-29 10:49:00
3148,247,2,2026-04-28 10:15:00,2026-04-28 11:19:00
3149,167,5,2026-06-28 09:15:00,2026-06-28 10:27:00
3150,186,4,2026-04-01 06:15:00,2026-04-01 06:58:00
3151,295,4,2026-05-29 07:15:00,2026-05-29 07:52:00
3152,257,2,2026-06-27 10:15:00,2026-06-27 10:58:00
3153,216,3,2026-04-30 08:15:00,2026-04-30 08:59:00
3154,224,5,2026-06-28 10:15:00,2026-06-28 10:39:00
3155,268,2,2026-04-15 10:15:00,2026-04-15 11:14:00
3156,70,2,2026-05-28 10:15:00,2026-05-28 10:35:00
3157,259,5,2026-05-28 08:15:00,2026-05-28 09:06:00
3158,148,2,2026-05-23 09:15:00,2026-05-23 10:22:00
3159,257,5,2026-06-03 07:15:00,2026-06-03 07:49:00
3160,137,4,2026-05-14 08:15:00,2026-05-14 08:51:00
3161,19,3,2026-05-17 08:15:00,2026-05-17 08:46:00
3162,4,3,2026-04-30 10:15:00,2026-04-30 11:10:00
3163,266,4,2026-05-15 07:15:00,2026-05-15 07:32:00
3164,89,5,2026-04-26 10:15:00,2026-04-26 11:19:00
3165,98,3,2026-06-07 06:15:00,2026-06-07 07:16:00
3166,138,5,2026-04-04 07:15:00,2026-04-04 07:52:00
3167,294,1,2026-06-18 09:15:00,2026-06-18 09:37:00
3168,255,5,2026-05-24 06:15:00,2026-05-24 07:13:00
3169,128,5,2026-04-27 06:15:00,2026-04-27 07:02:00
3170,207,3,2026-06-19 06:15:00,2026-06-19 07:25:00
3171,257,1,2026-04-12 07:15:00,2026-04-12 08:23:00
3172,41,4,2026-04-14 09:15:00,2026-04-14 10:36:00
3173,230,4,2026-06-29 08:15:00,2026-06-29 09:30:00
3174,87,3,2026-06-22 10:15:00,2026-06-22 10:50:00
3175,60,1,2026-05-18 09:15:00,2026-05-18 10:39:00
3176,282,1,2026-05-05 10:15:00,2026-05-05 11:39:00
3177,158,4,2026-06-27 10:15:00,2026-06-27 11:03:00
3178,59,5,2026-04-30 09:15:00,2026-04-30 10:09:00
3179,99,1,2026-06-24 07:15:00,2026-06-24 07:54:00
3180,148,2,2026-05-29 06:15:00,2026-05-29 07:10:00
3181,45,4,2026-05-10 08:15:00,2026-05-10 08:31:00
3182,63,4,2026-05-09 06:15:00,2026-05-09 06:46:00
3183,36,4,2026-04-02 06:15:00,2026-04-02 06:55:00
3184,4,3,2026-06-17 07:15:00,2026-06-17 07:30:00
3185,31,3,2026-04-25 09:15:00,2026-04-25 09:52:00
3186,164,2,2026-06-20 06:15:00,2026-06-20 07:32:00
3187,238,5,2026-04-25 08:15:00,2026-04-25 09:43:00
3188,22,2,2026-06-20 10:15:00,2026-06-20 10:55:00
3189,63,1,2026-04-21 08:15:00,2026-04-21 09:44:00
3190,157,1,2026-06-06 10:15:00,2026-06-06 10:51:00
3191,92,5,2026-04-08 09:15:00,2026-04-08 09:46:00
3192,152,4,2026-04-06 06:15:00,2026-04-06 07:04:00
3193,128,2,2026-06-20 10:15:00,2026-06-20 11:03:00
3194,278,3,2026-05-08 10:15:00,2026-05-08 10:49:00
3195,81,5,2026-06-08 07:15:00,2026-06-08 08:00:00
3196,272,4,2026-05-23 09:15:00,2026-05-23 09:40:00
3197,151,4,2026-06-08 10:15:00,2026-06-08 11:30:00
3198,27,2,2026-06-29 07:15:00,2026-06-29 08:34:00
3199,195,5,2026-05-04 10:15:00,2026-05-04 10:34:00
3200,105,2,2026-06-04 08:15:00,2026-06-04 08:57:00
3201,139,2,2026-05-22 10:15:00,2026-05-22 10:38:00
3202,177,2,2026-05-01 08:15:00,2026-05-01 09:24:00
3203,91,3,2026-06-23 10:15:00,2026-06-23 11:16:00
3204,119,2,2026-05-12 08:15:00,2026-05-12 08:49:00
3205,88,1,2026-05-16 08:15:00,2026-05-16 09:00:00
3206,280,2,2026-05-01 09:15:00,2026-05-01 10:36:00
3207,64,2,2026-06-05 07:15:00,2026-06-05 07:50:00
3208,263,4,2026-05-26 08:15:00,2026-05-26 08:33:00
3209,282,1,2026-04-17 10:15:00,2026-04-17 11:21:00
3210,286,4,2026-04-07 07:15:00,2026-04-07 07:52:00
3211,204,3,2026-05-27 09:15:00,2026-05-27 10:40:00
3212,216,5,2026-06-08 08:15:00,2026-06-08 09:18:00
3213,121,4,2026-05-13 09:15:00,2026-05-13 09:37:00
3214,147,4,2026-06-08 06:15:00,2026-06-08 06:58:00
3215,121,3,2026-04-02 10:15:00,2026-04-02 10:39:00
3216,240,1,2026-06-03 06:15:00,2026-06-03 06:48:00
3217,186,5,2026-04-10 10:15:00,2026-04-10 11:06:00
3218,189,2,2026-06-13 10:15:00,2026-06-13 11:31:00
3219,295,5,2026-06-27 06:15:00,2026-06-27 06:55:00
3220,186,4,2026-04-23 07:15:00,2026-04-23 08:21:00
3221,195,2,2026-05-07 06:15:00,2026-05-07 06:46:00
3222,203,5,2026-05-27 10:15:00,2026-05-27 10:39:00
3223,87,3,2026-06-20 09:15:00,2026-06-20 10:42:00
3224,5,1,2026-04-13 06:15:00,2026-04-13 07:10:00
3225,223,2,2026-04-29 07:15:00,2026-04-29 07:30:00
3226,16,1,2026-05-03 07:15:00,2026-05-03 07:37:00
3227,78,4,2026-06-12 09:15:00,2026-06-12 10:31:00
3228,252,5,2026-06-11 06:15:00,2026-06-11 06:44:00
3229,94,2,2026-04-07 07:15:00,2026-04-07 08:00:00
3230,109,4,2026-06-05 06:15:00,2026-06-05 07:27:00
3231,99,2,2026-06-09 09:15:00,2026-06-09 10:30:00
3232,82,2,2026-06-13 09:15:00,2026-06-13 10:12:00
3233,222,4,2026-06-08 06:15:00,2026-06-08 06:44:00
3234,187,3,2026-05-02 07:15:00,2026-05-02 07:50:00
3235,210,2,2026-04-07 07:15:00,2026-04-07 07:50:00
3236,1,3,2026-04-06 08:15:00,2026-04-06 08:54:00
3237,241,2,2026-06-09 09:15:00,2026-06-09 09:51:00
3238,226,2,2026-06-18 06:15:00,2026-06-18 07:36:00
3239,55,3,2026-05-02 06:15:00,2026-05-02 07:39:00
3240,79,5,2026-04-12 07:15:00,2026-04-12 07:51:00
3241,259,1,2026-06-07 10:15:00,2026-06-07 11:16:00
3242,191,1,2026-06-29 06:15:00,2026-06-29 07:14:00
3243,223,3,2026-06-27 07:15:00,2026-06-27 07:36:00
3244,139,5,2026-05-12 09:15:00,2026-05-12 09:54:00
3245,76,4,2026-06-24 09:15:00,2026-06-24 10:14:00
3246,112,4,2026-04-01 07:15:00,2026-04-01 08:07:00
3247,132,1,2026-05-11 09:15:00,2026-05-11 09:36:00
3248,102,1,2026-05-16 08:15:00,2026-05-16 09:21:00
3249,185,5,2026-06-08 06:15:00,2026-06-08 07:13:00
3250,100,5,2026-04-21 09:15:00,2026-04-21 10:22:00
3251,157,2,2026-04-19 06:15:00,2026-04-19 06:57:00
3252,14,4,2026-06-03 08:15:00,2026-06-03 09:33:00
3253,55,1,2026-04-03 08:15:00,2026-04-03 09:28:00
3254,267,4,2026-06-26 06:15:00,2026-06-26 06:42:00
3255,1,4,2026-06-18 08:15:00,2026-06-18 09:31:00
3256,17,1,2026-06-21 10:15:00,2026-06-21 10:48:00
3257,203,5,2026-06-12 09:15:00,2026-06-12 10:22:00
3258,258,2,2026-05-05 08:15:00,2026-05-05 09:09:00
3259,108,1,2026-06-10 10:15:00,2026-06-10 11:36:00
3260,257,5,2026-04-12 10:15:00,2026-04-12 11:36:00
3261,190,4,2026-04-28 10:15:00,2026-04-28 11:06:00
3262,66,2,2026-04-23 09:15:00,2026-04-23 10:34:00
3263,288,5,2026-05-11 08:15:00,2026-05-11 08:57:00
3264,255,3,2026-06-27 09:15:00,2026-06-27 10:07:00
3265,62,4,2026-06-06 06:15:00,2026-06-06 06:54:00
3266,101,3,2026-05-09 08:15:00,2026-05-09 09:16:00
3267,154,1,2026-04-25 08:15:00,2026-04-25 08:52:00
3268,256,2,2026-05-12 10:15:00,2026-05-12 11:27:00
3269,211,1,2026-06-07 09:15:00,2026-06-07 09:34:00
3270,295,1,2026-05-18 07:15:00,2026-05-18 07:36:00
3271,62,2,2026-04-18 07:15:00,2026-04-18 08:42:00
3272,201,4,2026-05-07 09:15:00,2026-05-07 09:58:00
3273,143,5,2026-04-14 06:15:00,2026-04-14 06:58:00
3274,160,2,2026-04-02 06:15:00,2026-04-02 06:34:00
3275,257,2,2026-06-04 08:15:00,2026-06-04 09:44:00
3276,67,3,2026-05-10 08:15:00,2026-05-10 09:41:00
3277,170,2,2026-05-13 10:15:00,2026-05-13 10:38:00
3278,262,5,2026-06-19 07:15:00,2026-06-19 07:58:00
3279,268,5,2026-05-06 10:15:00,2026-05-06 11:14:00
3280,260,3,2026-05-16 08:15:00,2026-05-16 09:15:00
3281,261,4,2026-05-25 06:15:00,2026-05-25 07:01:00
3282,21,2,2026-05-02 07:15:00,2026-05-02 08:38:00
3283,137,4,2026-04-04 07:15:00,2026-04-04 07:36:00
3284,3,2,2026-05-06 09:15:00,2026-05-06 10:45:00
3285,54,2,2026-05-17 10:15:00,2026-05-17 11:16:00
3286,115,3,2026-04-16 06:15:00,2026-04-16 06:58:00
3287,20,1,2026-06-10 08:15:00,2026-06-10 08:42:00
3288,119,5,2026-05-18 08:15:00,2026-05-18 09:21:00
3289,176,2,2026-05-12 08:15:00,2026-05-12 09:12:00
3290,296,2,2026-06-09 09:15:00,2026-06-09 10:09:00
3291,269,1,2026-06-27 06:15:00,2026-06-27 07:09:00
3292,97,4,2026-06-15 10:15:00,2026-06-15 10:48:00
3293,131,2,2026-04-26 07:15:00,2026-04-26 08:14:00
3294,163,2,2026-06-11 06:15:00,2026-06-11 06:58:00
3295,27,5,2026-05-28 08:15:00,2026-05-28 09:21:00
3296,94,1,2026-06-21 10:15:00,2026-06-21 11:44:00
3297,214,5,2026-05-26 08:15:00,2026-05-26 09:28:00
3298,140,5,2026-06-01 10:15:00,2026-06-01 11:26:00
3299,91,2,2026-06-14 06:15:00,2026-06-14 07:43:00
3300,298,3,2026-04-19 07:15:00,2026-04-19 08:36:00
3301,143,4,2026-05-07 07:15:00,2026-05-07 08:24:00
3302,246,1,2026-06-09 07:15:00,2026-06-09 07:48:00
3303,199,3,2026-05-05 06:15:00,2026-05-05 07:43:00
3304,166,5,2026-06-06 07:15:00,2026-06-06 07:31:00
3305,157,1,2026-05-14 08:15:00,2026-05-14 09:01:00
3306,206,4,2026-06-09 09:15:00,2026-06-09 10:40:00
3307,67,5,2026-05-04 07:15:00,2026-05-04 07:36:00
3308,81,1,2026-05-20 10:15:00,2026-05-20 10:43:00
3309,169,2,2026-06-07 08:15:00,2026-06-07 09:21:00
3310,216,4,2026-06-17 09:15:00,2026-06-17 09:33:00
3311,95,4,2026-06-13 09:15:00,2026-06-13 09:56:00
3312,238,4,2026-05-11 06:15:00,2026-05-11 06:37:00
3313,159,1,2026-05-05 06:15:00,2026-05-05 07:34:00
3314,8,2,2026-05-28 06:15:00,2026-05-28 07:27:00
3315,115,5,2026-04-06 06:15:00,2026-04-06 07:10:00
3316,242,4,2026-06-03 09:15:00,2026-06-03 10:19:00
3317,284,5,2026-06-17 06:15:00,2026-06-17 06:31:00
3318,100,4,2026-04-23 07:15:00,2026-04-23 08:23:00
3319,140,4,2026-05-19 08:15:00,2026-05-19 08:37:00
3320,190,5,2026-05-14 07:15:00,2026-05-14 08:24:00
3321,215,2,2026-04-15 10:15:00,2026-04-15 10:43:00
3322,177,5,2026-06-18 07:15:00,2026-06-18 07:55:00
3323,65,1,2026-05-12 06:15:00,2026-05-12 06:42:00
3324,250,4,2026-04-24 06:15:00,2026-04-24 07:43:00
3325,265,2,2026-06-15 07:15:00,2026-06-15 07:31:00
3326,24,2,2026-06-23 08:15:00,2026-06-23 09:13:00
3327,108,4,2026-05-22 10:15:00,2026-05-22 11:23:00
3328,3,5,2026-05-18 10:15:00,2026-05-18 11:41:00
3329,276,4,2026-06-09 08:15:00,2026-06-09 09:12:00
3330,289,1,2026-05-15 09:15:00,2026-05-15 10:04:00
3331,266,4,2026-04-17 07:15:00,2026-04-17 08:40:00
3332,284,5,2026-06-08 10:15:00,2026-06-08 11:25:00
3333,200,1,2026-05-04 09:15:00,2026-05-04 10:13:00
3334,20,2,2026-05-22 06:15:00,2026-05-22 07:34:00
3335,87,4,2026-04-24 07:15:00,2026-04-24 08:11:00
3336,148,5,2026-04-17 06:15:00,2026-04-17 07:34:00
3337,225,5,2026-06-08 07:15:00,2026-06-08 08:44:00
3338,147,5,2026-06-24 07:15:00,2026-06-24 07:37:00
3339,32,4,2026-04-23 08:15:00,2026-04-23 09:22:00
3340,290,5,2026-05-18 10:15:00,2026-05-18 11:21:00
3341,216,4,2026-06-04 07:15:00,2026-06-04 08:34:00
3342,104,2,2026-04-06 08:15:00,2026-04-06 09:06:00
3343,247,4,2026-04-09 08:15:00,2026-04-09 08:54:00
3344,171,3,2026-05-29 07:15:00,2026-05-29 08:11:00
3345,119,3,2026-04-15 06:15:00,2026-04-15 07:10:00
3346,14,1,2026-04-23 08:15:00,2026-04-23 09:03:00
3347,53,5,2026-05-10 06:15:00,2026-05-10 06:52:00
3348,199,5,2026-04-08 06:15:00,2026-04-08 06:30:00
3349,208,2,2026-04-12 07:15:00,2026-04-12 08:04:00
3350,261,2,2026-05-09 07:15:00,2026-05-09 08:18:00
3351,20,2,2026-05-07 06:15:00,2026-05-07 06:30:00
3352,151,4,2026-04-23 09:15:00,2026-04-23 10:25:00
3353,20,5,2026-04-29 09:15:00,2026-04-29 09:52:00
3354,270,4,2026-06-27 08:15:00,2026-06-27 08:52:00
3355,296,2,2026-06-18 08:15:00,2026-06-18 08:37:00
3356,140,3,2026-05-30 07:15:00,2026-05-30 07:36:00
3357,102,1,2026-06-19 07:15:00,2026-06-19 08:42:00
3358,155,1,2026-05-23 08:15:00,2026-05-23 08:37:00
3359,233,1,2026-06-07 09:15:00,2026-06-07 09:49:00
3360,17,4,2026-05-13 07:15:00,2026-05-13 08:04:00
3361,121,5,2026-06-07 06:15:00,2026-06-07 07:43:00
3362,114,4,2026-04-27 09:15:00,2026-04-27 10:40:00
3363,71,4,2026-06-29 09:15:00,2026-06-29 09:47:00
3364,224,1,2026-05-09 10:15:00,2026-05-09 11:43:00
3365,241,2,2026-06-16 06:15:00,2026-06-16 06:54:00
3366,213,4,2026-06-05 07:15:00,2026-06-05 07:36:00
3367,230,4,2026-06-11 06:15:00,2026-06-11 06:31:00
3368,294,5,2026-04-07 09:15:00,2026-04-07 10:43:00
3369,160,5,2026-06-18 06:15:00,2026-06-18 07:36:00
3370,250,4,2026-06-26 07:15:00,2026-06-26 07:57:00
3371,221,1,2026-04-05 06:15:00,2026-04-05 06:35:00
3372,289,1,2026-06-11 06:15:00,2026-06-11 07:37:00
3373,144,4,2026-04-04 06:15:00,2026-04-04 07:12:00
3374,267,3,2026-04-16 06:15:00,2026-04-16 06:36:00
3375,114,2,2026-05-26 09:15:00,2026-05-26 10:06:00
3376,298,3,2026-04-28 08:15:00,2026-04-28 09:36:00
3377,211,2,2026-06-17 09:15:00,2026-06-17 10:42:00
3378,66,3,2026-05-22 10:15:00,2026-05-22 11:20:00
3379,289,5,2026-04-16 08:15:00,2026-04-16 08:35:00
3380,204,5,2026-06-26 07:15:00,2026-06-26 08:38:00
3381,80,3,2026-06-17 08:15:00,2026-06-17 08:37:00
3382,73,4,2026-04-25 10:15:00,2026-04-25 10:57:00
3383,248,4,2026-06-05 08:15:00,2026-06-05 09:17:00
3384,164,3,2026-04-22 06:15:00,2026-04-22 07:16:00
3385,244,1,2026-05-27 06:15:00,2026-05-27 06:32:00
3386,222,1,2026-06-26 09:15:00,2026-06-26 10:39:00
3387,129,3,2026-05-29 06:15:00,2026-05-29 07:18:00
3388,203,1,2026-05-23 07:15:00,2026-05-23 08:04:00
3389,229,1,2026-04-07 07:15:00,2026-04-07 08:30:00
3390,194,2,2026-05-20 09:15:00,2026-05-20 10:31:00
3391,70,2,2026-04-22 08:15:00,2026-04-22 09:37:00
3392,219,1,2026-04-28 06:15:00,2026-04-28 06:33:00
3393,125,3,2026-05-12 07:15:00,2026-05-12 08:21:00
3394,198,2,2026-04-20 10:15:00,2026-04-20 10:56:00
3395,55,1,2026-04-23 09:15:00,2026-04-23 09:43:00
3396,251,1,2026-05-15 08:15:00,2026-05-15 08:43:00
3397,77,1,2026-05-14 09:15:00,2026-05-14 09:42:00
3398,147,2,2026-06-07 09:15:00,2026-06-07 10:40:00
3399,198,5,2026-05-10 06:15:00,2026-05-10 07:22:00
3400,73,2,2026-05-05 08:15:00,2026-05-05 09:14:00
3401,31,1,2026-05-06 07:15:00,2026-05-06 08:19:00
3402,4,5,2026-05-03 08:15:00,2026-05-03 08:42:00
3403,59,2,2026-05-28 10:15:00,2026-05-28 10:45:00
3404,263,5,2026-06-09 06:15:00,2026-06-09 07:31:00
3405,226,1,2026-06-15 10:15:00,2026-06-15 10:43:00
3406,105,2,2026-05-07 06:15:00,2026-05-07 07:03:00
3407,55,1,2026-05-08 08:15:00,2026-05-08 09:10:00
3408,5,3,2026-06-11 08:15:00,2026-06-11 09:15:00
3409,193,3,2026-04-06 10:15:00,2026-04-06 11:21:00
3410,73,1,2026-06-01 10:15:00,2026-06-01 11:39:00
3411,130,4,2026-06-01 08:15:00,2026-06-01 08:33:00
3412,20,5,2026-06-07 09:15:00,2026-06-07 10:12:00
3413,131,5,2026-04-17 08:15:00,2026-04-17 09:03:00
3414,251,2,2026-05-02 09:15:00,2026-05-02 10:36:00
3415,216,5,2026-04-21 06:15:00,2026-04-21 07:21:00
3416,63,5,2026-04-20 06:15:00,2026-04-20 06:40:00
3417,149,1,2026-06-19 09:15:00,2026-06-19 10:14:00
3418,110,4,2026-04-04 09:15:00,2026-04-04 09:37:00
3419,83,1,2026-04-11 08:15:00,2026-04-11 09:40:00
3420,97,1,2026-04-15 08:15:00,2026-04-15 09:45:00
3421,57,4,2026-06-17 10:15:00,2026-06-17 11:07:00
3422,200,2,2026-06-06 07:15:00,2026-06-06 08:26:00
3423,244,1,2026-06-14 06:15:00,2026-06-14 06:46:00
3424,131,3,2026-04-22 07:15:00,2026-04-22 07:52:00
3425,234,5,2026-06-14 06:15:00,2026-06-14 07:23:00
3426,256,1,2026-04-29 07:15:00,2026-04-29 07:48:00
3427,184,5,2026-04-27 07:15:00,2026-04-27 08:25:00
3428,230,3,2026-06-16 08:15:00,2026-06-16 09:45:00
3429,227,3,2026-05-28 09:15:00,2026-05-28 10:37:00
3430,89,4,2026-05-14 06:15:00,2026-05-14 06:39:00
3431,283,4,2026-05-10 10:15:00,2026-05-10 11:26:00
3432,98,1,2026-06-17 07:15:00,2026-06-17 07:37:00
3433,47,5,2026-04-23 08:15:00,2026-04-23 09:04:00
3434,87,2,2026-04-26 06:15:00,2026-04-26 07:20:00
3435,274,4,2026-05-02 08:15:00,2026-05-02 08:37:00
3436,244,1,2026-05-01 06:15:00,2026-05-01 07:06:00
3437,279,2,2026-06-04 07:15:00,2026-06-04 07:39:00
3438,25,3,2026-05-05 06:15:00,2026-05-05 07:43:00
3439,71,5,2026-05-08 09:15:00,2026-05-08 09:55:00
3440,64,1,2026-06-01 09:15:00,2026-06-01 10:13:00
3441,191,2,2026-05-11 08:15:00,2026-05-11 08:43:00
3442,211,1,2026-04-14 09:15:00,2026-04-14 09:34:00
3443,124,3,2026-04-06 06:15:00,2026-04-06 07:09:00
3444,30,3,2026-05-21 10:15:00,2026-05-21 10:37:00
3445,151,2,2026-06-29 08:15:00,2026-06-29 09:33:00
3446,233,1,2026-04-21 09:15:00,2026-04-21 09:39:00
3447,48,3,2026-04-20 09:15:00,2026-04-20 09:54:00
3448,116,3,2026-04-21 08:15:00,2026-04-21 08:37:00
3449,151,1,2026-05-13 08:15:00,2026-05-13 08:34:00
3450,136,5,2026-05-26 07:15:00,2026-05-26 08:36:00
3451,254,2,2026-05-13 10:15:00,2026-05-13 10:33:00
3452,36,3,2026-06-23 09:15:00,2026-06-23 09:56:00
3453,116,4,2026-05-12 09:15:00,2026-05-12 10:39:00
3454,256,5,2026-04-08 06:15:00,2026-04-08 07:01:00
3455,285,1,2026-04-17 09:15:00,2026-04-17 10:08:00
3456,4,2,2026-04-28 08:15:00,2026-04-28 08:42:00
3457,134,5,2026-06-11 07:15:00,2026-06-11 07:45:00
3458,45,3,2026-04-06 06:15:00,2026-04-06 07:22:00
3459,132,2,2026-04-16 09:15:00,2026-04-16 09:46:00
3460,217,4,2026-06-02 08:15:00,2026-06-02 08:48:00
3461,1,5,2026-06-07 09:15:00,2026-06-07 10:44:00
3462,251,5,2026-06-26 07:15:00,2026-06-26 07:34:00
3463,133,4,2026-05-08 07:15:00,2026-05-08 08:20:00
3464,187,2,2026-06-21 06:15:00,2026-06-21 07:11:00
3465,186,1,2026-04-18 06:15:00,2026-04-18 07:26:00
3466,256,3,2026-04-02 06:15:00,2026-04-02 07:36:00
3467,103,3,2026-05-20 09:15:00,2026-05-20 10:12:00
3468,261,4,2026-04-17 10:15:00,2026-04-17 10:31:00
3469,51,4,2026-04-12 06:15:00,2026-04-12 07:30:00
3470,165,4,2026-04-14 07:15:00,2026-04-14 07:39:00
3471,221,5,2026-06-27 06:15:00,2026-06-27 07:43:00
3472,74,5,2026-04-20 10:15:00,2026-04-20 11:19:00
3473,90,1,2026-06-26 09:15:00,2026-06-26 09:30:00
3474,181,3,2026-06-27 09:15:00,2026-06-27 10:12:00
3475,157,4,2026-05-20 10:15:00,2026-05-20 11:16:00
3476,126,5,2026-04-18 07:15:00,2026-04-18 08:14:00
3477,33,1,2026-04-08 07:15:00,2026-04-08 08:37:00
3478,146,4,2026-04-26 06:15:00,2026-04-26 07:05:00
3479,11,3,2026-06-17 10:15:00,2026-06-17 10:34:00
3480,105,1,2026-04-29 09:15:00,2026-04-29 10:10:00
3481,96,5,2026-05-31 06:15:00,2026-05-31 06:45:00
3482,119,1,2026-04-14 09:15:00,2026-04-14 09:42:00
3483,63,1,2026-06-22 08:15:00,2026-06-22 09:10:00
3484,241,2,2026-06-27 09:15:00,2026-06-27 10:04:00
3485,100,3,2026-05-12 09:15:00,2026-05-12 10:08:00
3486,137,4,2026-05-19 10:15:00,2026-05-19 11:31:00
3487,225,5,2026-06-18 07:15:00,2026-06-18 08:39:00
3488,148,1,2026-04-14 08:15:00,2026-04-14 09:03:00
3489,166,2,2026-04-17 08:15:00,2026-04-17 09:13:00
3490,58,1,2026-04-29 06:15:00,2026-04-29 06:57:00
3491,284,5,2026-04-01 10:15:00,2026-04-01 11:00:00
3492,4,4,2026-06-20 07:15:00,2026-06-20 08:41:00
3493,174,5,2026-05-19 10:15:00,2026-05-19 10:48:00
3494,196,1,2026-05-03 08:15:00,2026-05-03 08:42:00
3495,288,1,2026-06-07 09:15:00,2026-06-07 09:52:00
3496,297,1,2026-05-30 10:15:00,2026-05-30 11:04:00
3497,6,4,2026-06-02 09:15:00,2026-06-02 10:22:00
3498,20,3,2026-05-24 07:15:00,2026-05-24 08:16:00
3499,139,5,2026-05-08 08:15:00,2026-05-08 08:58:00
3500,226,3,2026-06-18 09:15:00,2026-06-18 09:33:00
3501,186,2,2026-06-10 06:15:00,2026-06-10 06:42:00
3502,89,4,2026-04-08 06:15:00,2026-04-08 06:42:00
3503,172,1,2026-04-29 09:15:00,2026-04-29 09:59:00
3504,139,5,2026-04-12 06:15:00,2026-04-12 07:21:00
3505,214,2,2026-04-21 10:15:00,2026-04-21 11:04:00
3506,299,5,2026-06-01 10:15:00,2026-06-01 11:36:00
3507,250,2,2026-06-27 10:15:00,2026-06-27 10:33:00
3508,267,5,2026-05-16 08:15:00,2026-05-16 08:54:00
3509,279,3,2026-06-26 09:15:00,2026-06-26 09:32:00
3510,175,4,2026-04-16 08:15:00,2026-04-16 08:38:00
3511,88,4,2026-04-18 10:15:00,2026-04-18 11:28:00
3512,241,1,2026-05-22 09:15:00,2026-05-22 09:49:00
3513,247,4,2026-06-17 10:15:00,2026-06-17 11:14:00
3514,243,1,2026-05-04 10:15:00,2026-05-04 11:16:00
3515,269,2,2026-06-22 06:15:00,2026-06-22 07:37:00
3516,236,4,2026-04-16 09:15:00,2026-04-16 10:06:00
3517,139,5,2026-05-09 09:15:00,2026-05-09 10:33:00
3518,268,1,2026-06-08 07:15:00,2026-06-08 08:14:00
3519,259,2,2026-04-04 08:15:00,2026-04-04 09:14:00
3520,198,4,2026-05-02 09:15:00,2026-05-02 10:22:00
3521,298,2,2026-04-14 06:15:00,2026-04-14 07:24:00
3522,250,3,2026-05-30 09:15:00,2026-05-30 09:58:00
3523,222,4,2026-06-24 10:15:00,2026-06-24 11:18:00
3524,214,5,2026-06-27 10:15:00,2026-06-27 11:13:00
3525,216,2,2026-05-17 10:15:00,2026-05-17 10:50:00
3526,104,2,2026-06-21 06:15:00,2026-06-21 07:08:00
3527,27,2,2026-05-07 09:15:00,2026-05-07 09:30:00
3528,63,3,2026-05-29 10:15:00,2026-05-29 11:25:00
3529,39,5,2026-04-10 10:15:00,2026-04-10 11:40:00
3530,24,1,2026-04-28 07:15:00,2026-04-28 08:26:00
3531,214,4,2026-06-14 06:15:00,2026-06-14 06:54:00
3532,300,2,2026-06-01 10:15:00,2026-06-01 10:32:00
3533,222,2,2026-05-11 06:15:00,2026-05-11 07:01:00
3534,83,1,2026-06-04 10:15:00,2026-06-04 10:49:00
3535,152,1,2026-05-24 06:15:00,2026-05-24 07:26:00
3536,276,4,2026-04-09 07:15:00,2026-04-09 07:36:00
3537,69,5,2026-04-07 07:15:00,2026-04-07 08:29:00
3538,246,5,2026-05-15 06:15:00,2026-05-15 07:17:00
3539,296,2,2026-04-30 06:15:00,2026-04-30 06:54:00
3540,123,4,2026-04-04 06:15:00,2026-04-04 07:29:00
3541,238,5,2026-04-28 08:15:00,2026-04-28 08:37:00
3542,36,2,2026-05-15 06:15:00,2026-05-15 07:18:00
3543,94,3,2026-04-20 10:15:00,2026-04-20 11:37:00
3544,95,2,2026-04-06 06:15:00,2026-04-06 07:01:00
3545,111,2,2026-06-23 10:15:00,2026-06-23 10:31:00
3546,235,2,2026-06-04 10:15:00,2026-06-04 10:30:00
3547,51,3,2026-06-15 10:15:00,2026-06-15 11:12:00
3548,176,3,2026-06-28 06:15:00,2026-06-28 07:13:00
3549,197,4,2026-04-03 09:15:00,2026-04-03 10:17:00
3550,176,4,2026-06-14 06:15:00,2026-06-14 07:39:00
3551,192,2,2026-04-18 09:15:00,2026-04-18 10:17:00
3552,92,4,2026-04-05 09:15:00,2026-04-05 10:29:00
3553,72,3,2026-06-22 10:15:00,2026-06-22 11:18:00
3554,8,5,2026-04-21 10:15:00,2026-04-21 11:23:00
3555,153,3,2026-04-16 09:15:00,2026-04-16 09:48:00
3556,198,5,2026-04-01 08:15:00,2026-04-01 09:31:00
3557,144,3,2026-06-20 06:15:00,2026-06-20 06:49:00
3558,270,1,2026-06-27 08:15:00,2026-06-27 09:19:00
3559,57,1,2026-04-24 06:15:00,2026-04-24 07:04:00
3560,214,3,2026-05-12 10:15:00,2026-05-12 10:31:00
3561,178,5,2026-06-13 09:15:00,2026-06-13 10:30:00
3562,275,3,2026-06-14 06:15:00,2026-06-14 07:20:00
3563,105,4,2026-05-13 09:15:00,2026-05-13 10:25:00
3564,171,5,2026-05-10 08:15:00,2026-05-10 09:29:00
3565,47,2,2026-06-01 10:15:00,2026-06-01 11:03:00
3566,187,1,2026-05-13 10:15:00,2026-05-13 10:43:00
3567,221,4,2026-05-31 09:15:00,2026-05-31 10:04:00
3568,7,4,2026-04-03 08:15:00,2026-04-03 08:31:00
3569,114,4,2026-04-07 10:15:00,2026-04-07 11:44:00
3570,102,1,2026-04-15 09:15:00,2026-04-15 10:14:00
3571,266,4,2026-06-22 06:15:00,2026-06-22 06:51:00
3572,68,1,2026-05-04 09:15:00,2026-05-04 09:48:00
3573,29,5,2026-04-09 06:15:00,2026-04-09 06:45:00
3574,246,1,2026-04-30 10:15:00,2026-04-30 11:17:00
3575,202,4,2026-05-26 07:15:00,2026-05-26 07:33:00
3576,131,4,2026-06-14 08:15:00,2026-06-14 09:01:00
3577,230,3,2026-04-18 09:15:00,2026-04-18 10:25:00
3578,177,3,2026-06-15 07:15:00,2026-06-15 08:22:00
3579,234,5,2026-06-14 08:15:00,2026-06-14 08:30:00
3580,195,1,2026-06-20 09:15:00,2026-06-20 10:10:00
3581,100,1,2026-06-04 08:15:00,2026-06-04 08:51:00
3582,183,5,2026-04-22 08:15:00,2026-04-22 08:54:00
3583,292,5,2026-04-26 10:15:00,2026-04-26 10:39:00
3584,114,3,2026-04-17 10:15:00,2026-04-17 11:22:00
3585,289,5,2026-06-11 08:15:00,2026-06-11 09:09:00
3586,84,2,2026-04-16 07:15:00,2026-04-16 07:56:00
3587,139,1,2026-06-11 08:15:00,2026-06-11 09:32:00
3588,230,3,2026-04-05 09:15:00,2026-04-05 10:10:00
3589,279,5,2026-04-12 10:15:00,2026-04-12 11:07:00
3590,209,2,2026-04-14 08:15:00,2026-04-14 08:30:00
3591,258,4,2026-06-02 09:15:00,2026-06-02 10:34:00
3592,279,2,2026-04-26 06:15:00,2026-04-26 07:30:00
3593,190,3,2026-06-26 10:15:00,2026-06-26 10:46:00
3594,292,2,2026-04-13 09:15:00,2026-04-13 10:39:00
3595,139,5,2026-04-12 06:15:00,2026-04-12 07:13:00
3596,113,4,2026-06-10 07:15:00,2026-06-10 07:50:00
3597,48,1,2026-06-14 10:15:00,2026-06-14 11:36:00
3598,92,4,2026-05-10 07:15:00,2026-05-10 08:11:00
3599,2,4,2026-06-22 08:15:00,2026-06-22 09:16:00
3600,234,3,2026-06-27 09:15:00,2026-06-27 10:30:00
3601,6,5,2026-04-27 09:15:00,2026-04-27 09:59:00
3602,299,5,2026-04-18 10:15:00,2026-04-18 11:27:00
3603,145,4,2026-05-19 09:15:00,2026-05-19 10:40:00
3604,266,2,2026-04-06 09:15:00,2026-04-06 10:24:00
3605,152,5,2026-04-26 06:15:00,2026-04-26 07:31:00
3606,241,2,2026-05-30 06:15:00,2026-05-30 06:47:00
3607,172,5,2026-04-05 10:15:00,2026-04-05 11:13:00
3608,150,5,2026-06-27 10:15:00,2026-06-27 11:39:00
3609,58,5,2026-05-03 07:15:00,2026-05-03 07:31:00
3610,252,1,2026-06-22 08:15:00,2026-06-22 09:24:00
3611,194,1,2026-06-09 09:15:00,2026-06-09 10:04:00
3612,251,3,2026-04-14 07:15:00,2026-04-14 08:32:00
3613,286,4,2026-04-11 10:15:00,2026-04-11 11:02:00
3614,68,4,2026-06-15 10:15:00,2026-06-15 10:54:00
3615,271,3,2026-04-30 09:15:00,2026-04-30 10:29:00
3616,290,1,2026-06-14 09:15:00,2026-06-14 09:52:00
3617,117,5,2026-04-18 10:15:00,2026-04-18 11:12:00
3618,204,4,2026-04-16 07:15:00,2026-04-16 08:03:00
3619,36,1,2026-05-15 09:15:00,2026-05-15 09:45:00
3620,293,3,2026-06-16 10:15:00,2026-06-16 10:31:00
3621,261,2,2026-06-28 10:15:00,2026-06-28 11:30:00
3622,198,1,2026-05-02 08:15:00,2026-05-02 09:39:00
3623,222,3,2026-04-21 07:15:00,2026-04-21 08:29:00
3624,253,3,2026-04-04 06:15:00,2026-04-04 07:31:00
3625,161,3,2026-04-09 09:15:00,2026-04-09 10:03:00
3626,19,3,2026-06-02 08:15:00,2026-06-02 08:31:00
3627,295,1,2026-06-16 07:15:00,2026-06-16 08:08:00
3628,178,3,2026-05-25 06:15:00,2026-05-25 06:33:00
3629,269,1,2026-05-30 07:15:00,2026-05-30 07:51:00
3630,227,2,2026-06-15 10:15:00,2026-06-15 10:54:00
3631,285,1,2026-04-25 07:15:00,2026-04-25 07:57:00
3632,243,5,2026-05-06 09:15:00,2026-05-06 10:06:00
3633,63,2,2026-05-21 10:15:00,2026-05-21 11:29:00
3634,107,1,2026-05-06 09:15:00,2026-05-06 10:19:00
3635,156,5,2026-04-19 10:15:00,2026-04-19 10:57:00
3636,197,3,2026-06-18 06:15:00,2026-06-18 07:18:00
3637,170,2,2026-04-27 06:15:00,2026-04-27 07:14:00
3638,233,4,2026-06-25 08:15:00,2026-06-25 08:37:00
3639,83,2,2026-05-17 10:15:00,2026-05-17 11:14:00
3640,68,5,2026-05-05 10:15:00,2026-05-05 11:16:00
3641,125,2,2026-06-28 09:15:00,2026-06-28 09:45:00
3642,136,1,2026-06-23 08:15:00,2026-06-23 09:16:00
3643,109,5,2026-05-04 08:15:00,2026-05-04 08:54:00
3644,272,3,2026-04-25 10:15:00,2026-04-25 11:11:00
3645,181,3,2026-05-01 07:15:00,2026-05-01 08:18:00
3646,194,5,2026-04-27 06:15:00,2026-04-27 07:06:00
3647,53,2,2026-06-15 10:15:00,2026-06-15 11:06:00
3648,115,3,2026-04-09 09:15:00,2026-04-09 09:34:00
3649,189,3,2026-04-12 06:15:00,2026-04-12 06:43:00
3650,287,3,2026-05-28 10:15:00,2026-05-28 11:17:00
3651,53,2,2026-05-24 06:15:00,2026-05-24 06:36:00
3652,150,1,2026-06-24 06:15:00,2026-06-24 06:47:00
3653,216,2,2026-05-03 07:15:00,2026-05-03 08:34:00
3654,28,3,2026-05-04 08:15:00,2026-05-04 09:25:00
3655,20,3,2026-05-29 10:15:00,2026-05-29 11:06:00
3656,218,4,2026-04-24 06:15:00,2026-04-24 07:35:00
3657,204,4,2026-04-27 08:15:00,2026-04-27 09:10:00
3658,103,4,2026-04-26 10:15:00,2026-04-26 10:45:00
3659,161,3,2026-05-05 08:15:00,2026-05-05 08:33:00
3660,235,4,2026-04-15 07:15:00,2026-04-15 08:27:00
3661,52,3,2026-04-30 10:15:00,2026-04-30 10:42:00
3662,289,5,2026-05-03 06:15:00,2026-05-03 07:42:00
3663,258,4,2026-05-26 07:15:00,2026-05-26 08:36:00
3664,289,4,2026-05-22 06:15:00,2026-05-22 06:36:00
3665,59,3,2026-04-25 10:15:00,2026-04-25 11:43:00
3666,22,3,2026-06-17 10:15:00,2026-06-17 11:10:00
3667,38,4,2026-04-17 07:15:00,2026-04-17 07:43:00
3668,223,3,2026-05-17 09:15:00,2026-05-17 10:00:00
3669,23,5,2026-05-20 10:15:00,2026-05-20 10:36:00
3670,264,4,2026-05-22 07:15:00,2026-05-22 07:55:00
3671,206,1,2026-06-14 08:15:00,2026-06-14 09:25:00
3672,239,5,2026-04-10 09:15:00,2026-04-10 10:18:00
3673,92,1,2026-04-24 09:15:00,2026-04-24 09:30:00
3674,59,4,2026-05-11 08:15:00,2026-05-11 09:00:00
3675,72,1,2026-06-01 06:15:00,2026-06-01 07:08:00
3676,130,1,2026-05-27 09:15:00,2026-05-27 10:07:00
3677,280,4,2026-06-27 08:15:00,2026-06-27 09:28:00
3678,105,5,2026-05-30 10:15:00,2026-05-30 10:42:00
3679,113,2,2026-05-24 10:15:00,2026-05-24 11:10:00
3680,187,3,2026-04-25 06:15:00,2026-04-25 07:12:00
3681,207,3,2026-05-18 08:15:00,2026-05-18 09:15:00
3682,296,5,2026-04-07 10:15:00,2026-04-07 11:36:00
3683,253,2,2026-05-14 10:15:00,2026-05-14 10:49:00
3684,160,4,2026-06-03 10:15:00,2026-06-03 11:31:00
3685,97,4,2026-05-30 08:15:00,2026-05-30 08:30:00
3686,167,1,2026-04-13 06:15:00,2026-04-13 07:27:00
3687,112,2,2026-06-12 07:15:00,2026-06-12 07:34:00
3688,113,2,2026-04-25 07:15:00,2026-04-25 08:13:00
3689,110,1,2026-04-30 08:15:00,2026-04-30 08:34:00
3690,90,2,2026-06-14 09:15:00,2026-06-14 09:33:00
3691,150,2,2026-05-02 10:15:00,2026-05-02 11:00:00
3692,10,1,2026-05-17 06:15:00,2026-05-17 06:31:00
3693,252,5,2026-04-09 09:15:00,2026-04-09 10:16:00
3694,103,2,2026-05-27 06:15:00,2026-05-27 06:37:00
3695,194,3,2026-05-24 06:15:00,2026-05-24 07:35:00
3696,297,4,2026-06-10 10:15:00,2026-06-10 10:34:00
3697,129,2,2026-05-10 08:15:00,2026-05-10 09:24:00
3698,291,5,2026-04-19 10:15:00,2026-04-19 10:32:00
3699,130,1,2026-06-19 07:15:00,2026-06-19 08:22:00
3700,222,1,2026-04-16 08:15:00,2026-04-16 09:21:00
3701,76,2,2026-04-14 10:15:00,2026-04-14 11:40:00
3702,139,1,2026-06-06 08:15:00,2026-06-06 09:12:00
3703,179,5,2026-05-07 06:15:00,2026-05-07 07:42:00
3704,241,4,2026-06-16 09:15:00,2026-06-16 10:22:00
3705,294,4,2026-04-29 08:15:00,2026-04-29 08:46:00
3706,296,2,2026-05-13 07:15:00,2026-05-13 07:57:00
3707,89,4,2026-06-02 06:15:00,2026-06-02 07:01:00
3708,206,5,2026-06-17 10:15:00,2026-06-17 10:43:00
3709,42,1,2026-05-25 10:15:00,2026-05-25 11:21:00
3710,142,2,2026-06-16 06:15:00,2026-06-16 06:46:00
3711,245,4,2026-05-14 10:15:00,2026-05-14 10:58:00
3712,14,5,2026-06-16 07:15:00,2026-06-16 08:33:00
3713,268,3,2026-06-17 10:15:00,2026-06-17 10:58:00
3714,89,5,2026-04-22 10:15:00,2026-04-22 11:36:00
3715,194,3,2026-04-21 08:15:00,2026-04-21 09:16:00
3716,219,3,2026-05-11 09:15:00,2026-05-11 10:15:00
3717,2,5,2026-06-25 09:15:00,2026-06-25 10:25:00
3718,274,1,2026-05-10 06:15:00,2026-05-10 07:20:00
3719,94,2,2026-04-18 08:15:00,2026-04-18 09:37:00
3720,60,2,2026-06-09 10:15:00,2026-06-09 10:51:00
3721,1,4,2026-04-02 07:15:00,2026-04-02 08:13:00
3722,76,2,2026-04-20 10:15:00,2026-04-20 10:41:00
3723,111,1,2026-05-06 09:15:00,2026-05-06 09:55:00
3724,127,1,2026-04-01 09:15:00,2026-04-01 09:37:00
3725,108,4,2026-04-16 06:15:00,2026-04-16 07:00:00
3726,114,4,2026-04-18 10:15:00,2026-04-18 11:34:00
3727,34,3,2026-05-19 06:15:00,2026-05-19 06:31:00
3728,199,4,2026-04-23 08:15:00,2026-04-23 09:01:00
3729,244,4,2026-04-03 07:15:00,2026-04-03 08:04:00
3730,168,4,2026-05-23 10:15:00,2026-05-23 10:30:00
3731,141,4,2026-06-10 10:15:00,2026-06-10 10:59:00
3732,295,4,2026-05-26 10:15:00,2026-05-26 11:30:00
3733,190,2,2026-05-04 07:15:00,2026-05-04 07:31:00
3734,24,2,2026-04-20 08:15:00,2026-04-20 09:25:00
3735,70,3,2026-06-03 07:15:00,2026-06-03 08:36:00
3736,33,5,2026-06-10 06:15:00,2026-06-10 07:03:00
3737,124,1,2026-05-29 09:15:00,2026-05-29 09:43:00
3738,23,2,2026-05-05 08:15:00,2026-05-05 08:53:00
3739,40,1,2026-05-21 06:15:00,2026-05-21 07:42:00
3740,241,4,2026-05-05 07:15:00,2026-05-05 07:36:00
3741,298,2,2026-05-24 06:15:00,2026-05-24 07:31:00
3742,249,4,2026-06-12 09:15:00,2026-06-12 10:09:00
3743,156,1,2026-04-06 09:15:00,2026-04-06 10:41:00
3744,295,2,2026-06-07 09:15:00,2026-06-07 10:03:00
3745,122,4,2026-06-29 07:15:00,2026-06-29 07:56:00
3746,278,2,2026-06-19 09:15:00,2026-06-19 10:09:00
3747,192,4,2026-05-12 08:15:00,2026-05-12 08:53:00
3748,69,5,2026-04-06 06:15:00,2026-04-06 07:10:00
3749,183,4,2026-05-10 06:15:00,2026-05-10 06:57:00
3750,39,1,2026-05-28 08:15:00,2026-05-28 09:12:00
3751,268,3,2026-04-19 07:15:00,2026-04-19 07:48:00
3752,121,1,2026-06-09 06:15:00,2026-06-09 07:15:00
3753,108,2,2026-04-20 08:15:00,2026-04-20 08:52:00
3754,242,4,2026-04-04 09:15:00,2026-04-04 09:42:00
3755,221,1,2026-05-02 06:15:00,2026-05-02 06:50:00
3756,11,2,2026-05-08 06:15:00,2026-05-08 07:25:00
3757,74,4,2026-04-16 10:15:00,2026-04-16 11:18:00
3758,188,2,2026-04-20 09:15:00,2026-04-20 10:34:00
3759,204,4,2026-05-02 06:15:00,2026-05-02 07:28:00
3760,76,5,2026-06-06 09:15:00,2026-06-06 09:41:00
3761,145,5,2026-05-26 09:15:00,2026-05-26 09:59:00
3762,286,1,2026-04-19 07:15:00,2026-04-19 07:45:00
3763,119,3,2026-05-01 10:15:00,2026-05-01 10:45:00
3764,59,1,2026-06-10 08:15:00,2026-06-10 09:04:00
3765,187,1,2026-05-31 08:15:00,2026-05-31 08:36:00
3766,230,2,2026-05-18 08:15:00,2026-05-18 09:04:00
3767,242,3,2026-06-07 10:15:00,2026-06-07 11:00:00
3768,101,1,2026-06-05 07:15:00,2026-06-05 08:35:00
3769,152,1,2026-04-21 06:15:00,2026-04-21 07:39:00
3770,125,2,2026-04-13 06:15:00,2026-04-13 06:58:00
3771,91,4,2026-04-05 09:15:00,2026-04-05 09:42:00
3772,54,2,2026-06-10 06:15:00,2026-06-10 07:21:00
3773,214,4,2026-06-09 06:15:00,2026-06-09 07:15:00
3774,125,2,2026-05-05 06:15:00,2026-05-05 07:24:00
3775,59,4,2026-04-18 06:15:00,2026-04-18 06:32:00
3776,181,2,2026-06-15 06:15:00,2026-06-15 07:19:00
3777,99,2,2026-04-13 08:15:00,2026-04-13 09:31:00
3778,180,5,2026-04-23 06:15:00,2026-04-23 07:01:00
3779,71,3,2026-05-10 06:15:00,2026-05-10 07:19:00
3780,299,5,2026-04-09 09:15:00,2026-04-09 10:25:00
3781,262,2,2026-06-14 06:15:00,2026-06-14 06:39:00
3782,274,3,2026-04-01 10:15:00,2026-04-01 11:25:00
3783,279,4,2026-06-18 10:15:00,2026-06-18 11:31:00
3784,100,5,2026-04-12 09:15:00,2026-04-12 09:35:00
3785,283,2,2026-06-12 08:15:00,2026-06-12 08:33:00
3786,20,5,2026-04-02 10:15:00,2026-04-02 10:44:00
3787,97,4,2026-06-04 06:15:00,2026-06-04 07:20:00
3788,286,1,2026-06-14 06:15:00,2026-06-14 07:23:00
3789,178,5,2026-05-30 08:15:00,2026-05-30 09:21:00
3790,295,4,2026-05-28 09:15:00,2026-05-28 09:31:00
3791,71,1,2026-05-30 08:15:00,2026-05-30 08:42:00
3792,286,4,2026-04-30 07:15:00,2026-04-30 07:43:00
3793,15,5,2026-05-03 10:15:00,2026-05-03 11:43:00
3794,46,2,2026-06-22 07:15:00,2026-06-22 07:45:00
3795,25,4,2026-04-05 06:15:00,2026-04-05 06:57:00
3796,205,1,2026-04-02 07:15:00,2026-04-02 07:51:00
3797,17,4,2026-06-15 08:15:00,2026-06-15 08:31:00
3798,139,3,2026-04-12 10:15:00,2026-04-12 10:55:00
3799,162,1,2026-04-08 09:15:00,2026-04-08 09:42:00
3800,163,1,2026-04-19 08:15:00,2026-04-19 09:19:00
3801,90,1,2026-05-08 09:15:00,2026-05-08 10:15:00
3802,253,2,2026-05-11 09:15:00,2026-05-11 10:21:00
3803,173,5,2026-04-13 09:15:00,2026-04-13 09:52:00
3804,284,5,2026-04-20 08:15:00,2026-04-20 09:34:00
3805,229,2,2026-05-23 10:15:00,2026-05-23 10:42:00
3806,89,5,2026-04-02 07:15:00,2026-04-02 08:29:00
3807,146,5,2026-05-17 08:15:00,2026-05-17 08:53:00
3808,297,1,2026-05-03 07:15:00,2026-05-03 07:56:00
3809,228,4,2026-06-22 09:15:00,2026-06-22 10:10:00
3810,36,2,2026-05-17 06:15:00,2026-05-17 06:51:00
3811,267,4,2026-06-19 08:15:00,2026-06-19 08:49:00
3812,58,4,2026-06-09 09:15:00,2026-06-09 10:16:00
3813,63,1,2026-06-25 07:15:00,2026-06-25 08:07:00
3814,174,1,2026-04-10 09:15:00,2026-04-10 10:41:00
3815,243,1,2026-04-20 06:15:00,2026-04-20 06:49:00
3816,296,3,2026-06-28 07:15:00,2026-06-28 07:40:00
3817,98,1,2026-06-27 06:15:00,2026-06-27 06:50:00
3818,113,5,2026-06-29 06:15:00,2026-06-29 06:52:00
3819,234,1,2026-05-05 08:15:00,2026-05-05 09:35:00
3820,6,2,2026-05-26 06:15:00,2026-05-26 07:01:00
3821,140,4,2026-05-25 06:15:00,2026-05-25 07:33:00
3822,236,2,2026-05-29 06:15:00,2026-05-29 07:42:00
3823,70,5,2026-04-23 06:15:00,2026-04-23 06:37:00
3824,4,3,2026-05-21 09:15:00,2026-05-21 09:45:00
3825,29,3,2026-06-05 06:15:00,2026-06-05 07:37:00
3826,74,5,2026-05-16 10:15:00,2026-05-16 11:28:00
3827,56,5,2026-04-22 10:15:00,2026-04-22 10:42:00
3828,213,3,2026-05-15 07:15:00,2026-05-15 08:27:00
3829,102,4,2026-05-22 08:15:00,2026-05-22 09:12:00
3830,190,4,2026-06-18 06:15:00,2026-06-18 07:17:00
3831,145,5,2026-05-16 06:15:00,2026-05-16 07:14:00
3832,102,2,2026-05-20 09:15:00,2026-05-20 09:34:00
3833,63,5,2026-04-07 08:15:00,2026-04-07 08:49:00
3834,232,3,2026-04-01 07:15:00,2026-04-01 07:37:00
3835,299,1,2026-05-21 08:15:00,2026-05-21 08:52:00
3836,47,5,2026-06-28 06:15:00,2026-06-28 06:51:00
3837,36,3,2026-06-02 10:15:00,2026-06-02 10:54:00
3838,22,5,2026-05-16 09:15:00,2026-05-16 10:39:00
3839,150,1,2026-04-10 06:15:00,2026-04-10 06:42:00
3840,73,1,2026-06-16 08:15:00,2026-06-16 09:30:00
3841,22,4,2026-05-22 10:15:00,2026-05-22 11:03:00
3842,72,4,2026-05-11 07:15:00,2026-05-11 07:54:00
3843,273,1,2026-05-10 06:15:00,2026-05-10 07:16:00
3844,160,2,2026-06-09 10:15:00,2026-06-09 10:34:00
3845,224,5,2026-06-28 07:15:00,2026-06-28 08:08:00
3846,205,5,2026-06-04 09:15:00,2026-06-04 10:03:00
3847,161,4,2026-04-03 10:15:00,2026-04-03 10:57:00
3848,230,1,2026-04-12 10:15:00,2026-04-12 11:25:00
3849,101,1,2026-05-21 07:15:00,2026-05-21 08:23:00
3850,53,5,2026-05-29 06:15:00,2026-05-29 07:35:00
3851,59,5,2026-04-21 10:15:00,2026-04-21 10:30:00
3852,222,5,2026-05-05 10:15:00,2026-05-05 11:21:00
3853,199,3,2026-04-10 09:15:00,2026-04-10 10:43:00
3854,88,1,2026-06-10 08:15:00,2026-06-10 09:13:00
3855,154,1,2026-06-13 10:15:00,2026-06-13 11:00:00
3856,287,1,2026-06-27 07:15:00,2026-06-27 08:39:00
3857,284,3,2026-04-18 08:15:00,2026-04-18 09:40:00
3858,127,3,2026-05-06 08:15:00,2026-05-06 08:30:00
3859,269,2,2026-06-11 09:15:00,2026-06-11 10:38:00
3860,77,3,2026-06-10 07:15:00,2026-06-10 07:57:00
3861,229,3,2026-06-01 10:15:00,2026-06-01 11:12:00
3862,257,1,2026-05-17 10:15:00,2026-05-17 10:42:00
3863,227,3,2026-05-30 09:15:00,2026-05-30 10:12:00
3864,70,5,2026-06-20 09:15:00,2026-06-20 09:45:00
3865,76,2,2026-04-20 10:15:00,2026-04-20 10:46:00
3866,295,1,2026-04-24 07:15:00,2026-04-24 07:34:00
3867,139,2,2026-04-08 10:15:00,2026-04-08 11:36:00
3868,161,1,2026-04-04 10:15:00,2026-04-04 11:43:00
3869,98,5,2026-04-14 09:15:00,2026-04-14 09:54:00
3870,295,2,2026-05-20 08:15:00,2026-05-20 09:28:00
3871,1,4,2026-05-20 07:15:00,2026-05-20 07:45:00
3872,155,5,2026-05-04 07:15:00,2026-05-04 08:07:00
3873,172,3,2026-06-04 09:15:00,2026-06-04 09:36:00
3874,74,3,2026-06-07 07:15:00,2026-06-07 08:11:00
3875,276,5,2026-06-13 06:15:00,2026-06-13 07:37:00
3876,265,4,2026-06-17 08:15:00,2026-06-17 09:08:00
3877,105,5,2026-04-13 09:15:00,2026-04-13 09:32:00
3878,225,3,2026-05-30 06:15:00,2026-05-30 07:16:00
3879,245,5,2026-06-17 06:15:00,2026-06-17 07:12:00
3880,44,1,2026-06-07 10:15:00,2026-06-07 11:22:00
3881,210,4,2026-04-04 10:15:00,2026-04-04 10:31:00
3882,254,4,2026-05-06 09:15:00,2026-05-06 10:18:00
3883,87,2,2026-06-25 09:15:00,2026-06-25 10:17:00
3884,173,2,2026-06-09 07:15:00,2026-06-09 07:36:00
3885,240,1,2026-06-17 07:15:00,2026-06-17 08:15:00
3886,156,5,2026-05-03 06:15:00,2026-05-03 06:49:00
3887,100,1,2026-06-02 09:15:00,2026-06-02 09:34:00
3888,63,3,2026-05-06 09:15:00,2026-05-06 10:06:00
3889,223,4,2026-06-14 09:15:00,2026-06-14 09:39:00
3890,120,1,2026-06-06 10:15:00,2026-06-06 11:16:00
3891,190,5,2026-06-06 06:15:00,2026-06-06 06:54:00
3892,94,4,2026-04-16 09:15:00,2026-04-16 10:00:00
3893,289,5,2026-04-01 06:15:00,2026-04-01 07:23:00
3894,187,1,2026-04-14 07:15:00,2026-04-14 08:16:00
3895,160,4,2026-05-06 08:15:00,2026-05-06 08:41:00
3896,121,3,2026-05-30 08:15:00,2026-05-30 08:58:00
3897,179,1,2026-04-27 09:15:00,2026-04-27 10:36:00
3898,42,4,2026-06-20 10:15:00,2026-06-20 11:39:00
3899,298,5,2026-06-01 06:15:00,2026-06-01 07:27:00
3900,297,4,2026-06-08 10:15:00,2026-06-08 10:39:00
3901,120,1,2026-06-13 07:15:00,2026-06-13 08:10:00
3902,119,4,2026-04-02 10:15:00,2026-04-02 10:51:00
3903,83,2,2026-05-17 07:15:00,2026-05-17 07:54:00
3904,68,4,2026-06-08 10:15:00,2026-06-08 11:06:00
3905,133,2,2026-06-29 10:15:00,2026-06-29 11:15:00
3906,244,3,2026-04-03 06:15:00,2026-04-03 06:37:00
3907,273,4,2026-04-03 10:15:00,2026-04-03 10:40:00
3908,156,4,2026-06-21 06:15:00,2026-06-21 07:28:00
3909,58,2,2026-06-17 07:15:00,2026-06-17 08:34:00
3910,225,3,2026-05-15 09:15:00,2026-05-15 10:30:00
3911,220,2,2026-06-13 06:15:00,2026-06-13 07:16:00
3912,209,5,2026-06-07 09:15:00,2026-06-07 10:42:00
3913,7,3,2026-04-20 07:15:00,2026-04-20 07:46:00
3914,274,3,2026-05-29 07:15:00,2026-05-29 08:39:00
3915,299,1,2026-05-19 07:15:00,2026-05-19 08:26:00
3916,144,3,2026-06-07 09:15:00,2026-06-07 10:17:00
3917,179,2,2026-04-23 07:15:00,2026-04-23 08:33:00
3918,33,3,2026-06-28 08:15:00,2026-06-28 09:14:00
3919,248,1,2026-04-04 08:15:00,2026-04-04 08:43:00
3920,30,2,2026-06-12 09:15:00,2026-06-12 10:41:00
3921,74,2,2026-06-01 07:15:00,2026-06-01 07:34:00
3922,41,3,2026-05-19 07:15:00,2026-05-19 08:15:00
3923,223,2,2026-04-02 08:15:00,2026-04-02 08:33:00
3924,171,3,2026-06-05 08:15:00,2026-06-05 08:53:00
3925,98,3,2026-05-25 06:15:00,2026-05-25 06:45:00
3926,102,3,2026-06-18 09:15:00,2026-06-18 10:18:00
3927,55,3,2026-05-13 06:15:00,2026-05-13 06:38:00
3928,21,4,2026-06-06 06:15:00,2026-06-06 07:17:00
3929,240,2,2026-04-19 10:15:00,2026-04-19 11:03:00
3930,241,1,2026-05-08 08:15:00,2026-05-08 09:08:00
3931,44,3,2026-06-16 07:15:00,2026-06-16 07:42:00
3932,158,2,2026-04-12 10:15:00,2026-04-12 10:43:00
3933,133,1,2026-04-04 06:15:00,2026-04-04 07:25:00
3934,53,5,2026-06-15 07:15:00,2026-06-15 08:39:00
3935,207,2,2026-04-11 07:15:00,2026-04-11 07:31:00
3936,173,4,2026-06-26 10:15:00,2026-06-26 11:31:00
3937,197,3,2026-06-16 06:15:00,2026-06-16 07:00:00
3938,139,1,2026-04-06 06:15:00,2026-04-06 07:38:00
3939,112,2,2026-06-21 08:15:00,2026-06-21 09:40:00
3940,186,5,2026-05-26 09:15:00,2026-05-26 09:52:00
3941,217,2,2026-05-30 08:15:00,2026-05-30 09:09:00
3942,88,3,2026-04-21 07:15:00,2026-04-21 08:34:00
3943,185,3,2026-05-07 09:15:00,2026-05-07 10:31:00
3944,213,1,2026-04-07 09:15:00,2026-04-07 09:41:00
3945,225,4,2026-04-12 06:15:00,2026-04-12 06:32:00
3946,261,2,2026-04-26 06:15:00,2026-04-26 07:41:00
3947,38,2,2026-04-06 10:15:00,2026-04-06 10:44:00
3948,207,3,2026-04-18 07:15:00,2026-04-18 08:40:00
3949,82,4,2026-05-30 08:15:00,2026-05-30 09:41:00
3950,15,2,2026-06-07 10:15:00,2026-06-07 11:12:00
3951,16,3,2026-04-26 10:15:00,2026-04-26 11:34:00
3952,156,5,2026-05-03 10:15:00,2026-05-03 11:32:00
3953,86,1,2026-06-21 08:15:00,2026-06-21 09:32:00
3954,215,5,2026-04-29 07:15:00,2026-04-29 08:00:00
3955,20,4,2026-06-18 06:15:00,2026-06-18 06:53:00
3956,60,3,2026-04-08 10:15:00,2026-04-08 11:33:00
3957,263,2,2026-05-10 06:15:00,2026-05-10 06:31:00
3958,269,4,2026-05-28 09:15:00,2026-05-28 10:28:00
3959,250,2,2026-06-21 10:15:00,2026-06-21 11:12:00
3960,237,5,2026-05-11 06:15:00,2026-05-11 06:54:00
3961,83,4,2026-06-04 06:15:00,2026-06-04 07:33:00
3962,148,4,2026-04-07 07:15:00,2026-04-07 08:06:00
3963,15,5,2026-05-30 08:15:00,2026-05-30 09:12:00
3964,241,2,2026-04-14 06:15:00,2026-04-14 06:37:00
3965,72,4,2026-05-12 08:15:00,2026-05-12 09:36:00
3966,50,3,2026-04-21 08:15:00,2026-04-21 09:34:00
3967,195,3,2026-06-18 07:15:00,2026-06-18 07:39:00
3968,123,1,2026-04-24 10:15:00,2026-04-24 10:34:00
3969,164,2,2026-04-27 08:15:00,2026-04-27 09:10:00
3970,66,1,2026-05-03 08:15:00,2026-05-03 08:44:00
3971,77,3,2026-04-05 07:15:00,2026-04-05 08:24:00
3972,200,4,2026-05-08 07:15:00,2026-05-08 07:42:00
3973,14,3,2026-04-24 10:15:00,2026-04-24 10:39:00
3974,5,2,2026-06-02 09:15:00,2026-06-02 09:46:00
3975,212,2,2026-04-09 06:15:00,2026-04-09 07:10:00
3976,5,3,2026-05-27 08:15:00,2026-05-27 09:28:00
3977,245,3,2026-05-19 06:15:00,2026-05-19 07:16:00
3978,300,4,2026-06-02 06:15:00,2026-06-02 07:15:00
3979,101,5,2026-04-10 10:15:00,2026-04-10 10:36:00
3980,155,1,2026-04-26 07:15:00,2026-04-26 07:44:00
3981,114,4,2026-04-04 06:15:00,2026-04-04 07:27:00
3982,160,2,2026-04-09 08:15:00,2026-04-09 08:36:00
3983,89,1,2026-04-20 09:15:00,2026-04-20 09:56:00
3984,294,2,2026-05-10 10:15:00,2026-05-10 11:39:00
3985,136,1,2026-06-07 08:15:00,2026-06-07 08:39:00
3986,198,1,2026-06-14 09:15:00,2026-06-14 10:17:00
3987,185,2,2026-04-11 09:15:00,2026-04-11 09:30:00
3988,38,3,2026-05-06 06:15:00,2026-05-06 06:48:00
3989,112,4,2026-05-06 08:15:00,2026-05-06 08:46:00
3990,27,5,2026-05-21 08:15:00,2026-05-21 09:06:00
3991,178,1,2026-04-02 08:15:00,2026-04-02 09:13:00
3992,219,2,2026-04-29 10:15:00,2026-04-29 11:13:00
3993,171,3,2026-06-12 06:15:00,2026-06-12 07:15:00
3994,204,2,2026-04-05 06:15:00,2026-04-05 07:38:00
3995,114,2,2026-05-21 10:15:00,2026-05-21 11:28:00
3996,44,4,2026-06-01 09:15:00,2026-06-01 09:43:00
3997,23,4,2026-04-30 08:15:00,2026-04-30 08:42:00
3998,174,3,2026-06-03 09:15:00,2026-06-03 09:31:00
3999,111,4,2026-04-01 10:15:00,2026-04-01 11:23:00
4000,100,1,2026-04-03 07:15:00,2026-04-03 08:33:00
4001,240,1,2026-06-17 09:15:00,2026-06-17 10:16:00
4002,219,2,2026-06-27 09:15:00,2026-06-27 10:40:00
4003,90,3,2026-06-28 06:15:00,2026-06-28 06:42:00
4004,125,1,2026-04-06 10:15:00,2026-04-06 10:31:00
4005,29,4,2026-06-20 09:15:00,2026-06-20 09:32:00
4006,144,2,2026-04-15 07:15:00,2026-04-15 08:01:00
4007,12,5,2026-04-20 06:15:00,2026-04-20 07:03:00
4008,276,2,2026-04-12 10:15:00,2026-04-12 11:25:00
4009,73,2,2026-04-16 07:15:00,2026-04-16 07:32:00
4010,228,5,2026-06-27 10:15:00,2026-06-27 11:06:00
4011,120,1,2026-04-13 07:15:00,2026-04-13 07:57:00
4012,229,1,2026-06-23 07:15:00,2026-06-23 07:34:00
4013,282,3,2026-06-23 09:15:00,2026-06-23 10:30:00
4014,20,5,2026-05-09 09:15:00,2026-05-09 10:04:00
4015,85,5,2026-05-30 10:15:00,2026-05-30 11:34:00
4016,143,2,2026-04-26 06:15:00,2026-04-26 06:54:00
4017,217,2,2026-04-03 08:15:00,2026-04-03 09:13:00
4018,247,2,2026-04-29 10:15:00,2026-04-29 11:09:00
4019,125,1,2026-05-02 08:15:00,2026-05-02 09:43:00
4020,183,1,2026-04-21 08:15:00,2026-04-21 08:57:00
4021,222,3,2026-06-27 10:15:00,2026-06-27 11:34:00
4022,11,5,2026-04-28 06:15:00,2026-04-28 07:43:00
4023,163,1,2026-04-15 07:15:00,2026-04-15 08:22:00
4024,179,4,2026-06-08 08:15:00,2026-06-08 09:10:00
4025,170,4,2026-05-05 08:15:00,2026-05-05 08:47:00
4026,164,1,2026-06-27 07:15:00,2026-06-27 08:30:00
4027,164,5,2026-06-10 09:15:00,2026-06-10 10:39:00
4028,78,3,2026-05-16 08:15:00,2026-05-16 08:43:00
4029,168,2,2026-05-03 10:15:00,2026-05-03 10:58:00
4030,222,3,2026-05-01 06:15:00,2026-05-01 06:34:00
4031,106,5,2026-04-04 09:15:00,2026-04-04 10:25:00
4032,236,2,2026-04-29 10:15:00,2026-04-29 11:20:00
4033,271,1,2026-06-11 09:15:00,2026-06-11 09:33:00
4034,115,2,2026-06-20 08:15:00,2026-06-20 08:49:00
4035,109,5,2026-05-26 08:15:00,2026-05-26 09:31:00
4036,119,5,2026-06-12 06:15:00,2026-06-12 06:34:00
4037,19,5,2026-06-04 10:15:00,2026-06-04 11:19:00
4038,22,1,2026-04-11 10:15:00,2026-04-11 10:52:00
4039,211,4,2026-06-14 08:15:00,2026-06-14 09:45:00
4040,47,4,2026-05-11 08:15:00,2026-05-11 08:33:00
4041,177,5,2026-05-17 07:15:00,2026-05-17 07:59:00
4042,116,1,2026-05-20 07:15:00,2026-05-20 08:21:00
4043,113,3,2026-06-08 09:15:00,2026-06-08 10:21:00
4044,154,2,2026-04-22 06:15:00,2026-04-22 06:46:00
4045,31,3,2026-05-29 08:15:00,2026-05-29 09:39:00
4046,69,5,2026-05-08 09:15:00,2026-05-08 10:06:00
4047,154,3,2026-05-14 08:15:00,2026-05-14 09:13:00
4048,112,4,2026-04-02 10:15:00,2026-04-02 11:10:00
4049,163,4,2026-06-28 08:15:00,2026-06-28 09:14:00
4050,54,4,2026-04-25 07:15:00,2026-04-25 08:29:00
4051,221,3,2026-06-17 08:15:00,2026-06-17 09:19:00
4052,101,5,2026-05-19 09:15:00,2026-05-19 09:36:00
4053,188,1,2026-04-24 10:15:00,2026-04-24 11:36:00
4054,180,2,2026-06-13 07:15:00,2026-06-13 08:12:00
4055,271,2,2026-06-03 09:15:00,2026-06-03 10:06:00
4056,94,3,2026-06-16 09:15:00,2026-06-16 10:19:00
4057,18,4,2026-06-24 10:15:00,2026-06-24 11:15:00
4058,116,2,2026-05-07 10:15:00,2026-05-07 11:33:00
4059,215,4,2026-04-19 10:15:00,2026-04-19 10:54:00
4060,209,3,2026-06-28 08:15:00,2026-06-28 09:01:00
4061,167,4,2026-04-14 07:15:00,2026-04-14 07:47:00
4062,173,4,2026-06-29 08:15:00,2026-06-29 09:15:00
4063,70,2,2026-04-20 08:15:00,2026-04-20 09:34:00
4064,245,1,2026-06-02 09:15:00,2026-06-02 09:31:00
4065,60,1,2026-06-03 10:15:00,2026-06-03 10:40:00
4066,145,4,2026-04-19 10:15:00,2026-04-19 11:33:00
4067,68,2,2026-04-29 10:15:00,2026-04-29 10:30:00
4068,282,3,2026-05-21 09:15:00,2026-05-21 10:20:00
4069,42,1,2026-06-07 06:15:00,2026-06-07 06:58:00
4070,162,4,2026-05-27 10:15:00,2026-05-27 10:48:00
4071,173,2,2026-05-29 06:15:00,2026-05-29 06:49:00
4072,69,3,2026-05-04 10:15:00,2026-05-04 10:32:00
4073,29,2,2026-05-18 10:15:00,2026-05-18 10:33:00
4074,9,1,2026-05-29 08:15:00,2026-05-29 09:22:00
4075,97,2,2026-04-24 06:15:00,2026-04-24 06:56:00
4076,54,3,2026-06-26 09:15:00,2026-06-26 10:25:00
4077,152,2,2026-05-23 09:15:00,2026-05-23 09:38:00
4078,166,2,2026-05-12 08:15:00,2026-05-12 08:55:00
4079,168,5,2026-06-25 08:15:00,2026-06-25 08:46:00
4080,29,3,2026-05-13 10:15:00,2026-05-13 10:55:00
4081,224,5,2026-04-10 10:15:00,2026-04-10 10:34:00
4082,168,2,2026-05-26 10:15:00,2026-05-26 10:40:00
4083,18,5,2026-05-27 06:15:00,2026-05-27 06:38:00
4084,251,5,2026-06-19 07:15:00,2026-06-19 08:29:00
4085,242,2,2026-04-24 09:15:00,2026-04-24 09:34:00
4086,178,1,2026-05-05 08:15:00,2026-05-05 08:54:00
4087,30,2,2026-05-05 06:15:00,2026-05-05 07:01:00
4088,13,4,2026-04-19 06:15:00,2026-04-19 07:18:00
4089,189,5,2026-06-14 07:15:00,2026-06-14 08:08:00
4090,37,2,2026-06-27 06:15:00,2026-06-27 07:19:00
4091,141,4,2026-05-18 10:15:00,2026-05-18 10:50:00
4092,159,3,2026-04-15 08:15:00,2026-04-15 08:33:00
4093,270,3,2026-04-16 08:15:00,2026-04-16 09:18:00
4094,250,1,2026-06-13 09:15:00,2026-06-13 09:41:00
4095,220,4,2026-05-09 07:15:00,2026-05-09 07:58:00
4096,101,4,2026-06-25 10:15:00,2026-06-25 11:25:00
4097,188,1,2026-05-16 06:15:00,2026-05-16 06:49:00
4098,56,5,2026-06-09 07:15:00,2026-06-09 07:58:00
4099,96,1,2026-05-21 10:15:00,2026-05-21 11:44:00
4100,98,2,2026-04-25 07:15:00,2026-04-25 08:33:00
4101,47,1,2026-06-17 07:15:00,2026-06-17 07:31:00
4102,252,4,2026-06-19 10:15:00,2026-06-19 11:07:00
4103,174,4,2026-05-13 06:15:00,2026-05-13 06:51:00
4104,47,2,2026-04-22 06:15:00,2026-04-22 06:31:00
4105,114,4,2026-05-19 07:15:00,2026-05-19 08:14:00
4106,145,4,2026-05-31 08:15:00,2026-05-31 08:53:00
4107,11,2,2026-05-26 07:15:00,2026-05-26 07:51:00
4108,30,3,2026-05-04 08:15:00,2026-05-04 08:56:00
4109,102,3,2026-05-27 10:15:00,2026-05-27 11:18:00
4110,181,4,2026-04-27 06:15:00,2026-04-27 07:25:00
4111,265,3,2026-05-03 06:15:00,2026-05-03 07:06:00
4112,299,5,2026-05-17 09:15:00,2026-05-17 09:55:00
4113,10,4,2026-04-01 10:15:00,2026-04-01 11:00:00
4114,163,1,2026-05-01 09:15:00,2026-05-01 10:13:00
4115,197,1,2026-06-29 08:15:00,2026-06-29 09:43:00
4116,30,1,2026-04-06 08:15:00,2026-04-06 08:37:00
4117,152,2,2026-06-09 07:15:00,2026-06-09 07:51:00
4118,175,2,2026-04-12 07:15:00,2026-04-12 08:15:00
4119,285,4,2026-05-16 07:15:00,2026-05-16 08:19:00
4120,269,5,2026-05-25 08:15:00,2026-05-25 09:14:00
4121,17,5,2026-05-05 09:15:00,2026-05-05 10:38:00
4122,128,3,2026-05-06 08:15:00,2026-05-06 08:48:00
4123,55,4,2026-06-20 10:15:00,2026-06-20 11:03:00
4124,254,1,2026-06-11 06:15:00,2026-06-11 06:45:00
4125,180,4,2026-04-02 09:15:00,2026-04-02 10:17:00
4126,291,1,2026-06-04 07:15:00,2026-06-04 07:33:00
4127,228,2,2026-05-10 08:15:00,2026-05-10 09:06:00
4128,131,3,2026-04-24 10:15:00,2026-04-24 11:15:00
4129,199,3,2026-05-24 09:15:00,2026-05-24 10:40:00
4130,81,2,2026-05-30 08:15:00,2026-05-30 09:06:00
4131,59,4,2026-06-21 07:15:00,2026-06-21 08:42:00
4132,41,5,2026-06-11 07:15:00,2026-06-11 08:25:00
4133,136,1,2026-06-20 08:15:00,2026-06-20 09:09:00
4134,110,5,2026-05-12 08:15:00,2026-05-12 08:47:00
4135,179,5,2026-06-07 10:15:00,2026-06-07 11:00:00
4136,178,3,2026-06-11 08:15:00,2026-06-11 09:11:00
4137,191,1,2026-04-04 08:15:00,2026-04-04 08:39:00
4138,229,1,2026-04-25 10:15:00,2026-04-25 11:22:00
4139,86,2,2026-06-29 06:15:00,2026-06-29 07:04:00
4140,174,5,2026-06-21 07:15:00,2026-06-21 07:30:00
4141,61,2,2026-04-13 06:15:00,2026-04-13 07:34:00
4142,53,4,2026-04-26 10:15:00,2026-04-26 10:56:00
4143,94,3,2026-04-28 08:15:00,2026-04-28 08:30:00
4144,227,1,2026-05-27 06:15:00,2026-05-27 06:39:00
4145,120,4,2026-04-09 09:15:00,2026-04-09 10:04:00
4146,249,1,2026-06-08 08:15:00,2026-06-08 09:10:00
4147,110,2,2026-05-27 07:15:00,2026-05-27 08:34:00
4148,89,4,2026-04-29 06:15:00,2026-04-29 07:29:00
4149,33,2,2026-04-10 10:15:00,2026-04-10 11:29:00
4150,211,5,2026-06-24 09:15:00,2026-06-24 09:54:00
4151,17,2,2026-05-09 10:15:00,2026-05-09 10:38:00
4152,240,5,2026-05-16 08:15:00,2026-05-16 09:33:00
4153,223,5,2026-05-30 09:15:00,2026-05-30 10:36:00
4154,196,3,2026-04-15 06:15:00,2026-04-15 06:47:00
4155,5,1,2026-04-27 08:15:00,2026-04-27 08:57:00
4156,276,2,2026-06-08 08:15:00,2026-06-08 09:27:00
4157,8,2,2026-05-07 10:15:00,2026-05-07 11:05:00
4158,29,1,2026-04-13 08:15:00,2026-04-13 09:35:00
4159,167,3,2026-06-16 07:15:00,2026-06-16 08:11:00
4160,203,1,2026-06-08 10:15:00,2026-06-08 11:09:00
4161,91,3,2026-05-03 08:15:00,2026-05-03 08:58:00
4162,249,5,2026-05-24 10:15:00,2026-05-24 11:00:00
4163,167,1,2026-05-07 10:15:00,2026-05-07 11:01:00
4164,275,4,2026-04-26 07:15:00,2026-04-26 07:33:00
4165,161,4,2026-06-03 06:15:00,2026-06-03 06:36:00
4166,26,2,2026-04-10 09:15:00,2026-04-10 09:30:00
4167,200,5,2026-06-07 08:15:00,2026-06-07 09:00:00
4168,108,4,2026-05-30 06:15:00,2026-05-30 07:27:00
4169,213,3,2026-06-06 09:15:00,2026-06-06 09:36:00
4170,94,4,2026-05-12 08:15:00,2026-05-12 09:12:00
4171,178,3,2026-06-14 08:15:00,2026-06-14 09:43:00
4172,259,5,2026-05-23 08:15:00,2026-05-23 09:25:00
4173,107,4,2026-04-11 07:15:00,2026-04-11 07:30:00
4174,200,4,2026-05-24 10:15:00,2026-05-24 11:43:00
4175,275,5,2026-04-17 06:15:00,2026-04-17 07:04:00
4176,109,4,2026-04-21 07:15:00,2026-04-21 07:54:00
4177,84,3,2026-06-06 06:15:00,2026-06-06 06:55:00
4178,270,2,2026-04-25 09:15:00,2026-04-25 10:15:00
4179,296,5,2026-05-02 10:15:00,2026-05-02 10:40:00
4180,120,5,2026-05-12 08:15:00,2026-05-12 08:57:00
4181,81,5,2026-05-23 09:15:00,2026-05-23 10:36:00
4182,224,3,2026-06-05 09:15:00,2026-06-05 10:24:00
4183,160,1,2026-04-25 08:15:00,2026-04-25 09:30:00
4184,197,4,2026-05-18 07:15:00,2026-05-18 08:15:00
4185,140,3,2026-04-02 09:15:00,2026-04-02 10:00:00
4186,69,1,2026-06-18 08:15:00,2026-06-18 08:44:00
4187,14,4,2026-04-21 08:15:00,2026-04-21 09:03:00
4188,52,3,2026-04-02 10:15:00,2026-04-02 11:18:00
4189,198,1,2026-05-03 07:15:00,2026-05-03 08:03:00
4190,268,5,2026-06-22 07:15:00,2026-06-22 08:44:00
4191,143,5,2026-05-05 07:15:00,2026-05-05 08:18:00
4192,251,1,2026-04-10 10:15:00,2026-04-10 11:19:00
4193,46,1,2026-05-11 09:15:00,2026-05-11 10:06:00
4194,37,4,2026-06-03 07:15:00,2026-06-03 08:36:00
4195,71,1,2026-04-02 07:15:00,2026-04-02 08:28:00
4196,156,2,2026-06-01 06:15:00,2026-06-01 06:56:00
4197,30,4,2026-04-23 07:15:00,2026-04-23 08:23:00
4198,104,1,2026-05-21 08:15:00,2026-05-21 09:32:00
4199,96,1,2026-04-21 07:15:00,2026-04-21 08:07:00
4200,64,1,2026-04-17 08:15:00,2026-04-17 09:24:00
4201,165,4,2026-04-10 08:15:00,2026-04-10 08:42:00
4202,123,2,2026-04-02 07:15:00,2026-04-02 08:10:00
4203,22,2,2026-06-01 07:15:00,2026-06-01 08:13:00
4204,217,3,2026-04-28 10:15:00,2026-04-28 11:21:00
4205,82,1,2026-04-14 08:15:00,2026-04-14 09:07:00
4206,78,3,2026-04-05 08:15:00,2026-04-05 08:31:00
4207,234,3,2026-05-03 09:15:00,2026-05-03 10:30:00
4208,209,1,2026-04-13 08:15:00,2026-04-13 08:53:00
4209,107,2,2026-06-27 08:15:00,2026-06-27 09:25:00
4210,107,5,2026-04-01 06:15:00,2026-04-01 07:07:00
4211,189,1,2026-06-29 07:15:00,2026-06-29 07:54:00
4212,212,2,2026-04-27 09:15:00,2026-04-27 10:29:00
4213,20,3,2026-05-30 08:15:00,2026-05-30 09:02:00
4214,88,1,2026-06-29 06:15:00,2026-06-29 06:57:00
4215,113,4,2026-05-06 09:15:00,2026-05-06 10:09:00
4216,180,2,2026-06-05 06:15:00,2026-06-05 07:18:00
4217,66,5,2026-06-08 09:15:00,2026-06-08 10:11:00
4218,235,4,2026-05-07 10:15:00,2026-05-07 10:39:00
4219,179,2,2026-04-14 09:15:00,2026-04-14 10:14:00
4220,300,1,2026-06-19 06:15:00,2026-06-19 07:13:00
4221,271,5,2026-06-27 09:15:00,2026-06-27 10:15:00
4222,233,3,2026-05-21 07:15:00,2026-05-21 07:38:00
4223,94,2,2026-06-16 07:15:00,2026-06-16 07:31:00
4224,260,4,2026-05-12 09:15:00,2026-05-12 10:23:00
4225,22,3,2026-06-04 07:15:00,2026-06-04 07:44:00
4226,135,2,2026-05-11 10:15:00,2026-05-11 10:38:00
4227,70,3,2026-06-26 10:15:00,2026-06-26 11:05:00
4228,186,4,2026-04-04 06:15:00,2026-04-04 07:05:00
4229,102,5,2026-06-21 06:15:00,2026-06-21 07:27:00
4230,181,3,2026-05-03 07:15:00,2026-05-03 08:01:00
4231,221,3,2026-05-24 10:15:00,2026-05-24 11:29:00
4232,109,1,2026-06-24 08:15:00,2026-06-24 08:33:00
4233,115,5,2026-05-16 07:15:00,2026-05-16 08:16:00
4234,212,4,2026-04-03 08:15:00,2026-04-03 08:58:00
4235,150,2,2026-06-23 10:15:00,2026-06-23 11:02:00
4236,18,4,2026-04-25 10:15:00,2026-04-25 11:25:00
4237,97,2,2026-04-19 06:15:00,2026-04-19 06:56:00
4238,214,2,2026-05-25 07:15:00,2026-05-25 08:22:00
4239,263,5,2026-04-23 06:15:00,2026-04-23 06:40:00
4240,136,1,2026-05-20 06:15:00,2026-05-20 06:31:00
4241,295,5,2026-06-22 07:15:00,2026-06-22 08:35:00
4242,295,1,2026-04-29 09:15:00,2026-04-29 10:01:00
4243,168,4,2026-05-20 06:15:00,2026-05-20 06:46:00
4244,103,1,2026-06-26 08:15:00,2026-06-26 09:30:00
4245,44,3,2026-04-30 09:15:00,2026-04-30 10:03:00
4246,231,5,2026-06-20 06:15:00,2026-06-20 07:45:00
4247,292,1,2026-04-23 09:15:00,2026-04-23 10:29:00
4248,218,2,2026-04-06 07:15:00,2026-04-06 08:10:00
4249,58,1,2026-06-01 09:15:00,2026-06-01 10:22:00
4250,43,5,2026-06-25 07:15:00,2026-06-25 08:37:00
4251,31,3,2026-04-25 10:15:00,2026-04-25 11:36:00
4252,135,2,2026-04-09 09:15:00,2026-04-09 09:53:00
4253,217,3,2026-04-27 08:15:00,2026-04-27 08:53:00
4254,173,5,2026-06-10 07:15:00,2026-06-10 08:42:00
4255,43,1,2026-04-13 08:15:00,2026-04-13 08:53:00
4256,53,3,2026-04-12 08:15:00,2026-04-12 09:28:00
4257,242,3,2026-05-07 08:15:00,2026-05-07 09:13:00
4258,210,1,2026-04-06 08:15:00,2026-04-06 09:08:00
4259,163,1,2026-04-27 10:15:00,2026-04-27 11:10:00
4260,37,3,2026-05-17 10:15:00,2026-05-17 11:07:00
4261,239,1,2026-04-14 10:15:00,2026-04-14 10:33:00
4262,117,3,2026-04-20 06:15:00,2026-04-20 07:27:00
4263,138,5,2026-05-02 07:15:00,2026-05-02 08:34:00
4264,39,2,2026-05-29 07:15:00,2026-05-29 07:45:00
4265,264,2,2026-04-06 10:15:00,2026-04-06 10:52:00
4266,4,5,2026-05-07 08:15:00,2026-05-07 08:45:00
4267,263,3,2026-04-02 09:15:00,2026-04-02 09:51:00
4268,295,4,2026-05-15 06:15:00,2026-05-15 07:36:00
4269,104,1,2026-05-10 10:15:00,2026-05-10 11:01:00
4270,189,1,2026-06-03 08:15:00,2026-06-03 09:41:00
4271,81,2,2026-04-08 08:15:00,2026-04-08 09:30:00
4272,296,5,2026-05-05 10:15:00,2026-05-05 11:03:00
4273,24,1,2026-06-21 08:15:00,2026-06-21 08:49:00
4274,281,4,2026-06-21 07:15:00,2026-06-21 07:58:00
4275,69,4,2026-04-01 10:15:00,2026-04-01 11:19:00
4276,128,4,2026-04-22 10:15:00,2026-04-22 11:30:00
4277,155,1,2026-05-22 10:15:00,2026-05-22 10:45:00
4278,12,2,2026-06-05 06:15:00,2026-06-05 07:13:00
4279,253,1,2026-05-11 06:15:00,2026-05-11 06:43:00
4280,263,3,2026-06-01 07:15:00,2026-06-01 07:50:00
4281,208,5,2026-06-27 08:15:00,2026-06-27 09:05:00
4282,280,2,2026-04-16 10:15:00,2026-04-16 10:57:00
4283,38,1,2026-06-18 06:15:00,2026-06-18 07:01:00
4284,270,5,2026-06-15 09:15:00,2026-06-15 09:37:00
4285,171,1,2026-05-31 07:15:00,2026-05-31 08:09:00
4286,104,4,2026-05-20 08:15:00,2026-05-20 08:46:00
4287,193,4,2026-04-16 10:15:00,2026-04-16 11:25:00
4288,83,2,2026-04-01 09:15:00,2026-04-01 10:34:00
4289,242,4,2026-06-07 10:15:00,2026-06-07 10:51:00
4290,123,4,2026-06-22 10:15:00,2026-06-22 10:57:00
4291,242,1,2026-04-02 08:15:00,2026-04-02 08:39:00
4292,285,4,2026-04-21 09:15:00,2026-04-21 10:12:00
4293,45,2,2026-05-04 08:15:00,2026-05-04 09:03:00
4294,35,4,2026-06-09 10:15:00,2026-06-09 11:43:00
4295,45,2,2026-05-19 08:15:00,2026-05-19 09:38:00
4296,174,3,2026-04-25 06:15:00,2026-04-25 07:16:00
4297,193,1,2026-04-12 09:15:00,2026-04-12 09:31:00
4298,227,4,2026-04-01 09:15:00,2026-04-01 09:46:00
4299,96,1,2026-05-15 10:15:00,2026-05-15 11:43:00
4300,289,1,2026-06-13 07:15:00,2026-06-13 07:54:00
4301,95,1,2026-04-21 09:15:00,2026-04-21 09:33:00
4302,113,3,2026-05-30 06:15:00,2026-05-30 07:21:00
4303,151,5,2026-06-22 09:15:00,2026-06-22 10:02:00
4304,86,2,2026-06-03 06:15:00,2026-06-03 07:00:00
4305,206,4,2026-04-30 08:15:00,2026-04-30 08:40:00
4306,106,3,2026-05-11 08:15:00,2026-05-11 08:31:00
4307,86,4,2026-05-04 10:15:00,2026-05-04 10:48:00
4308,35,2,2026-06-12 06:15:00,2026-06-12 07:22:00
4309,142,2,2026-06-29 10:15:00,2026-06-29 10:48:00
4310,206,4,2026-04-30 10:15:00,2026-04-30 11:03:00
4311,91,5,2026-04-15 09:15:00,2026-04-15 09:53:00
4312,210,5,2026-04-29 09:15:00,2026-04-29 10:08:00
4313,176,1,2026-06-18 06:15:00,2026-06-18 06:52:00
4314,51,4,2026-05-12 08:15:00,2026-05-12 09:42:00
4315,126,2,2026-05-15 06:15:00,2026-05-15 07:33:00
4316,223,4,2026-06-18 06:15:00,2026-06-18 06:51:00
4317,106,2,2026-04-03 09:15:00,2026-04-03 10:07:00
4318,292,1,2026-05-06 09:15:00,2026-05-06 09:51:00
4319,50,4,2026-06-23 08:15:00,2026-06-23 08:44:00
4320,198,3,2026-04-05 10:15:00,2026-04-05 10:58:00
4321,68,3,2026-06-19 06:15:00,2026-06-19 07:37:00
4322,205,2,2026-05-25 09:15:00,2026-05-25 10:45:00
4323,58,1,2026-04-02 10:15:00,2026-04-02 10:39:00
4324,244,2,2026-05-03 10:15:00,2026-05-03 11:39:00
4325,70,3,2026-06-11 08:15:00,2026-06-11 09:09:00
4326,117,4,2026-05-17 08:15:00,2026-05-17 09:40:00
4327,231,2,2026-06-28 08:15:00,2026-06-28 08:32:00
4328,229,2,2026-06-22 08:15:00,2026-06-22 08:51:00
4329,228,2,2026-05-25 10:15:00,2026-05-25 11:16:00
4330,10,5,2026-04-07 09:15:00,2026-04-07 09:58:00
4331,119,2,2026-04-29 09:15:00,2026-04-29 10:21:00
4332,131,1,2026-06-26 07:15:00,2026-06-26 07:48:00
4333,149,3,2026-04-14 08:15:00,2026-04-14 09:12:00
4334,163,3,2026-05-27 08:15:00,2026-05-27 09:34:00
4335,181,5,2026-06-29 10:15:00,2026-06-29 10:54:00
4336,155,1,2026-04-22 10:15:00,2026-04-22 11:16:00
4337,221,3,2026-06-28 06:15:00,2026-06-28 06:55:00
4338,64,5,2026-04-01 09:15:00,2026-04-01 10:37:00
4339,58,1,2026-04-15 07:15:00,2026-04-15 08:25:00
4340,298,4,2026-05-15 06:15:00,2026-05-15 07:12:00
4341,148,3,2026-05-30 08:15:00,2026-05-30 09:37:00
4342,202,4,2026-04-13 07:15:00,2026-04-13 08:18:00
4343,104,5,2026-06-17 10:15:00,2026-06-17 11:33:00
4344,109,4,2026-06-24 10:15:00,2026-06-24 11:17:00
4345,89,4,2026-06-28 08:15:00,2026-06-28 08:33:00
4346,153,2,2026-05-09 09:15:00,2026-05-09 10:07:00
4347,210,3,2026-05-14 08:15:00,2026-05-14 08:34:00
4348,211,1,2026-06-02 07:15:00,2026-06-02 07:41:00
4349,298,2,2026-06-09 06:15:00,2026-06-09 07:03:00
4350,292,3,2026-05-18 10:15:00,2026-05-18 11:31:00
4351,130,3,2026-05-16 10:15:00,2026-05-16 10:34:00
4352,207,2,2026-05-26 06:15:00,2026-05-26 06:43:00
4353,156,4,2026-06-05 07:15:00,2026-06-05 07:36:00
4354,273,5,2026-05-14 10:15:00,2026-05-14 11:19:00
4355,164,5,2026-04-11 07:15:00,2026-04-11 08:01:00
4356,200,3,2026-06-19 10:15:00,2026-06-19 11:41:00
4357,184,3,2026-05-13 10:15:00,2026-05-13 10:51:00
4358,218,4,2026-04-04 06:15:00,2026-04-04 06:42:00
4359,276,2,2026-06-29 09:15:00,2026-06-29 10:27:00
4360,85,2,2026-04-08 08:15:00,2026-04-08 09:08:00
4361,40,2,2026-04-15 09:15:00,2026-04-15 10:09:00
4362,299,4,2026-05-18 09:15:00,2026-05-18 10:27:00
4363,124,4,2026-04-13 07:15:00,2026-04-13 08:28:00
4364,272,3,2026-05-18 06:15:00,2026-05-18 07:07:00
4365,276,4,2026-04-13 07:15:00,2026-04-13 07:48:00
4366,175,4,2026-04-12 07:15:00,2026-04-12 07:47:00
4367,88,2,2026-04-05 10:15:00,2026-04-05 11:10:00
4368,141,4,2026-04-17 09:15:00,2026-04-17 10:37:00
4369,260,5,2026-04-11 10:15:00,2026-04-11 11:30:00
4370,69,5,2026-05-14 10:15:00,2026-05-14 11:41:00
4371,165,3,2026-05-08 09:15:00,2026-05-08 10:43:00
4372,233,4,2026-04-14 10:15:00,2026-04-14 11:15:00
4373,130,2,2026-04-10 07:15:00,2026-04-10 07:41:00
4374,165,1,2026-06-07 10:15:00,2026-06-07 11:19:00
4375,208,3,2026-05-31 08:15:00,2026-05-31 09:10:00
4376,187,5,2026-05-01 10:15:00,2026-05-01 10:36:00
4377,294,3,2026-05-26 08:15:00,2026-05-26 09:28:00
4378,93,2,2026-04-07 07:15:00,2026-04-07 07:36:00
4379,45,3,2026-05-07 09:15:00,2026-05-07 10:14:00
4380,77,3,2026-04-14 07:15:00,2026-04-14 08:07:00
4381,12,1,2026-04-16 09:15:00,2026-04-16 09:30:00
4382,19,1,2026-06-03 10:15:00,2026-06-03 11:40:00
4383,25,1,2026-06-08 07:15:00,2026-06-08 08:00:00
4384,82,1,2026-05-12 08:15:00,2026-05-12 08:45:00
4385,13,3,2026-06-21 06:15:00,2026-06-21 07:39:00
4386,77,1,2026-04-03 07:15:00,2026-04-03 07:31:00
4387,134,4,2026-04-15 08:15:00,2026-04-15 09:20:00
4388,258,2,2026-04-01 08:15:00,2026-04-01 09:29:00
4389,228,1,2026-05-18 10:15:00,2026-05-18 10:45:00
4390,84,2,2026-06-12 07:15:00,2026-06-12 08:14:00
4391,272,2,2026-05-11 06:15:00,2026-05-11 06:51:00
4392,138,3,2026-06-29 08:15:00,2026-06-29 09:45:00
4393,130,2,2026-04-14 06:15:00,2026-04-14 07:22:00
4394,228,4,2026-05-23 07:15:00,2026-05-23 07:49:00
4395,155,5,2026-06-23 08:15:00,2026-06-23 08:51:00
4396,43,3,2026-04-08 10:15:00,2026-04-08 11:19:00
4397,272,5,2026-06-04 06:15:00,2026-06-04 07:19:00
4398,298,4,2026-05-11 09:15:00,2026-05-11 09:50:00
4399,268,2,2026-06-04 08:15:00,2026-06-04 08:34:00
4400,60,4,2026-06-12 06:15:00,2026-06-12 07:44:00
4401,222,4,2026-04-10 07:15:00,2026-04-10 08:39:00
4402,114,1,2026-04-12 06:15:00,2026-04-12 07:41:00
4403,143,4,2026-04-03 09:15:00,2026-04-03 10:11:00
4404,242,1,2026-05-14 10:15:00,2026-05-14 10:43:00
4405,112,4,2026-06-22 09:15:00,2026-06-22 09:54:00
4406,167,3,2026-04-25 10:15:00,2026-04-25 11:00:00
4407,229,5,2026-05-19 10:15:00,2026-05-19 10:52:00
4408,154,3,2026-04-11 06:15:00,2026-04-11 06:43:00
4409,131,4,2026-06-26 10:15:00,2026-06-26 11:37:00
4410,241,5,2026-05-26 07:15:00,2026-05-26 07:57:00
4411,291,4,2026-05-18 09:15:00,2026-05-18 09:34:00
4412,168,2,2026-04-14 10:15:00,2026-04-14 11:33:00
4413,71,2,2026-05-20 07:15:00,2026-05-20 07:47:00
4414,186,5,2026-05-19 09:15:00,2026-05-19 09:37:00
4415,253,1,2026-04-03 06:15:00,2026-04-03 06:57:00
4416,193,5,2026-04-07 07:15:00,2026-04-07 07:34:00
4417,269,2,2026-05-02 06:15:00,2026-05-02 07:10:00
4418,281,5,2026-04-24 08:15:00,2026-04-24 08:37:00
4419,245,2,2026-05-16 09:15:00,2026-05-16 10:09:00
4420,243,5,2026-06-10 10:15:00,2026-06-10 10:46:00
4421,121,4,2026-06-04 08:15:00,2026-06-04 08:31:00
4422,112,3,2026-04-14 09:15:00,2026-04-14 10:21:00
4423,293,3,2026-04-01 10:15:00,2026-04-01 11:33:00
4424,262,1,2026-04-27 09:15:00,2026-04-27 09:52:00
4425,207,5,2026-05-08 09:15:00,2026-05-08 10:37:00
4426,268,5,2026-06-21 08:15:00,2026-06-21 09:14:00
4427,276,4,2026-05-28 06:15:00,2026-05-28 07:10:00
4428,233,5,2026-05-05 07:15:00,2026-05-05 08:33:00
4429,141,3,2026-04-19 07:15:00,2026-04-19 08:39:00
4430,154,3,2026-06-09 07:15:00,2026-06-09 08:42:00
4431,66,2,2026-05-27 08:15:00,2026-05-27 08:46:00
4432,121,4,2026-04-23 09:15:00,2026-04-23 09:35:00
4433,109,1,2026-04-01 09:15:00,2026-04-01 09:54:00
4434,159,3,2026-04-01 06:15:00,2026-04-01 07:09:00
4435,58,5,2026-06-05 10:15:00,2026-06-05 10:32:00
4436,4,4,2026-04-29 08:15:00,2026-04-29 09:28:00
4437,126,4,2026-05-04 10:15:00,2026-05-04 11:15:00
4438,108,5,2026-04-19 06:15:00,2026-04-19 07:16:00
4439,19,3,2026-06-23 06:15:00,2026-06-23 07:19:00
4440,147,3,2026-04-30 06:15:00,2026-04-30 07:24:00
4441,163,5,2026-05-24 09:15:00,2026-05-24 10:28:00
4442,30,5,2026-04-02 08:15:00,2026-04-02 09:42:00
4443,47,2,2026-05-11 10:15:00,2026-05-11 11:44:00
4444,7,2,2026-04-08 06:15:00,2026-04-08 06:37:00
4445,81,5,2026-04-27 08:15:00,2026-04-27 08:47:00
4446,289,1,2026-05-30 07:15:00,2026-05-30 08:42:00
4447,61,2,2026-06-24 09:15:00,2026-06-24 10:15:00
4448,115,5,2026-06-21 09:15:00,2026-06-21 09:46:00
4449,267,2,2026-06-14 10:15:00,2026-06-14 10:37:00
4450,292,5,2026-04-06 07:15:00,2026-04-06 08:25:00
4451,237,2,2026-06-14 10:15:00,2026-06-14 11:27:00
4452,2,2,2026-05-17 09:15:00,2026-05-17 10:31:00
4453,128,3,2026-04-21 10:15:00,2026-04-21 10:46:00
4454,265,1,2026-05-06 09:15:00,2026-05-06 09:59:00
4455,268,5,2026-04-16 09:15:00,2026-04-16 10:07:00
4456,225,3,2026-06-07 08:15:00,2026-06-07 08:46:00
4457,33,5,2026-04-12 06:15:00,2026-04-12 07:29:00
4458,97,5,2026-04-30 09:15:00,2026-04-30 10:03:00
4459,191,4,2026-05-28 10:15:00,2026-05-28 11:15:00
4460,6,5,2026-04-15 07:15:00,2026-04-15 08:32:00
4461,61,1,2026-05-31 09:15:00,2026-05-31 09:37:00
4462,100,5,2026-04-03 10:15:00,2026-04-03 11:18:00
4463,74,4,2026-06-06 06:15:00,2026-06-06 06:42:00
4464,65,2,2026-04-01 10:15:00,2026-04-01 10:42:00
4465,106,5,2026-05-29 09:15:00,2026-05-29 10:29:00
4466,228,2,2026-04-22 09:15:00,2026-04-22 09:55:00
4467,28,5,2026-05-14 06:15:00,2026-05-14 07:01:00
4468,289,5,2026-06-11 10:15:00,2026-06-11 10:53:00
4469,102,4,2026-05-18 10:15:00,2026-05-18 11:37:00
4470,59,2,2026-05-31 07:15:00,2026-05-31 07:59:00
4471,64,1,2026-06-02 08:15:00,2026-06-02 08:58:00
4472,116,2,2026-05-01 06:15:00,2026-05-01 07:10:00
4473,214,2,2026-05-30 09:15:00,2026-05-30 09:33:00
4474,270,4,2026-04-24 09:15:00,2026-04-24 10:12:00
4475,182,1,2026-04-07 07:15:00,2026-04-07 08:28:00
4476,147,1,2026-04-16 07:15:00,2026-04-16 08:43:00
4477,114,1,2026-05-04 07:15:00,2026-05-04 07:42:00
4478,151,2,2026-05-29 10:15:00,2026-05-29 11:43:00
4479,158,4,2026-05-28 10:15:00,2026-05-28 10:43:00
4480,217,3,2026-06-26 06:15:00,2026-06-26 06:58:00
4481,178,1,2026-05-23 06:15:00,2026-05-23 07:04:00
4482,116,1,2026-06-10 08:15:00,2026-06-10 09:18:00
4483,225,2,2026-04-20 06:15:00,2026-04-20 06:49:00
4484,220,3,2026-05-18 06:15:00,2026-05-18 07:43:00
4485,106,3,2026-04-12 07:15:00,2026-04-12 08:41:00
4486,294,1,2026-04-20 06:15:00,2026-04-20 06:46:00
4487,104,1,2026-04-18 08:15:00,2026-04-18 08:56:00
4488,79,5,2026-05-27 09:15:00,2026-05-27 10:24:00
4489,185,3,2026-05-11 08:15:00,2026-05-11 09:06:00
4490,286,1,2026-04-29 10:15:00,2026-04-29 11:40:00
4491,3,2,2026-05-11 07:15:00,2026-05-11 08:02:00
4492,80,1,2026-04-16 07:15:00,2026-04-16 08:34:00
4493,154,4,2026-05-28 10:15:00,2026-05-28 11:33:00
4494,70,4,2026-04-18 06:15:00,2026-04-18 07:16:00
4495,151,3,2026-04-07 07:15:00,2026-04-07 07:46:00
4496,264,1,2026-04-21 06:15:00,2026-04-21 07:31:00
4497,266,2,2026-04-11 08:15:00,2026-04-11 08:31:00
4498,171,4,2026-06-07 06:15:00,2026-06-07 07:11:00
4499,207,5,2026-06-16 10:15:00,2026-06-16 10:49:00
4500,153,1,2026-05-06 09:15:00,2026-05-06 10:40:00
4501,128,4,2026-04-15 08:15:00,2026-04-15 08:52:00
4502,139,2,2026-05-11 10:15:00,2026-05-11 10:46:00
4503,273,2,2026-05-26 07:15:00,2026-05-26 07:55:00
4504,63,5,2026-06-17 06:15:00,2026-06-17 07:21:00
4505,87,1,2026-06-27 08:15:00,2026-06-27 08:43:00
4506,101,4,2026-06-24 10:15:00,2026-06-24 10:56:00
4507,266,4,2026-06-12 10:15:00,2026-06-12 11:19:00
4508,170,4,2026-05-31 09:15:00,2026-05-31 09:55:00
4509,68,5,2026-06-25 07:15:00,2026-06-25 07:45:00
4510,269,1,2026-05-12 08:15:00,2026-05-12 09:13:00
4511,275,5,2026-05-18 06:15:00,2026-05-18 06:31:00
4512,270,3,2026-05-30 07:15:00,2026-05-30 07:57:00
4513,72,2,2026-06-14 08:15:00,2026-06-14 08:34:00
4514,253,5,2026-06-07 06:15:00,2026-06-07 07:00:00
4515,97,1,2026-04-19 06:15:00,2026-04-19 06:53:00
4516,215,2,2026-04-22 09:15:00,2026-04-22 09:34:00
4517,40,4,2026-06-26 06:15:00,2026-06-26 06:34:00
4518,42,1,2026-05-16 09:15:00,2026-05-16 09:37:00
4519,145,4,2026-04-03 06:15:00,2026-04-03 07:26:00
4520,172,3,2026-04-02 10:15:00,2026-04-02 11:02:00
4521,278,4,2026-04-21 10:15:00,2026-04-21 11:25:00
4522,287,3,2026-05-14 07:15:00,2026-05-14 08:01:00
4523,272,4,2026-04-28 08:15:00,2026-04-28 09:27:00
4524,88,5,2026-06-08 06:15:00,2026-06-08 07:17:00
4525,80,2,2026-05-07 10:15:00,2026-05-07 11:31:00
4526,99,1,2026-04-06 09:15:00,2026-04-06 10:39:00
4527,209,4,2026-05-17 08:15:00,2026-05-17 08:34:00
4528,269,3,2026-05-10 06:15:00,2026-05-10 06:43:00
4529,88,5,2026-04-05 07:15:00,2026-04-05 08:39:00
4530,52,2,2026-06-07 09:15:00,2026-06-07 09:34:00
4531,94,1,2026-05-09 08:15:00,2026-05-09 09:15:00
4532,110,4,2026-06-27 10:15:00,2026-06-27 10:48:00
4533,131,4,2026-04-05 10:15:00,2026-04-05 10:47:00
4534,280,3,2026-05-04 09:15:00,2026-05-04 09:56:00
4535,238,3,2026-06-05 07:15:00,2026-06-05 07:34:00
4536,48,2,2026-05-21 09:15:00,2026-05-21 10:12:00
4537,31,5,2026-04-17 09:15:00,2026-04-17 09:39:00
4538,157,3,2026-04-24 08:15:00,2026-04-24 09:00:00
4539,252,3,2026-05-29 08:15:00,2026-05-29 08:54:00
4540,138,3,2026-04-13 08:15:00,2026-04-13 09:41:00
4541,175,3,2026-04-11 10:15:00,2026-04-11 10:34:00
4542,177,4,2026-05-14 07:15:00,2026-05-14 07:59:00
4543,34,5,2026-05-12 10:15:00,2026-05-12 10:57:00
4544,197,4,2026-06-23 07:15:00,2026-06-23 07:37:00
4545,255,3,2026-05-16 10:15:00,2026-05-16 10:49:00
4546,273,1,2026-06-13 07:15:00,2026-06-13 07:31:00
4547,31,1,2026-05-17 06:15:00,2026-05-17 07:18:00
4548,72,2,2026-06-16 09:15:00,2026-06-16 10:24:00
4549,31,3,2026-04-19 08:15:00,2026-04-19 09:31:00
4550,186,4,2026-05-05 08:15:00,2026-05-05 08:43:00
4551,234,4,2026-06-27 06:15:00,2026-06-27 07:30:00
4552,177,1,2026-05-16 06:15:00,2026-05-16 07:30:00
4553,273,2,2026-05-21 08:15:00,2026-05-21 08:33:00
4554,243,2,2026-06-13 09:15:00,2026-06-13 10:35:00
4555,110,3,2026-04-29 08:15:00,2026-04-29 08:30:00
4556,204,3,2026-04-21 06:15:00,2026-04-21 06:46:00
4557,271,2,2026-06-01 09:15:00,2026-06-01 09:58:00
4558,176,4,2026-05-03 10:15:00,2026-05-03 11:07:00
4559,143,4,2026-06-08 09:15:00,2026-06-08 10:03:00
4560,33,1,2026-06-29 06:15:00,2026-06-29 06:48:00
4561,195,5,2026-04-06 09:15:00,2026-04-06 09:33:00
4562,265,2,2026-04-21 10:15:00,2026-04-21 10:37:00
4563,113,4,2026-05-14 06:15:00,2026-05-14 07:08:00
4564,58,1,2026-05-04 06:15:00,2026-05-04 06:35:00
4565,300,4,2026-04-25 08:15:00,2026-04-25 09:06:00
4566,129,3,2026-06-01 06:15:00,2026-06-01 06:52:00
4567,252,4,2026-06-06 06:15:00,2026-06-06 07:02:00
4568,31,4,2026-06-29 09:15:00,2026-06-29 10:37:00
4569,142,2,2026-06-21 08:15:00,2026-06-21 08:31:00
4570,96,1,2026-06-22 06:15:00,2026-06-22 07:31:00
4571,20,2,2026-05-24 07:15:00,2026-05-24 08:30:00
4572,145,1,2026-06-01 10:15:00,2026-06-01 11:16:00
4573,184,3,2026-05-22 07:15:00,2026-05-22 08:40:00
4574,17,3,2026-06-01 07:15:00,2026-06-01 07:44:00
4575,255,3,2026-06-26 08:15:00,2026-06-26 09:22:00
4576,119,5,2026-06-10 07:15:00,2026-06-10 07:52:00
4577,241,2,2026-04-02 07:15:00,2026-04-02 08:01:00
4578,122,3,2026-05-21 07:15:00,2026-05-21 08:13:00
4579,27,4,2026-04-04 08:15:00,2026-04-04 09:16:00
4580,127,2,2026-06-08 08:15:00,2026-06-08 09:07:00
4581,231,3,2026-05-07 10:15:00,2026-05-07 11:42:00
4582,232,2,2026-05-28 07:15:00,2026-05-28 08:19:00
4583,109,5,2026-05-09 10:15:00,2026-05-09 10:42:00
4584,28,2,2026-06-25 10:15:00,2026-06-25 10:31:00
4585,3,4,2026-06-13 09:15:00,2026-06-13 10:30:00
4586,124,5,2026-04-06 06:15:00,2026-04-06 07:00:00
4587,266,3,2026-05-18 09:15:00,2026-05-18 10:37:00
4588,66,4,2026-06-26 06:15:00,2026-06-26 07:41:00
4589,18,2,2026-06-22 08:15:00,2026-06-22 09:30:00
4590,102,5,2026-05-13 07:15:00,2026-05-13 08:18:00
4591,171,4,2026-04-12 06:15:00,2026-04-12 07:13:00
4592,188,2,2026-06-13 07:15:00,2026-06-13 08:22:00
4593,178,4,2026-05-27 08:15:00,2026-05-27 08:51:00
4594,212,3,2026-04-18 09:15:00,2026-04-18 10:30:00
4595,51,5,2026-04-07 06:15:00,2026-04-07 07:15:00
4596,156,2,2026-04-29 07:15:00,2026-04-29 07:40:00
4597,95,4,2026-04-01 08:15:00,2026-04-01 08:58:00
4598,225,1,2026-06-19 08:15:00,2026-06-19 08:36:00
4599,261,1,2026-05-12 10:15:00,2026-05-12 11:25:00
4600,192,5,2026-04-21 10:15:00,2026-04-21 11:03:00
4601,251,1,2026-05-04 09:15:00,2026-05-04 09:36:00
4602,32,3,2026-04-07 06:15:00,2026-04-07 07:11:00
4603,194,5,2026-05-25 09:15:00,2026-05-25 10:37:00
4604,212,4,2026-05-16 07:15:00,2026-05-16 07:31:00
4605,87,3,2026-04-28 08:15:00,2026-04-28 09:36:00
4606,18,2,2026-06-16 06:15:00,2026-06-16 07:36:00
4607,184,4,2026-05-25 08:15:00,2026-05-25 08:42:00
4608,31,4,2026-05-30 10:15:00,2026-05-30 11:04:00
4609,226,3,2026-05-06 07:15:00,2026-05-06 07:38:00
4610,260,1,2026-04-07 07:15:00,2026-04-07 08:13:00
4611,234,5,2026-05-21 09:15:00,2026-05-21 10:12:00
4612,35,5,2026-04-18 06:15:00,2026-04-18 07:37:00
4613,199,1,2026-05-09 07:15:00,2026-05-09 07:44:00
4614,90,2,2026-06-22 07:15:00,2026-06-22 08:38:00
4615,247,3,2026-04-09 10:15:00,2026-04-09 10:39:00
4616,110,2,2026-05-10 10:15:00,2026-05-10 11:21:00
4617,30,3,2026-05-10 08:15:00,2026-05-10 09:20:00
4618,85,5,2026-04-01 10:15:00,2026-04-01 10:53:00
4619,288,2,2026-05-23 09:15:00,2026-05-23 09:49:00
4620,91,5,2026-05-04 07:15:00,2026-05-04 08:10:00
4621,223,4,2026-06-09 10:15:00,2026-06-09 11:13:00
4622,236,3,2026-06-05 09:15:00,2026-06-05 09:42:00
4623,193,5,2026-05-22 07:15:00,2026-05-22 08:43:00
4624,157,5,2026-04-26 08:15:00,2026-04-26 09:23:00
4625,52,5,2026-05-05 10:15:00,2026-05-05 10:30:00
4626,154,3,2026-05-26 06:15:00,2026-05-26 07:43:00
4627,254,4,2026-06-07 07:15:00,2026-06-07 08:31:00
4628,197,1,2026-05-22 07:15:00,2026-05-22 08:12:00
4629,26,2,2026-04-18 06:15:00,2026-04-18 07:07:00
4630,223,5,2026-06-21 08:15:00,2026-06-21 08:49:00
4631,103,3,2026-06-13 07:15:00,2026-06-13 07:52:00
4632,297,5,2026-05-26 08:15:00,2026-05-26 09:41:00
4633,33,5,2026-06-26 10:15:00,2026-06-26 11:40:00
4634,243,1,2026-04-02 06:15:00,2026-04-02 07:01:00
4635,94,4,2026-05-09 07:15:00,2026-05-09 07:34:00
4636,48,1,2026-06-08 07:15:00,2026-06-08 07:42:00
4637,159,5,2026-04-02 07:15:00,2026-04-02 08:19:00
4638,240,2,2026-06-05 07:15:00,2026-06-05 08:36:00
4639,239,3,2026-05-25 10:15:00,2026-05-25 11:35:00
4640,24,1,2026-05-01 07:15:00,2026-05-01 07:36:00
4641,117,1,2026-06-19 07:15:00,2026-06-19 08:25:00
4642,31,5,2026-06-14 07:15:00,2026-06-14 08:15:00
4643,150,2,2026-04-15 10:15:00,2026-04-15 11:21:00
4644,245,4,2026-04-27 07:15:00,2026-04-27 07:52:00
4645,126,3,2026-06-15 07:15:00,2026-06-15 08:17:00
4646,130,5,2026-06-03 10:15:00,2026-06-03 11:22:00
4647,234,2,2026-06-06 06:15:00,2026-06-06 06:52:00
4648,94,2,2026-05-21 08:15:00,2026-05-21 09:28:00
4649,276,2,2026-05-31 10:15:00,2026-05-31 11:37:00
4650,113,5,2026-04-19 09:15:00,2026-04-19 09:54:00
4651,198,2,2026-05-27 06:15:00,2026-05-27 07:39:00
4652,120,1,2026-05-12 06:15:00,2026-05-12 07:16:00
4653,244,2,2026-06-19 09:15:00,2026-06-19 10:33:00
4654,199,1,2026-05-20 06:15:00,2026-05-20 06:45:00
4655,285,4,2026-05-10 06:15:00,2026-05-10 06:33:00
4656,139,2,2026-04-09 10:15:00,2026-04-09 11:23:00
4657,247,2,2026-04-22 10:15:00,2026-04-22 10:52:00
4658,93,1,2026-05-28 10:15:00,2026-05-28 11:10:00
4659,230,3,2026-05-17 09:15:00,2026-05-17 10:29:00
4660,253,3,2026-06-07 09:15:00,2026-06-07 10:32:00
4661,233,1,2026-04-29 08:15:00,2026-04-29 08:46:00
4662,8,2,2026-04-14 10:15:00,2026-04-14 11:12:00
4663,112,4,2026-04-17 06:15:00,2026-04-17 06:40:00
4664,81,2,2026-06-26 08:15:00,2026-06-26 08:51:00
4665,55,3,2026-04-01 10:15:00,2026-04-01 11:30:00
4666,201,4,2026-05-09 06:15:00,2026-05-09 07:23:00
4667,64,1,2026-06-24 10:15:00,2026-06-24 11:05:00
4668,111,2,2026-06-12 06:15:00,2026-06-12 07:00:00
4669,91,3,2026-06-19 09:15:00,2026-06-19 09:59:00
4670,141,1,2026-04-16 08:15:00,2026-04-16 09:03:00
4671,196,5,2026-04-05 08:15:00,2026-04-05 08:42:00
4672,70,1,2026-05-08 09:15:00,2026-05-08 10:17:00
4673,205,4,2026-06-17 07:15:00,2026-06-17 08:20:00
4674,282,5,2026-04-22 09:15:00,2026-04-22 09:54:00
4675,146,3,2026-05-09 06:15:00,2026-05-09 06:41:00
4676,279,5,2026-06-27 06:15:00,2026-06-27 07:10:00
4677,6,2,2026-06-19 06:15:00,2026-06-19 07:25:00
4678,261,4,2026-05-23 09:15:00,2026-05-23 10:03:00
4679,164,5,2026-05-08 10:15:00,2026-05-08 11:07:00
4680,265,3,2026-04-29 08:15:00,2026-04-29 09:27:00
4681,240,1,2026-05-06 08:15:00,2026-05-06 09:34:00
4682,240,4,2026-05-27 06:15:00,2026-05-27 07:21:00
4683,179,3,2026-05-23 08:15:00,2026-05-23 09:15:00
4684,59,4,2026-06-05 08:15:00,2026-06-05 09:02:00
4685,143,3,2026-04-02 08:15:00,2026-04-02 08:54:00
4686,216,4,2026-06-12 08:15:00,2026-06-12 09:36:00
4687,271,4,2026-04-04 07:15:00,2026-04-04 08:29:00
4688,13,2,2026-06-25 09:15:00,2026-06-25 10:14:00
4689,19,1,2026-06-06 07:15:00,2026-06-06 08:09:00
4690,295,4,2026-06-24 06:15:00,2026-06-24 07:34:00
4691,11,4,2026-06-19 06:15:00,2026-06-19 06:52:00
4692,13,4,2026-06-04 06:15:00,2026-06-04 07:43:00
4693,42,3,2026-04-13 10:15:00,2026-04-13 10:39:00
4694,254,1,2026-05-20 07:15:00,2026-05-20 07:37:00
4695,124,4,2026-05-15 10:15:00,2026-05-15 10:59:00
4696,289,2,2026-04-24 10:15:00,2026-04-24 10:52:00
4697,188,5,2026-05-10 07:15:00,2026-05-10 08:29:00
4698,168,2,2026-04-19 08:15:00,2026-04-19 09:04:00
4699,182,4,2026-05-14 06:15:00,2026-05-14 07:32:00
4700,230,5,2026-06-24 06:15:00,2026-06-24 06:48:00
4701,35,1,2026-04-05 07:15:00,2026-04-05 07:52:00
4702,153,3,2026-05-03 08:15:00,2026-05-03 08:56:00
4703,100,2,2026-04-22 08:15:00,2026-04-22 08:45:00
4704,250,3,2026-06-24 08:15:00,2026-06-24 09:34:00
4705,199,4,2026-05-13 10:15:00,2026-05-13 10:34:00
4706,159,4,2026-06-07 06:15:00,2026-06-07 07:29:00
4707,21,1,2026-04-16 06:15:00,2026-04-16 07:30:00
4708,154,3,2026-05-31 08:15:00,2026-05-31 09:01:00
4709,201,3,2026-06-02 06:15:00,2026-06-02 07:42:00
4710,40,2,2026-05-16 07:15:00,2026-05-16 08:25:00
4711,137,5,2026-06-14 10:15:00,2026-06-14 11:34:00
4712,96,4,2026-05-23 09:15:00,2026-05-23 09:55:00
4713,263,2,2026-06-28 09:15:00,2026-06-28 09:50:00
4714,51,1,2026-06-29 07:15:00,2026-06-29 07:36:00
4715,60,3,2026-06-03 06:15:00,2026-06-03 06:40:00
4716,292,1,2026-05-24 10:15:00,2026-05-24 11:26:00
4717,157,5,2026-04-19 06:15:00,2026-04-19 07:30:00
4718,254,2,2026-04-03 07:15:00,2026-04-03 08:00:00
4719,49,2,2026-06-21 10:15:00,2026-06-21 10:58:00
4720,77,1,2026-04-03 08:15:00,2026-04-03 08:51:00
4721,62,1,2026-06-15 10:15:00,2026-06-15 11:30:00
4722,246,2,2026-06-23 06:15:00,2026-06-23 07:02:00
4723,210,1,2026-05-31 09:15:00,2026-05-31 09:49:00
4724,280,4,2026-06-29 06:15:00,2026-06-29 07:24:00
4725,195,2,2026-05-05 07:15:00,2026-05-05 07:55:00
4726,3,4,2026-06-02 08:15:00,2026-06-02 09:05:00
4727,127,4,2026-05-05 07:15:00,2026-05-05 08:25:00
4728,138,4,2026-04-11 06:15:00,2026-04-11 06:43:00
4729,116,4,2026-05-28 10:15:00,2026-05-28 11:03:00
4730,2,2,2026-06-01 07:15:00,2026-06-01 08:15:00
4731,31,5,2026-05-07 07:15:00,2026-05-07 07:56:00
4732,125,2,2026-04-10 06:15:00,2026-04-10 06:32:00
4733,194,1,2026-06-18 06:15:00,2026-06-18 06:54:00
4734,40,3,2026-05-28 08:15:00,2026-05-28 09:24:00
4735,163,2,2026-06-16 08:15:00,2026-06-16 08:45:00
4736,61,2,2026-04-25 08:15:00,2026-04-25 08:30:00
4737,95,5,2026-06-22 06:15:00,2026-06-22 07:36:00
4738,147,5,2026-04-02 09:15:00,2026-04-02 10:19:00
4739,104,4,2026-06-04 08:15:00,2026-06-04 08:48:00
4740,178,3,2026-05-03 09:15:00,2026-05-03 10:42:00
4741,4,2,2026-04-10 08:15:00,2026-04-10 09:00:00
4742,41,3,2026-05-09 07:15:00,2026-05-09 07:49:00
4743,70,2,2026-05-16 10:15:00,2026-05-16 10:58:00
4744,122,2,2026-05-01 06:15:00,2026-05-01 06:43:00
4745,252,3,2026-05-09 10:15:00,2026-05-09 11:22:00
4746,182,1,2026-06-23 07:15:00,2026-06-23 08:30:00
4747,37,1,2026-04-12 09:15:00,2026-04-12 09:44:00
4748,142,3,2026-06-03 09:15:00,2026-06-03 10:43:00
4749,254,3,2026-04-18 10:15:00,2026-04-18 10:42:00
4750,219,4,2026-04-09 08:15:00,2026-04-09 08:51:00
4751,15,5,2026-05-22 07:15:00,2026-05-22 07:46:00
4752,261,2,2026-06-27 07:15:00,2026-06-27 08:25:00
4753,261,1,2026-05-19 07:15:00,2026-05-19 07:39:00
4754,37,4,2026-04-28 06:15:00,2026-04-28 06:52:00
4755,201,4,2026-04-17 08:15:00,2026-04-17 08:33:00
4756,152,3,2026-06-04 08:15:00,2026-06-04 08:41:00
4757,232,4,2026-05-20 09:15:00,2026-05-20 09:31:00
4758,166,5,2026-05-20 07:15:00,2026-05-20 07:40:00
4759,132,2,2026-04-16 07:15:00,2026-04-16 07:52:00
4760,291,2,2026-05-04 06:15:00,2026-05-04 07:25:00
4761,5,5,2026-05-22 06:15:00,2026-05-22 07:03:00
4762,63,3,2026-06-02 10:15:00,2026-06-02 11:22:00
4763,190,4,2026-06-17 08:15:00,2026-06-17 08:57:00
4764,115,1,2026-04-19 06:15:00,2026-04-19 06:58:00
4765,119,5,2026-06-13 08:15:00,2026-06-13 09:09:00
4766,164,5,2026-05-30 09:15:00,2026-05-30 10:23:00
4767,221,4,2026-06-06 09:15:00,2026-06-06 09:49:00
4768,206,5,2026-05-16 06:15:00,2026-05-16 06:43:00
4769,275,3,2026-05-12 07:15:00,2026-05-12 07:37:00
4770,3,2,2026-04-03 07:15:00,2026-04-03 08:41:00
4771,225,5,2026-05-24 06:15:00,2026-05-24 07:06:00
4772,136,2,2026-04-03 09:15:00,2026-04-03 09:49:00
4773,50,2,2026-06-17 08:15:00,2026-06-17 09:09:00
4774,43,3,2026-04-29 08:15:00,2026-04-29 08:33:00
4775,134,1,2026-06-19 09:15:00,2026-06-19 10:16:00
4776,243,5,2026-06-20 08:15:00,2026-06-20 09:42:00
4777,64,3,2026-06-26 06:15:00,2026-06-26 07:34:00
4778,279,3,2026-06-18 06:15:00,2026-06-18 06:30:00
4779,256,4,2026-05-13 09:15:00,2026-05-13 10:42:00
4780,130,3,2026-05-07 06:15:00,2026-05-07 07:28:00
4781,71,2,2026-04-16 06:15:00,2026-04-16 07:08:00
4782,96,2,2026-04-03 10:15:00,2026-04-03 10:56:00
4783,251,2,2026-04-02 06:15:00,2026-04-02 06:48:00
4784,235,3,2026-05-08 07:15:00,2026-05-08 08:35:00
4785,79,2,2026-05-01 08:15:00,2026-05-01 08:39:00
4786,126,4,2026-04-02 08:15:00,2026-04-02 09:15:00
4787,124,3,2026-04-07 10:15:00,2026-04-07 11:19:00
4788,247,4,2026-05-16 09:15:00,2026-05-16 09:36:00
4789,9,4,2026-05-14 07:15:00,2026-05-14 08:24:00
4790,280,5,2026-05-03 06:15:00,2026-05-03 07:21:00
4791,132,2,2026-06-22 10:15:00,2026-06-22 11:01:00
4792,227,2,2026-06-28 10:15:00,2026-06-28 11:33:00
4793,31,2,2026-06-18 08:15:00,2026-06-18 09:07:00
4794,59,3,2026-05-04 10:15:00,2026-05-04 10:39:00
4795,124,2,2026-04-29 10:15:00,2026-04-29 10:41:00
4796,98,4,2026-05-16 06:15:00,2026-05-16 07:03:00
4797,241,4,2026-04-23 09:15:00,2026-04-23 09:40:00
4798,249,1,2026-04-10 08:15:00,2026-04-10 08:55:00
4799,272,4,2026-04-11 08:15:00,2026-04-11 08:36:00
4800,31,2,2026-05-01 09:15:00,2026-05-01 09:49:00
4801,280,4,2026-06-16 06:15:00,2026-06-16 06:38:00
4802,252,3,2026-06-03 09:15:00,2026-06-03 10:36:00
4803,65,2,2026-05-09 07:15:00,2026-05-09 07:50:00
4804,136,2,2026-04-20 07:15:00,2026-04-20 07:39:00
4805,276,2,2026-05-27 06:15:00,2026-05-27 07:28:00
4806,14,3,2026-04-30 06:15:00,2026-04-30 07:21:00
4807,214,1,2026-06-14 06:15:00,2026-06-14 07:34:00
4808,288,4,2026-04-26 07:15:00,2026-04-26 08:04:00
4809,222,3,2026-04-11 09:15:00,2026-04-11 10:02:00
4810,149,4,2026-05-16 07:15:00,2026-05-16 07:45:00
4811,27,1,2026-04-01 06:15:00,2026-04-01 07:32:00
4812,76,1,2026-05-18 10:15:00,2026-05-18 10:38:00
4813,219,3,2026-05-25 07:15:00,2026-05-25 08:41:00
4814,217,4,2026-05-01 09:15:00,2026-05-01 10:42:00
4815,146,3,2026-06-18 09:15:00,2026-06-18 10:42:00
4816,28,4,2026-05-02 09:15:00,2026-05-02 10:15:00
4817,72,2,2026-04-27 06:15:00,2026-04-27 07:34:00
4818,189,1,2026-05-22 09:15:00,2026-05-22 10:40:00
4819,175,2,2026-05-27 09:15:00,2026-05-27 10:42:00
4820,78,2,2026-06-11 07:15:00,2026-06-11 08:02:00
4821,235,1,2026-05-14 10:15:00,2026-05-14 10:42:00
4822,46,5,2026-05-16 10:15:00,2026-05-16 10:42:00
4823,199,5,2026-06-17 07:15:00,2026-06-17 08:28:00
4824,50,4,2026-05-22 07:15:00,2026-05-22 07:51:00
4825,110,3,2026-05-17 07:15:00,2026-05-17 07:55:00
4826,134,5,2026-05-25 07:15:00,2026-05-25 08:12:00
4827,27,2,2026-05-21 10:15:00,2026-05-21 11:15:00
4828,245,2,2026-05-05 08:15:00,2026-05-05 08:46:00
4829,165,1,2026-06-17 08:15:00,2026-06-17 08:40:00
4830,110,2,2026-04-17 06:15:00,2026-04-17 07:30:00
4831,58,1,2026-06-17 07:15:00,2026-06-17 07:33:00
4832,102,4,2026-06-28 08:15:00,2026-06-28 08:31:00
4833,288,2,2026-04-18 08:15:00,2026-04-18 08:31:00
4834,283,3,2026-05-17 07:15:00,2026-05-17 07:52:00
4835,189,4,2026-04-17 07:15:00,2026-04-17 08:27:00
4836,197,2,2026-04-19 08:15:00,2026-04-19 09:30:00
4837,172,5,2026-05-25 08:15:00,2026-05-25 09:43:00
4838,298,4,2026-06-25 09:15:00,2026-06-25 10:06:00
4839,84,2,2026-06-23 10:15:00,2026-06-23 11:37:00
4840,47,3,2026-06-24 09:15:00,2026-06-24 10:37:00
4841,20,2,2026-05-19 07:15:00,2026-05-19 08:42:00
4842,108,1,2026-04-18 08:15:00,2026-04-18 09:31:00
4843,274,4,2026-05-24 10:15:00,2026-05-24 11:12:00
4844,290,5,2026-06-20 07:15:00,2026-06-20 08:21:00
4845,15,5,2026-06-26 08:15:00,2026-06-26 09:34:00
4846,82,2,2026-05-25 08:15:00,2026-05-25 08:57:00
4847,280,4,2026-06-24 06:15:00,2026-06-24 07:00:00
4848,164,4,2026-05-18 10:15:00,2026-05-18 11:29:00
4849,263,3,2026-05-29 09:15:00,2026-05-29 10:45:00
4850,223,3,2026-06-07 06:15:00,2026-06-07 07:14:00
4851,284,1,2026-06-20 06:15:00,2026-06-20 07:13:00
4852,122,1,2026-04-27 06:15:00,2026-04-27 07:13:00
4853,28,2,2026-05-06 09:15:00,2026-05-06 09:46:00
4854,18,4,2026-05-06 09:15:00,2026-05-06 10:30:00
4855,174,5,2026-04-11 07:15:00,2026-04-11 08:06:00
4856,70,4,2026-04-24 10:15:00,2026-04-24 11:14:00
4857,154,1,2026-06-26 09:15:00,2026-06-26 09:37:00
4858,148,4,2026-05-03 10:15:00,2026-05-03 10:54:00
4859,277,3,2026-04-21 07:15:00,2026-04-21 08:01:00
4860,243,4,2026-06-10 06:15:00,2026-06-10 07:31:00
4861,20,4,2026-06-01 06:15:00,2026-06-01 06:38:00
4862,104,1,2026-06-03 08:15:00,2026-06-03 09:10:00
4863,113,4,2026-05-12 06:15:00,2026-05-12 06:51:00
4864,51,5,2026-06-05 10:15:00,2026-06-05 11:32:00
4865,281,1,2026-04-04 06:15:00,2026-04-04 07:42:00
4866,178,2,2026-06-29 06:15:00,2026-06-29 07:11:00
4867,300,2,2026-04-14 08:15:00,2026-04-14 08:41:00
4868,190,1,2026-04-19 06:15:00,2026-04-19 06:55:00
4869,291,2,2026-05-08 08:15:00,2026-05-08 08:54:00
4870,253,2,2026-05-12 06:15:00,2026-05-12 07:28:00
4871,204,2,2026-06-10 07:15:00,2026-06-10 07:34:00
4872,207,1,2026-06-03 09:15:00,2026-06-03 10:20:00
4873,164,3,2026-06-01 06:15:00,2026-06-01 06:38:00
4874,286,3,2026-04-01 10:15:00,2026-04-01 11:13:00
4875,110,3,2026-05-09 07:15:00,2026-05-09 08:07:00
4876,216,3,2026-04-08 10:15:00,2026-04-08 11:24:00
4877,65,5,2026-04-28 07:15:00,2026-04-28 08:18:00
4878,239,5,2026-04-10 07:15:00,2026-04-10 08:20:00
4879,194,2,2026-06-17 06:15:00,2026-06-17 07:00:00
4880,165,2,2026-04-28 06:15:00,2026-04-28 06:34:00
4881,236,4,2026-06-15 08:15:00,2026-06-15 08:55:00
4882,130,5,2026-04-23 06:15:00,2026-04-23 06:34:00
4883,167,4,2026-05-22 06:15:00,2026-05-22 07:16:00
4884,15,5,2026-05-11 10:15:00,2026-05-11 11:32:00
4885,42,3,2026-04-05 07:15:00,2026-04-05 08:30:00
4886,167,4,2026-06-10 07:15:00,2026-06-10 08:14:00
4887,97,3,2026-05-21 06:15:00,2026-05-21 06:42:00
4888,70,4,2026-06-02 09:15:00,2026-06-02 10:18:00
4889,225,2,2026-04-14 08:15:00,2026-04-14 08:50:00
4890,168,3,2026-05-27 06:15:00,2026-05-27 07:19:00
4891,268,4,2026-06-09 10:15:00,2026-06-09 10:33:00
4892,261,5,2026-04-19 06:15:00,2026-04-19 07:21:00
4893,264,4,2026-05-23 09:15:00,2026-05-23 10:06:00
4894,16,5,2026-04-01 10:15:00,2026-04-01 11:00:00
4895,51,5,2026-05-03 10:15:00,2026-05-03 10:57:00
4896,281,4,2026-06-01 07:15:00,2026-06-01 07:42:00
4897,150,5,2026-04-28 10:15:00,2026-04-28 11:25:00
4898,285,4,2026-04-10 10:15:00,2026-04-10 11:16:00
4899,12,3,2026-06-07 09:15:00,2026-06-07 10:27:00
4900,293,5,2026-06-14 09:15:00,2026-06-14 10:12:00
4901,11,2,2026-05-26 07:15:00,2026-05-26 07:31:00
4902,62,1,2026-06-04 10:15:00,2026-06-04 10:35:00
4903,183,5,2026-04-23 06:15:00,2026-04-23 07:25:00
4904,185,5,2026-06-04 08:15:00,2026-06-04 08:34:00
4905,234,4,2026-05-19 07:15:00,2026-05-19 08:02:00
4906,135,5,2026-05-17 06:15:00,2026-05-17 07:18:00
4907,23,1,2026-06-06 07:15:00,2026-06-06 08:12:00
4908,132,3,2026-04-02 09:15:00,2026-04-02 09:58:00
4909,73,2,2026-06-12 07:15:00,2026-06-12 08:00:00
4910,175,4,2026-06-27 09:15:00,2026-06-27 10:39:00
4911,195,2,2026-06-11 07:15:00,2026-06-11 08:43:00
4912,267,2,2026-06-25 10:15:00,2026-06-25 11:23:00
4913,296,1,2026-06-09 08:15:00,2026-06-09 08:32:00
4914,143,2,2026-05-26 06:15:00,2026-05-26 07:30:00
4915,10,4,2026-04-15 08:15:00,2026-04-15 08:32:00
4916,196,2,2026-04-23 10:15:00,2026-04-23 10:30:00
4917,139,3,2026-06-21 06:15:00,2026-06-21 07:04:00
4918,164,1,2026-06-28 07:15:00,2026-06-28 08:00:00
4919,258,4,2026-04-06 07:15:00,2026-04-06 08:01:00
4920,201,4,2026-05-13 08:15:00,2026-05-13 09:27:00
4921,195,2,2026-04-23 07:15:00,2026-04-23 08:43:00
4922,70,5,2026-06-20 08:15:00,2026-06-20 08:57:00
4923,44,5,2026-05-02 07:15:00,2026-05-02 08:04:00
4924,22,4,2026-05-26 08:15:00,2026-05-26 08:44:00
4925,285,2,2026-06-13 07:15:00,2026-06-13 08:01:00
4926,168,3,2026-05-04 06:15:00,2026-05-04 07:42:00
4927,227,1,2026-05-27 06:15:00,2026-05-27 06:54:00
4928,9,1,2026-06-07 07:15:00,2026-06-07 08:14:00
4929,13,4,2026-04-05 06:15:00,2026-04-05 07:16:00
4930,242,3,2026-06-27 06:15:00,2026-06-27 06:57:00
4931,256,2,2026-06-18 09:15:00,2026-06-18 09:51:00
4932,145,4,2026-04-14 07:15:00,2026-04-14 08:04:00
4933,174,5,2026-04-28 08:15:00,2026-04-28 09:32:00
4934,151,2,2026-04-28 10:15:00,2026-04-28 11:21:00
4935,17,4,2026-05-22 09:15:00,2026-05-22 10:34:00
4936,138,3,2026-04-28 06:15:00,2026-04-28 07:42:00
4937,55,4,2026-05-30 09:15:00,2026-05-30 09:34:00
4938,272,2,2026-06-05 09:15:00,2026-06-05 09:51:00
4939,272,4,2026-05-07 10:15:00,2026-05-07 10:42:00
4940,54,1,2026-06-20 09:15:00,2026-06-20 09:39:00
4941,186,4,2026-04-17 08:15:00,2026-04-17 09:13:00
4942,270,2,2026-05-28 09:15:00,2026-05-28 10:03:00
4943,201,5,2026-04-10 09:15:00,2026-04-10 09:45:00
4944,10,4,2026-06-21 09:15:00,2026-06-21 09:42:00
4945,127,2,2026-04-14 06:15:00,2026-04-14 06:56:00
4946,189,2,2026-05-02 09:15:00,2026-05-02 10:04:00
4947,88,4,2026-06-11 06:15:00,2026-06-11 07:10:00
4948,187,5,2026-05-07 09:15:00,2026-05-07 09:44:00
4949,47,1,2026-06-26 10:15:00,2026-06-26 10:49:00
4950,63,2,2026-06-21 09:15:00,2026-06-21 10:15:00
4951,204,1,2026-06-27 08:15:00,2026-06-27 09:24:00
4952,287,4,2026-05-06 07:15:00,2026-05-06 08:22:00
4953,82,2,2026-05-16 09:15:00,2026-05-16 09:39:00
4954,221,2,2026-06-21 08:15:00,2026-06-21 09:43:00
4955,122,2,2026-05-24 08:15:00,2026-05-24 09:44:00
4956,45,1,2026-05-03 10:15:00,2026-05-03 10:52:00
4957,119,2,2026-04-20 10:15:00,2026-04-20 10:36:00
4958,287,2,2026-04-14 06:15:00,2026-04-14 07:21:00
4959,189,1,2026-06-27 08:15:00,2026-06-27 08:55:00
4960,163,2,2026-06-19 08:15:00,2026-06-19 08:54:00
4961,253,4,2026-04-07 10:15:00,2026-04-07 11:07:00
4962,84,1,2026-04-02 06:15:00,2026-04-02 06:47:00
4963,296,2,2026-04-12 08:15:00,2026-04-12 09:31:00
4964,7,3,2026-06-14 08:15:00,2026-06-14 09:31:00
4965,268,4,2026-04-30 09:15:00,2026-04-30 10:30:00
4966,204,4,2026-04-17 09:15:00,2026-04-17 09:54:00
4967,133,3,2026-06-02 08:15:00,2026-06-02 09:34:00
4968,204,1,2026-05-15 07:15:00,2026-05-15 08:00:00
4969,205,2,2026-04-16 09:15:00,2026-04-16 09:30:00
4970,186,4,2026-06-14 08:15:00,2026-06-14 09:15:00
4971,114,1,2026-05-12 10:15:00,2026-05-12 11:42:00
4972,297,1,2026-05-27 06:15:00,2026-05-27 06:45:00
4973,31,5,2026-05-03 08:15:00,2026-05-03 08:46:00
4974,270,2,2026-06-16 08:15:00,2026-06-16 09:43:00
4975,85,1,2026-06-15 07:15:00,2026-06-15 08:34:00
4976,172,2,2026-05-28 09:15:00,2026-05-28 09:48:00
4977,194,3,2026-06-01 07:15:00,2026-06-01 07:43:00
4978,261,5,2026-06-15 08:15:00,2026-06-15 08:54:00
4979,15,1,2026-06-12 10:15:00,2026-06-12 11:25:00
4980,161,1,2026-06-23 09:15:00,2026-06-23 09:36:00
4981,182,2,2026-06-09 10:15:00,2026-06-09 10:45:00
4982,127,4,2026-05-25 07:15:00,2026-05-25 08:19:00
4983,205,4,2026-04-04 06:15:00,2026-04-04 07:13:00
4984,191,4,2026-06-04 09:15:00,2026-06-04 09:52:00
4985,197,3,2026-05-22 09:15:00,2026-05-22 09:58:00
4986,160,3,2026-06-01 10:15:00,2026-06-01 11:35:00
4987,138,5,2026-06-24 09:15:00,2026-06-24 09:54:00
4988,180,2,2026-06-14 10:15:00,2026-06-14 11:19:00
4989,248,2,2026-04-25 09:15:00,2026-04-25 10:28:00
4990,23,3,2026-06-12 10:15:00,2026-06-12 11:29:00
4991,71,5,2026-05-19 07:15:00,2026-05-19 08:06:00
4992,29,4,2026-06-06 07:15:00,2026-06-06 07:51:00
4993,214,5,2026-05-14 07:15:00,2026-05-14 08:01:00
4994,112,1,2026-04-24 10:15:00,2026-04-24 10:30:00
4995,133,1,2026-06-15 07:15:00,2026-06-15 07:45:00
4996,62,5,2026-05-17 09:15:00,2026-05-17 09:56:00
4997,64,2,2026-06-23 08:15:00,2026-06-23 09:01:00
4998,29,2,2026-05-24 09:15:00,2026-05-24 10:34:00
4999,264,4,2026-04-08 08:15:00,2026-04-08 08:39:00
5000,267,5,2026-06-29 10:15:00,2026-06-29 10:44:00
5001,231,2,2026-06-29 07:15:00,2026-06-29 08:15:00
5002,289,3,2026-04-07 06:15:00,2026-04-07 07:35:00
5003,233,1,2026-05-24 06:15:00,2026-05-24 06:39:00
5004,267,1,2026-05-30 10:15:00,2026-05-30 11:16:00
5005,266,2,2026-05-01 09:15:00,2026-05-01 10:24:00
5006,145,3,2026-06-17 08:15:00,2026-06-17 09:24:00
5007,126,3,2026-04-14 09:15:00,2026-04-14 10:01:00
5008,116,2,2026-04-07 07:15:00,2026-04-07 07:41:00
5009,67,5,2026-04-28 06:15:00,2026-04-28 07:33:00
5010,41,5,2026-05-16 07:15:00,2026-05-16 07:51:00
5011,242,3,2026-05-23 09:15:00,2026-05-23 10:28:00
5012,283,4,2026-06-25 07:15:00,2026-06-25 07:43:00
5013,77,4,2026-04-07 08:15:00,2026-04-07 09:04:00
5014,90,2,2026-05-04 07:15:00,2026-05-04 07:43:00
5015,124,4,2026-06-14 06:15:00,2026-06-14 07:40:00
5016,33,2,2026-04-29 06:15:00,2026-04-29 07:28:00
5017,203,3,2026-04-05 06:15:00,2026-04-05 07:39:00
5018,103,3,2026-05-15 09:15:00,2026-05-15 10:22:00
5019,233,3,2026-04-17 09:15:00,2026-04-17 09:40:00
5020,115,4,2026-04-27 10:15:00,2026-04-27 10:51:00
5021,176,4,2026-04-03 07:15:00,2026-04-03 07:30:00
5022,20,4,2026-04-13 06:15:00,2026-04-13 06:45:00
5023,100,5,2026-05-04 07:15:00,2026-05-04 08:07:00
5024,134,1,2026-05-31 10:15:00,2026-05-31 11:16:00
5025,72,5,2026-05-23 08:15:00,2026-05-23 09:12:00
5026,223,2,2026-04-09 09:15:00,2026-04-09 09:50:00
5027,284,4,2026-04-18 10:15:00,2026-04-18 11:22:00
5028,207,3,2026-04-24 06:15:00,2026-04-24 06:37:00
5029,100,5,2026-05-04 09:15:00,2026-05-04 09:47:00
5030,246,4,2026-04-08 07:15:00,2026-04-08 08:33:00
5031,64,2,2026-04-25 09:15:00,2026-04-25 09:38:00
5032,255,1,2026-04-20 07:15:00,2026-04-20 08:14:00
5033,210,3,2026-06-08 10:15:00,2026-06-08 11:34:00
5034,283,5,2026-04-01 10:15:00,2026-04-01 11:01:00
5035,170,1,2026-04-23 10:15:00,2026-04-23 11:34:00
5036,202,2,2026-05-04 09:15:00,2026-05-04 10:07:00
5037,155,3,2026-04-27 08:15:00,2026-04-27 08:52:00
5038,213,3,2026-04-22 08:15:00,2026-04-22 09:44:00
5039,177,1,2026-05-20 06:15:00,2026-05-20 06:40:00
5040,16,5,2026-06-05 08:15:00,2026-06-05 09:15:00
5041,202,2,2026-04-03 08:15:00,2026-04-03 09:02:00
5042,211,4,2026-04-03 08:15:00,2026-04-03 08:49:00
5043,254,5,2026-04-16 10:15:00,2026-04-16 10:37:00
5044,50,2,2026-06-15 10:15:00,2026-06-15 11:41:00
5045,143,4,2026-04-03 09:15:00,2026-04-03 10:33:00
5046,156,4,2026-04-08 07:15:00,2026-04-08 08:40:00
5047,105,5,2026-06-04 06:15:00,2026-06-04 07:44:00
5048,94,4,2026-05-09 08:15:00,2026-05-09 09:17:00
5049,8,1,2026-06-15 09:15:00,2026-06-15 10:21:00
5050,64,2,2026-06-12 07:15:00,2026-06-12 08:32:00
5051,173,5,2026-06-28 08:15:00,2026-06-28 08:31:00
5052,98,3,2026-05-20 07:15:00,2026-05-20 08:19:00
5053,217,1,2026-05-28 10:15:00,2026-05-28 10:50:00
5054,278,3,2026-05-15 07:15:00,2026-05-15 07:31:00
5055,103,5,2026-06-23 07:15:00,2026-06-23 08:33:00
5056,31,3,2026-04-03 10:15:00,2026-04-03 11:02:00
5057,256,4,2026-05-23 10:15:00,2026-05-23 11:31:00
5058,103,1,2026-05-21 06:15:00,2026-05-21 07:22:00
5059,296,4,2026-05-07 09:15:00,2026-05-07 09:45:00
5060,209,5,2026-06-12 09:15:00,2026-06-12 10:41:00
5061,83,1,2026-06-13 10:15:00,2026-06-13 11:32:00
5062,8,2,2026-05-05 07:15:00,2026-05-05 07:34:00
5063,134,2,2026-04-27 07:15:00,2026-04-27 08:13:00
5064,138,3,2026-06-15 10:15:00,2026-06-15 10:58:00
5065,49,4,2026-05-11 09:15:00,2026-05-11 10:32:00
5066,144,3,2026-04-06 09:15:00,2026-04-06 10:24:00
5067,127,1,2026-04-03 07:15:00,2026-04-03 07:56:00
5068,204,5,2026-06-25 08:15:00,2026-06-25 09:40:00
5069,177,4,2026-06-09 07:15:00,2026-06-09 08:28:00
5070,218,5,2026-05-10 09:15:00,2026-05-10 09:45:00
5071,62,4,2026-06-01 09:15:00,2026-06-01 09:34:00
5072,272,2,2026-06-22 06:15:00,2026-06-22 07:28:00
5073,196,4,2026-06-23 10:15:00,2026-06-23 11:18:00
5074,34,3,2026-05-30 08:15:00,2026-05-30 09:06:00
5075,58,1,2026-05-07 06:15:00,2026-05-07 07:25:00
5076,94,3,2026-05-19 10:15:00,2026-05-19 11:02:00
5077,206,2,2026-06-25 07:15:00,2026-06-25 08:01:00
5078,14,4,2026-05-04 07:15:00,2026-05-04 07:35:00
5079,70,4,2026-04-25 06:15:00,2026-04-25 07:42:00
5080,56,2,2026-04-20 10:15:00,2026-04-20 11:16:00
5081,296,1,2026-05-10 09:15:00,2026-05-10 10:21:00
5082,158,4,2026-06-15 08:15:00,2026-06-15 09:04:00
5083,50,3,2026-05-20 08:15:00,2026-05-20 08:32:00
5084,261,1,2026-04-22 06:15:00,2026-04-22 07:11:00
5085,33,4,2026-06-03 06:15:00,2026-06-03 07:42:00
5086,238,1,2026-04-26 06:15:00,2026-04-26 07:32:00
5087,85,5,2026-05-27 07:15:00,2026-05-27 08:09:00
5088,105,2,2026-06-12 06:15:00,2026-06-12 07:19:00
5089,286,5,2026-04-17 08:15:00,2026-04-17 09:20:00
5090,69,4,2026-04-17 09:15:00,2026-04-17 10:16:00
5091,241,5,2026-04-19 06:15:00,2026-04-19 06:51:00
5092,250,4,2026-06-11 07:15:00,2026-06-11 07:33:00
5093,70,3,2026-06-28 09:15:00,2026-06-28 10:15:00
5094,281,2,2026-04-30 09:15:00,2026-04-30 09:39:00
5095,263,5,2026-04-21 08:15:00,2026-04-21 09:12:00
5096,90,5,2026-05-09 06:15:00,2026-05-09 07:29:00
5097,111,2,2026-05-19 09:15:00,2026-05-19 10:38:00
5098,221,3,2026-05-29 07:15:00,2026-05-29 08:07:00
5099,261,3,2026-04-30 10:15:00,2026-04-30 11:37:00
5100,289,2,2026-05-24 09:15:00,2026-05-24 10:24:00
5101,244,1,2026-04-04 10:15:00,2026-04-04 11:26:00
5102,120,4,2026-06-20 06:15:00,2026-06-20 06:43:00
5103,195,3,2026-05-23 10:15:00,2026-05-23 11:10:00
5104,282,1,2026-04-24 09:15:00,2026-04-24 09:45:00
5105,247,5,2026-04-24 10:15:00,2026-04-24 11:01:00
5106,19,5,2026-04-06 10:15:00,2026-04-06 11:19:00
5107,240,2,2026-05-17 10:15:00,2026-05-17 11:37:00
5108,192,4,2026-05-27 09:15:00,2026-05-27 09:48:00
5109,30,1,2026-04-05 06:15:00,2026-04-05 06:50:00
5110,211,4,2026-04-20 07:15:00,2026-04-20 08:18:00
5111,144,4,2026-05-19 10:15:00,2026-05-19 11:37:00
5112,166,5,2026-06-21 08:15:00,2026-06-21 09:15:00
5113,113,4,2026-04-02 06:15:00,2026-04-02 07:37:00
5114,52,4,2026-05-18 09:15:00,2026-05-18 09:54:00
5115,177,4,2026-04-29 10:15:00,2026-04-29 11:42:00
5116,41,5,2026-06-25 06:15:00,2026-06-25 07:07:00
5117,54,2,2026-04-08 09:15:00,2026-04-08 09:31:00
5118,227,3,2026-04-08 07:15:00,2026-04-08 08:27:00
5119,250,2,2026-06-23 08:15:00,2026-06-23 08:58:00
5120,157,2,2026-05-21 10:15:00,2026-05-21 11:16:00
5121,284,3,2026-06-22 06:15:00,2026-06-22 07:15:00
5122,262,3,2026-06-22 09:15:00,2026-06-22 09:31:00
5123,18,3,2026-05-14 10:15:00,2026-05-14 11:37:00
5124,209,4,2026-05-24 08:15:00,2026-05-24 08:46:00
5125,99,1,2026-06-28 10:15:00,2026-06-28 11:44:00
5126,46,4,2026-04-23 07:15:00,2026-04-23 07:52:00
5127,95,5,2026-05-20 07:15:00,2026-05-20 08:33:00
5128,63,3,2026-05-07 07:15:00,2026-05-07 07:37:00
5129,68,2,2026-06-13 09:15:00,2026-06-13 10:12:00
5130,38,4,2026-06-03 10:15:00,2026-06-03 11:10:00
5131,160,2,2026-04-09 10:15:00,2026-04-09 10:30:00
5132,293,3,2026-04-05 06:15:00,2026-04-05 07:24:00
5133,253,3,2026-04-12 06:15:00,2026-04-12 07:04:00
5134,39,4,2026-05-24 09:15:00,2026-05-24 09:42:00
5135,178,1,2026-04-28 09:15:00,2026-04-28 09:56:00
5136,41,4,2026-06-07 09:15:00,2026-06-07 09:59:00
5137,67,2,2026-04-13 09:15:00,2026-04-13 10:24:00
5138,290,4,2026-04-27 10:15:00,2026-04-27 10:40:00
5139,206,4,2026-05-27 09:15:00,2026-05-27 10:27:00
5140,7,4,2026-06-23 06:15:00,2026-06-23 06:51:00
5141,293,2,2026-05-26 09:15:00,2026-05-26 09:40:00
5142,104,3,2026-04-21 06:15:00,2026-04-21 07:33:00
5143,256,1,2026-05-04 08:15:00,2026-05-04 09:06:00
5144,288,4,2026-06-03 08:15:00,2026-06-03 09:04:00
5145,61,4,2026-06-18 09:15:00,2026-06-18 09:58:00
5146,279,5,2026-05-15 08:15:00,2026-05-15 09:33:00
5147,263,4,2026-06-23 07:15:00,2026-06-23 07:33:00
5148,247,1,2026-05-03 07:15:00,2026-05-03 07:40:00
5149,77,3,2026-04-20 08:15:00,2026-04-20 09:07:00
5150,44,4,2026-05-31 10:15:00,2026-05-31 10:47:00
5151,148,1,2026-06-25 07:15:00,2026-06-25 08:39:00
5152,113,1,2026-05-05 10:15:00,2026-05-05 10:58:00
5153,196,5,2026-04-14 07:15:00,2026-04-14 07:47:00
5154,214,1,2026-04-04 09:15:00,2026-04-04 10:01:00
5155,163,5,2026-04-03 09:15:00,2026-04-03 09:44:00
5156,300,4,2026-04-25 09:15:00,2026-04-25 09:32:00
5157,208,3,2026-06-17 10:15:00,2026-06-17 11:27:00
5158,89,3,2026-04-10 10:15:00,2026-04-10 11:04:00
5159,182,1,2026-04-06 08:15:00,2026-04-06 09:23:00
5160,104,5,2026-05-09 09:15:00,2026-05-09 10:18:00
5161,9,2,2026-04-26 06:15:00,2026-04-26 06:41:00
5162,120,3,2026-04-17 06:15:00,2026-04-17 07:08:00
5163,240,5,2026-06-27 07:15:00,2026-06-27 08:01:00
5164,98,2,2026-06-02 06:15:00,2026-06-02 07:06:00
5165,56,5,2026-05-09 10:15:00,2026-05-09 11:27:00
5166,193,5,2026-06-16 09:15:00,2026-06-16 10:38:00
5167,265,5,2026-05-24 06:15:00,2026-05-24 06:49:00
5168,86,4,2026-06-25 08:15:00,2026-06-25 08:47:00
5169,148,5,2026-06-28 08:15:00,2026-06-28 09:24:00
5170,170,5,2026-05-26 09:15:00,2026-05-26 10:33:00
5171,65,1,2026-04-09 07:15:00,2026-04-09 07:34:00
5172,125,2,2026-04-13 06:15:00,2026-04-13 07:04:00
5173,272,4,2026-06-20 10:15:00,2026-06-20 10:33:00
5174,76,5,2026-04-06 10:15:00,2026-04-06 11:20:00
5175,65,5,2026-04-24 07:15:00,2026-04-24 08:09:00
5176,101,1,2026-05-07 09:15:00,2026-05-07 09:36:00
5177,243,5,2026-06-27 08:15:00,2026-06-27 09:42:00
5178,128,1,2026-04-24 07:15:00,2026-04-24 08:16:00
5179,51,5,2026-05-19 09:15:00,2026-05-19 09:49:00
5180,84,1,2026-05-05 10:15:00,2026-05-05 11:18:00
5181,231,5,2026-04-02 08:15:00,2026-04-02 08:36:00
5182,66,4,2026-04-16 06:15:00,2026-04-16 06:37:00
5183,23,1,2026-06-12 09:15:00,2026-06-12 10:23:00
5184,169,2,2026-06-13 10:15:00,2026-06-13 10:35:00
5185,131,5,2026-06-14 07:15:00,2026-06-14 08:12:00
5186,237,1,2026-05-13 09:15:00,2026-05-13 09:54:00
5187,20,2,2026-06-05 08:15:00,2026-06-05 08:55:00
5188,100,3,2026-04-12 06:15:00,2026-04-12 06:36:00
5189,55,5,2026-06-25 08:15:00,2026-06-25 08:45:00
5190,45,1,2026-05-09 06:15:00,2026-05-09 06:33:00
5191,155,4,2026-05-30 06:15:00,2026-05-30 07:29:00
5192,211,2,2026-06-24 10:15:00,2026-06-24 11:38:00
5193,269,3,2026-05-27 10:15:00,2026-05-27 11:26:00
5194,32,1,2026-04-27 10:15:00,2026-04-27 10:56:00
5195,26,3,2026-05-16 09:15:00,2026-05-16 09:45:00
5196,161,5,2026-06-09 09:15:00,2026-06-09 09:49:00
5197,22,4,2026-06-22 08:15:00,2026-06-22 09:33:00
5198,216,3,2026-06-29 09:15:00,2026-06-29 09:49:00
5199,24,3,2026-06-23 08:15:00,2026-06-23 09:31:00
5200,208,4,2026-04-07 10:15:00,2026-04-07 11:36:00
5201,166,5,2026-05-25 06:15:00,2026-05-25 06:39:00
5202,184,2,2026-05-17 08:15:00,2026-05-17 09:38:00
5203,146,1,2026-06-06 10:15:00,2026-06-06 10:34:00
5204,57,1,2026-05-10 09:15:00,2026-05-10 10:36:00
5205,59,2,2026-04-25 09:15:00,2026-04-25 10:03:00
5206,237,5,2026-06-02 09:15:00,2026-06-02 09:43:00
5207,78,2,2026-05-12 10:15:00,2026-05-12 11:45:00
5208,298,1,2026-05-17 07:15:00,2026-05-17 08:40:00
5209,28,1,2026-05-28 10:15:00,2026-05-28 11:42:00
5210,124,4,2026-06-13 08:15:00,2026-06-13 09:27:00
5211,150,5,2026-06-14 07:15:00,2026-06-14 07:47:00
5212,277,4,2026-04-14 09:15:00,2026-04-14 10:13:00
5213,296,4,2026-05-03 09:15:00,2026-05-03 09:57:00
5214,44,4,2026-04-23 06:15:00,2026-04-23 07:25:00
5215,33,1,2026-04-15 07:15:00,2026-04-15 08:11:00
5216,256,1,2026-04-04 07:15:00,2026-04-04 07:59:00
5217,18,3,2026-05-25 06:15:00,2026-05-25 07:05:00
5218,62,1,2026-06-16 08:15:00,2026-06-16 08:59:00
5219,133,1,2026-06-15 06:15:00,2026-06-15 06:57:00
5220,222,2,2026-04-25 08:15:00,2026-04-25 09:03:00
5221,110,3,2026-05-04 08:15:00,2026-05-04 08:34:00
5222,184,5,2026-05-13 07:15:00,2026-05-13 08:30:00
5223,102,3,2026-06-19 06:15:00,2026-06-19 06:40:00
5224,178,5,2026-04-10 06:15:00,2026-04-10 07:03:00
5225,283,4,2026-06-04 06:15:00,2026-06-04 07:09:00
5226,53,1,2026-04-11 08:15:00,2026-04-11 09:25:00
5227,52,1,2026-05-09 07:15:00,2026-05-09 07:51:00
5228,201,2,2026-04-03 08:15:00,2026-04-03 09:35:00
5229,99,3,2026-04-29 10:15:00,2026-04-29 11:06:00
5230,138,1,2026-04-27 09:15:00,2026-04-27 10:17:00
5231,264,2,2026-05-14 07:15:00,2026-05-14 08:18:00
5232,298,3,2026-05-31 08:15:00,2026-05-31 09:01:00
5233,217,5,2026-05-17 07:15:00,2026-05-17 07:36:00
5234,61,3,2026-05-23 07:15:00,2026-05-23 08:29:00
5235,233,1,2026-05-05 09:15:00,2026-05-05 10:37:00
5236,256,5,2026-06-14 07:15:00,2026-06-14 08:10:00
5237,28,1,2026-04-13 10:15:00,2026-04-13 10:55:00
5238,281,5,2026-06-02 09:15:00,2026-06-02 10:06:00
5239,28,2,2026-05-05 09:15:00,2026-05-05 09:37:00
5240,253,1,2026-06-17 06:15:00,2026-06-17 07:03:00
5241,156,4,2026-05-28 09:15:00,2026-05-28 09:48:00
5242,2,2,2026-05-16 06:15:00,2026-05-16 07:22:00
5243,182,3,2026-06-09 08:15:00,2026-06-09 09:01:00
5244,153,5,2026-05-31 09:15:00,2026-05-31 09:44:00
5245,56,1,2026-06-10 08:15:00,2026-06-10 08:55:00
5246,268,2,2026-04-18 08:15:00,2026-04-18 08:59:00
5247,188,1,2026-06-28 08:15:00,2026-06-28 08:46:00
5248,222,1,2026-04-16 10:15:00,2026-04-16 11:36:00
5249,2,4,2026-05-07 10:15:00,2026-05-07 11:27:00
5250,133,4,2026-05-18 06:15:00,2026-05-18 07:11:00
5251,135,5,2026-06-14 10:15:00,2026-06-14 11:10:00
5252,118,5,2026-06-05 07:15:00,2026-06-05 08:27:00
5253,192,1,2026-06-03 09:15:00,2026-06-03 10:05:00
5254,183,4,2026-06-12 10:15:00,2026-06-12 11:19:00
5255,246,2,2026-06-10 09:15:00,2026-06-10 10:28:00
5256,146,2,2026-04-15 06:15:00,2026-04-15 06:43:00
5257,41,4,2026-05-21 06:15:00,2026-05-21 07:32:00
5258,167,2,2026-05-28 09:15:00,2026-05-28 10:41:00
5259,40,4,2026-05-09 09:15:00,2026-05-09 09:54:00
5260,27,2,2026-06-10 09:15:00,2026-06-10 10:34:00
5261,64,4,2026-05-27 08:15:00,2026-05-27 09:13:00
5262,293,1,2026-06-25 06:15:00,2026-06-25 07:39:00
5263,236,5,2026-06-12 08:15:00,2026-06-12 09:15:00
5264,32,3,2026-05-30 06:15:00,2026-05-30 06:33:00
5265,17,5,2026-04-23 06:15:00,2026-04-23 06:48:00
5266,201,2,2026-06-26 09:15:00,2026-06-26 10:05:00
5267,201,4,2026-04-29 08:15:00,2026-04-29 09:31:00
5268,80,4,2026-05-31 06:15:00,2026-05-31 06:46:00
5269,1,2,2026-04-17 09:15:00,2026-04-17 09:55:00
5270,105,3,2026-06-02 08:15:00,2026-06-02 09:28:00
5271,204,2,2026-06-13 08:15:00,2026-06-13 09:01:00
5272,98,3,2026-06-27 07:15:00,2026-06-27 08:18:00
5273,156,2,2026-06-10 06:15:00,2026-06-10 06:49:00
5274,18,3,2026-05-01 09:15:00,2026-05-01 09:43:00
5275,56,1,2026-05-29 06:15:00,2026-05-29 06:54:00
5276,265,2,2026-05-30 08:15:00,2026-05-30 08:37:00
5277,40,4,2026-06-02 09:15:00,2026-06-02 09:54:00
5278,144,1,2026-04-20 07:15:00,2026-04-20 07:50:00
5279,22,3,2026-05-15 10:15:00,2026-05-15 11:40:00
5280,133,5,2026-04-05 10:15:00,2026-04-05 11:36:00
5281,129,5,2026-06-03 10:15:00,2026-06-03 11:34:00
5282,10,5,2026-06-02 06:15:00,2026-06-02 07:16:00
5283,281,4,2026-04-28 09:15:00,2026-04-28 09:37:00
5284,58,5,2026-05-14 06:15:00,2026-05-14 07:03:00
5285,92,3,2026-06-19 06:15:00,2026-06-19 07:25:00
5286,192,3,2026-06-22 07:15:00,2026-06-22 07:45:00
5287,92,1,2026-04-08 10:15:00,2026-04-08 10:54:00
5288,18,2,2026-06-28 10:15:00,2026-06-28 10:49:00
5289,165,2,2026-05-02 07:15:00,2026-05-02 08:39:00
5290,254,5,2026-05-23 08:15:00,2026-05-23 08:45:00
5291,178,3,2026-04-06 07:15:00,2026-04-06 08:30:00
5292,244,4,2026-06-27 07:15:00,2026-06-27 08:24:00
5293,146,1,2026-05-20 09:15:00,2026-05-20 10:36:00
5294,290,3,2026-05-27 06:15:00,2026-05-27 07:16:00
5295,167,5,2026-06-03 09:15:00,2026-06-03 09:42:00
5296,96,4,2026-04-10 08:15:00,2026-04-10 08:54:00
5297,185,5,2026-06-01 06:15:00,2026-06-01 07:10:00
5298,47,5,2026-04-22 09:15:00,2026-04-22 10:09:00
5299,21,3,2026-06-01 06:15:00,2026-06-01 07:09:00
5300,214,5,2026-06-11 09:15:00,2026-06-11 09:37:00
5301,82,4,2026-05-30 09:15:00,2026-05-30 10:42:00
5302,262,4,2026-04-30 08:15:00,2026-04-30 09:06:00
5303,47,4,2026-04-21 07:15:00,2026-04-21 08:09:00
5304,48,1,2026-05-11 10:15:00,2026-05-11 11:38:00
5305,283,2,2026-04-11 07:15:00,2026-04-11 08:42:00
5306,40,2,2026-04-12 08:15:00,2026-04-12 08:49:00
5307,126,1,2026-05-09 07:15:00,2026-05-09 07:54:00
5308,95,3,2026-05-16 09:15:00,2026-05-16 09:43:00
5309,198,1,2026-06-01 07:15:00,2026-06-01 07:42:00
5310,147,5,2026-06-13 08:15:00,2026-06-13 09:00:00
5311,143,2,2026-06-12 07:15:00,2026-06-12 07:51:00
5312,210,3,2026-06-10 08:15:00,2026-06-10 09:18:00
5313,231,3,2026-05-05 07:15:00,2026-05-05 08:15:00
5314,126,5,2026-05-05 08:15:00,2026-05-05 09:15:00
5315,151,1,2026-06-15 09:15:00,2026-06-15 10:37:00
5316,60,5,2026-04-08 09:15:00,2026-04-08 10:20:00
5317,113,4,2026-04-08 10:15:00,2026-04-08 11:16:00
5318,264,5,2026-05-21 10:15:00,2026-05-21 11:27:00
5319,226,2,2026-05-27 06:15:00,2026-05-27 06:31:00
5320,100,4,2026-06-19 06:15:00,2026-06-19 06:40:00
5321,258,5,2026-04-12 07:15:00,2026-04-12 08:41:00
5322,142,2,2026-06-10 08:15:00,2026-06-10 08:58:00
5323,228,1,2026-06-22 07:15:00,2026-06-22 07:42:00
5324,197,3,2026-05-21 10:15:00,2026-05-21 11:42:00
5325,118,1,2026-04-16 09:15:00,2026-04-16 10:27:00
5326,214,1,2026-05-06 07:15:00,2026-05-06 07:47:00
5327,226,1,2026-05-17 09:15:00,2026-05-17 10:15:00
5328,88,5,2026-06-12 07:15:00,2026-06-12 07:49:00
5329,259,3,2026-06-11 07:15:00,2026-06-11 08:00:00
5330,290,5,2026-04-15 10:15:00,2026-04-15 10:52:00
5331,31,2,2026-06-01 06:15:00,2026-06-01 06:57:00
5332,119,3,2026-06-26 07:15:00,2026-06-26 07:44:00
5333,42,4,2026-06-26 09:15:00,2026-06-26 10:19:00
5334,123,1,2026-06-06 10:15:00,2026-06-06 11:06:00
5335,76,1,2026-05-31 07:15:00,2026-05-31 08:14:00
5336,151,5,2026-05-18 09:15:00,2026-05-18 09:40:00
5337,254,3,2026-06-07 08:15:00,2026-06-07 08:42:00
5338,227,1,2026-04-22 10:15:00,2026-04-22 11:03:00
5339,146,3,2026-04-11 06:15:00,2026-04-11 07:44:00
5340,179,3,2026-04-04 09:15:00,2026-04-04 10:10:00
5341,24,2,2026-06-17 06:15:00,2026-06-17 06:43:00
5342,156,5,2026-04-16 06:15:00,2026-04-16 07:28:00
5343,210,5,2026-05-27 09:15:00,2026-05-27 10:01:00
5344,114,3,2026-04-02 06:15:00,2026-04-02 06:48:00
5345,236,2,2026-06-11 09:15:00,2026-06-11 10:05:00
5346,269,3,2026-04-08 08:15:00,2026-04-08 09:13:00
5347,35,3,2026-05-19 07:15:00,2026-05-19 08:19:00
5348,54,1,2026-05-27 06:15:00,2026-05-27 06:51:00
5349,58,5,2026-04-30 06:15:00,2026-04-30 07:13:00
5350,235,5,2026-04-25 07:15:00,2026-04-25 07:58:00
5351,145,3,2026-05-04 07:15:00,2026-05-04 07:48:00
5352,225,3,2026-04-27 06:15:00,2026-04-27 07:01:00
5353,23,3,2026-04-17 08:15:00,2026-04-17 08:55:00
5354,51,4,2026-06-19 10:15:00,2026-06-19 11:27:00
5355,300,4,2026-05-28 10:15:00,2026-05-28 10:49:00
5356,155,3,2026-04-26 08:15:00,2026-04-26 08:50:00
5357,176,1,2026-05-25 08:15:00,2026-05-25 08:42:00
5358,103,5,2026-05-24 06:15:00,2026-05-24 07:10:00
5359,254,1,2026-05-28 09:15:00,2026-05-28 09:55:00
5360,60,2,2026-06-09 08:15:00,2026-06-09 09:33:00
5361,157,4,2026-04-02 08:15:00,2026-04-02 09:15:00
5362,264,2,2026-05-13 06:15:00,2026-05-13 07:01:00
5363,71,3,2026-06-01 09:15:00,2026-06-01 10:29:00
5364,217,5,2026-06-03 09:15:00,2026-06-03 09:34:00
5365,87,2,2026-05-16 07:15:00,2026-05-16 07:57:00
5366,27,4,2026-05-01 10:15:00,2026-05-01 10:31:00
5367,243,3,2026-06-02 07:15:00,2026-06-02 08:18:00
5368,147,1,2026-04-23 10:15:00,2026-04-23 11:13:00
5369,24,4,2026-04-27 10:15:00,2026-04-27 11:11:00
5370,40,3,2026-06-20 07:15:00,2026-06-20 07:48:00
5371,43,5,2026-06-15 09:15:00,2026-06-15 10:39:00
5372,294,2,2026-06-15 10:15:00,2026-06-15 11:07:00
5373,258,3,2026-04-20 06:15:00,2026-04-20 07:03:00
5374,274,5,2026-05-09 07:15:00,2026-05-09 08:23:00
5375,20,4,2026-06-20 08:15:00,2026-06-20 08:42:00
5376,211,2,2026-05-13 06:15:00,2026-05-13 07:27:00
5377,205,1,2026-05-19 07:15:00,2026-05-19 07:36:00
5378,168,2,2026-06-10 08:15:00,2026-06-10 08:56:00
5379,278,2,2026-04-30 06:15:00,2026-04-30 07:32:00
5380,227,1,2026-06-12 10:15:00,2026-06-12 11:16:00
5381,238,5,2026-06-13 09:15:00,2026-06-13 10:02:00
5382,285,3,2026-05-13 09:15:00,2026-05-13 10:36:00
5383,103,4,2026-06-05 07:15:00,2026-06-05 08:05:00
5384,91,2,2026-04-03 07:15:00,2026-04-03 07:43:00
5385,47,5,2026-04-17 07:15:00,2026-04-17 08:19:00
5386,239,3,2026-05-04 06:15:00,2026-05-04 06:38:00
5387,58,3,2026-04-29 08:15:00,2026-04-29 08:43:00
5388,276,5,2026-04-28 07:15:00,2026-04-28 08:36:00
5389,257,2,2026-06-17 06:15:00,2026-06-17 07:23:00
5390,119,3,2026-06-14 06:15:00,2026-06-14 07:10:00
5391,35,4,2026-05-21 07:15:00,2026-05-21 08:17:00
5392,277,2,2026-05-27 08:15:00,2026-05-27 08:31:00
5393,13,3,2026-05-13 09:15:00,2026-05-13 09:41:00
5394,169,1,2026-05-10 06:15:00,2026-05-10 07:04:00
5395,262,2,2026-05-04 08:15:00,2026-05-04 08:51:00
5396,121,3,2026-06-15 07:15:00,2026-06-15 08:42:00
5397,217,2,2026-06-05 08:15:00,2026-06-05 09:06:00
5398,193,2,2026-04-27 09:15:00,2026-04-27 10:04:00
5399,164,5,2026-04-18 09:15:00,2026-04-18 10:01:00
5400,279,5,2026-06-11 09:15:00,2026-06-11 09:31:00
5401,104,2,2026-04-07 08:15:00,2026-04-07 08:45:00
5402,76,3,2026-06-29 09:15:00,2026-06-29 10:34:00
5403,270,3,2026-05-20 07:15:00,2026-05-20 07:33:00
5404,283,2,2026-06-05 07:15:00,2026-06-05 07:50:00
5405,142,3,2026-05-01 07:15:00,2026-05-01 07:49:00
5406,3,5,2026-05-15 09:15:00,2026-05-15 09:52:00
5407,262,3,2026-06-05 06:15:00,2026-06-05 06:57:00
5408,238,5,2026-06-21 09:15:00,2026-06-21 10:34:00
5409,258,3,2026-06-02 09:15:00,2026-06-02 10:15:00
5410,91,4,2026-05-05 09:15:00,2026-05-05 10:14:00
5411,196,1,2026-04-04 08:15:00,2026-04-04 08:31:00
5412,240,4,2026-04-06 07:15:00,2026-04-06 08:36:00
5413,229,1,2026-04-21 09:15:00,2026-04-21 09:45:00
5414,227,5,2026-04-05 10:15:00,2026-04-05 10:51:00
5415,275,1,2026-06-07 09:15:00,2026-06-07 09:55:00
5416,246,2,2026-06-16 07:15:00,2026-06-16 08:18:00
5417,23,4,2026-05-17 07:15:00,2026-05-17 07:43:00
5418,89,4,2026-06-20 06:15:00,2026-06-20 07:21:00
5419,250,1,2026-04-24 09:15:00,2026-04-24 09:31:00
5420,200,1,2026-04-09 08:15:00,2026-04-09 09:30:00
5421,58,2,2026-05-21 06:15:00,2026-05-21 07:08:00
5422,58,3,2026-05-08 07:15:00,2026-05-08 07:39:00
5423,133,1,2026-06-21 09:15:00,2026-06-21 09:37:00
5424,87,5,2026-05-24 06:15:00,2026-05-24 06:39:00
5425,243,4,2026-06-15 06:15:00,2026-06-15 06:46:00
5426,210,2,2026-04-02 07:15:00,2026-04-02 08:12:00
5427,100,4,2026-05-24 06:15:00,2026-05-24 06:39:00
5428,73,5,2026-06-29 06:15:00,2026-06-29 07:08:00
5429,67,3,2026-05-17 08:15:00,2026-05-17 09:42:00
5430,151,5,2026-06-11 08:15:00,2026-06-11 09:20:00
5431,148,3,2026-05-08 09:15:00,2026-05-08 10:40:00
5432,104,1,2026-04-03 07:15:00,2026-04-03 08:41:00
5433,11,3,2026-04-04 06:15:00,2026-04-04 06:43:00
5434,121,5,2026-06-25 09:15:00,2026-06-25 09:34:00
5435,146,2,2026-06-24 08:15:00,2026-06-24 09:35:00
5436,257,1,2026-05-14 08:15:00,2026-05-14 09:27:00
5437,118,4,2026-05-22 08:15:00,2026-05-22 09:24:00
5438,188,4,2026-04-13 09:15:00,2026-04-13 09:36:00
5439,208,4,2026-04-28 06:15:00,2026-04-28 06:55:00
5440,151,1,2026-05-14 10:15:00,2026-05-14 11:00:00
5441,34,3,2026-04-26 09:15:00,2026-04-26 09:40:00
5442,24,2,2026-05-13 06:15:00,2026-05-13 07:17:00
5443,149,4,2026-04-26 10:15:00,2026-04-26 10:46:00
5444,23,1,2026-05-27 10:15:00,2026-05-27 11:01:00
5445,102,2,2026-06-25 07:15:00,2026-06-25 07:34:00
5446,57,3,2026-04-16 07:15:00,2026-04-16 07:52:00
5447,170,5,2026-04-23 08:15:00,2026-04-23 09:11:00
5448,154,2,2026-04-02 09:15:00,2026-04-02 09:48:00
5449,7,1,2026-05-18 07:15:00,2026-05-18 07:50:00
5450,168,2,2026-04-18 09:15:00,2026-04-18 10:43:00
5451,41,3,2026-04-21 10:15:00,2026-04-21 10:31:00
5452,204,1,2026-05-27 06:15:00,2026-05-27 07:06:00
5453,33,1,2026-06-23 09:15:00,2026-06-23 09:36:00
5454,212,4,2026-04-18 08:15:00,2026-04-18 08:43:00
5455,257,5,2026-06-19 10:15:00,2026-06-19 10:57:00
5456,130,1,2026-04-07 10:15:00,2026-04-07 10:42:00
5457,112,5,2026-06-05 07:15:00,2026-06-05 07:57:00
5458,292,5,2026-05-10 07:15:00,2026-05-10 08:12:00
5459,49,2,2026-06-27 10:15:00,2026-06-27 11:04:00
5460,170,3,2026-06-11 09:15:00,2026-06-11 10:18:00
5461,87,2,2026-06-12 07:15:00,2026-06-12 07:46:00
5462,256,2,2026-04-18 10:15:00,2026-04-18 11:39:00
5463,105,5,2026-06-21 08:15:00,2026-06-21 09:03:00
5464,149,3,2026-06-22 06:15:00,2026-06-22 07:35:00
5465,75,5,2026-06-19 10:15:00,2026-06-19 11:16:00
5466,127,1,2026-05-04 08:15:00,2026-05-04 09:22:00
5467,247,4,2026-06-22 06:15:00,2026-06-22 07:27:00
5468,76,1,2026-05-29 09:15:00,2026-05-29 10:16:00
5469,85,1,2026-06-05 10:15:00,2026-06-05 10:48:00
5470,93,4,2026-04-19 06:15:00,2026-04-19 07:18:00
5471,91,5,2026-04-17 06:15:00,2026-04-17 07:37:00
5472,296,3,2026-04-02 10:15:00,2026-04-02 11:40:00
5473,23,2,2026-06-08 08:15:00,2026-06-08 09:01:00
5474,288,3,2026-06-24 06:15:00,2026-06-24 06:31:00
5475,45,4,2026-06-23 07:15:00,2026-06-23 07:54:00
5476,175,4,2026-04-18 08:15:00,2026-04-18 09:07:00
5477,262,5,2026-06-20 09:15:00,2026-06-20 10:06:00
5478,81,2,2026-06-01 07:15:00,2026-06-01 08:08:00
5479,3,2,2026-05-08 09:15:00,2026-05-08 09:30:00
5480,131,5,2026-06-18 09:15:00,2026-06-18 09:38:00
5481,190,1,2026-05-07 06:15:00,2026-05-07 07:00:00
5482,68,2,2026-05-08 06:15:00,2026-05-08 07:29:00
5483,289,1,2026-06-23 10:15:00,2026-06-23 11:06:00
5484,161,1,2026-05-25 10:15:00,2026-05-25 10:43:00
5485,20,2,2026-04-14 06:15:00,2026-04-14 07:10:00
5486,21,2,2026-05-01 10:15:00,2026-05-01 11:22:00
5487,85,5,2026-05-28 10:15:00,2026-05-28 11:00:00
5488,43,5,2026-05-10 10:15:00,2026-05-10 10:57:00
5489,108,4,2026-05-27 07:15:00,2026-05-27 08:33:00
5490,202,3,2026-06-14 07:15:00,2026-06-14 07:49:00
5491,20,5,2026-05-17 09:15:00,2026-05-17 10:28:00
5492,96,2,2026-05-19 07:15:00,2026-05-19 08:04:00
5493,37,1,2026-06-02 09:15:00,2026-06-02 10:30:00
5494,206,3,2026-06-05 10:15:00,2026-06-05 10:39:00
5495,13,4,2026-05-01 10:15:00,2026-05-01 11:43:00
5496,233,2,2026-06-15 09:15:00,2026-06-15 09:36:00
5497,165,3,2026-06-03 10:15:00,2026-06-03 10:33:00
5498,206,3,2026-05-08 07:15:00,2026-05-08 07:31:00
5499,91,2,2026-04-18 09:15:00,2026-04-18 10:03:00
5500,70,3,2026-05-16 08:15:00,2026-05-16 09:07:00
5501,258,3,2026-05-26 09:15:00,2026-05-26 10:22:00
5502,286,1,2026-06-05 10:15:00,2026-06-05 10:41:00
5503,268,2,2026-06-21 06:15:00,2026-06-21 07:42:00
5504,182,5,2026-04-15 07:15:00,2026-04-15 08:19:00
5505,242,2,2026-05-11 06:15:00,2026-05-11 06:48:00
5506,45,5,2026-05-06 09:15:00,2026-05-06 09:31:00
5507,290,3,2026-05-05 09:15:00,2026-05-05 09:30:00
5508,47,1,2026-04-10 09:15:00,2026-04-10 10:45:00
5509,201,2,2026-05-15 08:15:00,2026-05-15 09:27:00
5510,238,5,2026-04-03 08:15:00,2026-04-03 09:01:00
5511,133,1,2026-05-05 10:15:00,2026-05-05 10:34:00
5512,148,2,2026-04-29 06:15:00,2026-04-29 07:19:00
5513,225,3,2026-05-20 06:15:00,2026-05-20 07:30:00
5514,58,1,2026-06-03 10:15:00,2026-06-03 10:34:00
5515,261,1,2026-06-14 10:15:00,2026-06-14 11:28:00
5516,235,5,2026-04-07 07:15:00,2026-04-07 07:49:00
5517,295,4,2026-05-27 06:15:00,2026-05-27 07:12:00
5518,191,5,2026-05-17 07:15:00,2026-05-17 07:40:00
5519,151,2,2026-05-09 09:15:00,2026-05-09 10:07:00
5520,237,3,2026-04-01 07:15:00,2026-04-01 08:24:00
5521,225,3,2026-06-07 10:15:00,2026-06-07 11:14:00
5522,85,1,2026-06-10 10:15:00,2026-06-10 11:34:00
5523,117,5,2026-06-13 06:15:00,2026-06-13 07:12:00
5524,167,4,2026-06-01 07:15:00,2026-06-01 07:45:00
5525,4,1,2026-04-29 06:15:00,2026-04-29 07:16:00
5526,225,4,2026-06-06 09:15:00,2026-06-06 10:15:00
5527,268,3,2026-04-12 07:15:00,2026-04-12 08:27:00
5528,143,2,2026-05-03 06:15:00,2026-05-03 07:01:00
5529,275,4,2026-06-19 08:15:00,2026-06-19 08:56:00
5530,124,5,2026-06-02 06:15:00,2026-06-02 06:51:00
5531,118,2,2026-05-29 07:15:00,2026-05-29 08:45:00
5532,82,2,2026-04-06 06:15:00,2026-04-06 07:19:00
5533,260,2,2026-05-23 07:15:00,2026-05-23 08:16:00
5534,122,5,2026-05-27 08:15:00,2026-05-27 09:43:00
5535,88,3,2026-06-11 10:15:00,2026-06-11 10:48:00
5536,76,2,2026-05-15 10:15:00,2026-05-15 10:40:00
5537,141,4,2026-04-26 08:15:00,2026-04-26 09:31:00
5538,237,2,2026-04-01 06:15:00,2026-04-01 07:41:00
5539,152,4,2026-06-02 06:15:00,2026-06-02 07:40:00
5540,189,5,2026-05-25 09:15:00,2026-05-25 09:37:00
5541,271,5,2026-04-20 10:15:00,2026-04-20 11:39:00
5542,33,1,2026-04-27 10:15:00,2026-04-27 10:36:00
5543,246,5,2026-04-27 07:15:00,2026-04-27 08:34:00
5544,134,2,2026-05-20 09:15:00,2026-05-20 09:39:00
5545,119,2,2026-04-08 07:15:00,2026-04-08 08:12:00
5546,48,3,2026-06-02 08:15:00,2026-06-02 08:45:00
5547,263,4,2026-04-08 09:15:00,2026-04-08 09:39:00
5548,239,5,2026-04-23 10:15:00,2026-04-23 10:34:00
5549,186,5,2026-05-29 07:15:00,2026-05-29 08:04:00
5550,190,2,2026-04-21 07:15:00,2026-04-21 07:45:00
5551,231,4,2026-06-13 07:15:00,2026-06-13 07:31:00
5552,21,4,2026-05-08 06:15:00,2026-05-08 07:37:00
5553,110,1,2026-04-27 07:15:00,2026-04-27 07:47:00
5554,247,3,2026-04-01 07:15:00,2026-04-01 08:27:00
5555,284,5,2026-06-26 06:15:00,2026-06-26 06:50:00
5556,9,5,2026-04-18 09:15:00,2026-04-18 09:43:00
5557,291,1,2026-05-26 09:15:00,2026-05-26 10:10:00
5558,208,2,2026-05-14 06:15:00,2026-05-14 07:07:00
5559,20,2,2026-04-22 08:15:00,2026-04-22 09:14:00
5560,290,5,2026-04-12 10:15:00,2026-04-12 11:24:00
5561,191,5,2026-06-06 06:15:00,2026-06-06 07:39:00
5562,36,4,2026-06-21 10:15:00,2026-06-21 11:44:00
5563,259,4,2026-05-13 10:15:00,2026-05-13 10:33:00
5564,110,1,2026-06-22 09:15:00,2026-06-22 10:14:00
5565,249,1,2026-04-13 06:15:00,2026-04-13 06:51:00
5566,144,5,2026-04-24 06:15:00,2026-04-24 07:13:00
5567,218,4,2026-04-13 07:15:00,2026-04-13 08:34:00
5568,231,4,2026-05-12 09:15:00,2026-05-12 10:19:00
5569,156,4,2026-05-01 08:15:00,2026-05-01 09:24:00
5570,136,5,2026-04-01 06:15:00,2026-04-01 07:25:00
5571,83,5,2026-04-02 08:15:00,2026-04-02 08:49:00
5572,133,4,2026-06-01 08:15:00,2026-06-01 09:31:00
5573,218,2,2026-05-19 06:15:00,2026-05-19 07:32:00
5574,300,3,2026-04-02 09:15:00,2026-04-02 10:20:00
5575,98,4,2026-04-05 08:15:00,2026-04-05 08:45:00
5576,184,3,2026-05-08 06:15:00,2026-05-08 07:38:00
5577,223,5,2026-06-27 06:15:00,2026-06-27 06:36:00
5578,169,1,2026-06-10 10:15:00,2026-06-10 10:54:00
5579,285,2,2026-05-27 06:15:00,2026-05-27 07:21:00
5580,200,5,2026-04-09 07:15:00,2026-04-09 07:31:00
5581,252,5,2026-06-11 09:15:00,2026-06-11 10:12:00
5582,44,4,2026-06-07 08:15:00,2026-06-07 09:02:00
5583,17,2,2026-05-23 10:15:00,2026-05-23 10:48:00
5584,235,1,2026-05-01 06:15:00,2026-05-01 07:20:00
5585,142,2,2026-06-07 08:15:00,2026-06-07 09:39:00
5586,67,1,2026-06-16 10:15:00,2026-06-16 11:30:00
5587,166,4,2026-04-01 07:15:00,2026-04-01 08:05:00
5588,264,5,2026-04-07 08:15:00,2026-04-07 08:39:00
5589,65,1,2026-04-22 06:15:00,2026-04-22 06:36:00
5590,218,3,2026-05-14 10:15:00,2026-05-14 10:52:00
5591,16,5,2026-04-18 07:15:00,2026-04-18 07:33:00
5592,111,5,2026-04-09 07:15:00,2026-04-09 08:22:00
5593,26,1,2026-05-29 06:15:00,2026-05-29 06:41:00
5594,205,2,2026-05-19 06:15:00,2026-05-19 07:38:00
5595,179,4,2026-06-22 06:15:00,2026-06-22 07:13:00
5596,160,1,2026-04-21 07:15:00,2026-04-21 08:17:00
5597,83,4,2026-06-18 06:15:00,2026-06-18 06:48:00
5598,23,1,2026-05-05 07:15:00,2026-05-05 07:55:00
5599,44,5,2026-04-23 09:15:00,2026-04-23 10:09:00
5600,6,4,2026-06-26 08:15:00,2026-06-26 09:08:00
5601,30,3,2026-06-20 08:15:00,2026-06-20 08:31:00
5602,183,4,2026-06-06 08:15:00,2026-06-06 09:42:00
5603,61,4,2026-04-17 09:15:00,2026-04-17 09:31:00
5604,66,2,2026-05-09 09:15:00,2026-05-09 10:12:00
5605,32,1,2026-05-12 06:15:00,2026-05-12 06:31:00
5606,204,4,2026-06-08 08:15:00,2026-06-08 08:33:00
5607,90,2,2026-04-21 10:15:00,2026-04-21 10:38:00
5608,166,1,2026-05-26 09:15:00,2026-05-26 09:42:00
5609,273,2,2026-06-12 06:15:00,2026-06-12 07:19:00
5610,4,4,2026-04-18 06:15:00,2026-04-18 07:02:00
5611,174,1,2026-06-13 06:15:00,2026-06-13 07:24:00
5612,65,2,2026-06-11 06:15:00,2026-06-11 07:14:00
5613,180,3,2026-06-05 09:15:00,2026-06-05 10:33:00
5614,51,4,2026-06-18 07:15:00,2026-06-18 07:59:00
5615,296,2,2026-04-25 06:15:00,2026-04-25 07:16:00
5616,92,1,2026-06-16 09:15:00,2026-06-16 10:01:00
5617,161,1,2026-06-12 10:15:00,2026-06-12 11:14:00
5618,130,4,2026-06-06 10:15:00,2026-06-06 10:40:00
5619,164,2,2026-05-19 08:15:00,2026-05-19 08:42:00
5620,204,5,2026-05-02 10:15:00,2026-05-02 11:20:00
5621,78,4,2026-06-20 09:15:00,2026-06-20 09:31:00
5622,40,1,2026-06-18 09:15:00,2026-06-18 10:39:00
5623,26,3,2026-06-26 10:15:00,2026-06-26 10:36:00
5624,14,5,2026-06-08 06:15:00,2026-06-08 07:32:00
5625,271,3,2026-05-09 09:15:00,2026-05-09 09:40:00
5626,241,4,2026-04-16 09:15:00,2026-04-16 09:52:00
5627,256,1,2026-06-22 06:15:00,2026-06-22 07:43:00
5628,68,2,2026-04-20 07:15:00,2026-04-20 07:43:00
5629,75,3,2026-06-05 06:15:00,2026-06-05 06:57:00
5630,284,4,2026-04-26 06:15:00,2026-04-26 06:54:00
5631,226,3,2026-04-28 06:15:00,2026-04-28 07:39:00
5632,122,4,2026-04-11 10:15:00,2026-04-11 10:36:00
5633,70,5,2026-04-21 10:15:00,2026-04-21 10:45:00
5634,267,2,2026-06-25 08:15:00,2026-06-25 09:25:00
5635,225,3,2026-06-06 07:15:00,2026-06-06 08:37:00
5636,289,3,2026-05-10 10:15:00,2026-05-10 10:32:00
5637,288,5,2026-04-27 10:15:00,2026-04-27 11:16:00
5638,184,1,2026-05-19 08:15:00,2026-05-19 09:20:00
5639,248,3,2026-06-18 06:15:00,2026-06-18 06:52:00
5640,88,1,2026-04-25 08:15:00,2026-04-25 08:46:00
5641,139,3,2026-06-24 08:15:00,2026-06-24 09:25:00
5642,288,5,2026-04-10 06:15:00,2026-04-10 06:58:00
5643,62,3,2026-04-24 10:15:00,2026-04-24 11:43:00
5644,290,3,2026-06-24 08:15:00,2026-06-24 09:16:00
5645,67,4,2026-04-13 08:15:00,2026-04-13 08:40:00
5646,156,5,2026-05-03 06:15:00,2026-05-03 07:21:00
5647,177,2,2026-04-15 09:15:00,2026-04-15 10:10:00
5648,16,3,2026-04-30 09:15:00,2026-04-30 09:58:00
5649,123,2,2026-06-16 06:15:00,2026-06-16 07:07:00
5650,76,1,2026-04-25 07:15:00,2026-04-25 07:52:00
5651,226,5,2026-04-30 07:15:00,2026-04-30 08:15:00
5652,198,1,2026-06-08 10:15:00,2026-06-08 10:41:00
5653,188,3,2026-05-10 07:15:00,2026-05-10 08:20:00
5654,232,2,2026-06-17 10:15:00,2026-06-17 10:49:00
5655,220,1,2026-04-26 10:15:00,2026-04-26 10:43:00
5656,249,5,2026-06-28 09:15:00,2026-06-28 10:21:00
5657,168,1,2026-05-23 07:15:00,2026-05-23 07:52:00
5658,134,4,2026-04-30 09:15:00,2026-04-30 10:16:00
5659,81,2,2026-05-10 09:15:00,2026-05-10 09:40:00
5660,297,3,2026-04-21 09:15:00,2026-04-21 10:06:00
5661,124,5,2026-05-10 06:15:00,2026-05-10 06:57:00
5662,74,3,2026-05-12 09:15:00,2026-05-12 09:31:00
5663,129,3,2026-04-16 07:15:00,2026-04-16 07:47:00
5664,153,2,2026-06-29 10:15:00,2026-06-29 10:41:00
5665,75,2,2026-05-07 10:15:00,2026-05-07 10:45:00
5666,2,2,2026-04-11 10:15:00,2026-04-11 10:31:00
5667,274,5,2026-05-22 07:15:00,2026-05-22 08:06:00
5668,118,4,2026-06-24 08:15:00,2026-06-24 09:12:00
5669,269,4,2026-04-08 07:15:00,2026-04-08 08:30:00
5670,255,4,2026-04-19 06:15:00,2026-04-19 07:04:00
5671,65,4,2026-04-16 10:15:00,2026-04-16 10:57:00
5672,107,5,2026-04-01 09:15:00,2026-04-01 09:54:00
5673,225,5,2026-06-06 07:15:00,2026-06-06 08:23:00
5674,208,1,2026-05-21 06:15:00,2026-05-21 07:17:00
5675,238,3,2026-06-21 07:15:00,2026-06-21 08:10:00
5676,246,2,2026-06-19 06:15:00,2026-06-19 06:57:00
5677,114,5,2026-05-10 08:15:00,2026-05-10 09:01:00
5678,178,3,2026-06-18 08:15:00,2026-06-18 09:26:00
5679,266,2,2026-04-18 08:15:00,2026-04-18 08:39:00
5680,8,4,2026-06-02 10:15:00,2026-06-02 11:03:00
5681,187,2,2026-06-28 07:15:00,2026-06-28 08:31:00
5682,1,3,2026-05-12 09:15:00,2026-05-12 10:19:00
5683,135,3,2026-05-25 10:15:00,2026-05-25 11:37:00
5684,1,1,2026-04-22 07:15:00,2026-04-22 07:58:00
5685,1,2,2026-05-13 08:15:00,2026-05-13 09:21:00
5686,121,3,2026-04-15 10:15:00,2026-04-15 11:27:00
5687,219,3,2026-04-19 08:15:00,2026-04-19 08:47:00
5688,223,3,2026-05-08 06:15:00,2026-05-08 07:22:00
5689,294,5,2026-04-12 06:15:00,2026-04-12 07:24:00
5690,3,5,2026-05-16 08:15:00,2026-05-16 09:40:00
5691,66,1,2026-04-26 08:15:00,2026-04-26 09:12:00
5692,175,2,2026-05-25 10:15:00,2026-05-25 10:44:00
5693,169,1,2026-05-29 08:15:00,2026-05-29 08:39:00
5694,123,3,2026-06-24 10:15:00,2026-06-24 10:37:00
5695,195,1,2026-04-05 06:15:00,2026-04-05 06:56:00
5696,164,5,2026-06-22 08:15:00,2026-06-22 08:55:00
5697,158,1,2026-05-28 06:15:00,2026-05-28 07:04:00
5698,57,5,2026-06-29 09:15:00,2026-06-29 09:49:00
5699,68,4,2026-06-01 10:15:00,2026-06-01 10:32:00
5700,241,4,2026-06-04 08:15:00,2026-06-04 09:34:00
5701,271,5,2026-04-14 09:15:00,2026-04-14 10:34:00
5702,85,1,2026-04-28 08:15:00,2026-04-28 08:58:00
5703,170,1,2026-06-24 08:15:00,2026-06-24 08:55:00
5704,23,5,2026-04-10 07:15:00,2026-04-10 07:50:00
5705,198,1,2026-05-03 07:15:00,2026-05-03 07:57:00
5706,90,3,2026-06-05 09:15:00,2026-06-05 10:42:00
5707,48,2,2026-06-11 06:15:00,2026-06-11 07:12:00
5708,83,5,2026-06-13 10:15:00,2026-06-13 11:16:00
5709,167,4,2026-04-22 09:15:00,2026-04-22 10:41:00
5710,178,1,2026-04-16 10:15:00,2026-04-16 11:30:00
5711,295,5,2026-04-25 07:15:00,2026-04-25 07:58:00
5712,104,5,2026-04-28 09:15:00,2026-04-28 10:16:00
5713,201,1,2026-05-05 08:15:00,2026-05-05 08:43:00
5714,65,1,2026-05-31 10:15:00,2026-05-31 10:54:00
5715,292,2,2026-04-27 07:15:00,2026-04-27 08:16:00
5716,231,2,2026-04-02 10:15:00,2026-04-02 11:41:00
5717,286,4,2026-04-09 09:15:00,2026-04-09 10:25:00
5718,129,3,2026-05-13 07:15:00,2026-05-13 08:28:00
5719,159,2,2026-05-15 09:15:00,2026-05-15 10:05:00
5720,17,5,2026-06-14 06:15:00,2026-06-14 07:08:00
5721,198,3,2026-04-15 07:15:00,2026-04-15 07:50:00
5722,207,1,2026-05-28 10:15:00,2026-05-28 11:22:00
5723,65,4,2026-04-12 09:15:00,2026-04-12 10:17:00
5724,86,3,2026-05-23 07:15:00,2026-05-23 08:37:00
5725,96,1,2026-05-11 08:15:00,2026-05-11 08:39:00
5726,75,1,2026-06-13 08:15:00,2026-06-13 08:48:00
5727,17,2,2026-04-08 06:15:00,2026-04-08 07:21:00
5728,239,5,2026-05-18 08:15:00,2026-05-18 08:51:00
5729,20,3,2026-06-21 08:15:00,2026-06-21 08:40:00
5730,127,1,2026-04-28 08:15:00,2026-04-28 08:54:00
5731,286,3,2026-04-26 08:15:00,2026-04-26 09:40:00
5732,188,5,2026-04-26 06:15:00,2026-04-26 07:35:00
5733,130,3,2026-06-28 09:15:00,2026-06-28 10:01:00
5734,284,5,2026-05-27 07:15:00,2026-05-27 08:31:00
5735,191,3,2026-05-04 06:15:00,2026-05-04 07:22:00
5736,78,3,2026-05-11 08:15:00,2026-05-11 08:54:00
5737,198,3,2026-04-27 08:15:00,2026-04-27 08:43:00
5738,268,2,2026-06-08 10:15:00,2026-06-08 11:14:00
5739,84,5,2026-06-25 07:15:00,2026-06-25 08:10:00
5740,85,5,2026-06-06 08:15:00,2026-06-06 09:31:00
5741,277,3,2026-05-17 07:15:00,2026-05-17 07:53:00
5742,34,3,2026-05-27 10:15:00,2026-05-27 10:45:00
5743,57,2,2026-05-14 09:15:00,2026-05-14 09:45:00
5744,153,2,2026-04-30 08:15:00,2026-04-30 08:55:00
5745,59,1,2026-04-11 10:15:00,2026-04-11 10:54:00
5746,92,5,2026-06-14 07:15:00,2026-06-14 08:43:00
5747,124,3,2026-04-14 10:15:00,2026-04-14 11:12:00
5748,195,3,2026-05-18 06:15:00,2026-05-18 07:16:00
5749,283,2,2026-06-02 06:15:00,2026-06-02 06:31:00
5750,102,1,2026-05-27 10:15:00,2026-05-27 11:16:00
5751,36,3,2026-05-14 07:15:00,2026-05-14 08:42:00
5752,49,4,2026-05-08 06:15:00,2026-05-08 07:28:00
5753,173,5,2026-05-09 07:15:00,2026-05-09 08:34:00
5754,145,2,2026-05-06 06:15:00,2026-05-06 06:33:00
5755,232,5,2026-04-09 06:15:00,2026-04-09 07:04:00
5756,234,2,2026-05-04 10:15:00,2026-05-04 10:52:00
5757,275,3,2026-06-24 08:15:00,2026-06-24 09:19:00
5758,45,4,2026-05-16 07:15:00,2026-05-16 07:36:00
5759,113,1,2026-04-25 06:15:00,2026-04-25 06:42:00
5760,291,2,2026-04-30 09:15:00,2026-04-30 09:39:00
5761,141,4,2026-05-08 09:15:00,2026-05-08 09:39:00
5762,198,2,2026-04-23 07:15:00,2026-04-23 08:09:00
5763,205,4,2026-05-22 07:15:00,2026-05-22 08:28:00
5764,74,1,2026-04-30 09:15:00,2026-04-30 10:43:00
5765,255,5,2026-05-18 07:15:00,2026-05-18 08:03:00
5766,295,2,2026-05-28 06:15:00,2026-05-28 07:12:00
5767,98,4,2026-04-25 07:15:00,2026-04-25 08:24:00
5768,37,1,2026-05-13 08:15:00,2026-05-13 09:05:00
5769,126,1,2026-05-09 08:15:00,2026-05-09 09:09:00
5770,11,5,2026-06-29 07:15:00,2026-06-29 08:03:00
5771,62,5,2026-04-14 10:15:00,2026-04-14 10:45:00
5772,172,4,2026-06-21 10:15:00,2026-06-21 11:04:00
5773,217,1,2026-05-21 10:15:00,2026-05-21 10:55:00
5774,109,3,2026-05-10 07:15:00,2026-05-10 07:40:00
5775,41,5,2026-05-07 09:15:00,2026-05-07 10:06:00
5776,107,1,2026-05-05 10:15:00,2026-05-05 11:27:00
5777,128,1,2026-06-09 09:15:00,2026-06-09 09:54:00
5778,3,4,2026-06-26 06:15:00,2026-06-26 06:39:00
5779,134,3,2026-06-05 07:15:00,2026-06-05 07:58:00
5780,163,1,2026-06-11 10:15:00,2026-06-11 11:31:00
5781,162,1,2026-06-27 07:15:00,2026-06-27 08:06:00
5782,203,2,2026-04-12 08:15:00,2026-04-12 08:57:00
5783,37,2,2026-05-23 09:15:00,2026-05-23 09:40:00
5784,170,4,2026-05-20 09:15:00,2026-05-20 09:53:00
5785,288,3,2026-06-06 06:15:00,2026-06-06 06:46:00
5786,117,1,2026-04-09 06:15:00,2026-04-09 07:15:00
5787,88,3,2026-04-28 06:15:00,2026-04-28 07:13:00
5788,273,3,2026-06-14 10:15:00,2026-06-14 11:21:00
5789,2,2,2026-04-15 09:15:00,2026-04-15 10:43:00
5790,151,1,2026-04-10 08:15:00,2026-04-10 09:37:00
5791,106,1,2026-04-12 09:15:00,2026-04-12 10:21:00
5792,73,3,2026-06-16 07:15:00,2026-06-16 07:51:00
5793,187,1,2026-04-17 08:15:00,2026-04-17 09:15:00
5794,76,5,2026-04-01 08:15:00,2026-04-01 09:36:00
5795,257,4,2026-05-15 08:15:00,2026-05-15 09:20:00
5796,294,2,2026-06-22 10:15:00,2026-06-22 11:18:00
5797,14,3,2026-06-24 07:15:00,2026-06-24 08:04:00
5798,6,3,2026-04-30 09:15:00,2026-04-30 10:00:00
5799,226,5,2026-06-18 08:15:00,2026-06-18 08:57:00
5800,37,3,2026-05-31 08:15:00,2026-05-31 08:31:00
5801,261,5,2026-04-14 10:15:00,2026-04-14 11:12:00
5802,7,5,2026-05-20 09:15:00,2026-05-20 09:48:00
5803,221,4,2026-06-27 07:15:00,2026-06-27 08:01:00
5804,39,4,2026-04-04 06:15:00,2026-04-04 06:47:00
5805,103,4,2026-06-22 09:15:00,2026-06-22 09:51:00
5806,281,4,2026-05-07 08:15:00,2026-05-07 08:58:00
5807,145,5,2026-06-07 06:15:00,2026-06-07 07:05:00
5808,87,1,2026-06-26 08:15:00,2026-06-26 08:39:00
5809,105,3,2026-05-22 10:15:00,2026-05-22 10:43:00
5810,41,2,2026-04-13 08:15:00,2026-04-13 09:00:00
5811,274,5,2026-05-31 08:15:00,2026-05-31 08:48:00
5812,293,4,2026-04-12 10:15:00,2026-04-12 10:56:00
5813,159,3,2026-04-16 10:15:00,2026-04-16 10:36:00
5814,80,2,2026-06-04 07:15:00,2026-06-04 08:27:00
5815,71,2,2026-04-13 09:15:00,2026-04-13 10:44:00
5816,186,5,2026-04-08 06:15:00,2026-04-08 07:33:00
5817,291,5,2026-06-01 06:15:00,2026-06-01 07:13:00
5818,245,3,2026-06-02 09:15:00,2026-06-02 10:29:00
5819,7,4,2026-05-29 09:15:00,2026-05-29 10:21:00
5820,127,4,2026-06-13 09:15:00,2026-06-13 10:04:00
5821,63,3,2026-04-12 07:15:00,2026-04-12 07:43:00
5822,98,1,2026-06-14 06:15:00,2026-06-14 07:10:00
5823,22,1,2026-05-18 07:15:00,2026-05-18 08:01:00
5824,177,1,2026-04-19 08:15:00,2026-04-19 09:25:00
5825,165,5,2026-06-18 10:15:00,2026-06-18 10:45:00
5826,118,2,2026-05-09 08:15:00,2026-05-09 09:36:00
5827,246,4,2026-04-30 06:15:00,2026-04-30 07:25:00
5828,98,2,2026-06-10 08:15:00,2026-06-10 09:01:00
5829,235,4,2026-06-04 10:15:00,2026-06-04 11:05:00
5830,223,2,2026-04-20 08:15:00,2026-04-20 09:34:00
5831,78,4,2026-05-03 06:15:00,2026-05-03 07:15:00
5832,7,5,2026-06-09 10:15:00,2026-06-09 10:39:00
5833,193,1,2026-04-20 10:15:00,2026-04-20 10:33:00
5834,181,3,2026-06-08 07:15:00,2026-06-08 08:24:00
5835,149,3,2026-04-12 06:15:00,2026-04-12 06:57:00
5836,143,1,2026-04-14 08:15:00,2026-04-14 09:21:00
5837,41,5,2026-06-20 07:15:00,2026-06-20 08:00:00
5838,147,2,2026-05-12 08:15:00,2026-05-12 08:59:00
5839,214,1,2026-05-24 08:15:00,2026-05-24 08:52:00
5840,207,4,2026-04-29 07:15:00,2026-04-29 07:46:00
5841,132,5,2026-05-30 10:15:00,2026-05-30 11:45:00
5842,6,2,2026-05-15 09:15:00,2026-05-15 10:13:00
5843,292,2,2026-04-26 09:15:00,2026-04-26 10:18:00
5844,83,2,2026-04-10 08:15:00,2026-04-10 09:01:00
5845,298,5,2026-06-12 08:15:00,2026-06-12 09:04:00
5846,246,3,2026-04-10 07:15:00,2026-04-10 08:01:00
5847,128,2,2026-04-11 10:15:00,2026-04-11 11:24:00
5848,83,3,2026-04-26 10:15:00,2026-04-26 11:41:00
5849,158,4,2026-04-21 10:15:00,2026-04-21 11:23:00
5850,43,3,2026-05-26 10:15:00,2026-05-26 10:52:00
5851,76,4,2026-05-03 06:15:00,2026-05-03 07:21:00
5852,257,1,2026-06-12 09:15:00,2026-06-12 10:25:00
5853,296,3,2026-05-24 09:15:00,2026-05-24 10:22:00
5854,251,3,2026-06-03 07:15:00,2026-06-03 08:39:00
5855,263,2,2026-06-27 09:15:00,2026-06-27 10:01:00
5856,227,4,2026-04-14 06:15:00,2026-04-14 07:18:00
5857,125,2,2026-05-03 10:15:00,2026-05-03 11:06:00
5858,21,4,2026-04-29 06:15:00,2026-04-29 06:46:00
5859,231,5,2026-05-11 09:15:00,2026-05-11 10:31:00
5860,185,2,2026-04-02 09:15:00,2026-04-02 10:42:00
5861,108,1,2026-04-05 07:15:00,2026-04-05 08:03:00
5862,207,1,2026-05-25 10:15:00,2026-05-25 11:38:00
5863,227,5,2026-06-18 10:15:00,2026-06-18 11:40:00
5864,173,4,2026-05-27 09:15:00,2026-05-27 10:02:00
5865,263,3,2026-06-20 09:15:00,2026-06-20 10:40:00
5866,28,4,2026-05-06 07:15:00,2026-05-06 08:01:00
5867,247,1,2026-05-19 08:15:00,2026-05-19 09:27:00
5868,88,3,2026-06-19 08:15:00,2026-06-19 09:23:00
5869,92,3,2026-04-19 09:15:00,2026-04-19 10:34:00
5870,125,5,2026-06-22 10:15:00,2026-06-22 11:24:00
5871,139,2,2026-06-06 08:15:00,2026-06-06 09:40:00
5872,6,5,2026-04-15 09:15:00,2026-04-15 10:06:00
5873,255,3,2026-04-23 09:15:00,2026-04-23 10:40:00
5874,243,5,2026-04-13 06:15:00,2026-04-13 07:19:00
5875,216,1,2026-06-02 10:15:00,2026-06-02 11:25:00
5876,59,1,2026-04-11 06:15:00,2026-04-11 07:19:00
5877,64,1,2026-05-07 10:15:00,2026-05-07 11:27:00
5878,290,4,2026-05-19 08:15:00,2026-05-19 08:48:00
5879,222,5,2026-06-14 07:15:00,2026-06-14 07:58:00
5880,128,5,2026-06-03 07:15:00,2026-06-03 08:00:00
5881,13,1,2026-04-19 09:15:00,2026-04-19 09:36:00
5882,260,2,2026-05-31 06:15:00,2026-05-31 07:24:00
5883,25,1,2026-04-06 09:15:00,2026-04-06 09:36:00
5884,108,1,2026-06-22 08:15:00,2026-06-22 08:55:00
5885,100,3,2026-06-13 09:15:00,2026-06-13 09:54:00
5886,76,5,2026-04-17 06:15:00,2026-04-17 07:33:00
5887,216,3,2026-05-06 06:15:00,2026-05-06 07:43:00
5888,13,2,2026-04-17 07:15:00,2026-04-17 08:00:00
5889,58,4,2026-06-06 10:15:00,2026-06-06 11:43:00
5890,84,3,2026-06-12 06:15:00,2026-06-12 06:47:00
5891,224,2,2026-05-30 09:15:00,2026-05-30 09:46:00
5892,154,1,2026-05-25 10:15:00,2026-05-25 11:33:00
5893,271,5,2026-04-13 09:15:00,2026-04-13 10:28:00
5894,18,2,2026-04-17 09:15:00,2026-04-17 09:48:00
5895,270,4,2026-06-07 06:15:00,2026-06-07 07:06:00
5896,9,4,2026-06-10 06:15:00,2026-06-10 06:58:00
5897,165,4,2026-06-17 10:15:00,2026-06-17 11:37:00
5898,77,5,2026-05-17 09:15:00,2026-05-17 09:37:00
5899,229,3,2026-06-04 10:15:00,2026-06-04 10:31:00
5900,136,3,2026-06-14 10:15:00,2026-06-14 11:30:00
5901,16,3,2026-05-05 06:15:00,2026-05-05 07:29:00
5902,127,2,2026-04-30 08:15:00,2026-04-30 09:06:00
5903,251,1,2026-06-29 09:15:00,2026-06-29 09:59:00
5904,242,4,2026-06-26 10:15:00,2026-06-26 11:21:00
5905,286,4,2026-06-21 10:15:00,2026-06-21 10:42:00
5906,270,1,2026-06-02 06:15:00,2026-06-02 06:47:00
5907,237,4,2026-04-07 09:15:00,2026-04-07 09:46:00
5908,166,3,2026-04-20 06:15:00,2026-04-20 06:49:00
5909,54,1,2026-05-23 09:15:00,2026-05-23 09:54:00
5910,191,4,2026-05-02 06:15:00,2026-05-02 07:29:00
5911,37,1,2026-04-20 07:15:00,2026-04-20 08:35:00
5912,169,5,2026-05-24 08:15:00,2026-05-24 08:39:00
5913,105,5,2026-06-29 10:15:00,2026-06-29 11:10:00
5914,59,3,2026-04-30 08:15:00,2026-04-30 08:40:00
5915,25,2,2026-04-29 06:15:00,2026-04-29 07:43:00
5916,11,2,2026-06-05 06:15:00,2026-06-05 07:02:00
5917,233,5,2026-04-12 09:15:00,2026-04-12 09:35:00
5918,232,2,2026-06-26 09:15:00,2026-06-26 09:31:00
5919,64,4,2026-06-12 10:15:00,2026-06-12 10:39:00
5920,282,2,2026-04-02 09:15:00,2026-04-02 10:45:00
5921,180,4,2026-04-16 09:15:00,2026-04-16 10:37:00
5922,73,5,2026-06-19 07:15:00,2026-06-19 08:14:00
5923,209,3,2026-04-22 07:15:00,2026-04-22 08:30:00
5924,300,1,2026-06-06 07:15:00,2026-06-06 08:09:00
5925,132,4,2026-06-23 08:15:00,2026-06-23 09:26:00
5926,158,5,2026-05-23 09:15:00,2026-05-23 10:29:00
5927,207,2,2026-06-03 07:15:00,2026-06-03 08:01:00
5928,250,1,2026-06-23 09:15:00,2026-06-23 10:42:00
5929,222,5,2026-06-24 10:15:00,2026-06-24 11:21:00
5930,208,3,2026-05-11 06:15:00,2026-05-11 06:58:00
5931,119,4,2026-04-07 10:15:00,2026-04-07 11:01:00
5932,48,1,2026-04-24 07:15:00,2026-04-24 08:29:00
5933,262,5,2026-05-04 08:15:00,2026-05-04 09:21:00
5934,167,3,2026-04-03 06:15:00,2026-04-03 07:40:00
5935,256,4,2026-05-30 09:15:00,2026-05-30 10:41:00
5936,166,2,2026-06-26 07:15:00,2026-06-26 08:30:00
5937,97,5,2026-04-29 07:15:00,2026-04-29 07:37:00
5938,138,5,2026-04-17 10:15:00,2026-04-17 11:19:00
5939,251,2,2026-06-09 08:15:00,2026-06-09 09:25:00
5940,176,5,2026-04-28 08:15:00,2026-04-28 09:37:00
5941,63,5,2026-06-24 09:15:00,2026-06-24 10:00:00
5942,188,1,2026-06-07 06:15:00,2026-06-07 06:56:00
5943,258,4,2026-06-15 08:15:00,2026-06-15 09:21:00
5944,57,5,2026-06-07 10:15:00,2026-06-07 11:42:00
5945,88,3,2026-06-06 08:15:00,2026-06-06 09:41:00
5946,162,1,2026-04-29 09:15:00,2026-04-29 10:04:00
5947,71,5,2026-04-10 06:15:00,2026-04-10 07:28:00
5948,143,4,2026-04-22 06:15:00,2026-04-22 06:39:00
5949,262,3,2026-04-07 07:15:00,2026-04-07 08:13:00
5950,155,5,2026-05-28 10:15:00,2026-05-28 10:39:00
5951,269,2,2026-05-03 10:15:00,2026-05-03 11:25:00
5952,299,1,2026-04-13 10:15:00,2026-04-13 10:59:00
5953,25,2,2026-06-22 06:15:00,2026-06-22 07:39:00
5954,3,1,2026-06-06 06:15:00,2026-06-06 06:46:00
5955,140,2,2026-04-01 09:15:00,2026-04-01 10:40:00
5956,112,3,2026-05-05 06:15:00,2026-05-05 06:36:00
5957,103,3,2026-06-14 10:15:00,2026-06-14 10:55:00
5958,112,2,2026-06-29 10:15:00,2026-06-29 11:32:00
5959,107,3,2026-04-16 06:15:00,2026-04-16 07:21:00
5960,51,1,2026-04-07 06:15:00,2026-04-07 07:36:00
5961,180,4,2026-06-23 07:15:00,2026-06-23 08:45:00
5962,233,4,2026-04-16 07:15:00,2026-04-16 07:39:00
5963,287,5,2026-04-21 10:15:00,2026-04-21 10:52:00
5964,109,1,2026-04-24 10:15:00,2026-04-24 10:48:00
5965,98,5,2026-04-08 08:15:00,2026-04-08 08:47:00
5966,135,4,2026-06-08 10:15:00,2026-06-08 10:38:00
5967,128,3,2026-06-24 09:15:00,2026-06-24 10:30:00
5968,180,1,2026-06-19 08:15:00,2026-06-19 08:57:00
5969,223,1,2026-06-27 06:15:00,2026-06-27 07:29:00
5970,192,3,2026-04-18 06:15:00,2026-04-18 07:28:00
5971,103,3,2026-05-19 10:15:00,2026-05-19 11:43:00
5972,208,4,2026-05-08 09:15:00,2026-05-08 10:02:00
5973,10,2,2026-06-10 09:15:00,2026-06-10 09:30:00
5974,139,5,2026-04-07 08:15:00,2026-04-07 09:12:00
5975,74,1,2026-05-23 06:15:00,2026-05-23 07:17:00
5976,49,5,2026-05-25 10:15:00,2026-05-25 11:30:00
5977,5,5,2026-05-20 10:15:00,2026-05-20 11:13:00
5978,239,2,2026-04-23 07:15:00,2026-04-23 08:45:00
5979,72,5,2026-06-19 08:15:00,2026-06-19 09:33:00
5980,155,3,2026-06-26 08:15:00,2026-06-26 08:35:00
5981,89,5,2026-05-25 08:15:00,2026-05-25 08:56:00
5982,121,1,2026-04-08 08:15:00,2026-04-08 08:45:00
5983,186,4,2026-06-11 10:15:00,2026-06-11 11:18:00
5984,299,5,2026-06-06 07:15:00,2026-06-06 08:07:00
5985,122,5,2026-04-21 09:15:00,2026-04-21 10:15:00
5986,143,4,2026-06-23 08:15:00,2026-06-23 09:16:00
5987,209,3,2026-04-02 10:15:00,2026-04-02 11:18:00
5988,153,2,2026-04-16 09:15:00,2026-04-16 09:48:00
5989,196,5,2026-04-18 07:15:00,2026-04-18 08:28:00
5990,220,3,2026-06-04 07:15:00,2026-06-04 08:43:00
5991,238,5,2026-05-10 10:15:00,2026-05-10 11:27:00
5992,243,4,2026-05-06 07:15:00,2026-05-06 08:35:00
5993,119,2,2026-05-06 06:15:00,2026-05-06 07:39:00
5994,104,2,2026-04-17 07:15:00,2026-04-17 08:44:00
5995,28,4,2026-06-01 09:15:00,2026-06-01 10:12:00
5996,158,5,2026-06-24 07:15:00,2026-06-24 08:42:00
5997,129,2,2026-06-14 07:15:00,2026-06-14 08:11:00
5998,127,2,2026-06-24 06:15:00,2026-06-24 07:12:00
5999,18,1,2026-04-18 09:15:00,2026-04-18 10:30:00
6000,246,4,2026-05-27 07:15:00,2026-05-27 07:35:00
6001,13,2,2026-05-23 07:15:00,2026-05-23 08:35:00
6002,166,5,2026-05-26 06:15:00,2026-05-26 07:14:00
6003,145,2,2026-04-08 10:15:00,2026-04-08 11:12:00
6004,28,2,2026-06-15 08:15:00,2026-06-15 08:55:00
6005,207,5,2026-04-13 08:15:00,2026-04-13 08:45:00
6006,128,5,2026-05-25 08:15:00,2026-05-25 09:02:00
6007,5,2,2026-05-08 07:15:00,2026-05-08 08:24:00
6008,205,4,2026-06-26 08:15:00,2026-06-26 09:40:00
6009,197,3,2026-04-01 07:15:00,2026-04-01 08:43:00
6010,78,2,2026-04-28 07:15:00,2026-04-28 07:37:00
6011,167,1,2026-04-14 09:15:00,2026-04-14 10:01:00
6012,223,1,2026-04-29 09:15:00,2026-04-29 10:39:00
6013,300,5,2026-05-09 06:15:00,2026-05-09 07:24:00
6014,238,1,2026-05-24 10:15:00,2026-05-24 11:28:00
6015,72,3,2026-05-21 09:15:00,2026-05-21 09:39:00
6016,64,1,2026-04-12 08:15:00,2026-04-12 09:41:00
6017,135,1,2026-06-07 09:15:00,2026-06-07 09:47:00
6018,218,2,2026-05-31 08:15:00,2026-05-31 09:40:00
6019,141,2,2026-04-04 10:15:00,2026-04-04 10:56:00
6020,82,3,2026-06-21 08:15:00,2026-06-21 08:38:00
6021,94,4,2026-05-20 10:15:00,2026-05-20 11:02:00
6022,152,5,2026-05-07 09:15:00,2026-05-07 10:07:00
6023,215,1,2026-05-28 10:15:00,2026-05-28 11:01:00
6024,57,3,2026-05-31 06:15:00,2026-05-31 07:02:00
6025,76,1,2026-05-25 09:15:00,2026-05-25 10:32:00
6026,195,2,2026-04-16 09:15:00,2026-04-16 09:31:00
6027,182,1,2026-06-12 06:15:00,2026-06-12 06:59:00
6028,69,4,2026-05-13 10:15:00,2026-05-13 11:00:00
6029,180,1,2026-06-16 10:15:00,2026-06-16 11:18:00
6030,156,3,2026-05-04 10:15:00,2026-05-04 11:04:00
6031,5,4,2026-05-21 06:15:00,2026-05-21 06:30:00
6032,228,4,2026-04-18 09:15:00,2026-04-18 09:58:00
6033,30,3,2026-04-28 10:15:00,2026-04-28 10:30:00
6034,94,1,2026-04-17 07:15:00,2026-04-17 07:59:00
6035,157,3,2026-06-09 10:15:00,2026-06-09 10:42:00
6036,233,3,2026-05-04 08:15:00,2026-05-04 09:20:00
6037,223,1,2026-05-15 09:15:00,2026-05-15 10:32:00
6038,195,2,2026-04-16 09:15:00,2026-04-16 10:39:00
6039,98,4,2026-05-19 06:15:00,2026-05-19 06:41:00
6040,2,5,2026-06-26 10:15:00,2026-06-26 10:34:00
6041,104,1,2026-05-04 09:15:00,2026-05-04 10:09:00
6042,184,1,2026-06-03 10:15:00,2026-06-03 10:40:00
6043,282,4,2026-05-15 08:15:00,2026-05-15 08:31:00
6044,71,2,2026-06-02 06:15:00,2026-06-02 07:19:00
6045,59,4,2026-05-23 10:15:00,2026-05-23 11:28:00
6046,30,4,2026-06-21 08:15:00,2026-06-21 08:58:00
6047,170,5,2026-04-09 08:15:00,2026-04-09 08:34:00
6048,135,5,2026-04-08 09:15:00,2026-04-08 10:34:00
6049,179,5,2026-05-26 06:15:00,2026-05-26 07:42:00
6050,13,2,2026-05-26 08:15:00,2026-05-26 08:56:00
6051,269,4,2026-06-04 10:15:00,2026-06-04 11:23:00
6052,238,2,2026-06-18 06:15:00,2026-06-18 06:59:00
6053,212,1,2026-06-06 09:15:00,2026-06-06 09:55:00
6054,203,4,2026-04-03 09:15:00,2026-04-03 09:56:00
6055,246,2,2026-05-08 10:15:00,2026-05-08 10:42:00
6056,246,4,2026-05-25 10:15:00,2026-05-25 11:24:00
6057,171,1,2026-06-02 07:15:00,2026-06-02 07:59:00
6058,108,1,2026-04-06 09:15:00,2026-04-06 09:59:00
6059,145,3,2026-05-11 10:15:00,2026-05-11 10:34:00
6060,44,4,2026-05-20 07:15:00,2026-05-20 07:37:00
6061,235,4,2026-05-09 10:15:00,2026-05-09 10:31:00
6062,166,5,2026-06-22 10:15:00,2026-06-22 10:33:00
6063,214,4,2026-06-07 08:15:00,2026-06-07 08:51:00
6064,185,2,2026-06-07 07:15:00,2026-06-07 07:50:00
6065,122,4,2026-06-21 09:15:00,2026-06-21 10:28:00
6066,171,4,2026-04-03 06:15:00,2026-04-03 07:01:00
6067,251,5,2026-04-13 09:15:00,2026-04-13 10:18:00
6068,33,2,2026-05-15 06:15:00,2026-05-15 07:00:00
6069,72,4,2026-06-16 07:15:00,2026-06-16 08:23:00
6070,291,3,2026-05-21 09:15:00,2026-05-21 10:16:00
6071,164,4,2026-04-18 07:15:00,2026-04-18 08:04:00
6072,17,4,2026-05-03 06:15:00,2026-05-03 07:31:00
6073,268,4,2026-04-03 07:15:00,2026-04-03 07:51:00
6074,171,4,2026-06-25 08:15:00,2026-06-25 09:39:00
6075,200,4,2026-05-20 07:15:00,2026-05-20 08:20:00
6076,198,4,2026-04-14 08:15:00,2026-04-14 08:43:00
6077,119,1,2026-04-14 08:15:00,2026-04-14 09:15:00
6078,55,5,2026-04-10 08:15:00,2026-04-10 08:34:00
6079,43,3,2026-05-08 06:15:00,2026-05-08 06:59:00
6080,155,4,2026-04-27 07:15:00,2026-04-27 08:13:00
6081,118,4,2026-06-25 09:15:00,2026-06-25 09:57:00
6082,76,2,2026-04-19 08:15:00,2026-04-19 08:52:00
6083,272,4,2026-05-20 09:15:00,2026-05-20 10:24:00
6084,17,4,2026-04-24 07:15:00,2026-04-24 08:13:00
6085,255,2,2026-05-01 08:15:00,2026-05-01 09:03:00
6086,123,1,2026-06-16 07:15:00,2026-06-16 07:30:00
6087,278,3,2026-04-12 08:15:00,2026-04-12 08:52:00
6088,187,4,2026-06-12 10:15:00,2026-06-12 11:24:00
6089,122,2,2026-04-03 08:15:00,2026-04-03 08:34:00
6090,141,5,2026-06-14 08:15:00,2026-06-14 09:33:00
6091,89,4,2026-04-17 09:15:00,2026-04-17 09:32:00
6092,188,2,2026-05-15 09:15:00,2026-05-15 10:19:00
6093,133,5,2026-04-11 10:15:00,2026-04-11 11:09:00
6094,113,1,2026-04-17 06:15:00,2026-04-17 07:20:00
6095,4,5,2026-06-28 09:15:00,2026-06-28 09:34:00
6096,286,4,2026-05-22 09:15:00,2026-05-22 10:22:00
6097,247,1,2026-04-25 07:15:00,2026-04-25 08:27:00
6098,208,2,2026-05-24 09:15:00,2026-05-24 09:58:00
6099,169,4,2026-06-26 06:15:00,2026-06-26 06:51:00
6100,140,1,2026-05-09 07:15:00,2026-05-09 07:37:00
6101,209,1,2026-05-18 09:15:00,2026-05-18 10:21:00
6102,288,3,2026-04-23 07:15:00,2026-04-23 08:40:00
6103,190,3,2026-05-05 07:15:00,2026-05-05 07:51:00
6104,136,2,2026-05-14 07:15:00,2026-05-14 08:43:00
6105,264,3,2026-06-16 06:15:00,2026-06-16 06:58:00
6106,50,4,2026-05-02 07:15:00,2026-05-02 07:47:00
6107,169,1,2026-04-11 09:15:00,2026-04-11 09:33:00
6108,16,5,2026-05-22 09:15:00,2026-05-22 10:04:00
6109,108,3,2026-04-25 09:15:00,2026-04-25 10:21:00
6110,154,1,2026-04-17 06:15:00,2026-04-17 07:10:00
6111,270,3,2026-04-26 09:15:00,2026-04-26 10:44:00
6112,261,1,2026-05-16 09:15:00,2026-05-16 09:46:00
6113,62,5,2026-04-08 07:15:00,2026-04-08 08:44:00
6114,33,3,2026-05-28 10:15:00,2026-05-28 10:31:00
6115,245,1,2026-04-26 10:15:00,2026-04-26 10:58:00
6116,98,4,2026-05-19 09:15:00,2026-05-19 10:01:00
6117,256,4,2026-04-23 10:15:00,2026-04-23 11:36:00
6118,241,3,2026-05-07 06:15:00,2026-05-07 06:49:00
6119,33,1,2026-05-15 09:15:00,2026-05-15 09:46:00
6120,218,2,2026-06-14 09:15:00,2026-06-14 09:48:00
6121,42,2,2026-04-30 06:15:00,2026-04-30 06:40:00
6122,146,5,2026-04-27 06:15:00,2026-04-27 07:19:00
6123,60,1,2026-04-14 07:15:00,2026-04-14 07:49:00
6124,197,2,2026-05-15 10:15:00,2026-05-15 11:36:00
6125,132,3,2026-05-28 09:15:00,2026-05-28 10:22:00
6126,184,2,2026-06-19 06:15:00,2026-06-19 06:56:00
6127,61,5,2026-06-10 06:15:00,2026-06-10 07:34:00
6128,113,4,2026-06-22 07:15:00,2026-06-22 08:40:00
6129,141,1,2026-05-02 07:15:00,2026-05-02 08:29:00
6130,10,4,2026-04-14 10:15:00,2026-04-14 11:09:00
6131,160,1,2026-06-04 06:15:00,2026-06-04 07:39:00
6132,195,5,2026-06-24 09:15:00,2026-06-24 10:05:00
6133,285,1,2026-04-23 06:15:00,2026-04-23 07:32:00
6134,180,1,2026-05-17 07:15:00,2026-05-17 08:10:00
6135,119,5,2026-06-25 07:15:00,2026-06-25 08:31:00
6136,94,2,2026-05-25 09:15:00,2026-05-25 09:46:00
6137,76,2,2026-06-06 08:15:00,2026-06-06 08:46:00
6138,115,1,2026-05-29 08:15:00,2026-05-29 08:41:00
6139,189,2,2026-04-14 08:15:00,2026-04-14 09:14:00
6140,196,2,2026-06-07 10:15:00,2026-06-07 10:49:00
6141,83,2,2026-06-08 10:15:00,2026-06-08 11:10:00
6142,262,4,2026-05-26 08:15:00,2026-05-26 09:16:00
6143,287,1,2026-04-22 09:15:00,2026-04-22 09:33:00
6144,241,1,2026-06-29 08:15:00,2026-06-29 08:51:00
6145,262,1,2026-06-18 09:15:00,2026-06-18 10:38:00
6146,56,1,2026-04-11 07:15:00,2026-04-11 07:52:00
6147,89,1,2026-06-28 08:15:00,2026-06-28 08:48:00
6148,291,5,2026-06-12 08:15:00,2026-06-12 09:07:00
6149,212,5,2026-05-02 09:15:00,2026-05-02 09:44:00
6150,102,4,2026-06-22 09:15:00,2026-06-22 09:54:00
6151,37,2,2026-05-24 07:15:00,2026-05-24 08:09:00
6152,241,1,2026-06-21 10:15:00,2026-06-21 10:52:00
6153,251,4,2026-06-17 09:15:00,2026-06-17 10:04:00
6154,87,3,2026-05-17 07:15:00,2026-05-17 08:33:00
6155,231,2,2026-04-17 06:15:00,2026-04-17 06:46:00
6156,158,5,2026-04-16 07:15:00,2026-04-16 08:09:00
6157,176,3,2026-06-29 09:15:00,2026-06-29 10:33:00
6158,297,1,2026-04-29 06:15:00,2026-04-29 07:16:00
6159,289,4,2026-05-24 09:15:00,2026-05-24 10:13:00
6160,32,1,2026-04-10 08:15:00,2026-04-10 09:09:00
6161,93,1,2026-06-16 07:15:00,2026-06-16 07:40:00
6162,262,3,2026-06-21 09:15:00,2026-06-21 09:52:00
6163,261,5,2026-04-24 10:15:00,2026-04-24 11:05:00
6164,76,4,2026-06-17 10:15:00,2026-06-17 10:54:00
6165,74,2,2026-05-19 09:15:00,2026-05-19 10:27:00
6166,153,3,2026-06-22 09:15:00,2026-06-22 10:03:00
6167,133,1,2026-04-05 09:15:00,2026-04-05 10:22:00
6168,186,4,2026-06-10 10:15:00,2026-06-10 11:07:00
6169,126,1,2026-05-20 08:15:00,2026-05-20 09:38:00
6170,158,4,2026-06-24 09:15:00,2026-06-24 10:23:00
6171,278,1,2026-04-27 09:15:00,2026-04-27 10:24:00
6172,118,2,2026-04-08 10:15:00,2026-04-08 10:45:00
6173,157,3,2026-05-23 07:15:00,2026-05-23 08:08:00
6174,38,5,2026-05-04 09:15:00,2026-05-04 09:36:00
6175,232,3,2026-04-19 06:15:00,2026-04-19 06:48:00
6176,299,2,2026-05-29 06:15:00,2026-05-29 07:41:00
6177,173,2,2026-04-20 08:15:00,2026-04-20 08:46:00
6178,248,2,2026-06-07 06:15:00,2026-06-07 06:58:00
6179,18,5,2026-04-22 08:15:00,2026-04-22 09:07:00
6180,193,4,2026-06-15 06:15:00,2026-06-15 07:25:00
6181,14,1,2026-04-08 10:15:00,2026-04-08 10:47:00
6182,201,3,2026-04-07 06:15:00,2026-04-07 06:48:00
6183,184,3,2026-05-17 09:15:00,2026-05-17 10:28:00
6184,37,5,2026-06-20 07:15:00,2026-06-20 08:28:00
6185,6,4,2026-06-05 10:15:00,2026-06-05 11:09:00
6186,211,3,2026-05-03 09:15:00,2026-05-03 10:21:00
6187,49,3,2026-05-19 06:15:00,2026-05-19 06:49:00
6188,68,3,2026-04-06 10:15:00,2026-04-06 10:51:00
6189,5,1,2026-05-10 10:15:00,2026-05-10 11:34:00
6190,27,3,2026-06-23 07:15:00,2026-06-23 07:46:00
6191,236,2,2026-04-11 10:15:00,2026-04-11 10:58:00
6192,212,1,2026-05-07 06:15:00,2026-05-07 06:49:00
6193,240,2,2026-04-16 08:15:00,2026-04-16 09:00:00
6194,154,1,2026-06-16 07:15:00,2026-06-16 08:00:00
6195,75,3,2026-05-02 10:15:00,2026-05-02 10:35:00
6196,59,1,2026-04-07 08:15:00,2026-04-07 09:43:00
6197,252,1,2026-06-16 07:15:00,2026-06-16 08:31:00
6198,228,3,2026-05-31 06:15:00,2026-05-31 07:27:00
6199,205,3,2026-05-31 09:15:00,2026-05-31 10:07:00
6200,58,2,2026-04-29 09:15:00,2026-04-29 10:23:00
6201,248,2,2026-06-28 09:15:00,2026-06-28 10:04:00
6202,203,4,2026-05-08 08:15:00,2026-05-08 09:11:00
6203,12,3,2026-06-23 09:15:00,2026-06-23 10:14:00
6204,298,1,2026-04-18 08:15:00,2026-04-18 09:17:00
6205,202,5,2026-04-23 10:15:00,2026-04-23 10:33:00
6206,190,3,2026-06-07 09:15:00,2026-06-07 10:01:00
6207,292,4,2026-05-31 10:15:00,2026-05-31 10:45:00
6208,110,2,2026-04-23 07:15:00,2026-04-23 08:31:00
6209,80,3,2026-06-15 06:15:00,2026-06-15 07:44:00
6210,99,3,2026-06-29 06:15:00,2026-06-29 07:25:00
6211,170,3,2026-04-21 06:15:00,2026-04-21 07:14:00
6212,172,2,2026-04-17 06:15:00,2026-04-17 07:13:00
6213,87,3,2026-05-19 09:15:00,2026-05-19 10:02:00
6214,117,2,2026-06-15 09:15:00,2026-06-15 10:02:00
6215,245,5,2026-06-28 08:15:00,2026-06-28 09:43:00
6216,243,3,2026-06-13 08:15:00,2026-06-13 09:17:00
6217,220,1,2026-04-25 08:15:00,2026-04-25 09:07:00
6218,95,1,2026-04-13 07:15:00,2026-04-13 08:15:00
6219,38,4,2026-04-22 08:15:00,2026-04-22 09:13:00
6220,109,5,2026-06-01 09:15:00,2026-06-01 09:59:00
6221,157,2,2026-04-27 06:15:00,2026-04-27 06:57:00
6222,50,4,2026-06-13 06:15:00,2026-06-13 07:37:00
6223,3,3,2026-05-03 08:15:00,2026-05-03 08:50:00
6224,75,1,2026-05-11 07:15:00,2026-05-11 08:00:00
6225,278,4,2026-05-13 09:15:00,2026-05-13 09:48:00
6226,136,2,2026-05-18 07:15:00,2026-05-18 08:26:00
6227,58,4,2026-04-29 08:15:00,2026-04-29 09:24:00
6228,281,3,2026-04-01 10:15:00,2026-04-01 11:12:00
6229,234,5,2026-04-09 09:15:00,2026-04-09 10:19:00
6230,203,4,2026-04-22 09:15:00,2026-04-22 10:41:00
6231,196,3,2026-05-26 08:15:00,2026-05-26 09:24:00
6232,200,5,2026-05-20 10:15:00,2026-05-20 11:09:00
6233,193,1,2026-04-11 08:15:00,2026-04-11 09:21:00
6234,102,4,2026-04-02 10:15:00,2026-04-02 11:30:00
6235,197,5,2026-04-21 10:15:00,2026-04-21 11:19:00
6236,297,3,2026-06-09 07:15:00,2026-06-09 08:11:00
6237,125,1,2026-06-27 06:15:00,2026-06-27 07:37:00
6238,121,2,2026-05-21 09:15:00,2026-05-21 10:23:00
6239,125,4,2026-04-12 08:15:00,2026-04-12 09:39:00
6240,167,1,2026-06-12 10:15:00,2026-06-12 10:31:00
6241,19,2,2026-06-03 09:15:00,2026-06-03 10:05:00
6242,17,5,2026-05-26 08:15:00,2026-05-26 09:39:00
6243,255,5,2026-06-08 09:15:00,2026-06-08 10:01:00
6244,6,1,2026-04-28 10:15:00,2026-04-28 11:29:00
6245,205,5,2026-04-12 06:15:00,2026-04-12 07:22:00
6246,71,4,2026-06-23 07:15:00,2026-06-23 07:57:00
6247,151,2,2026-04-04 09:15:00,2026-04-04 10:04:00
6248,193,2,2026-05-09 07:15:00,2026-05-09 08:31:00
6249,273,4,2026-06-12 06:15:00,2026-06-12 06:49:00
6250,272,1,2026-05-29 08:15:00,2026-05-29 08:51:00
6251,57,4,2026-06-13 10:15:00,2026-06-13 10:37:00
6252,171,5,2026-06-23 06:15:00,2026-06-23 06:45:00
6253,112,1,2026-04-02 09:15:00,2026-04-02 10:24:00
6254,88,4,2026-06-19 08:15:00,2026-06-19 08:49:00
6255,118,2,2026-06-03 09:15:00,2026-06-03 09:52:00
6256,294,1,2026-06-22 07:15:00,2026-06-22 07:40:00
6257,163,1,2026-06-01 06:15:00,2026-06-01 06:43:00
6258,272,4,2026-06-24 06:15:00,2026-06-24 06:36:00
6259,208,3,2026-04-24 09:15:00,2026-04-24 10:04:00
6260,254,3,2026-04-09 10:15:00,2026-04-09 11:39:00
6261,197,2,2026-06-19 08:15:00,2026-06-19 08:30:00
6262,202,2,2026-06-26 07:15:00,2026-06-26 07:30:00
6263,220,5,2026-04-01 07:15:00,2026-04-01 07:57:00
6264,248,2,2026-05-28 06:15:00,2026-05-28 07:18:00
6265,78,4,2026-04-05 08:15:00,2026-04-05 09:27:00
6266,255,3,2026-05-08 08:15:00,2026-05-08 09:15:00
6267,28,5,2026-04-03 09:15:00,2026-04-03 10:21:00
6268,218,3,2026-06-14 09:15:00,2026-06-14 10:30:00
6269,199,1,2026-06-28 08:15:00,2026-06-28 09:42:00
6270,97,3,2026-04-27 09:15:00,2026-04-27 10:43:00
6271,170,5,2026-04-14 07:15:00,2026-04-14 08:15:00
6272,182,4,2026-06-16 07:15:00,2026-06-16 07:45:00
6273,217,2,2026-06-19 08:15:00,2026-06-19 09:27:00
6274,203,3,2026-05-21 10:15:00,2026-05-21 10:45:00
6275,50,2,2026-06-27 10:15:00,2026-06-27 11:12:00
6276,84,5,2026-05-09 10:15:00,2026-05-09 11:01:00
6277,21,4,2026-05-14 08:15:00,2026-05-14 08:58:00
6278,175,1,2026-04-27 10:15:00,2026-04-27 10:57:00
6279,262,4,2026-04-20 07:15:00,2026-04-20 08:12:00
6280,74,5,2026-04-06 07:15:00,2026-04-06 07:33:00
6281,27,3,2026-05-12 08:15:00,2026-05-12 09:30:00
6282,242,1,2026-06-17 06:15:00,2026-06-17 06:48:00
6283,159,4,2026-06-15 07:15:00,2026-06-15 07:52:00
6284,14,4,2026-05-20 10:15:00,2026-05-20 10:48:00
6285,106,4,2026-06-11 06:15:00,2026-06-11 07:15:00
6286,233,3,2026-05-16 07:15:00,2026-05-16 07:34:00
6287,144,1,2026-04-14 06:15:00,2026-04-14 06:38:00
6288,275,5,2026-06-25 06:15:00,2026-06-25 06:34:00
6289,202,5,2026-04-29 08:15:00,2026-04-29 08:48:00
6290,179,4,2026-06-05 10:15:00,2026-06-05 10:31:00
6291,262,2,2026-04-10 06:15:00,2026-04-10 07:12:00
6292,29,3,2026-06-13 10:15:00,2026-06-13 11:04:00
6293,103,3,2026-06-19 10:15:00,2026-06-19 11:41:00
6294,270,5,2026-06-01 09:15:00,2026-06-01 10:08:00
6295,119,4,2026-06-28 09:15:00,2026-06-28 09:36:00
6296,235,5,2026-05-21 06:15:00,2026-05-21 07:27:00
6297,35,4,2026-04-08 08:15:00,2026-04-08 09:16:00
6298,30,2,2026-04-26 10:15:00,2026-04-26 10:54:00
6299,184,3,2026-06-13 07:15:00,2026-06-13 07:31:00
6300,111,1,2026-06-06 10:15:00,2026-06-06 10:36:00
6301,195,3,2026-04-30 09:15:00,2026-04-30 10:10:00
6302,56,3,2026-06-20 10:15:00,2026-06-20 11:23:00
6303,212,3,2026-06-15 07:15:00,2026-06-15 08:10:00
6304,292,4,2026-06-13 08:15:00,2026-06-13 09:16:00
6305,272,4,2026-06-27 06:15:00,2026-06-27 07:04:00
6306,70,1,2026-05-11 07:15:00,2026-05-11 08:10:00
6307,277,2,2026-05-15 08:15:00,2026-05-15 09:12:00
6308,257,1,2026-06-29 07:15:00,2026-06-29 08:41:00
6309,142,1,2026-04-23 08:15:00,2026-04-23 08:54:00
6310,78,3,2026-05-01 10:15:00,2026-05-01 11:03:00
6311,147,2,2026-05-08 06:15:00,2026-05-08 07:15:00
6312,241,5,2026-05-20 10:15:00,2026-05-20 11:18:00
6313,77,1,2026-06-28 09:15:00,2026-06-28 10:06:00
6314,198,3,2026-06-14 09:15:00,2026-06-14 10:28:00
6315,56,2,2026-06-14 07:15:00,2026-06-14 08:37:00
6316,84,1,2026-05-25 06:15:00,2026-05-25 06:52:00
6317,149,1,2026-05-09 07:15:00,2026-05-09 08:12:00
6318,98,4,2026-06-01 07:15:00,2026-06-01 08:36:00
6319,109,4,2026-05-28 10:15:00,2026-05-28 11:24:00
6320,250,3,2026-05-26 07:15:00,2026-05-26 07:42:00
6321,234,4,2026-06-15 09:15:00,2026-06-15 10:33:00
6322,232,1,2026-04-07 08:15:00,2026-04-07 08:37:00
6323,260,1,2026-04-25 06:15:00,2026-04-25 07:30:00
6324,184,3,2026-06-21 09:15:00,2026-06-21 09:57:00
6325,231,1,2026-05-05 10:15:00,2026-05-05 11:00:00
6326,4,4,2026-04-25 06:15:00,2026-04-25 07:04:00
6327,132,2,2026-05-24 07:15:00,2026-05-24 08:43:00
6328,201,1,2026-04-19 09:15:00,2026-04-19 10:36:00
6329,137,5,2026-04-09 07:15:00,2026-04-09 07:34:00
6330,38,1,2026-04-26 06:15:00,2026-04-26 06:48:00
6331,257,4,2026-06-03 06:15:00,2026-06-03 07:32:00
6332,203,4,2026-06-24 07:15:00,2026-06-24 08:01:00
6333,144,2,2026-05-25 10:15:00,2026-05-25 10:54:00
6334,288,3,2026-06-27 06:15:00,2026-06-27 07:02:00
6335,126,3,2026-06-17 10:15:00,2026-06-17 11:01:00
6336,58,5,2026-05-18 07:15:00,2026-05-18 08:13:00
6337,213,2,2026-05-23 06:15:00,2026-05-23 06:55:00
6338,114,5,2026-04-24 07:15:00,2026-04-24 08:22:00
6339,288,5,2026-06-01 06:15:00,2026-06-01 06:37:00
6340,283,4,2026-05-04 06:15:00,2026-05-04 06:55:00
6341,16,3,2026-06-12 08:15:00,2026-06-12 09:05:00
6342,141,4,2026-06-25 07:15:00,2026-06-25 07:45:00
6343,197,5,2026-04-16 10:15:00,2026-04-16 10:51:00
6344,170,4,2026-04-28 08:15:00,2026-04-28 09:32:00
6345,253,4,2026-04-18 10:15:00,2026-04-18 11:12:00
6346,31,2,2026-05-23 07:15:00,2026-05-23 08:10:00
6347,292,3,2026-04-06 09:15:00,2026-04-06 09:47:00
6348,161,5,2026-05-28 06:15:00,2026-05-28 07:15:00
6349,60,5,2026-05-10 09:15:00,2026-05-10 09:33:00
6350,261,3,2026-04-30 08:15:00,2026-04-30 08:49:00
6351,156,4,2026-05-15 09:15:00,2026-05-15 10:00:00
6352,23,5,2026-04-12 06:15:00,2026-04-12 07:18:00
6353,104,4,2026-04-13 08:15:00,2026-04-13 09:28:00
6354,30,1,2026-04-14 06:15:00,2026-04-14 07:05:00
6355,177,2,2026-04-13 10:15:00,2026-04-13 11:13:00
6356,260,1,2026-06-18 10:15:00,2026-06-18 10:59:00
6357,136,5,2026-04-01 10:15:00,2026-04-01 11:38:00
6358,111,4,2026-04-21 09:15:00,2026-04-21 09:32:00
6359,198,3,2026-04-11 10:15:00,2026-04-11 10:37:00
6360,163,2,2026-05-11 08:15:00,2026-05-11 09:17:00
6361,148,5,2026-04-14 08:15:00,2026-04-14 08:36:00
6362,287,4,2026-04-27 09:15:00,2026-04-27 10:36:00
6363,282,1,2026-05-12 09:15:00,2026-05-12 10:05:00
6364,240,4,2026-04-02 06:15:00,2026-04-02 06:58:00
6365,209,2,2026-05-28 06:15:00,2026-05-28 07:05:00
6366,31,2,2026-04-28 08:15:00,2026-04-28 09:21:00
6367,288,3,2026-06-06 10:15:00,2026-06-06 11:22:00
6368,79,5,2026-06-20 07:15:00,2026-06-20 08:05:00
6369,29,5,2026-04-11 10:15:00,2026-04-11 11:39:00
6370,46,3,2026-04-10 09:15:00,2026-04-10 10:12:00
6371,136,2,2026-04-14 09:15:00,2026-04-14 09:45:00
6372,190,3,2026-05-14 06:15:00,2026-05-14 07:36:00
6373,67,5,2026-05-16 10:15:00,2026-05-16 11:30:00
6374,76,2,2026-06-11 08:15:00,2026-06-11 09:26:00
6375,68,3,2026-04-22 10:15:00,2026-04-22 11:28:00
6376,280,5,2026-06-12 08:15:00,2026-06-12 09:24:00
6377,111,5,2026-04-26 07:15:00,2026-04-26 07:33:00
6378,237,2,2026-05-21 08:15:00,2026-05-21 08:44:00
6379,23,5,2026-05-22 08:15:00,2026-05-22 08:34:00
6380,156,2,2026-06-23 07:15:00,2026-06-23 07:35:00
6381,29,2,2026-06-29 06:15:00,2026-06-29 07:01:00
6382,261,4,2026-06-22 10:15:00,2026-06-22 11:20:00
6383,253,1,2026-05-28 06:15:00,2026-05-28 06:50:00
6384,21,5,2026-06-21 10:15:00,2026-06-21 11:26:00
6385,96,1,2026-05-04 10:15:00,2026-05-04 10:50:00
6386,84,4,2026-06-09 10:15:00,2026-06-09 11:05:00
6387,211,5,2026-06-24 10:15:00,2026-06-24 11:30:00
6388,88,2,2026-04-25 07:15:00,2026-04-25 08:30:00
6389,229,4,2026-04-03 07:15:00,2026-04-03 07:34:00
6390,76,3,2026-06-13 06:15:00,2026-06-13 06:42:00
6391,141,4,2026-04-12 10:15:00,2026-04-12 11:04:00
6392,229,3,2026-05-24 07:15:00,2026-05-24 07:46:00
6393,127,5,2026-06-28 08:15:00,2026-06-28 08:48:00
6394,20,4,2026-06-28 07:15:00,2026-06-28 07:55:00
6395,250,3,2026-05-24 10:15:00,2026-05-24 11:10:00
6396,88,2,2026-05-28 07:15:00,2026-05-28 08:18:00
6397,269,2,2026-04-20 06:15:00,2026-04-20 07:24:00
6398,200,5,2026-04-04 06:15:00,2026-04-04 07:22:00
6399,203,5,2026-04-09 09:15:00,2026-04-09 09:41:00
6400,147,1,2026-06-02 07:15:00,2026-06-02 07:58:00
6401,299,1,2026-04-25 09:15:00,2026-04-25 09:57:00
6402,219,3,2026-05-23 06:15:00,2026-05-23 07:01:00
6403,41,2,2026-05-21 08:15:00,2026-05-21 08:41:00
6404,193,1,2026-05-22 10:15:00,2026-05-22 11:01:00
6405,221,2,2026-04-23 10:15:00,2026-04-23 10:30:00
6406,117,4,2026-06-22 08:15:00,2026-06-22 09:11:00
6407,224,3,2026-05-15 10:15:00,2026-05-15 10:57:00
6408,51,5,2026-05-19 10:15:00,2026-05-19 11:04:00
6409,41,3,2026-05-18 07:15:00,2026-05-18 08:16:00
6410,25,4,2026-05-19 07:15:00,2026-05-19 07:59:00
6411,72,3,2026-05-14 06:15:00,2026-05-14 06:50:00
6412,186,2,2026-06-09 08:15:00,2026-06-09 08:49:00
6413,256,2,2026-05-16 08:15:00,2026-05-16 09:22:00
6414,49,4,2026-05-28 09:15:00,2026-05-28 10:10:00
6415,292,4,2026-04-07 10:15:00,2026-04-07 11:37:00
6416,23,1,2026-04-01 06:15:00,2026-04-01 07:13:00
6417,290,4,2026-06-13 07:15:00,2026-06-13 07:37:00
6418,169,3,2026-05-17 06:15:00,2026-05-17 07:03:00
6419,273,5,2026-04-21 06:15:00,2026-04-21 06:36:00
6420,191,3,2026-05-12 07:15:00,2026-05-12 08:16:00
6421,105,1,2026-04-09 07:15:00,2026-04-09 08:38:00
6422,130,3,2026-04-16 08:15:00,2026-04-16 08:31:00
6423,1,4,2026-05-15 08:15:00,2026-05-15 08:49:00
6424,133,5,2026-04-25 08:15:00,2026-04-25 08:42:00
6425,209,3,2026-04-11 09:15:00,2026-04-11 10:10:00
6426,51,4,2026-05-15 07:15:00,2026-05-15 08:37:00
6427,47,4,2026-06-07 06:15:00,2026-06-07 07:37:00
6428,106,4,2026-06-06 09:15:00,2026-06-06 09:52:00
6429,153,3,2026-05-09 09:15:00,2026-05-09 10:36:00
6430,231,2,2026-05-16 07:15:00,2026-05-16 08:21:00
6431,246,3,2026-04-14 06:15:00,2026-04-14 07:35:00
6432,120,2,2026-05-08 09:15:00,2026-05-08 10:25:00
6433,272,1,2026-05-19 10:15:00,2026-05-19 11:03:00
6434,94,3,2026-06-28 10:15:00,2026-06-28 10:45:00
6435,37,5,2026-06-23 10:15:00,2026-06-23 11:11:00
6436,233,1,2026-05-15 09:15:00,2026-05-15 10:35:00
6437,60,3,2026-04-27 10:15:00,2026-04-27 11:33:00
6438,171,2,2026-05-20 07:15:00,2026-05-20 08:33:00
6439,92,2,2026-04-10 06:15:00,2026-04-10 07:13:00
6440,218,3,2026-04-21 08:15:00,2026-04-21 09:28:00
6441,46,4,2026-06-23 08:15:00,2026-06-23 09:01:00
6442,61,2,2026-05-08 10:15:00,2026-05-08 11:27:00
6443,123,3,2026-04-05 08:15:00,2026-04-05 08:43:00
6444,214,4,2026-05-23 07:15:00,2026-05-23 08:19:00
6445,205,1,2026-06-06 06:15:00,2026-06-06 07:04:00
6446,128,1,2026-04-09 10:15:00,2026-04-09 10:31:00
6447,213,1,2026-05-29 06:15:00,2026-05-29 07:20:00
6448,219,2,2026-05-03 07:15:00,2026-05-03 07:59:00
6449,141,1,2026-04-14 08:15:00,2026-04-14 09:21:00
6450,152,5,2026-05-28 09:15:00,2026-05-28 10:28:00
6451,134,4,2026-05-27 07:15:00,2026-05-27 08:20:00
6452,175,2,2026-06-21 06:15:00,2026-06-21 07:15:00
6453,128,5,2026-05-27 07:15:00,2026-05-27 08:24:00
6454,290,2,2026-06-14 09:15:00,2026-06-14 10:39:00
6455,191,3,2026-06-27 08:15:00,2026-06-27 09:27:00
6456,204,2,2026-04-10 07:15:00,2026-04-10 08:31:00
6457,257,5,2026-04-10 10:15:00,2026-04-10 11:17:00
6458,20,2,2026-05-05 06:15:00,2026-05-05 07:21:00
6459,178,2,2026-04-02 10:15:00,2026-04-02 10:58:00
6460,85,3,2026-06-04 07:15:00,2026-06-04 08:24:00
6461,71,5,2026-06-27 08:15:00,2026-06-27 09:28:00
6462,88,1,2026-06-07 07:15:00,2026-06-07 08:43:00
6463,257,1,2026-04-07 07:15:00,2026-04-07 08:21:00
6464,254,3,2026-05-13 08:15:00,2026-05-13 09:02:00
6465,104,2,2026-06-20 08:15:00,2026-06-20 08:32:00
6466,11,2,2026-06-25 07:15:00,2026-06-25 08:05:00
6467,215,1,2026-04-15 10:15:00,2026-04-15 10:51:00
6468,95,3,2026-06-16 08:15:00,2026-06-16 09:37:00
6469,80,4,2026-06-24 09:15:00,2026-06-24 10:03:00
6470,268,1,2026-05-16 10:15:00,2026-05-16 11:16:00
6471,191,2,2026-05-16 10:15:00,2026-05-16 11:09:00
6472,269,3,2026-06-28 06:15:00,2026-06-28 07:21:00
6473,216,2,2026-04-18 07:15:00,2026-04-18 08:28:00
6474,47,2,2026-04-21 07:15:00,2026-04-21 07:37:00
6475,66,3,2026-05-26 09:15:00,2026-05-26 09:45:00
6476,19,5,2026-04-28 07:15:00,2026-04-28 08:22:00
6477,278,3,2026-05-01 07:15:00,2026-05-01 07:53:00
6478,54,4,2026-04-13 10:15:00,2026-04-13 10:57:00
6479,133,4,2026-05-17 06:15:00,2026-05-17 07:11:00
6480,294,2,2026-06-15 10:15:00,2026-06-15 10:33:00
6481,45,4,2026-04-09 10:15:00,2026-04-09 10:51:00
6482,289,2,2026-04-16 10:15:00,2026-04-16 11:45:00
6483,65,3,2026-05-28 08:15:00,2026-05-28 08:59:00
6484,36,2,2026-04-23 07:15:00,2026-04-23 08:08:00
6485,158,5,2026-04-01 09:15:00,2026-04-01 10:28:00
6486,267,3,2026-05-06 10:15:00,2026-05-06 11:19:00
6487,160,4,2026-05-24 06:15:00,2026-05-24 07:15:00
6488,147,1,2026-04-28 06:15:00,2026-04-28 06:36:00
6489,188,1,2026-06-04 08:15:00,2026-06-04 09:42:00
6490,238,5,2026-06-22 10:15:00,2026-06-22 10:50:00
6491,121,3,2026-04-27 10:15:00,2026-04-27 10:57:00
6492,244,2,2026-06-20 07:15:00,2026-06-20 08:40:00
6493,138,5,2026-05-05 08:15:00,2026-05-05 09:05:00
6494,257,2,2026-06-08 06:15:00,2026-06-08 07:07:00
6495,204,3,2026-06-08 09:15:00,2026-06-08 10:04:00
6496,104,5,2026-04-19 06:15:00,2026-04-19 06:34:00
6497,96,1,2026-05-08 06:15:00,2026-05-08 07:33:00
6498,78,4,2026-05-30 08:15:00,2026-05-30 09:02:00
6499,261,4,2026-05-15 08:15:00,2026-05-15 09:37:00
6500,77,2,2026-04-22 07:15:00,2026-04-22 07:45:00
6501,33,2,2026-05-10 06:15:00,2026-05-10 06:31:00
6502,162,1,2026-06-26 08:15:00,2026-06-26 08:58:00
6503,12,3,2026-06-24 07:15:00,2026-06-24 07:43:00
6504,58,5,2026-06-17 09:15:00,2026-06-17 09:58:00
6505,144,4,2026-04-30 08:15:00,2026-04-30 09:24:00
6506,27,1,2026-04-12 08:15:00,2026-04-12 08:36:00
6507,105,4,2026-04-18 09:15:00,2026-04-18 09:46:00
6508,20,2,2026-06-08 07:15:00,2026-06-08 08:42:00
6509,277,1,2026-05-07 08:15:00,2026-05-07 09:02:00
6510,103,1,2026-05-19 08:15:00,2026-05-19 08:56:00
6511,118,2,2026-05-01 07:15:00,2026-05-01 08:33:00
6512,17,2,2026-06-08 07:15:00,2026-06-08 08:12:00
6513,44,2,2026-04-25 09:15:00,2026-04-25 10:28:00
6514,88,1,2026-04-30 08:15:00,2026-04-30 09:27:00
6515,46,4,2026-06-16 10:15:00,2026-06-16 11:04:00
6516,245,5,2026-06-28 08:15:00,2026-06-28 08:54:00
6517,75,4,2026-04-10 08:15:00,2026-04-10 08:30:00
6518,269,5,2026-05-12 07:15:00,2026-05-12 08:39:00
6519,62,5,2026-04-05 06:15:00,2026-04-05 07:34:00
6520,76,4,2026-05-03 07:15:00,2026-05-03 08:14:00
6521,42,1,2026-04-17 09:15:00,2026-04-17 09:42:00
6522,153,3,2026-06-07 10:15:00,2026-06-07 11:07:00
6523,183,3,2026-04-18 08:15:00,2026-04-18 09:25:00
6524,73,4,2026-06-06 09:15:00,2026-06-06 10:31:00
6525,262,1,2026-04-18 10:15:00,2026-04-18 10:42:00
6526,77,4,2026-04-02 07:15:00,2026-04-02 08:09:00
6527,115,3,2026-06-26 08:15:00,2026-06-26 08:39:00
6528,22,5,2026-04-28 07:15:00,2026-04-28 08:11:00
6529,128,3,2026-04-26 10:15:00,2026-04-26 11:33:00
6530,96,3,2026-05-10 10:15:00,2026-05-10 11:33:00
6531,22,5,2026-04-25 07:15:00,2026-04-25 08:22:00
6532,103,2,2026-04-07 06:15:00,2026-04-07 06:50:00
6533,156,3,2026-05-19 08:15:00,2026-05-19 09:13:00
6534,55,1,2026-04-28 07:15:00,2026-04-28 08:37:00
6535,254,3,2026-06-18 10:15:00,2026-06-18 11:24:00
6536,30,2,2026-05-24 08:15:00,2026-05-24 08:39:00
6537,57,2,2026-04-16 10:15:00,2026-04-16 11:30:00
6538,211,4,2026-05-25 07:15:00,2026-05-25 07:46:00
6539,252,1,2026-06-11 09:15:00,2026-06-11 10:17:00
6540,219,1,2026-04-25 10:15:00,2026-04-25 10:33:00
6541,278,5,2026-05-28 07:15:00,2026-05-28 08:42:00
6542,300,5,2026-06-17 10:15:00,2026-06-17 11:36:00
6543,292,1,2026-05-05 06:15:00,2026-05-05 07:12:00
6544,114,4,2026-05-14 07:15:00,2026-05-14 08:30:00
6545,199,3,2026-04-28 07:15:00,2026-04-28 08:33:00
6546,144,5,2026-05-19 08:15:00,2026-05-19 09:14:00
6547,9,3,2026-04-18 06:15:00,2026-04-18 07:34:00
6548,25,4,2026-04-17 09:15:00,2026-04-17 10:28:00
6549,247,4,2026-06-20 10:15:00,2026-06-20 11:09:00
6550,48,3,2026-05-05 06:15:00,2026-05-05 07:27:00
6551,213,4,2026-04-14 06:15:00,2026-04-14 06:52:00
6552,137,5,2026-04-19 09:15:00,2026-04-19 09:30:00
6553,119,3,2026-06-14 09:15:00,2026-06-14 09:46:00
6554,296,4,2026-06-18 10:15:00,2026-06-18 10:39:00
6555,243,5,2026-05-22 09:15:00,2026-05-22 10:27:00
6556,109,3,2026-06-16 07:15:00,2026-06-16 08:43:00
6557,20,5,2026-05-21 09:15:00,2026-05-21 10:13:00
6558,51,3,2026-04-02 06:15:00,2026-04-02 07:15:00
6559,143,4,2026-04-06 07:15:00,2026-04-06 08:16:00
6560,12,1,2026-06-15 07:15:00,2026-06-15 08:04:00
6561,141,4,2026-05-16 07:15:00,2026-05-16 08:11:00
6562,205,4,2026-06-21 10:15:00,2026-06-21 11:18:00
6563,51,4,2026-06-04 07:15:00,2026-06-04 07:56:00
6564,175,2,2026-04-19 09:15:00,2026-04-19 09:31:00
6565,237,1,2026-04-06 08:15:00,2026-04-06 08:57:00
6566,79,2,2026-06-24 06:15:00,2026-06-24 06:56:00
6567,37,1,2026-05-30 06:15:00,2026-05-30 07:33:00
6568,205,4,2026-05-22 06:15:00,2026-05-22 07:28:00
6569,174,5,2026-04-08 07:15:00,2026-04-08 08:25:00
6570,200,1,2026-04-17 09:15:00,2026-04-17 09:53:00
6571,197,3,2026-04-16 06:15:00,2026-04-16 07:16:00
6572,43,2,2026-04-04 10:15:00,2026-04-04 10:32:00
6573,93,2,2026-05-25 09:15:00,2026-05-25 09:30:00
6574,231,3,2026-05-06 09:15:00,2026-05-06 09:54:00
6575,43,3,2026-04-28 08:15:00,2026-04-28 09:28:00
6576,131,5,2026-05-12 09:15:00,2026-05-12 10:05:00
6577,144,2,2026-05-07 06:15:00,2026-05-07 06:40:00
6578,184,3,2026-04-28 10:15:00,2026-04-28 10:57:00
6579,247,4,2026-04-13 10:15:00,2026-04-13 10:34:00
6580,105,5,2026-04-17 06:15:00,2026-04-17 07:03:00
6581,166,2,2026-06-15 08:15:00,2026-06-15 08:43:00
6582,231,3,2026-05-12 07:15:00,2026-05-12 08:06:00
6583,106,2,2026-06-23 06:15:00,2026-06-23 07:41:00
6584,4,3,2026-04-04 06:15:00,2026-04-04 06:34:00
6585,210,3,2026-04-03 10:15:00,2026-04-03 11:25:00
6586,187,3,2026-04-14 10:15:00,2026-04-14 10:49:00
6587,299,5,2026-05-03 10:15:00,2026-05-03 11:12:00
6588,140,2,2026-05-25 09:15:00,2026-05-25 09:34:00
6589,283,4,2026-04-14 10:15:00,2026-04-14 10:39:00
6590,123,2,2026-04-15 09:15:00,2026-04-15 09:48:00
6591,245,1,2026-04-19 06:15:00,2026-04-19 07:24:00
6592,136,1,2026-05-04 08:15:00,2026-05-04 08:41:00
6593,236,4,2026-04-10 07:15:00,2026-04-10 08:21:00
6594,176,5,2026-06-05 10:15:00,2026-06-05 11:32:00
6595,28,1,2026-05-25 09:15:00,2026-05-25 09:30:00
6596,64,1,2026-05-31 06:15:00,2026-05-31 07:02:00
6597,6,5,2026-04-14 07:15:00,2026-04-14 08:21:00
6598,97,4,2026-06-08 10:15:00,2026-06-08 10:55:00
6599,199,4,2026-06-20 07:15:00,2026-06-20 08:40:00
6600,84,4,2026-06-06 07:15:00,2026-06-06 07:51:00
6601,160,1,2026-06-28 10:15:00,2026-06-28 10:39:00
6602,135,3,2026-04-15 08:15:00,2026-04-15 09:36:00
6603,245,3,2026-06-29 08:15:00,2026-06-29 09:13:00
6604,31,2,2026-05-19 06:15:00,2026-05-19 06:42:00
6605,42,5,2026-04-15 09:15:00,2026-04-15 10:22:00
6606,78,4,2026-06-02 06:15:00,2026-06-02 07:28:00
6607,119,2,2026-05-26 09:15:00,2026-05-26 09:39:00
6608,282,2,2026-05-17 08:15:00,2026-05-17 08:58:00
6609,174,4,2026-04-26 09:15:00,2026-04-26 09:34:00
6610,228,4,2026-05-24 09:15:00,2026-05-24 09:47:00
6611,110,1,2026-04-11 07:15:00,2026-04-11 08:25:00
6612,227,5,2026-06-28 07:15:00,2026-06-28 08:12:00
6613,136,2,2026-06-27 07:15:00,2026-06-27 07:41:00
6614,200,5,2026-05-19 08:15:00,2026-05-19 08:47:00
6615,59,3,2026-04-27 07:15:00,2026-04-27 07:33:00
6616,216,2,2026-05-03 07:15:00,2026-05-03 07:31:00
6617,46,4,2026-06-18 09:15:00,2026-06-18 09:39:00
6618,246,2,2026-05-04 06:15:00,2026-05-04 07:30:00
6619,168,2,2026-06-07 09:15:00,2026-06-07 10:34:00
6620,193,3,2026-05-03 08:15:00,2026-05-03 09:04:00
6621,164,4,2026-06-23 06:15:00,2026-06-23 06:45:00
6622,128,4,2026-04-03 09:15:00,2026-04-03 09:33:00
6623,141,3,2026-04-16 09:15:00,2026-04-16 10:28:00
6624,189,5,2026-04-18 07:15:00,2026-04-18 08:32:00
6625,114,3,2026-04-02 08:15:00,2026-04-02 08:34:00
6626,76,3,2026-04-07 06:15:00,2026-04-07 07:01:00
6627,3,5,2026-05-22 10:15:00,2026-05-22 11:05:00
6628,62,4,2026-04-14 08:15:00,2026-04-14 08:47:00
6629,211,4,2026-05-15 08:15:00,2026-05-15 09:43:00
6630,260,4,2026-06-20 07:15:00,2026-06-20 07:52:00
6631,297,1,2026-05-31 07:15:00,2026-05-31 08:13:00
6632,153,4,2026-04-07 07:15:00,2026-04-07 08:28:00
6633,55,2,2026-04-13 07:15:00,2026-04-13 08:15:00
6634,235,5,2026-06-05 08:15:00,2026-06-05 09:11:00
6635,60,3,2026-06-19 08:15:00,2026-06-19 09:38:00
6636,249,1,2026-06-23 06:15:00,2026-06-23 07:14:00
6637,142,4,2026-06-01 08:15:00,2026-06-01 09:18:00
6638,242,2,2026-05-25 07:15:00,2026-05-25 08:03:00
6639,87,1,2026-05-05 06:15:00,2026-05-05 07:03:00
6640,292,1,2026-06-27 09:15:00,2026-06-27 09:46:00
6641,286,2,2026-06-12 09:15:00,2026-06-12 10:28:00
6642,120,3,2026-04-09 06:15:00,2026-04-09 06:41:00
6643,65,4,2026-05-01 10:15:00,2026-05-01 11:28:00
6644,44,5,2026-05-30 09:15:00,2026-05-30 10:20:00
6645,128,1,2026-04-10 10:15:00,2026-04-10 10:36:00
6646,236,2,2026-05-04 09:15:00,2026-05-04 09:59:00
6647,184,5,2026-05-24 08:15:00,2026-05-24 08:37:00
6648,82,2,2026-05-02 09:15:00,2026-05-02 09:48:00
6649,93,4,2026-06-13 06:15:00,2026-06-13 07:42:00
6650,20,5,2026-04-27 10:15:00,2026-04-27 11:00:00
6651,109,3,2026-05-30 07:15:00,2026-05-30 07:35:00
6652,256,5,2026-06-18 10:15:00,2026-06-18 11:06:00
6653,137,5,2026-04-10 08:15:00,2026-04-10 09:34:00
6654,56,5,2026-05-12 10:15:00,2026-05-12 10:54:00
6655,42,4,2026-04-12 06:15:00,2026-04-12 07:07:00
6656,26,1,2026-05-16 08:15:00,2026-05-16 08:55:00
6657,139,4,2026-05-19 07:15:00,2026-05-19 08:42:00
6658,298,4,2026-05-19 07:15:00,2026-05-19 08:38:00
6659,40,3,2026-04-29 10:15:00,2026-04-29 10:53:00
6660,24,3,2026-04-22 06:15:00,2026-04-22 06:30:00
6661,202,4,2026-06-08 07:15:00,2026-06-08 07:37:00
6662,58,4,2026-05-12 10:15:00,2026-05-12 11:40:00
6663,291,2,2026-05-14 07:15:00,2026-05-14 08:31:00
6664,103,3,2026-04-05 08:15:00,2026-04-05 08:33:00
6665,273,3,2026-05-21 06:15:00,2026-05-21 07:16:00
6666,285,1,2026-06-04 06:15:00,2026-06-04 07:25:00
6667,267,5,2026-05-24 09:15:00,2026-05-24 10:18:00
6668,202,2,2026-05-13 10:15:00,2026-05-13 11:04:00
6669,241,1,2026-05-17 10:15:00,2026-05-17 11:45:00
6670,256,3,2026-05-20 07:15:00,2026-05-20 07:57:00
6671,283,5,2026-05-26 08:15:00,2026-05-26 08:33:00
6672,269,3,2026-06-20 06:15:00,2026-06-20 06:41:00
6673,244,1,2026-06-03 08:15:00,2026-06-03 09:11:00
6674,222,1,2026-05-18 06:15:00,2026-05-18 07:30:00
6675,173,3,2026-05-19 09:15:00,2026-05-19 09:58:00
6676,147,3,2026-05-04 10:15:00,2026-05-04 10:57:00
6677,270,4,2026-06-07 10:15:00,2026-06-07 10:55:00
6678,13,1,2026-06-15 10:15:00,2026-06-15 11:16:00
6679,263,5,2026-05-02 06:15:00,2026-05-02 07:01:00
6680,137,2,2026-06-29 07:15:00,2026-06-29 07:43:00
6681,155,1,2026-04-12 08:15:00,2026-04-12 08:39:00
6682,165,3,2026-05-05 06:15:00,2026-05-05 07:30:00
6683,300,3,2026-04-28 08:15:00,2026-04-28 08:41:00
6684,284,2,2026-05-03 10:15:00,2026-05-03 11:42:00
6685,190,1,2026-06-03 10:15:00,2026-06-03 10:54:00
6686,38,3,2026-05-06 06:15:00,2026-05-06 07:39:00
6687,56,4,2026-04-22 10:15:00,2026-04-22 10:51:00
6688,99,5,2026-06-06 07:15:00,2026-06-06 08:32:00
6689,85,5,2026-05-01 07:15:00,2026-05-01 08:09:00
6690,167,4,2026-04-17 06:15:00,2026-04-17 07:24:00
6691,168,5,2026-06-12 06:15:00,2026-06-12 07:26:00
6692,176,2,2026-04-07 06:15:00,2026-04-07 07:23:00
6693,96,3,2026-05-20 08:15:00,2026-05-20 09:08:00
6694,28,3,2026-04-29 09:15:00,2026-04-29 10:43:00
6695,255,5,2026-05-29 09:15:00,2026-05-29 10:21:00
6696,271,2,2026-04-10 09:15:00,2026-04-10 10:36:00
6697,193,4,2026-06-12 09:15:00,2026-06-12 10:03:00
6698,207,4,2026-04-15 07:15:00,2026-04-15 07:55:00
6699,130,4,2026-06-29 07:15:00,2026-06-29 08:00:00
6700,300,3,2026-06-10 07:15:00,2026-06-10 08:07:00
6701,198,3,2026-06-18 06:15:00,2026-06-18 07:43:00
6702,94,2,2026-06-08 09:15:00,2026-06-08 10:24:00
6703,63,5,2026-06-27 10:15:00,2026-06-27 11:28:00
6704,283,5,2026-06-18 08:15:00,2026-06-18 09:15:00
6705,193,1,2026-06-10 09:15:00,2026-06-10 09:42:00
6706,6,5,2026-04-04 06:15:00,2026-04-04 06:59:00
6707,165,2,2026-05-01 07:15:00,2026-05-01 07:36:00
6708,54,3,2026-05-14 09:15:00,2026-05-14 09:40:00
6709,17,3,2026-06-19 09:15:00,2026-06-19 09:48:00
6710,177,2,2026-04-06 08:15:00,2026-04-06 09:39:00
6711,300,2,2026-04-20 08:15:00,2026-04-20 09:35:00
6712,255,5,2026-05-16 06:15:00,2026-05-16 06:47:00
6713,281,3,2026-05-06 07:15:00,2026-05-06 08:08:00
6714,22,4,2026-04-19 09:15:00,2026-04-19 10:16:00
6715,285,1,2026-06-22 07:15:00,2026-06-22 08:00:00
6716,230,4,2026-05-15 10:15:00,2026-05-15 11:04:00
6717,99,1,2026-05-26 06:15:00,2026-05-26 06:51:00
6718,278,5,2026-05-30 06:15:00,2026-05-30 07:37:00
6719,290,4,2026-06-20 07:15:00,2026-06-20 08:33:00
6720,237,5,2026-04-13 08:15:00,2026-04-13 08:40:00
6721,282,3,2026-05-03 10:15:00,2026-05-03 10:51:00
6722,70,2,2026-05-08 07:15:00,2026-05-08 08:24:00
6723,62,1,2026-04-25 10:15:00,2026-04-25 11:34:00
6724,253,3,2026-05-24 10:15:00,2026-05-24 11:45:00
6725,226,4,2026-06-01 06:15:00,2026-06-01 06:57:00
6726,180,3,2026-05-20 06:15:00,2026-05-20 07:00:00
6727,145,4,2026-04-24 07:15:00,2026-04-24 08:00:00
6728,156,5,2026-05-16 08:15:00,2026-05-16 08:33:00
6729,128,4,2026-04-02 10:15:00,2026-04-02 11:18:00
6730,298,1,2026-04-21 10:15:00,2026-04-21 11:13:00
6731,265,4,2026-06-24 07:15:00,2026-06-24 07:31:00
6732,5,5,2026-05-14 08:15:00,2026-05-14 09:24:00
6733,104,3,2026-05-16 07:15:00,2026-05-16 08:27:00
6734,22,5,2026-05-07 10:15:00,2026-05-07 10:33:00
6735,273,1,2026-05-31 06:15:00,2026-05-31 06:51:00
6736,152,4,2026-05-25 06:15:00,2026-05-25 07:40:00
6737,39,4,2026-04-02 08:15:00,2026-04-02 08:36:00
6738,147,5,2026-04-23 07:15:00,2026-04-23 08:27:00
6739,54,4,2026-04-15 07:15:00,2026-04-15 07:46:00
6740,2,5,2026-05-16 09:15:00,2026-05-16 09:41:00
6741,218,4,2026-06-01 10:15:00,2026-06-01 11:00:00
6742,287,5,2026-05-02 07:15:00,2026-05-02 07:58:00
6743,157,3,2026-06-26 08:15:00,2026-06-26 08:35:00
6744,283,1,2026-04-01 07:15:00,2026-04-01 08:03:00
6745,55,1,2026-06-29 07:15:00,2026-06-29 07:40:00
6746,273,5,2026-06-07 09:15:00,2026-06-07 09:50:00
6747,295,3,2026-05-18 06:15:00,2026-05-18 06:55:00
6748,199,1,2026-06-01 07:15:00,2026-06-01 07:54:00
6749,241,1,2026-04-24 09:15:00,2026-04-24 10:25:00
6750,248,1,2026-06-02 10:15:00,2026-06-02 11:23:00
6751,242,3,2026-05-01 08:15:00,2026-05-01 09:36:00
6752,220,1,2026-04-03 06:15:00,2026-04-03 07:14:00
6753,158,5,2026-04-15 10:15:00,2026-04-15 11:44:00
6754,30,3,2026-04-30 08:15:00,2026-04-30 09:29:00
6755,250,3,2026-04-16 07:15:00,2026-04-16 08:09:00
6756,72,3,2026-06-21 06:15:00,2026-06-21 06:43:00
6757,90,4,2026-04-11 06:15:00,2026-04-11 07:18:00
6758,120,4,2026-06-02 09:15:00,2026-06-02 10:26:00
6759,106,5,2026-06-10 07:15:00,2026-06-10 08:26:00
6760,189,3,2026-04-03 06:15:00,2026-04-03 06:47:00
6761,161,5,2026-04-11 09:15:00,2026-04-11 10:07:00
6762,110,1,2026-06-12 10:15:00,2026-06-12 10:52:00
6763,222,5,2026-06-05 09:15:00,2026-06-05 10:24:00
6764,243,1,2026-04-01 10:15:00,2026-04-01 10:31:00
6765,41,5,2026-05-16 10:15:00,2026-05-16 11:45:00
6766,250,5,2026-06-26 09:15:00,2026-06-26 10:01:00
6767,171,4,2026-06-07 10:15:00,2026-06-07 10:35:00
6768,256,4,2026-04-21 07:15:00,2026-04-21 08:19:00
6769,72,2,2026-05-16 08:15:00,2026-05-16 09:30:00
6770,135,5,2026-05-21 10:15:00,2026-05-21 11:40:00
6771,164,4,2026-05-09 06:15:00,2026-05-09 06:33:00
6772,88,4,2026-06-24 09:15:00,2026-06-24 10:08:00
6773,140,2,2026-06-21 08:15:00,2026-06-21 09:09:00
6774,139,2,2026-05-26 06:15:00,2026-05-26 07:19:00
6775,70,5,2026-04-18 06:15:00,2026-04-18 07:13:00
6776,282,1,2026-05-08 06:15:00,2026-05-08 07:35:00
6777,53,1,2026-06-01 09:15:00,2026-06-01 10:13:00
6778,5,3,2026-05-06 08:15:00,2026-05-06 09:21:00
6779,68,5,2026-05-25 08:15:00,2026-05-25 08:33:00
6780,223,4,2026-05-21 08:15:00,2026-05-21 09:24:00
6781,98,5,2026-04-28 08:15:00,2026-04-28 09:19:00
6782,125,3,2026-06-20 06:15:00,2026-06-20 07:00:00
6783,100,1,2026-05-21 09:15:00,2026-05-21 09:41:00
6784,158,1,2026-06-19 10:15:00,2026-06-19 11:42:00
6785,245,1,2026-05-04 07:15:00,2026-05-04 08:23:00
6786,163,1,2026-04-19 09:15:00,2026-04-19 09:52:00
6787,171,1,2026-04-01 09:15:00,2026-04-01 10:00:00
6788,32,1,2026-06-02 08:15:00,2026-06-02 09:33:00
6789,234,1,2026-05-05 07:15:00,2026-05-05 07:35:00
6790,41,1,2026-06-05 08:15:00,2026-06-05 08:49:00
6791,176,3,2026-06-16 06:15:00,2026-06-16 07:09:00
6792,99,5,2026-06-10 09:15:00,2026-06-10 09:37:00
6793,236,4,2026-05-05 09:15:00,2026-05-05 10:36:00
6794,137,3,2026-06-15 09:15:00,2026-06-15 09:43:00
6795,176,4,2026-06-20 09:15:00,2026-06-20 10:12:00
6796,254,5,2026-06-20 10:15:00,2026-06-20 11:09:00
6797,144,3,2026-06-02 10:15:00,2026-06-02 10:42:00
6798,253,1,2026-04-19 07:15:00,2026-04-19 07:55:00
6799,270,4,2026-06-17 06:15:00,2026-06-17 06:48:00
6800,61,3,2026-06-17 08:15:00,2026-06-17 09:22:00
6801,190,3,2026-04-09 06:15:00,2026-04-09 06:55:00
6802,66,4,2026-05-09 08:15:00,2026-05-09 09:25:00
6803,7,5,2026-04-17 07:15:00,2026-04-17 07:52:00
6804,268,1,2026-04-23 10:15:00,2026-04-23 10:53:00
6805,258,1,2026-04-28 07:15:00,2026-04-28 08:04:00
6806,16,3,2026-05-23 07:15:00,2026-05-23 07:58:00
6807,275,3,2026-04-03 06:15:00,2026-04-03 06:34:00
6808,141,3,2026-05-29 10:15:00,2026-05-29 10:36:00
6809,82,3,2026-04-04 09:15:00,2026-04-04 09:33:00
6810,150,4,2026-06-17 07:15:00,2026-06-17 07:45:00
6811,20,4,2026-05-09 08:15:00,2026-05-09 09:19:00
6812,248,1,2026-06-26 10:15:00,2026-06-26 11:17:00
6813,281,2,2026-04-14 09:15:00,2026-04-14 09:55:00
6814,220,3,2026-05-02 08:15:00,2026-05-02 08:49:00
6815,149,4,2026-06-07 08:15:00,2026-06-07 09:18:00
6816,29,5,2026-06-24 07:15:00,2026-06-24 08:12:00
6817,18,3,2026-04-22 08:15:00,2026-04-22 08:34:00
6818,13,5,2026-04-17 06:15:00,2026-04-17 07:26:00
6819,262,1,2026-06-23 09:15:00,2026-06-23 10:24:00
6820,242,1,2026-05-20 07:15:00,2026-05-20 08:23:00
6821,121,1,2026-04-19 06:15:00,2026-04-19 07:31:00
6822,50,1,2026-05-10 08:15:00,2026-05-10 09:39:00
6823,173,2,2026-04-09 10:15:00,2026-04-09 10:57:00
6824,196,2,2026-05-10 08:15:00,2026-05-10 09:34:00
6825,210,5,2026-05-20 08:15:00,2026-05-20 08:41:00
6826,61,2,2026-04-01 06:15:00,2026-04-01 06:52:00
6827,91,1,2026-04-01 10:15:00,2026-04-01 10:46:00
6828,28,1,2026-04-27 10:15:00,2026-04-27 11:13:00
6829,285,3,2026-05-03 07:15:00,2026-05-03 08:12:00
6830,186,4,2026-04-30 07:15:00,2026-04-30 07:49:00
6831,250,4,2026-06-24 10:15:00,2026-06-24 10:52:00
6832,200,4,2026-06-29 07:15:00,2026-06-29 07:39:00
6833,288,5,2026-06-27 06:15:00,2026-06-27 06:46:00
6834,95,5,2026-04-26 06:15:00,2026-04-26 07:13:00
6835,94,3,2026-04-11 09:15:00,2026-04-11 10:30:00
6836,203,4,2026-05-11 10:15:00,2026-05-11 10:34:00
6837,285,2,2026-06-19 09:15:00,2026-06-19 10:15:00
6838,295,3,2026-04-23 06:15:00,2026-04-23 07:23:00
6839,126,5,2026-05-13 09:15:00,2026-05-13 09:52:00
6840,80,2,2026-05-04 09:15:00,2026-05-04 09:52:00
6841,29,3,2026-04-11 09:15:00,2026-04-11 09:51:00
6842,137,4,2026-04-18 10:15:00,2026-04-18 10:43:00
6843,15,3,2026-05-29 07:15:00,2026-05-29 08:28:00
6844,154,2,2026-06-20 09:15:00,2026-06-20 10:34:00
6845,147,1,2026-04-24 09:15:00,2026-04-24 10:30:00
6846,103,1,2026-05-07 07:15:00,2026-05-07 07:48:00
6847,80,1,2026-04-04 06:15:00,2026-04-04 07:12:00
6848,258,3,2026-06-01 08:15:00,2026-06-01 08:52:00
6849,190,1,2026-04-01 06:15:00,2026-04-01 06:51:00
6850,29,5,2026-05-06 07:15:00,2026-05-06 08:43:00
6851,87,2,2026-05-14 07:15:00,2026-05-14 08:05:00
6852,35,1,2026-05-24 08:15:00,2026-05-24 09:28:00
6853,253,1,2026-06-10 07:15:00,2026-06-10 08:10:00
6854,222,3,2026-05-13 09:15:00,2026-05-13 09:57:00
6855,22,3,2026-05-14 07:15:00,2026-05-14 08:12:00
6856,41,3,2026-04-15 10:15:00,2026-04-15 10:42:00
6857,30,3,2026-04-13 07:15:00,2026-04-13 07:57:00
6858,50,5,2026-05-25 10:15:00,2026-05-25 11:42:00
6859,174,1,2026-05-19 08:15:00,2026-05-19 09:34:00
6860,155,1,2026-04-01 07:15:00,2026-04-01 08:00:00
6861,94,4,2026-05-27 08:15:00,2026-05-27 08:36:00
6862,209,3,2026-05-30 07:15:00,2026-05-30 08:16:00
6863,15,4,2026-04-22 10:15:00,2026-04-22 11:44:00
6864,203,2,2026-04-01 08:15:00,2026-04-01 08:54:00
6865,87,4,2026-06-20 08:15:00,2026-06-20 08:52:00
6866,5,4,2026-05-08 07:15:00,2026-05-08 07:54:00
6867,158,5,2026-04-11 08:15:00,2026-04-11 09:18:00
6868,104,3,2026-04-27 07:15:00,2026-04-27 07:54:00
6869,287,5,2026-05-01 09:15:00,2026-05-01 10:03:00
6870,261,5,2026-06-21 10:15:00,2026-06-21 11:00:00
6871,167,1,2026-04-11 08:15:00,2026-04-11 08:30:00
6872,31,2,2026-06-14 07:15:00,2026-06-14 07:36:00
6873,16,3,2026-06-07 10:15:00,2026-06-07 11:20:00
6874,172,3,2026-05-16 10:15:00,2026-05-16 11:06:00
6875,248,2,2026-04-24 10:15:00,2026-04-24 11:27:00
6876,191,3,2026-04-27 08:15:00,2026-04-27 08:51:00
6877,59,3,2026-05-25 08:15:00,2026-05-25 08:48:00
6878,192,2,2026-05-21 09:15:00,2026-05-21 10:13:00
6879,243,3,2026-06-06 06:15:00,2026-06-06 07:36:00
6880,19,2,2026-06-09 10:15:00,2026-06-09 10:51:00
6881,109,3,2026-06-08 09:15:00,2026-06-08 09:50:00
6882,185,5,2026-05-29 10:15:00,2026-05-29 10:53:00
6883,134,3,2026-06-15 07:15:00,2026-06-15 08:33:00
6884,110,5,2026-04-21 10:15:00,2026-04-21 11:25:00
6885,65,2,2026-06-01 09:15:00,2026-06-01 09:48:00
6886,116,2,2026-05-02 07:15:00,2026-05-02 08:34:00
6887,185,1,2026-05-04 09:15:00,2026-05-04 10:18:00
6888,176,4,2026-05-25 06:15:00,2026-05-25 07:28:00
6889,215,5,2026-06-16 07:15:00,2026-06-16 07:48:00
6890,209,1,2026-05-10 07:15:00,2026-05-10 08:13:00
6891,157,2,2026-05-03 07:15:00,2026-05-03 08:22:00
6892,194,5,2026-06-28 08:15:00,2026-06-28 09:02:00
6893,179,3,2026-05-02 07:15:00,2026-05-02 07:39:00
6894,69,3,2026-06-15 09:15:00,2026-06-15 09:57:00
6895,35,5,2026-05-29 08:15:00,2026-05-29 09:08:00
6896,295,2,2026-04-04 06:15:00,2026-04-04 06:41:00
6897,246,3,2026-05-19 06:15:00,2026-05-19 07:20:00
6898,101,5,2026-06-23 06:15:00,2026-06-23 07:29:00
6899,287,5,2026-05-08 09:15:00,2026-05-08 10:00:00
6900,184,5,2026-06-01 08:15:00,2026-06-01 09:24:00
6901,243,5,2026-06-22 10:15:00,2026-06-22 10:48:00
6902,3,3,2026-06-20 10:15:00,2026-06-20 11:02:00
6903,255,2,2026-06-07 10:15:00,2026-06-07 11:01:00
6904,205,5,2026-05-18 10:15:00,2026-05-18 11:37:00
6905,290,5,2026-04-25 08:15:00,2026-04-25 09:15:00
6906,262,2,2026-06-24 10:15:00,2026-06-24 11:16:00
6907,192,3,2026-05-15 07:15:00,2026-05-15 08:41:00
6908,67,2,2026-05-13 06:15:00,2026-05-13 06:31:00
6909,191,4,2026-04-13 06:15:00,2026-04-13 07:28:00
6910,109,2,2026-04-23 08:15:00,2026-04-23 09:19:00
6911,19,3,2026-06-13 06:15:00,2026-06-13 07:04:00
6912,106,5,2026-06-21 10:15:00,2026-06-21 11:15:00
6913,93,4,2026-04-20 06:15:00,2026-04-20 06:58:00
6914,235,4,2026-05-17 09:15:00,2026-05-17 09:57:00
6915,19,2,2026-05-04 10:15:00,2026-05-04 11:18:00
6916,71,3,2026-04-05 08:15:00,2026-04-05 08:51:00
6917,284,1,2026-06-05 06:15:00,2026-06-05 07:16:00
6918,36,3,2026-04-01 10:15:00,2026-04-01 11:39:00
6919,56,5,2026-06-26 06:15:00,2026-06-26 07:22:00
6920,72,3,2026-06-20 07:15:00,2026-06-20 08:07:00
6921,212,2,2026-06-15 06:15:00,2026-06-15 07:23:00
6922,78,4,2026-04-15 06:15:00,2026-04-15 07:09:00
6923,279,2,2026-04-25 10:15:00,2026-04-25 11:13:00
6924,247,3,2026-04-28 09:15:00,2026-04-28 10:43:00
6925,105,3,2026-04-04 08:15:00,2026-04-04 08:34:00
6926,67,4,2026-05-22 10:15:00,2026-05-22 10:37:00
6927,179,4,2026-04-28 09:15:00,2026-04-28 09:53:00
6928,188,5,2026-06-23 07:15:00,2026-06-23 07:32:00
6929,145,4,2026-05-05 06:15:00,2026-05-05 07:11:00
6930,170,5,2026-06-13 09:15:00,2026-06-13 10:21:00
6931,224,2,2026-05-12 10:15:00,2026-05-12 11:21:00
6932,143,1,2026-06-07 08:15:00,2026-06-07 09:10:00
6933,167,5,2026-04-25 06:15:00,2026-04-25 07:18:00
6934,272,2,2026-06-22 09:15:00,2026-06-22 10:26:00
6935,119,4,2026-05-18 06:15:00,2026-05-18 07:45:00
6936,161,5,2026-04-18 09:15:00,2026-04-18 10:42:00
6937,37,3,2026-04-10 08:15:00,2026-04-10 08:55:00
6938,278,3,2026-05-21 07:15:00,2026-05-21 08:37:00
6939,40,4,2026-06-23 08:15:00,2026-06-23 08:32:00
6940,94,3,2026-04-24 06:15:00,2026-04-24 07:39:00
6941,262,1,2026-04-03 08:15:00,2026-04-03 09:20:00
6942,108,1,2026-06-11 07:15:00,2026-06-11 08:36:00
6943,6,4,2026-05-23 09:15:00,2026-05-23 09:37:00
6944,44,2,2026-06-14 06:15:00,2026-06-14 06:59:00
6945,116,1,2026-06-10 06:15:00,2026-06-10 07:22:00
6946,209,1,2026-06-16 08:15:00,2026-06-16 09:35:00
6947,115,1,2026-04-26 08:15:00,2026-04-26 09:07:00
6948,209,2,2026-04-11 10:15:00,2026-04-11 11:00:00
6949,83,1,2026-05-21 08:15:00,2026-05-21 08:43:00
6950,190,3,2026-05-05 08:15:00,2026-05-05 08:40:00
6951,294,3,2026-05-28 09:15:00,2026-05-28 09:44:00
6952,213,2,2026-06-25 08:15:00,2026-06-25 09:15:00
6953,170,1,2026-06-13 08:15:00,2026-06-13 08:44:00
6954,162,1,2026-05-06 08:15:00,2026-05-06 08:59:00
6955,133,5,2026-04-30 09:15:00,2026-04-30 10:00:00
6956,104,4,2026-06-22 10:15:00,2026-06-22 10:49:00
6957,146,5,2026-06-08 06:15:00,2026-06-08 06:31:00
6958,191,5,2026-06-25 07:15:00,2026-06-25 08:43:00
6959,233,2,2026-06-12 10:15:00,2026-06-12 10:45:00
6960,281,2,2026-06-27 08:15:00,2026-06-27 09:03:00
6961,181,3,2026-06-12 08:15:00,2026-06-12 09:11:00
6962,221,2,2026-05-18 09:15:00,2026-05-18 09:40:00
6963,137,5,2026-05-11 07:15:00,2026-05-11 07:44:00
6964,227,2,2026-06-11 08:15:00,2026-06-11 09:05:00
6965,25,2,2026-04-08 07:15:00,2026-04-08 07:50:00
6966,24,1,2026-06-14 10:15:00,2026-06-14 11:31:00
6967,28,5,2026-05-05 07:15:00,2026-05-05 08:21:00
6968,82,2,2026-04-17 09:15:00,2026-04-17 09:57:00
6969,40,1,2026-05-16 07:15:00,2026-05-16 08:19:00
6970,155,3,2026-04-24 09:15:00,2026-04-24 10:02:00
6971,132,4,2026-04-20 09:15:00,2026-04-20 10:22:00
6972,237,3,2026-06-26 07:15:00,2026-06-26 08:31:00
6973,232,2,2026-06-08 06:15:00,2026-06-08 07:31:00
6974,68,5,2026-05-26 10:15:00,2026-05-26 11:16:00
6975,8,5,2026-05-23 06:15:00,2026-05-23 07:32:00
6976,266,1,2026-06-16 07:15:00,2026-06-16 08:01:00
6977,28,2,2026-05-15 08:15:00,2026-05-15 09:16:00
6978,206,3,2026-06-01 10:15:00,2026-06-01 11:07:00
6979,122,5,2026-05-25 10:15:00,2026-05-25 11:22:00
6980,129,1,2026-04-17 08:15:00,2026-04-17 08:55:00
6981,115,2,2026-05-18 06:15:00,2026-05-18 07:16:00
6982,54,4,2026-04-14 06:15:00,2026-04-14 06:51:00
6983,138,1,2026-06-18 06:15:00,2026-06-18 07:21:00
6984,230,3,2026-06-28 10:15:00,2026-06-28 10:59:00
6985,36,2,2026-04-18 10:15:00,2026-04-18 11:06:00
6986,275,5,2026-05-25 07:15:00,2026-05-25 08:23:00
6987,95,2,2026-04-23 09:15:00,2026-04-23 10:19:00
6988,237,4,2026-06-29 10:15:00,2026-06-29 11:19:00
6989,69,4,2026-04-07 10:15:00,2026-04-07 11:13:00
6990,264,1,2026-06-10 09:15:00,2026-06-10 10:30:00
6991,207,3,2026-04-17 06:15:00,2026-04-17 07:01:00
6992,78,5,2026-04-10 06:15:00,2026-04-10 06:32:00
6993,214,2,2026-06-28 10:15:00,2026-06-28 11:04:00
6994,103,5,2026-05-16 10:15:00,2026-05-16 10:57:00
6995,295,3,2026-06-17 09:15:00,2026-06-17 09:49:00
6996,115,4,2026-04-30 08:15:00,2026-04-30 08:43:00
6997,294,4,2026-06-02 07:15:00,2026-06-02 08:34:00
6998,143,1,2026-06-26 07:15:00,2026-06-26 08:16:00
6999,51,2,2026-05-06 07:15:00,2026-05-06 08:07:00
7000,172,4,2026-06-26 08:15:00,2026-06-26 09:05:00
2306,209,3,2026-05-23 08:15:00,2026-05-23 08:43:00
4389,228,1,2026-05-18 10:15:00,2026-05-18 10:45:00
1687,93,5,2026-04-25 06:15:00,2026-04-25 07:06:00
4946,189,2,2026-05-02 09:15:00,2026-05-02 10:04:00
4198,104,1,2026-05-21 08:15:00,2026-05-21 09:32:00
1652,43,1,2026-04-18 09:15:00,2026-04-18 10:07:00
1529,91,3,2026-04-03 10:15:00,2026-04-03 11:38:00
6347,292,3,2026-04-06 09:15:00,2026-04-06 09:47:00
6190,27,3,2026-06-23 07:15:00,2026-06-23 07:46:00
5390,119,3,2026-06-14 06:15:00,2026-06-14 07:10:00
