work_id,people_id,county_id,status,cancellation_id,scheduled_start,scheduled_end
1,130,6,Completed,9,2026-04-26 07:00:00,2026-04-26 12:58:12
2,122,3,Completed,3,2026-06-11 10:00:00,2026-06-11 14:31:48
3,260,7,Completed,9,2026-04-24 08:00:00,2026-04-24 13:21:00
4,105,4,Completed,10,2026-04-25 06:00:00,2026-04-25 10:31:12
5,40,2,Scheduled,9,2026-04-28 08:00:00,2026-04-28 11:10:12
6,140,8,Completed,10,2026-06-20 10:00:00,2026-06-20 13:37:48
7,272,4,Completed,1,2026-04-29 10:00:00,2026-04-29 17:27:00
8,27,8,Completed,9,2026-06-20 06:00:00,2026-06-20 13:16:48
9,251,1,Scheduled,8,2026-06-23 09:00:00,2026-06-23 12:16:12
10,213,10,Scheduled,1,2026-04-01 06:00:00,2026-04-01 12:31:48
11,46,8,Scheduled,5,2026-04-15 09:00:00,2026-04-15 15:22:12
12,45,3,Confirmed,9,2026-04-22 07:00:00,2026-04-22 10:05:24
13,296,10,Completed,10,2026-05-24 09:00:00,2026-05-24 15:47:24
14,152,9,Completed,2,2026-05-06 08:00:00,2026-05-06 17:09:00
15,10,3,Completed,3,2026-04-02 06:00:00,2026-04-02 09:55:12
16,197,5,Completed,5,2026-05-29 09:00:00,2026-05-29 15:42:00
17,45,9,Confirmed,8,2026-05-12 08:00:00,2026-05-12 13:51:36
18,202,9,Confirmed,5,2026-06-08 09:00:00,2026-06-08 15:08:24
19,141,2,Scheduled,10,2026-04-19 07:00:00,2026-04-19 14:47:24
20,288,10,Confirmed,2,2026-06-26 10:00:00,2026-06-26 13:57:00
21,139,3,Confirmed,7,2026-06-23 08:00:00,2026-06-23 12:13:12
22,154,2,Scheduled,8,2026-05-17 09:00:00,2026-05-17 12:04:48
23,273,2,Scheduled,5,2026-05-26 06:00:00,2026-05-26 09:03:36
24,131,3,Confirmed,7,2026-06-09 06:00:00,2026-06-09 09:04:48
25,37,3,Completed,10,2026-06-01 07:00:00,2026-06-01 12:58:12
26,290,7,Confirmed,5,2026-06-24 10:00:00,2026-06-24 14:57:36
27,174,7,Completed,4,2026-04-25 10:00:00,2026-04-25 17:21:00
28,177,3,Confirmed,2,2026-05-04 10:00:00,2026-05-04 17:03:00
29,35,5,Completed,9,2026-05-08 07:00:00,2026-05-08 11:38:24
30,217,7,Scheduled,7,2026-04-14 09:00:00,2026-04-14 15:25:12
31,284,7,Completed,8,2026-06-18 08:00:00,2026-06-18 12:44:24
32,227,10,Completed,5,2026-04-03 10:00:00,2026-04-03 13:42:00
33,57,6,Scheduled,1,2026-05-16 07:00:00,2026-05-16 10:48:00
34,296,5,Scheduled,3,2026-05-14 08:00:00,2026-05-14 12:35:24
35,219,1,Scheduled,10,2026-05-31 10:00:00,2026-05-31 13:55:12
36,248,2,Completed,8,2026-06-18 09:00:00,2026-06-18 12:09:36
37,143,7,Confirmed,1,2026-06-08 06:00:00,2026-06-08 11:13:12
38,85,3,Confirmed,9,2026-06-11 07:00:00,2026-06-11 13:03:00
39,45,9,Scheduled,2,2026-04-25 08:00:00,2026-04-25 16:32:24
40,246,8,Confirmed,8,2026-05-20 09:00:00,2026-05-20 15:21:00
41,146,9,Completed,4,2026-05-11 08:00:00,2026-05-11 15:49:12
42,23,1,Scheduled,7,2026-06-11 07:00:00,2026-06-11 10:45:36
43,250,4,Confirmed,6,2026-05-10 08:00:00,2026-05-10 14:13:12
44,296,8,Scheduled,1,2026-04-24 09:00:00,2026-04-24 18:25:12
45,88,1,Completed,7,2026-05-17 09:00:00,2026-05-17 15:40:48
46,50,10,Scheduled,2,2026-05-30 06:00:00,2026-05-30 12:13:12
47,287,5,Scheduled,3,2026-05-08 06:00:00,2026-05-08 13:53:24
48,138,8,Scheduled,9,2026-04-29 09:00:00,2026-04-29 16:10:12
49,96,1,Scheduled,5,2026-04-04 09:00:00,2026-04-04 15:45:36
50,174,5,Confirmed,7,2026-04-28 10:00:00,2026-04-28 19:15:36
51,66,1,Completed,5,2026-04-15 10:00:00,2026-04-15 13:15:00
52,67,4,Confirmed,6,2026-06-27 10:00:00,2026-06-27 15:51:36
53,268,4,Scheduled,4,2026-05-26 09:00:00,2026-05-26 17:33:36
54,106,7,Confirmed,6,2026-05-25 06:00:00,2026-05-25 09:59:24
55,259,10,Scheduled,2,2026-06-06 07:00:00,2026-06-06 13:18:00
56,33,2,Confirmed,4,2026-04-01 09:00:00,2026-04-01 15:10:48
57,9,7,Confirmed,1,2026-05-29 09:00:00,2026-05-29 15:55:12
58,119,5,Scheduled,8,2026-04-08 10:00:00,2026-04-08 14:47:24
59,112,7,Confirmed,5,2026-05-11 06:00:00,2026-05-11 09:30:36
60,15,5,Confirmed,1,2026-06-28 08:00:00,2026-06-28 13:15:36
61,257,8,Scheduled,10,2026-04-16 08:00:00,2026-04-16 17:22:12
62,159,4,Completed,1,2026-06-25 10:00:00,2026-06-25 15:23:24
63,207,6,Confirmed,4,2026-06-19 08:00:00,2026-06-19 11:04:48
64,261,5,Confirmed,6,2026-04-02 07:00:00,2026-04-02 14:19:48
65,265,10,Scheduled,2,2026-04-03 09:00:00,2026-04-03 16:34:12
66,243,5,Scheduled,6,2026-04-26 08:00:00,2026-04-26 13:49:12
67,283,6,Completed,7,2026-05-16 10:00:00,2026-05-16 13:17:24
68,21,10,Scheduled,10,2026-06-10 06:00:00,2026-06-10 12:29:24
69,86,3,Scheduled,4,2026-05-22 06:00:00,2026-05-22 11:13:12
70,11,1,Completed,8,2026-06-24 10:00:00,2026-06-24 19:08:24
71,20,10,Confirmed,10,2026-05-10 07:00:00,2026-05-10 13:58:48
72,245,2,Confirmed,10,2026-05-17 08:00:00,2026-05-17 12:17:24
73,71,2,Completed,8,2026-04-15 09:00:00,2026-04-15 15:46:48
74,159,2,Scheduled,5,2026-06-24 09:00:00,2026-06-24 18:29:24
75,4,1,Confirmed,4,2026-05-11 09:00:00,2026-05-11 15:19:48
76,226,9,Confirmed,3,2026-05-26 08:00:00,2026-05-26 11:57:00
77,95,3,Completed,4,2026-06-10 09:00:00,2026-06-10 14:21:36
78,168,10,Scheduled,2,2026-05-09 06:00:00,2026-05-09 12:07:48
79,291,9,Completed,2,2026-04-30 06:00:00,2026-04-30 12:18:36
80,165,1,Completed,1,2026-04-06 10:00:00,2026-04-06 13:04:48
81,250,3,Scheduled,5,2026-05-19 08:00:00,2026-05-19 12:15:00
82,287,3,Scheduled,4,2026-06-26 06:00:00,2026-06-26 13:22:12
83,33,8,Confirmed,8,2026-04-23 09:00:00,2026-04-23 15:37:12
84,253,9,Confirmed,3,2026-05-27 10:00:00,2026-05-27 15:03:00
85,243,6,Completed,10,2026-04-30 08:00:00,2026-04-30 14:37:48
86,50,5,Confirmed,9,2026-06-06 09:00:00,2026-06-06 14:25:48
87,45,8,Completed,4,2026-04-21 06:00:00,2026-04-21 11:43:12
88,218,7,Completed,8,2026-05-13 07:00:00,2026-05-13 14:42:00
89,3,10,Completed,5,2026-05-14 06:00:00,2026-05-14 15:23:24
90,184,4,Completed,4,2026-06-03 09:00:00,2026-06-03 12:06:00
91,260,7,Scheduled,2,2026-04-05 07:00:00,2026-04-05 11:06:36
92,279,2,Confirmed,6,2026-05-24 06:00:00,2026-05-24 11:36:36
93,167,6,Confirmed,6,2026-05-20 10:00:00,2026-05-20 15:27:00
94,224,10,Confirmed,5,2026-06-27 09:00:00,2026-06-27 12:28:12
95,145,9,Scheduled,9,2026-06-04 06:00:00,2026-06-04 13:53:24
96,107,1,Completed,8,2026-06-26 09:00:00,2026-06-26 16:58:48
97,199,2,Scheduled,5,2026-05-07 09:00:00,2026-05-07 15:45:36
98,63,3,Confirmed,8,2026-04-19 10:00:00,2026-04-19 16:24:36
99,275,7,Completed,10,2026-04-20 10:00:00,2026-04-20 16:48:36
100,154,1,Scheduled,3,2026-04-06 07:00:00,2026-04-06 13:43:48
101,1,5,Scheduled,3,2026-05-11 09:00:00,2026-05-11 14:46:48
102,51,7,Scheduled,4,2026-05-12 07:00:00,2026-05-12 12:40:12
103,288,1,Confirmed,4,2026-05-03 07:00:00,2026-05-03 15:51:36
104,129,6,Scheduled,2,2026-06-22 06:00:00,2026-06-22 13:03:00
105,226,1,Completed,7,2026-05-04 07:00:00,2026-05-04 13:12:36
106,261,1,Completed,1,2026-06-25 10:00:00,2026-06-25 14:20:24
107,58,3,Scheduled,3,2026-05-31 10:00:00,2026-05-31 13:16:48
108,155,4,Scheduled,2,2026-05-04 09:00:00,2026-05-04 16:34:48
109,74,2,Confirmed,1,2026-05-14 08:00:00,2026-05-14 12:35:24
110,111,1,Scheduled,10,2026-04-24 09:00:00,2026-04-24 14:49:12
111,50,1,Confirmed,4,2026-04-11 07:00:00,2026-04-11 11:22:12
112,139,5,Completed,1,2026-05-13 10:00:00,2026-05-13 17:28:12
113,234,1,Confirmed,2,2026-04-10 10:00:00,2026-04-10 15:02:24
114,163,10,Confirmed,2,2026-05-06 08:00:00,2026-05-06 17:34:48
115,72,8,Completed,10,2026-06-16 10:00:00,2026-06-16 17:19:48
116,17,1,Scheduled,5,2026-06-04 10:00:00,2026-06-04 18:59:24
117,145,5,Scheduled,9,2026-05-18 08:00:00,2026-05-18 14:07:12
118,62,2,Completed,5,2026-06-29 08:00:00,2026-06-29 12:04:12
119,206,9,Confirmed,6,2026-04-16 07:00:00,2026-04-16 13:04:48
120,246,2,Completed,5,2026-04-01 07:00:00,2026-04-01 11:29:24
121,18,8,Confirmed,8,2026-06-25 07:00:00,2026-06-25 13:13:48
122,235,8,Confirmed,10,2026-04-12 10:00:00,2026-04-12 15:19:12
123,15,9,Completed,7,2026-04-02 10:00:00,2026-04-02 16:33:36
124,80,5,Scheduled,3,2026-05-06 07:00:00,2026-05-06 11:59:24
125,211,4,Completed,6,2026-04-27 07:00:00,2026-04-27 10:33:36
126,256,6,Completed,4,2026-05-08 10:00:00,2026-05-08 16:56:24
127,277,9,Confirmed,8,2026-04-05 08:00:00,2026-04-05 15:37:48
128,8,1,Scheduled,2,2026-04-17 07:00:00,2026-04-17 13:28:48
129,93,7,Scheduled,8,2026-04-08 09:00:00,2026-04-08 15:56:24
130,81,2,Scheduled,9,2026-06-29 07:00:00,2026-06-29 15:25:48
131,92,9,Confirmed,3,2026-06-20 08:00:00,2026-06-20 16:44:24
132,62,7,Scheduled,10,2026-06-17 09:00:00,2026-06-17 15:57:00
133,163,1,Completed,7,2026-06-16 06:00:00,2026-06-16 10:47:24
134,89,9,Completed,5,2026-06-11 06:00:00,2026-06-11 09:09:00
135,27,4,Confirmed,5,2026-06-29 10:00:00,2026-06-29 17:23:24
136,130,4,Scheduled,2,2026-04-22 09:00:00,2026-04-22 13:52:48
137,103,4,Completed,6,2026-04-05 10:00:00,2026-04-05 16:21:36
138,42,2,Completed,2,2026-05-11 10:00:00,2026-05-11 15:24:00
139,17,9,Completed,3,2026-06-21 07:00:00,2026-06-21 12:06:36
140,239,9,Completed,10,2026-04-22 08:00:00,2026-04-22 11:40:12
141,152,9,Scheduled,2,2026-05-21 10:00:00,2026-05-21 19:27:36
142,163,4,Scheduled,6,2026-04-05 08:00:00,2026-04-05 12:12:00
143,61,9,Completed,10,2026-06-05 09:00:00,2026-06-05 17:35:24
144,53,8,Confirmed,1,2026-04-14 10:00:00,2026-04-14 18:09:36
145,201,5,Scheduled,1,2026-04-03 10:00:00,2026-04-03 14:32:24
146,81,7,Scheduled,4,2026-06-14 07:00:00,2026-06-14 13:21:36
147,170,1,Confirmed,10,2026-04-14 09:00:00,2026-04-14 13:13:12
148,176,6,Confirmed,4,2026-04-19 09:00:00,2026-04-19 15:16:12
149,261,4,Scheduled,2,2026-06-23 07:00:00,2026-06-23 10:49:48
150,156,10,Confirmed,1,2026-04-07 10:00:00,2026-04-07 13:40:12
151,243,7,Confirmed,10,2026-05-05 09:00:00,2026-05-05 15:15:00
152,288,2,Confirmed,9,2026-04-07 10:00:00,2026-04-07 17:33:36
153,21,5,Completed,2,2026-05-05 07:00:00,2026-05-05 10:28:48
154,251,8,Confirmed,1,2026-06-14 09:00:00,2026-06-14 12:20:24
155,206,6,Confirmed,4,2026-05-27 08:00:00,2026-05-27 12:32:24
156,81,5,Completed,4,2026-04-30 10:00:00,2026-04-30 14:37:12
157,195,8,Confirmed,6,2026-04-13 08:00:00,2026-04-13 12:12:00
158,31,2,Scheduled,8,2026-05-01 10:00:00,2026-05-01 18:12:00
159,76,8,Scheduled,6,2026-06-16 08:00:00,2026-06-16 13:49:48
160,144,7,Confirmed,9,2026-06-20 07:00:00,2026-06-20 12:42:00
161,20,1,Completed,9,2026-06-14 08:00:00,2026-06-14 16:41:24
162,190,5,Scheduled,4,2026-06-04 06:00:00,2026-06-04 09:08:24
163,142,8,Confirmed,7,2026-06-04 10:00:00,2026-06-04 16:34:12
164,278,8,Confirmed,7,2026-06-01 08:00:00,2026-06-01 12:17:24
165,296,9,Confirmed,9,2026-06-22 09:00:00,2026-06-22 16:53:24
166,124,5,Completed,7,2026-05-06 09:00:00,2026-05-06 17:02:24
167,108,6,Scheduled,6,2026-06-07 10:00:00,2026-06-07 15:40:12
168,164,9,Confirmed,7,2026-05-05 06:00:00,2026-05-05 10:39:36
169,110,2,Completed,10,2026-04-18 08:00:00,2026-04-18 11:49:48
170,116,8,Scheduled,2,2026-04-13 06:00:00,2026-04-13 14:03:00
171,282,2,Completed,8,2026-04-03 10:00:00,2026-04-03 18:16:48
172,152,10,Confirmed,4,2026-04-01 08:00:00,2026-04-01 15:39:00
173,189,7,Completed,9,2026-06-19 10:00:00,2026-06-19 16:05:24
174,22,2,Confirmed,8,2026-05-13 08:00:00,2026-05-13 14:31:12
175,121,3,Confirmed,5,2026-06-12 10:00:00,2026-06-12 18:29:24
176,62,1,Completed,3,2026-04-17 10:00:00,2026-04-17 15:46:48
177,210,2,Completed,2,2026-05-28 06:00:00,2026-05-28 12:51:00
178,14,1,Confirmed,3,2026-05-22 08:00:00,2026-05-22 14:42:36
179,158,5,Scheduled,8,2026-05-12 09:00:00,2026-05-12 16:32:24
180,55,8,Confirmed,10,2026-06-09 08:00:00,2026-06-09 13:34:48
181,102,6,Completed,1,2026-05-05 06:00:00,2026-05-05 14:08:24
182,203,7,Scheduled,7,2026-04-19 08:00:00,2026-04-19 12:44:24
183,59,6,Completed,5,2026-05-03 09:00:00,2026-05-03 16:31:48
184,257,4,Scheduled,7,2026-05-05 08:00:00,2026-05-05 15:33:00
185,136,1,Completed,3,2026-06-19 09:00:00,2026-06-19 12:14:24
186,196,9,Completed,7,2026-04-25 10:00:00,2026-04-25 17:04:48
187,105,7,Confirmed,10,2026-04-06 06:00:00,2026-04-06 12:01:48
188,61,4,Scheduled,2,2026-05-04 10:00:00,2026-05-04 13:17:24
189,6,10,Confirmed,3,2026-06-18 06:00:00,2026-06-18 12:34:12
190,125,1,Completed,9,2026-06-05 08:00:00,2026-06-05 15:16:12
191,242,2,Scheduled,9,2026-06-02 09:00:00,2026-06-02 15:28:48
192,204,6,Completed,8,2026-05-21 08:00:00,2026-05-21 12:27:36
193,79,10,Scheduled,10,2026-04-19 08:00:00,2026-04-19 13:01:48
194,194,5,Scheduled,3,2026-06-27 09:00:00,2026-06-27 14:48:36
195,203,6,Scheduled,9,2026-06-01 08:00:00,2026-06-01 11:03:00
196,46,10,Scheduled,6,2026-04-28 10:00:00,2026-04-28 15:07:48
197,208,2,Scheduled,2,2026-06-05 07:00:00,2026-06-05 10:33:36
198,176,1,Completed,3,2026-06-17 10:00:00,2026-06-17 15:33:00
199,81,7,Scheduled,7,2026-06-10 09:00:00,2026-06-10 15:07:12
200,38,7,Completed,2,2026-06-18 06:00:00,2026-06-18 09:21:00
201,126,3,Scheduled,1,2026-04-03 07:00:00,2026-04-03 16:10:48
202,155,6,Scheduled,3,2026-04-30 08:00:00,2026-04-30 12:39:00
203,167,6,Confirmed,7,2026-06-01 09:00:00,2026-06-01 14:07:12
204,53,1,Confirmed,3,2026-06-18 07:00:00,2026-06-18 11:29:24
205,248,10,Scheduled,2,2026-05-10 10:00:00,2026-05-10 13:33:36
206,279,10,Confirmed,8,2026-05-07 09:00:00,2026-05-07 13:33:00
207,170,2,Scheduled,9,2026-06-07 08:00:00,2026-06-07 11:12:00
208,252,1,Completed,4,2026-04-06 09:00:00,2026-04-06 15:19:12
209,7,8,Scheduled,3,2026-06-16 08:00:00,2026-06-16 11:18:36
210,223,3,Completed,1,2026-04-05 10:00:00,2026-04-05 13:01:12
211,300,4,Completed,8,2026-06-20 07:00:00,2026-06-20 11:01:48
212,96,9,Completed,9,2026-05-20 08:00:00,2026-05-20 12:09:00
213,226,10,Scheduled,3,2026-04-10 08:00:00,2026-04-10 14:13:12
214,92,4,Completed,9,2026-06-20 09:00:00,2026-06-20 13:46:48
215,152,1,Scheduled,9,2026-05-06 07:00:00,2026-05-06 14:03:36
216,39,9,Completed,8,2026-06-26 10:00:00,2026-06-26 17:09:36
217,232,3,Scheduled,6,2026-06-21 08:00:00,2026-06-21 13:23:24
218,300,3,Completed,3,2026-05-20 10:00:00,2026-05-20 14:04:48
219,266,10,Confirmed,7,2026-06-24 07:00:00,2026-06-24 16:34:12
220,102,8,Scheduled,8,2026-06-13 07:00:00,2026-06-13 16:07:48
221,288,7,Scheduled,6,2026-04-18 07:00:00,2026-04-18 15:05:24
222,164,10,Scheduled,6,2026-05-30 08:00:00,2026-05-30 13:51:00
223,62,3,Scheduled,1,2026-05-24 08:00:00,2026-05-24 11:46:48
224,147,5,Scheduled,7,2026-04-14 09:00:00,2026-04-14 13:09:36
225,219,9,Confirmed,4,2026-05-16 09:00:00,2026-05-16 16:54:00
226,120,4,Completed,3,2026-05-16 06:00:00,2026-05-16 10:34:48
227,85,3,Scheduled,4,2026-06-14 10:00:00,2026-06-14 14:25:48
228,72,4,Completed,7,2026-06-14 07:00:00,2026-06-14 13:00:36
229,207,4,Scheduled,8,2026-06-04 07:00:00,2026-06-04 14:40:48
230,177,4,Confirmed,3,2026-04-24 09:00:00,2026-04-24 12:45:00
231,66,3,Completed,2,2026-06-08 07:00:00,2026-06-08 12:49:12
232,203,4,Confirmed,9,2026-06-27 08:00:00,2026-06-27 14:24:00
233,174,8,Confirmed,8,2026-06-13 08:00:00,2026-06-13 12:07:12
234,232,7,Completed,4,2026-05-11 07:00:00,2026-05-11 12:42:00
235,63,1,Completed,8,2026-04-15 10:00:00,2026-04-15 14:06:00
236,257,9,Scheduled,8,2026-05-01 08:00:00,2026-05-01 12:05:24
237,193,5,Scheduled,3,2026-06-29 07:00:00,2026-06-29 11:01:12
238,93,7,Scheduled,8,2026-05-30 07:00:00,2026-05-30 14:00:36
239,109,3,Completed,7,2026-05-05 08:00:00,2026-05-05 15:51:36
240,134,5,Confirmed,10,2026-06-03 06:00:00,2026-06-03 12:55:48
241,240,5,Completed,5,2026-05-30 07:00:00,2026-05-30 12:24:00
242,167,5,Confirmed,5,2026-05-26 08:00:00,2026-05-26 11:05:24
243,182,3,Confirmed,8,2026-04-19 07:00:00,2026-04-19 14:43:48
244,54,10,Completed,7,2026-06-14 08:00:00,2026-06-14 13:50:24
245,39,10,Scheduled,4,2026-06-22 08:00:00,2026-06-22 12:19:48
246,197,9,Completed,8,2026-05-31 09:00:00,2026-05-31 14:33:00
247,148,7,Completed,8,2026-04-07 09:00:00,2026-04-07 13:16:12
248,193,4,Completed,8,2026-06-12 09:00:00,2026-06-12 13:06:36
249,26,8,Confirmed,5,2026-05-15 08:00:00,2026-05-15 12:46:12
250,84,1,Scheduled,5,2026-04-15 09:00:00,2026-04-15 15:28:12
251,158,7,Scheduled,8,2026-06-11 08:00:00,2026-06-11 14:31:48
252,122,2,Scheduled,7,2026-05-09 08:00:00,2026-05-09 14:12:36
253,58,2,Completed,6,2026-05-01 09:00:00,2026-05-01 15:05:24
254,272,7,Scheduled,5,2026-04-06 07:00:00,2026-04-06 16:00:00
255,241,4,Scheduled,1,2026-04-06 09:00:00,2026-04-06 12:54:36
256,205,10,Confirmed,5,2026-05-25 10:00:00,2026-05-25 17:05:24
257,245,5,Scheduled,3,2026-04-27 10:00:00,2026-04-27 14:13:48
258,233,9,Confirmed,8,2026-06-11 08:00:00,2026-06-11 13:31:48
259,133,10,Confirmed,3,2026-06-12 06:00:00,2026-06-12 10:25:48
260,108,2,Confirmed,7,2026-05-23 06:00:00,2026-05-23 13:43:12
261,9,2,Scheduled,7,2026-04-06 08:00:00,2026-04-06 13:01:48
262,118,2,Confirmed,5,2026-06-28 07:00:00,2026-06-28 12:03:36
263,85,2,Completed,2,2026-06-03 07:00:00,2026-06-03 16:13:48
264,216,10,Completed,8,2026-05-13 09:00:00,2026-05-13 17:06:36
265,203,2,Completed,9,2026-04-18 07:00:00,2026-04-18 12:17:24
266,43,6,Scheduled,5,2026-05-21 08:00:00,2026-05-21 14:23:24
267,276,4,Completed,10,2026-06-12 07:00:00,2026-06-12 10:50:24
268,191,9,Completed,9,2026-06-17 08:00:00,2026-06-17 15:31:12
269,130,3,Scheduled,9,2026-05-24 09:00:00,2026-05-24 15:19:12
270,102,9,Completed,1,2026-05-17 09:00:00,2026-05-17 17:52:48
271,124,2,Confirmed,4,2026-06-20 10:00:00,2026-06-20 16:24:36
272,284,4,Completed,10,2026-05-02 09:00:00,2026-05-02 16:10:12
273,138,7,Confirmed,2,2026-06-19 08:00:00,2026-06-19 14:55:48
274,185,6,Scheduled,2,2026-04-10 07:00:00,2026-04-10 13:34:48
275,72,1,Completed,1,2026-04-23 09:00:00,2026-04-23 13:10:48
276,89,1,Completed,7,2026-06-01 09:00:00,2026-06-01 15:10:48
277,44,6,Completed,1,2026-04-11 07:00:00,2026-04-11 13:31:48
278,153,6,Completed,7,2026-04-11 07:00:00,2026-04-11 16:04:48
279,219,9,Scheduled,4,2026-05-08 07:00:00,2026-05-08 13:39:36
280,215,10,Completed,10,2026-05-20 07:00:00,2026-05-20 12:46:48
281,108,9,Confirmed,6,2026-04-06 07:00:00,2026-04-06 12:01:12
282,293,4,Completed,10,2026-06-09 10:00:00,2026-06-09 18:33:00
283,33,1,Confirmed,10,2026-05-16 08:00:00,2026-05-16 13:52:12
284,276,2,Confirmed,9,2026-04-16 07:00:00,2026-04-16 12:02:24
285,8,9,Confirmed,2,2026-04-25 09:00:00,2026-04-25 16:36:00
286,156,5,Scheduled,7,2026-04-24 09:00:00,2026-04-24 18:07:48
287,213,1,Scheduled,4,2026-04-29 06:00:00,2026-04-29 13:13:12
288,242,1,Confirmed,9,2026-04-02 07:00:00,2026-04-02 12:28:48
289,262,5,Completed,4,2026-06-17 06:00:00,2026-06-17 09:06:36
290,60,8,Scheduled,1,2026-05-06 06:00:00,2026-05-06 10:18:36
291,37,6,Confirmed,1,2026-06-13 09:00:00,2026-06-13 17:56:24
292,110,2,Completed,6,2026-04-01 07:00:00,2026-04-01 11:16:12
293,194,3,Completed,9,2026-06-19 09:00:00,2026-06-19 12:34:12
294,106,1,Scheduled,5,2026-05-09 07:00:00,2026-05-09 12:43:12
295,253,2,Confirmed,3,2026-06-29 08:00:00,2026-06-29 14:21:36
296,252,8,Completed,8,2026-06-25 09:00:00,2026-06-25 18:35:24
297,152,8,Completed,7,2026-06-02 06:00:00,2026-06-02 12:12:36
298,280,6,Scheduled,7,2026-06-21 07:00:00,2026-06-21 13:23:24
299,285,5,Completed,2,2026-06-12 07:00:00,2026-06-12 11:44:24
300,281,7,Scheduled,6,2026-04-08 06:00:00,2026-04-08 12:01:48
301,58,4,Scheduled,4,2026-04-08 07:00:00,2026-04-08 11:39:00
302,114,2,Scheduled,4,2026-04-19 08:00:00,2026-04-19 11:02:24
303,32,7,Confirmed,8,2026-06-04 10:00:00,2026-06-04 15:10:12
304,3,3,Confirmed,6,2026-06-28 09:00:00,2026-06-28 13:48:36
305,255,5,Confirmed,10,2026-06-25 08:00:00,2026-06-25 13:53:24
306,10,4,Completed,6,2026-05-29 07:00:00,2026-05-29 10:45:00
307,199,4,Scheduled,7,2026-04-14 10:00:00,2026-04-14 18:40:48
308,101,3,Scheduled,7,2026-05-24 10:00:00,2026-05-24 18:29:24
309,252,8,Completed,3,2026-05-07 08:00:00,2026-05-07 12:09:00
310,132,2,Completed,5,2026-04-05 06:00:00,2026-04-05 13:03:36
311,188,7,Confirmed,5,2026-05-17 06:00:00,2026-05-17 12:19:48
312,52,9,Scheduled,2,2026-05-28 10:00:00,2026-05-28 14:34:12
313,142,10,Confirmed,5,2026-04-26 08:00:00,2026-04-26 11:16:12
314,200,8,Completed,8,2026-04-04 10:00:00,2026-04-04 17:54:36
315,108,10,Confirmed,10,2026-06-15 09:00:00,2026-06-15 14:18:36
316,148,6,Completed,5,2026-05-05 07:00:00,2026-05-05 11:54:36
317,276,8,Confirmed,4,2026-06-08 08:00:00,2026-06-08 13:10:12
318,37,4,Scheduled,10,2026-05-14 07:00:00,2026-05-14 11:40:48
319,203,5,Confirmed,3,2026-06-07 10:00:00,2026-06-07 16:30:00
320,83,10,Scheduled,2,2026-06-01 09:00:00,2026-06-01 12:07:48
321,242,10,Scheduled,2,2026-04-27 10:00:00,2026-04-27 17:46:12
322,131,3,Confirmed,1,2026-05-11 08:00:00,2026-05-11 11:12:00
323,81,2,Scheduled,7,2026-06-13 07:00:00,2026-06-13 15:57:36
324,74,3,Completed,7,2026-06-14 10:00:00,2026-06-14 16:05:24
325,118,3,Completed,9,2026-04-02 08:00:00,2026-04-02 11:57:36
326,100,4,Completed,8,2026-06-03 08:00:00,2026-06-03 12:21:36
327,295,1,Confirmed,4,2026-04-10 09:00:00,2026-04-10 13:53:24
328,206,6,Confirmed,3,2026-04-23 09:00:00,2026-04-23 14:31:48
329,22,5,Confirmed,4,2026-04-30 10:00:00,2026-04-30 16:22:48
330,34,1,Completed,10,2026-06-25 10:00:00,2026-06-25 17:36:36
331,124,2,Confirmed,7,2026-05-11 06:00:00,2026-05-11 11:13:12
332,89,5,Confirmed,9,2026-06-19 10:00:00,2026-06-19 15:22:48
333,166,5,Completed,7,2026-04-24 06:00:00,2026-04-24 10:18:00
334,258,5,Scheduled,3,2026-06-09 08:00:00,2026-06-09 13:52:48
335,93,4,Confirmed,10,2026-06-28 06:00:00,2026-06-28 12:16:48
336,170,4,Confirmed,8,2026-05-07 10:00:00,2026-05-07 13:11:24
337,53,10,Scheduled,10,2026-06-19 09:00:00,2026-06-19 14:57:36
338,228,2,Confirmed,6,2026-06-09 09:00:00,2026-06-09 12:22:12
339,288,6,Confirmed,6,2026-06-17 06:00:00,2026-06-17 11:24:36
340,110,3,Scheduled,6,2026-05-09 10:00:00,2026-05-09 13:21:00
341,175,7,Completed,4,2026-04-26 08:00:00,2026-04-26 14:46:48
342,100,8,Scheduled,7,2026-04-27 06:00:00,2026-04-27 09:19:48
343,265,5,Confirmed,7,2026-06-22 08:00:00,2026-06-22 13:40:12
344,68,1,Scheduled,10,2026-05-11 07:00:00,2026-05-11 15:18:36
345,142,10,Completed,9,2026-04-02 08:00:00,2026-04-02 11:28:48
346,23,1,Confirmed,9,2026-04-12 07:00:00,2026-04-12 10:27:36
347,163,1,Confirmed,9,2026-05-14 07:00:00,2026-05-14 10:57:00
348,177,7,Scheduled,4,2026-04-29 09:00:00,2026-04-29 14:03:00
349,31,5,Completed,7,2026-04-28 08:00:00,2026-04-28 13:10:48
350,20,10,Scheduled,10,2026-05-09 09:00:00,2026-05-09 14:57:36
351,175,3,Scheduled,10,2026-04-02 10:00:00,2026-04-02 14:27:00
352,112,9,Confirmed,6,2026-06-12 07:00:00,2026-06-12 10:42:00
353,252,4,Confirmed,8,2026-06-01 07:00:00,2026-06-01 10:38:24
354,59,3,Completed,7,2026-06-01 10:00:00,2026-06-01 15:27:00
355,267,8,Scheduled,8,2026-04-15 09:00:00,2026-04-15 15:21:36
356,214,3,Scheduled,2,2026-05-27 06:00:00,2026-05-27 12:10:48
357,62,4,Confirmed,3,2026-04-14 09:00:00,2026-04-14 15:59:24
358,229,9,Scheduled,10,2026-06-20 07:00:00,2026-06-20 13:40:12
359,165,3,Confirmed,8,2026-05-21 10:00:00,2026-05-21 17:38:24
360,117,1,Completed,8,2026-04-01 09:00:00,2026-04-01 18:15:36
361,240,1,Scheduled,2,2026-04-03 09:00:00,2026-04-03 13:09:00
362,61,8,Scheduled,1,2026-04-03 10:00:00,2026-04-03 17:23:24
363,215,6,Confirmed,9,2026-05-29 08:00:00,2026-05-29 11:54:00
364,4,4,Scheduled,7,2026-04-27 10:00:00,2026-04-27 18:30:36
365,203,4,Completed,6,2026-05-16 08:00:00,2026-05-16 14:51:36
366,2,1,Scheduled,6,2026-06-27 10:00:00,2026-06-27 15:04:12
367,63,4,Confirmed,9,2026-04-25 07:00:00,2026-04-25 11:57:00
368,87,6,Scheduled,3,2026-05-05 06:00:00,2026-05-05 10:08:24
369,95,9,Scheduled,7,2026-04-12 10:00:00,2026-04-12 16:06:00
370,249,4,Confirmed,7,2026-05-12 10:00:00,2026-05-12 15:51:36
371,130,9,Scheduled,1,2026-05-19 08:00:00,2026-05-19 11:34:12
372,14,8,Scheduled,7,2026-05-07 07:00:00,2026-05-07 11:47:24
373,112,10,Completed,7,2026-04-17 06:00:00,2026-04-17 11:06:36
374,109,9,Scheduled,6,2026-05-05 09:00:00,2026-05-05 13:37:48
375,127,9,Confirmed,10,2026-05-09 06:00:00,2026-05-09 13:25:12
376,297,5,Confirmed,5,2026-04-20 08:00:00,2026-04-20 14:47:24
377,89,9,Completed,1,2026-05-23 08:00:00,2026-05-23 11:36:36
378,141,10,Scheduled,1,2026-04-23 06:00:00,2026-04-23 15:18:36
379,291,7,Scheduled,8,2026-06-28 07:00:00,2026-06-28 12:01:48
380,219,4,Scheduled,10,2026-04-04 07:00:00,2026-04-04 13:30:00
381,254,8,Scheduled,4,2026-06-16 07:00:00,2026-06-16 10:48:36
382,213,2,Confirmed,1,2026-06-20 07:00:00,2026-06-20 13:43:48
383,134,9,Confirmed,8,2026-04-09 06:00:00,2026-04-09 11:33:00
384,225,5,Completed,9,2026-05-20 07:00:00,2026-05-20 13:29:24
385,59,10,Confirmed,10,2026-05-29 08:00:00,2026-05-29 11:48:36
386,227,7,Scheduled,3,2026-05-16 09:00:00,2026-05-16 15:25:48
387,152,8,Scheduled,10,2026-06-23 09:00:00,2026-06-23 14:13:12
388,295,5,Confirmed,6,2026-06-10 09:00:00,2026-06-10 14:27:00
389,90,2,Scheduled,5,2026-06-11 07:00:00,2026-06-11 13:28:48
390,295,6,Completed,2,2026-04-14 09:00:00,2026-04-14 15:15:00
391,299,10,Completed,7,2026-06-03 07:00:00,2026-06-03 12:00:00
392,274,8,Confirmed,8,2026-05-23 08:00:00,2026-05-23 15:27:36
393,270,10,Confirmed,10,2026-05-12 06:00:00,2026-05-12 13:28:12
394,134,5,Confirmed,8,2026-06-09 06:00:00,2026-06-09 11:11:24
395,26,3,Scheduled,5,2026-04-24 07:00:00,2026-04-24 10:45:36
396,96,10,Completed,5,2026-04-28 08:00:00,2026-04-28 12:19:12
397,219,6,Confirmed,9,2026-05-08 10:00:00,2026-05-08 16:06:00
398,114,9,Scheduled,10,2026-04-25 10:00:00,2026-04-25 14:43:12
399,40,9,Scheduled,9,2026-04-28 07:00:00,2026-04-28 11:18:36
400,147,8,Confirmed,8,2026-05-24 06:00:00,2026-05-24 10:31:48
401,37,6,Completed,7,2026-05-26 09:00:00,2026-05-26 12:42:00
402,205,8,Completed,3,2026-05-16 10:00:00,2026-05-16 15:49:12
403,188,7,Completed,8,2026-06-18 10:00:00,2026-06-18 13:18:00
404,237,1,Completed,6,2026-04-18 07:00:00,2026-04-18 13:45:00
405,37,2,Scheduled,8,2026-05-31 08:00:00,2026-05-31 14:43:12
406,190,10,Completed,9,2026-05-27 07:00:00,2026-05-27 14:24:36
407,177,9,Confirmed,8,2026-06-21 06:00:00,2026-06-21 13:13:48
408,144,3,Scheduled,1,2026-04-06 10:00:00,2026-04-06 15:31:48
409,10,8,Completed,5,2026-04-28 08:00:00,2026-04-28 14:06:00
410,167,10,Completed,2,2026-06-08 10:00:00,2026-06-08 16:24:36
411,90,8,Confirmed,3,2026-06-14 07:00:00,2026-06-14 13:02:24
412,146,3,Scheduled,10,2026-04-20 06:00:00,2026-04-20 14:52:12
413,32,5,Completed,8,2026-06-07 10:00:00,2026-06-07 14:00:36
414,117,10,Scheduled,1,2026-05-03 09:00:00,2026-05-03 16:20:24
415,186,8,Confirmed,3,2026-06-23 06:00:00,2026-06-23 12:03:36
416,76,7,Completed,2,2026-06-12 08:00:00,2026-06-12 17:13:48
417,210,10,Scheduled,4,2026-04-11 09:00:00,2026-04-11 15:13:48
418,77,10,Completed,5,2026-06-19 10:00:00,2026-06-19 13:21:00
419,181,5,Confirmed,1,2026-06-19 09:00:00,2026-06-19 17:20:24
420,184,4,Scheduled,9,2026-04-07 07:00:00,2026-04-07 14:48:36
421,175,3,Completed,6,2026-04-05 10:00:00,2026-04-05 18:16:48
422,233,3,Completed,4,2026-06-03 09:00:00,2026-06-03 16:43:12
423,11,7,Scheduled,10,2026-06-10 10:00:00,2026-06-10 16:00:36
424,21,8,Confirmed,7,2026-06-07 07:00:00,2026-06-07 10:19:12
425,209,4,Scheduled,7,2026-05-05 09:00:00,2026-05-05 12:30:36
426,295,3,Scheduled,9,2026-04-18 07:00:00,2026-04-18 11:14:24
427,21,10,Scheduled,8,2026-05-10 10:00:00,2026-05-10 14:14:24
428,24,8,Scheduled,2,2026-05-12 08:00:00,2026-05-12 12:16:12
429,208,4,Completed,4,2026-04-03 07:00:00,2026-04-03 12:27:00
430,292,7,Scheduled,2,2026-04-21 09:00:00,2026-04-21 15:10:48
431,207,5,Confirmed,1,2026-04-27 10:00:00,2026-04-27 14:09:00
432,291,8,Confirmed,1,2026-05-15 10:00:00,2026-05-15 14:21:00
433,93,6,Confirmed,3,2026-05-21 10:00:00,2026-05-21 16:38:24
434,31,10,Confirmed,3,2026-06-07 06:00:00,2026-06-07 10:02:24
435,96,5,Scheduled,4,2026-04-24 09:00:00,2026-04-24 15:00:36
436,36,7,Confirmed,5,2026-04-14 07:00:00,2026-04-14 10:13:12
437,1,3,Completed,5,2026-05-13 10:00:00,2026-05-13 14:34:48
438,271,9,Scheduled,4,2026-06-05 07:00:00,2026-06-05 10:12:00
439,279,10,Scheduled,10,2026-05-18 08:00:00,2026-05-18 12:27:36
440,241,5,Completed,7,2026-05-27 07:00:00,2026-05-27 10:24:00
441,274,2,Confirmed,4,2026-04-19 08:00:00,2026-04-19 14:06:00
442,241,7,Confirmed,7,2026-05-07 10:00:00,2026-05-07 14:34:48
443,90,6,Confirmed,10,2026-04-29 09:00:00,2026-04-29 12:00:36
444,247,1,Confirmed,10,2026-06-23 08:00:00,2026-06-23 11:23:24
445,235,1,Scheduled,7,2026-06-04 06:00:00,2026-06-04 11:48:00
446,220,5,Completed,5,2026-04-11 10:00:00,2026-04-11 18:55:48
447,52,9,Confirmed,6,2026-04-28 06:00:00,2026-04-28 09:37:48
448,123,9,Completed,8,2026-04-02 10:00:00,2026-04-02 19:06:36
449,289,2,Scheduled,5,2026-06-01 06:00:00,2026-06-01 11:39:00
450,76,6,Confirmed,3,2026-04-19 09:00:00,2026-04-19 12:54:00
451,148,3,Confirmed,3,2026-05-20 08:00:00,2026-05-20 15:13:12
452,151,3,Confirmed,8,2026-05-20 10:00:00,2026-05-20 13:22:48
453,282,10,Confirmed,9,2026-04-11 06:00:00,2026-04-11 10:35:24
454,39,4,Completed,9,2026-05-01 09:00:00,2026-05-01 13:31:12
455,193,7,Completed,5,2026-05-07 09:00:00,2026-05-07 13:31:12
456,231,7,Scheduled,5,2026-05-09 09:00:00,2026-05-09 17:56:24
457,154,10,Confirmed,7,2026-06-06 06:00:00,2026-06-06 09:04:12
458,277,5,Scheduled,4,2026-06-22 09:00:00,2026-06-22 13:40:12
459,216,4,Confirmed,6,2026-04-06 09:00:00,2026-04-06 14:10:12
460,208,6,Scheduled,10,2026-04-05 07:00:00,2026-04-05 15:57:00
461,87,3,Completed,10,2026-05-15 09:00:00,2026-05-15 12:49:48
462,179,2,Completed,3,2026-06-24 09:00:00,2026-06-24 14:33:36
463,233,3,Completed,8,2026-04-01 10:00:00,2026-04-01 14:50:24
464,248,1,Confirmed,10,2026-05-16 06:00:00,2026-05-16 12:36:36
465,259,3,Scheduled,1,2026-06-13 08:00:00,2026-06-13 12:10:48
466,26,2,Confirmed,7,2026-05-14 10:00:00,2026-05-14 16:49:48
467,72,3,Scheduled,10,2026-04-21 10:00:00,2026-04-21 16:22:48
468,118,2,Completed,4,2026-06-04 10:00:00,2026-06-04 14:15:36
469,1,5,Completed,1,2026-05-12 10:00:00,2026-05-12 19:34:12
470,231,4,Completed,10,2026-04-14 07:00:00,2026-04-14 13:33:00
471,111,4,Completed,10,2026-04-20 06:00:00,2026-04-20 15:36:00
472,172,4,Scheduled,7,2026-06-24 10:00:00,2026-06-24 13:35:24
473,85,5,Scheduled,7,2026-06-14 10:00:00,2026-06-14 14:40:48
474,27,6,Confirmed,6,2026-05-18 09:00:00,2026-05-18 15:01:48
475,143,10,Scheduled,1,2026-04-12 06:00:00,2026-04-12 09:17:24
476,205,10,Scheduled,3,2026-04-12 06:00:00,2026-04-12 10:10:12
477,19,10,Confirmed,1,2026-05-23 07:00:00,2026-05-23 14:51:00
478,161,2,Confirmed,7,2026-04-02 06:00:00,2026-04-02 13:51:00
479,218,3,Confirmed,9,2026-05-02 09:00:00,2026-05-02 14:19:48
480,287,2,Completed,2,2026-05-25 07:00:00,2026-05-25 14:19:48
481,67,4,Confirmed,8,2026-05-03 10:00:00,2026-05-03 17:37:48
482,194,4,Completed,7,2026-04-21 07:00:00,2026-04-21 13:51:00
483,15,8,Scheduled,2,2026-05-03 07:00:00,2026-05-03 10:12:36
484,255,4,Scheduled,7,2026-04-03 06:00:00,2026-04-03 11:58:48
485,245,3,Confirmed,2,2026-04-14 06:00:00,2026-04-14 11:33:00
486,232,5,Completed,6,2026-05-12 09:00:00,2026-05-12 13:25:48
487,46,2,Scheduled,8,2026-06-05 08:00:00,2026-06-05 14:24:36
488,49,6,Completed,5,2026-04-27 10:00:00,2026-04-27 13:32:24
489,195,3,Scheduled,3,2026-04-22 06:00:00,2026-04-22 12:02:24
490,159,4,Completed,7,2026-05-08 10:00:00,2026-05-08 14:18:00
491,90,5,Scheduled,7,2026-06-21 09:00:00,2026-06-21 15:29:24
492,184,4,Confirmed,1,2026-05-29 08:00:00,2026-05-29 12:16:12
493,85,6,Completed,1,2026-04-10 10:00:00,2026-04-10 14:41:24
494,236,1,Completed,2,2026-06-06 09:00:00,2026-06-06 15:09:36
495,45,9,Scheduled,4,2026-04-21 07:00:00,2026-04-21 10:17:24
496,79,8,Scheduled,2,2026-05-20 09:00:00,2026-05-20 15:57:36
497,44,2,Scheduled,9,2026-05-16 06:00:00,2026-05-16 14:04:48
498,88,9,Confirmed,5,2026-06-25 10:00:00,2026-06-25 14:36:00
499,49,9,Completed,3,2026-04-13 08:00:00,2026-04-13 12:12:36
500,265,10,Completed,4,2026-05-10 06:00:00,2026-05-10 11:43:48
501,188,1,Confirmed,10,2026-04-04 06:00:00,2026-04-04 09:40:12
502,188,5,Scheduled,10,2026-04-10 07:00:00,2026-04-10 14:45:36
503,64,10,Completed,3,2026-05-12 09:00:00,2026-05-12 14:48:36
504,224,2,Completed,5,2026-05-12 06:00:00,2026-05-12 12:07:48
505,193,2,Confirmed,10,2026-06-20 10:00:00,2026-06-20 18:31:12
506,49,5,Completed,10,2026-04-02 07:00:00,2026-04-02 13:28:12
507,91,7,Completed,8,2026-04-27 06:00:00,2026-04-27 11:51:00
508,249,5,Completed,7,2026-04-26 09:00:00,2026-04-26 15:41:24
509,147,2,Scheduled,10,2026-04-12 10:00:00,2026-04-12 14:25:48
510,84,2,Completed,8,2026-05-25 07:00:00,2026-05-25 14:46:48
511,136,10,Confirmed,2,2026-04-17 07:00:00,2026-04-17 11:52:48
512,171,2,Scheduled,2,2026-04-07 08:00:00,2026-04-07 12:40:12
513,140,4,Confirmed,4,2026-04-30 06:00:00,2026-04-30 13:15:36
514,277,5,Completed,1,2026-05-11 06:00:00,2026-05-11 12:26:24
515,141,3,Completed,10,2026-05-09 06:00:00,2026-05-09 10:14:24
516,225,1,Completed,5,2026-06-20 06:00:00,2026-06-20 12:04:12
517,230,4,Scheduled,8,2026-05-29 09:00:00,2026-05-29 14:30:00
518,20,2,Completed,2,2026-05-11 07:00:00,2026-05-11 12:14:24
519,220,2,Scheduled,4,2026-04-28 06:00:00,2026-04-28 12:58:12
520,253,5,Completed,9,2026-06-27 08:00:00,2026-06-27 15:52:12
521,79,8,Confirmed,8,2026-06-26 06:00:00,2026-06-26 09:34:48
522,283,6,Completed,4,2026-06-19 06:00:00,2026-06-19 13:26:24
523,109,1,Confirmed,3,2026-06-18 10:00:00,2026-06-18 14:32:24
524,275,4,Confirmed,2,2026-05-06 10:00:00,2026-05-06 19:25:48
525,122,4,Confirmed,6,2026-05-04 08:00:00,2026-05-04 12:33:00
526,9,1,Completed,10,2026-04-03 06:00:00,2026-04-03 12:49:12
527,291,8,Confirmed,10,2026-05-28 09:00:00,2026-05-28 12:51:00
528,215,1,Scheduled,9,2026-05-27 07:00:00,2026-05-27 10:39:00
529,131,9,Confirmed,6,2026-05-15 09:00:00,2026-05-15 13:34:12
530,220,5,Confirmed,7,2026-06-28 06:00:00,2026-06-28 09:36:00
531,256,8,Confirmed,9,2026-04-20 09:00:00,2026-04-20 15:36:36
532,12,6,Confirmed,4,2026-06-17 06:00:00,2026-06-17 11:07:48
533,215,3,Completed,1,2026-05-27 09:00:00,2026-05-27 16:58:12
534,228,1,Scheduled,4,2026-06-12 10:00:00,2026-06-12 13:13:12
535,294,8,Completed,5,2026-04-07 06:00:00,2026-04-07 10:45:36
536,57,9,Completed,8,2026-05-02 07:00:00,2026-05-02 11:07:12
537,19,7,Completed,5,2026-05-26 10:00:00,2026-05-26 16:04:12
538,12,4,Confirmed,9,2026-04-30 10:00:00,2026-04-30 16:10:12
539,174,9,Completed,1,2026-06-21 09:00:00,2026-06-21 14:41:24
540,57,9,Confirmed,3,2026-06-12 07:00:00,2026-06-12 11:12:36
541,226,1,Confirmed,2,2026-04-08 07:00:00,2026-04-08 13:47:24
542,211,10,Scheduled,3,2026-06-09 09:00:00,2026-06-09 13:02:24
543,87,10,Confirmed,6,2026-04-10 08:00:00,2026-04-10 11:22:48
544,228,5,Completed,4,2026-04-27 10:00:00,2026-04-27 13:36:36
545,20,10,Confirmed,5,2026-05-28 09:00:00,2026-05-28 12:23:24
546,89,9,Scheduled,6,2026-04-10 08:00:00,2026-04-10 17:01:48
547,296,3,Scheduled,6,2026-06-20 09:00:00,2026-06-20 12:23:24
548,180,3,Completed,4,2026-04-17 10:00:00,2026-04-17 14:34:48
549,66,2,Confirmed,6,2026-05-21 10:00:00,2026-05-21 16:57:36
550,250,6,Confirmed,1,2026-06-19 08:00:00,2026-06-19 11:18:36
551,122,9,Confirmed,8,2026-04-24 06:00:00,2026-04-24 14:25:48
552,64,9,Confirmed,8,2026-04-05 10:00:00,2026-04-05 13:00:36
553,238,1,Completed,4,2026-04-24 08:00:00,2026-04-24 15:38:24
554,291,5,Confirmed,6,2026-04-15 06:00:00,2026-04-15 11:10:48
555,254,4,Scheduled,6,2026-06-20 08:00:00,2026-06-20 14:18:36
556,226,7,Scheduled,4,2026-05-14 06:00:00,2026-05-14 10:43:48
557,93,9,Scheduled,7,2026-04-08 06:00:00,2026-04-08 11:25:12
558,183,1,Confirmed,9,2026-06-02 08:00:00,2026-06-02 11:11:24
559,234,3,Completed,9,2026-06-15 07:00:00,2026-06-15 10:29:24
560,213,1,Completed,1,2026-06-01 09:00:00,2026-06-01 18:03:00
561,277,9,Completed,4,2026-06-15 08:00:00,2026-06-15 15:04:12
562,202,2,Completed,8,2026-06-21 10:00:00,2026-06-21 15:40:48
563,64,4,Completed,2,2026-06-18 08:00:00,2026-06-18 13:04:48
564,140,2,Confirmed,6,2026-04-20 06:00:00,2026-04-20 13:28:48
565,64,3,Completed,4,2026-04-23 09:00:00,2026-04-23 13:36:00
566,138,3,Completed,9,2026-04-15 08:00:00,2026-04-15 16:58:12
567,172,1,Completed,3,2026-04-30 08:00:00,2026-04-30 17:27:36
568,11,2,Confirmed,3,2026-06-28 10:00:00,2026-06-28 15:21:00
569,248,5,Scheduled,2,2026-05-30 08:00:00,2026-05-30 11:02:24
570,84,6,Completed,2,2026-05-25 10:00:00,2026-05-25 15:58:48
571,294,2,Completed,9,2026-06-08 07:00:00,2026-06-08 11:17:24
572,7,3,Confirmed,5,2026-06-14 07:00:00,2026-06-14 12:32:24
573,106,7,Confirmed,7,2026-05-02 06:00:00,2026-05-02 11:39:00
574,28,2,Scheduled,9,2026-06-20 10:00:00,2026-06-20 13:22:48
575,158,3,Confirmed,10,2026-04-02 08:00:00,2026-04-02 11:52:48
576,232,10,Scheduled,3,2026-04-22 08:00:00,2026-04-22 16:12:00
577,273,7,Completed,7,2026-05-19 08:00:00,2026-05-19 12:04:12
578,299,10,Completed,7,2026-05-08 09:00:00,2026-05-08 17:33:00
579,69,8,Completed,9,2026-06-03 08:00:00,2026-06-03 17:36:00
580,74,2,Scheduled,2,2026-04-18 07:00:00,2026-04-18 12:15:36
581,270,5,Confirmed,8,2026-05-17 07:00:00,2026-05-17 10:15:00
582,156,7,Completed,7,2026-04-06 09:00:00,2026-04-06 12:28:12
583,200,4,Completed,9,2026-05-10 09:00:00,2026-05-10 13:43:48
584,57,2,Scheduled,3,2026-04-20 06:00:00,2026-04-20 10:19:12
585,285,1,Scheduled,2,2026-06-27 09:00:00,2026-06-27 14:46:48
586,273,1,Completed,6,2026-04-05 09:00:00,2026-04-05 14:49:48
587,132,5,Completed,1,2026-05-31 08:00:00,2026-05-31 14:37:12
588,235,2,Confirmed,7,2026-05-01 07:00:00,2026-05-01 14:20:24
589,241,10,Completed,6,2026-05-28 07:00:00,2026-05-28 12:16:48
590,90,10,Completed,10,2026-06-06 09:00:00,2026-06-06 16:30:36
591,247,4,Scheduled,4,2026-05-09 09:00:00,2026-05-09 14:01:12
592,244,1,Confirmed,7,2026-04-06 07:00:00,2026-04-06 14:51:00
593,49,8,Scheduled,2,2026-05-23 06:00:00,2026-05-23 15:07:12
594,141,7,Completed,3,2026-05-13 06:00:00,2026-05-13 12:34:48
595,91,2,Confirmed,9,2026-05-22 10:00:00,2026-05-22 14:23:24
596,113,1,Completed,10,2026-04-01 08:00:00,2026-04-01 12:07:48
597,168,8,Scheduled,1,2026-06-26 08:00:00,2026-06-26 16:28:12
598,205,2,Scheduled,9,2026-05-04 10:00:00,2026-05-04 14:12:00
599,194,2,Confirmed,1,2026-05-12 09:00:00,2026-05-12 16:22:12
600,245,7,Scheduled,2,2026-05-10 08:00:00,2026-05-10 16:43:48
601,15,1,Scheduled,10,2026-04-16 08:00:00,2026-04-16 12:45:36
602,186,3,Completed,9,2026-04-20 06:00:00,2026-04-20 09:09:00
603,245,3,Scheduled,8,2026-04-28 09:00:00,2026-04-28 16:31:12
604,243,6,Completed,4,2026-05-15 09:00:00,2026-05-15 13:17:24
605,112,7,Scheduled,10,2026-06-07 09:00:00,2026-06-07 14:39:00
606,153,3,Completed,3,2026-04-13 09:00:00,2026-04-13 15:08:24
607,73,8,Confirmed,7,2026-06-20 09:00:00,2026-06-20 12:46:48
608,277,4,Completed,10,2026-04-09 07:00:00,2026-04-09 14:14:24
609,274,4,Confirmed,2,2026-05-10 08:00:00,2026-05-10 15:57:36
610,75,4,Scheduled,2,2026-06-19 09:00:00,2026-06-19 14:27:36
611,261,5,Scheduled,4,2026-06-10 06:00:00,2026-06-10 13:52:12
612,81,4,Confirmed,8,2026-06-18 07:00:00,2026-06-18 11:06:00
613,118,9,Confirmed,10,2026-06-08 10:00:00,2026-06-08 15:14:24
614,94,3,Completed,8,2026-04-30 10:00:00,2026-04-30 17:57:00
615,65,10,Completed,8,2026-05-10 08:00:00,2026-05-10 15:18:36
616,96,9,Scheduled,8,2026-04-04 06:00:00,2026-04-04 10:18:36
617,293,4,Scheduled,10,2026-04-08 06:00:00,2026-04-08 09:30:36
618,169,10,Scheduled,4,2026-06-09 07:00:00,2026-06-09 11:48:00
619,3,6,Completed,9,2026-05-28 10:00:00,2026-05-28 17:43:12
620,74,8,Confirmed,10,2026-04-18 08:00:00,2026-04-18 15:31:48
621,52,8,Scheduled,3,2026-04-29 08:00:00,2026-04-29 12:00:00
622,66,2,Scheduled,8,2026-06-20 08:00:00,2026-06-20 13:06:36
623,116,3,Scheduled,9,2026-04-12 10:00:00,2026-04-12 19:07:48
624,37,7,Confirmed,9,2026-04-01 06:00:00,2026-04-01 09:25:48
625,225,10,Scheduled,2,2026-05-27 09:00:00,2026-05-27 14:36:36
626,80,6,Scheduled,6,2026-04-24 10:00:00,2026-04-24 16:34:48
627,136,8,Confirmed,8,2026-04-03 08:00:00,2026-04-03 13:28:12
628,79,7,Scheduled,2,2026-06-22 06:00:00,2026-06-22 12:13:48
629,20,7,Scheduled,8,2026-06-05 07:00:00,2026-06-05 16:08:24
630,249,9,Scheduled,6,2026-04-26 09:00:00,2026-04-26 12:41:24
631,25,3,Confirmed,1,2026-05-19 07:00:00,2026-05-19 10:18:36
632,200,2,Confirmed,7,2026-04-23 09:00:00,2026-04-23 16:55:48
633,193,7,Completed,7,2026-04-12 08:00:00,2026-04-12 14:06:36
634,188,9,Scheduled,1,2026-06-07 06:00:00,2026-06-07 14:36:00
635,176,1,Scheduled,9,2026-04-11 07:00:00,2026-04-11 10:39:36
636,138,5,Confirmed,10,2026-06-12 10:00:00,2026-06-12 14:21:00
637,192,4,Confirmed,5,2026-04-18 08:00:00,2026-04-18 13:24:00
638,296,8,Confirmed,3,2026-04-20 07:00:00,2026-04-20 11:42:36
639,179,8,Scheduled,7,2026-04-28 10:00:00,2026-04-28 14:31:48
640,238,5,Completed,2,2026-05-18 10:00:00,2026-05-18 19:03:36
641,164,2,Scheduled,10,2026-04-01 06:00:00,2026-04-01 10:01:12
642,203,9,Confirmed,9,2026-04-17 08:00:00,2026-04-17 12:23:24
643,119,5,Confirmed,7,2026-06-28 07:00:00,2026-06-28 13:09:36
644,63,6,Scheduled,8,2026-05-02 10:00:00,2026-05-02 14:24:00
645,32,2,Scheduled,2,2026-04-25 09:00:00,2026-04-25 15:15:00
646,163,4,Scheduled,6,2026-05-13 07:00:00,2026-05-13 15:43:48
647,245,9,Completed,7,2026-04-03 07:00:00,2026-04-03 16:06:00
648,96,5,Scheduled,7,2026-04-28 09:00:00,2026-04-28 16:55:12
649,47,6,Scheduled,10,2026-06-19 07:00:00,2026-06-19 13:40:48
650,46,6,Completed,4,2026-06-26 07:00:00,2026-06-26 10:24:00
651,104,8,Completed,2,2026-05-26 07:00:00,2026-05-26 12:46:12
652,231,1,Completed,2,2026-04-20 08:00:00,2026-04-20 11:27:00
653,110,5,Confirmed,8,2026-04-05 07:00:00,2026-04-05 14:13:12
654,247,8,Completed,8,2026-06-07 06:00:00,2026-06-07 12:02:24
655,197,4,Completed,9,2026-05-20 08:00:00,2026-05-20 12:58:12
656,197,1,Scheduled,2,2026-06-21 10:00:00,2026-06-21 17:03:00
657,130,8,Scheduled,5,2026-06-28 09:00:00,2026-06-28 13:22:12
658,12,9,Confirmed,10,2026-06-01 10:00:00,2026-06-01 14:09:00
659,19,2,Scheduled,3,2026-04-18 07:00:00,2026-04-18 13:45:00
660,70,2,Scheduled,4,2026-04-11 09:00:00,2026-04-11 14:55:12
661,149,2,Completed,8,2026-05-14 09:00:00,2026-05-14 16:57:00
662,293,1,Confirmed,9,2026-06-24 08:00:00,2026-06-24 12:42:00
663,141,9,Completed,7,2026-05-24 07:00:00,2026-05-24 10:27:00
664,98,5,Completed,7,2026-05-26 10:00:00,2026-05-26 15:42:36
665,234,9,Scheduled,4,2026-05-10 06:00:00,2026-05-10 12:23:24
666,110,6,Scheduled,3,2026-04-11 08:00:00,2026-04-11 15:32:24
667,38,1,Completed,8,2026-06-05 07:00:00,2026-06-05 11:05:24
668,194,5,Confirmed,7,2026-04-01 10:00:00,2026-04-01 17:17:24
669,291,3,Completed,9,2026-05-02 09:00:00,2026-05-02 16:03:36
670,68,10,Scheduled,9,2026-05-02 06:00:00,2026-05-02 12:18:00
671,133,2,Confirmed,5,2026-05-27 07:00:00,2026-05-27 12:36:36
672,208,8,Scheduled,1,2026-06-01 06:00:00,2026-06-01 11:27:36
673,241,9,Completed,9,2026-04-05 06:00:00,2026-04-05 13:55:12
674,95,2,Confirmed,10,2026-05-14 07:00:00,2026-05-14 12:01:12
675,168,8,Completed,1,2026-05-29 06:00:00,2026-05-29 10:26:24
676,160,3,Confirmed,4,2026-06-07 07:00:00,2026-06-07 16:02:24
677,107,7,Confirmed,4,2026-06-13 08:00:00,2026-06-13 13:57:36
678,45,1,Completed,5,2026-05-17 06:00:00,2026-05-17 10:48:00
679,7,6,Scheduled,3,2026-04-23 06:00:00,2026-04-23 10:18:00
680,43,5,Confirmed,6,2026-05-19 07:00:00,2026-05-19 12:48:36
681,35,10,Confirmed,2,2026-04-25 08:00:00,2026-04-25 14:27:36
682,177,3,Confirmed,1,2026-06-24 09:00:00,2026-06-24 15:59:24
683,296,10,Scheduled,1,2026-05-20 06:00:00,2026-05-20 14:39:00
684,80,2,Confirmed,8,2026-06-03 06:00:00,2026-06-03 09:01:12
685,263,4,Completed,9,2026-04-27 07:00:00,2026-04-27 11:23:24
686,198,10,Scheduled,6,2026-04-04 07:00:00,2026-04-04 14:24:36
687,181,2,Completed,9,2026-05-14 10:00:00,2026-05-14 14:21:36
688,205,10,Scheduled,4,2026-05-14 07:00:00,2026-05-14 15:51:36
689,94,5,Completed,10,2026-06-11 07:00:00,2026-06-11 14:43:12
690,41,1,Confirmed,6,2026-06-23 06:00:00,2026-06-23 12:18:36
691,60,6,Confirmed,7,2026-05-20 07:00:00,2026-05-20 13:30:36
692,210,10,Completed,7,2026-06-13 10:00:00,2026-06-13 15:28:48
693,98,1,Completed,9,2026-04-16 10:00:00,2026-04-16 14:33:00
694,43,3,Confirmed,5,2026-06-20 07:00:00,2026-06-20 11:14:24
695,98,6,Completed,8,2026-05-14 07:00:00,2026-05-14 13:37:48
696,17,1,Completed,10,2026-04-18 07:00:00,2026-04-18 14:14:24
697,261,5,Scheduled,10,2026-05-04 10:00:00,2026-05-04 14:36:36
698,255,6,Completed,5,2026-04-25 08:00:00,2026-04-25 16:37:48
699,5,4,Completed,10,2026-05-03 06:00:00,2026-05-03 10:06:00
700,121,5,Confirmed,2,2026-04-29 10:00:00,2026-04-29 17:19:48
701,271,2,Confirmed,4,2026-04-13 10:00:00,2026-04-13 13:56:24
702,96,1,Scheduled,2,2026-05-15 06:00:00,2026-05-15 10:23:24
703,274,3,Completed,10,2026-05-30 09:00:00,2026-05-30 15:48:00
704,3,2,Scheduled,1,2026-04-13 08:00:00,2026-04-13 12:42:00
705,229,10,Confirmed,1,2026-05-20 07:00:00,2026-05-20 12:48:00
706,34,3,Confirmed,1,2026-06-23 10:00:00,2026-06-23 18:51:36
707,152,1,Scheduled,8,2026-05-29 10:00:00,2026-05-29 13:34:48
708,287,10,Confirmed,5,2026-06-21 07:00:00,2026-06-21 14:48:00
709,266,2,Confirmed,2,2026-06-15 06:00:00,2026-06-15 11:08:24
710,204,4,Completed,8,2026-06-11 10:00:00,2026-06-11 18:37:48
711,140,8,Confirmed,5,2026-06-09 08:00:00,2026-06-09 15:06:36
712,46,9,Confirmed,10,2026-06-11 09:00:00,2026-06-11 15:12:00
713,179,3,Scheduled,7,2026-05-12 06:00:00,2026-05-12 13:29:24
714,42,2,Confirmed,4,2026-05-28 09:00:00,2026-05-28 14:16:12
715,162,2,Confirmed,2,2026-04-07 10:00:00,2026-04-07 13:06:36
716,294,4,Confirmed,3,2026-04-02 06:00:00,2026-04-02 10:27:36
717,23,8,Scheduled,5,2026-04-06 06:00:00,2026-04-06 09:09:00
718,199,9,Scheduled,1,2026-06-17 08:00:00,2026-06-17 12:10:48
719,17,4,Scheduled,9,2026-04-13 10:00:00,2026-04-13 16:06:00
720,13,6,Confirmed,6,2026-06-24 08:00:00,2026-06-24 17:06:36
721,192,5,Completed,8,2026-04-27 08:00:00,2026-04-27 11:34:12
722,209,10,Completed,10,2026-04-24 08:00:00,2026-04-24 12:18:36
723,285,4,Completed,1,2026-05-27 06:00:00,2026-05-27 15:30:00
724,57,3,Completed,4,2026-05-14 08:00:00,2026-05-14 13:42:00
725,268,6,Scheduled,7,2026-04-11 07:00:00,2026-04-11 11:39:36
726,250,5,Completed,1,2026-06-10 08:00:00,2026-06-10 12:51:00
727,282,7,Scheduled,6,2026-06-21 10:00:00,2026-06-21 15:13:48
728,251,6,Scheduled,5,2026-04-20 10:00:00,2026-04-20 14:43:48
729,76,6,Confirmed,2,2026-04-13 06:00:00,2026-04-13 11:35:24
730,5,8,Completed,4,2026-06-08 10:00:00,2026-06-08 15:06:36
731,185,5,Confirmed,3,2026-06-06 09:00:00,2026-06-06 15:59:24
732,24,5,Confirmed,4,2026-06-29 09:00:00,2026-06-29 13:16:12
733,59,10,Confirmed,2,2026-05-26 08:00:00,2026-05-26 16:04:48
734,91,4,Completed,2,2026-06-21 06:00:00,2026-06-21 10:35:24
735,72,10,Completed,6,2026-06-03 08:00:00,2026-06-03 12:13:48
736,116,9,Scheduled,6,2026-06-11 07:00:00,2026-06-11 11:24:00
737,170,6,Scheduled,3,2026-06-19 10:00:00,2026-06-19 19:28:48
738,165,4,Scheduled,5,2026-05-02 09:00:00,2026-05-02 14:55:48
739,80,7,Scheduled,4,2026-04-17 06:00:00,2026-04-17 13:52:48
740,194,7,Scheduled,5,2026-04-01 07:00:00,2026-04-01 15:06:00
741,275,9,Confirmed,10,2026-05-15 07:00:00,2026-05-15 13:12:00
742,168,1,Scheduled,7,2026-04-24 09:00:00,2026-04-24 12:15:36
743,196,9,Completed,6,2026-04-30 10:00:00,2026-04-30 16:46:48
744,186,6,Completed,8,2026-06-04 08:00:00,2026-06-04 12:06:36
745,176,10,Confirmed,10,2026-05-27 08:00:00,2026-05-27 11:15:00
746,297,1,Scheduled,9,2026-06-21 06:00:00,2026-06-21 11:49:48
747,79,5,Completed,1,2026-06-15 08:00:00,2026-06-15 14:52:48
748,211,3,Scheduled,10,2026-05-05 10:00:00,2026-05-05 16:27:00
749,139,1,Confirmed,3,2026-04-09 09:00:00,2026-04-09 16:18:36
750,210,5,Scheduled,9,2026-06-06 08:00:00,2026-06-06 13:12:36
751,47,6,Confirmed,6,2026-05-31 06:00:00,2026-05-31 11:43:48
752,178,10,Completed,7,2026-06-11 10:00:00,2026-06-11 18:39:36
753,229,7,Completed,4,2026-06-02 10:00:00,2026-06-02 14:52:12
754,280,9,Scheduled,1,2026-05-24 08:00:00,2026-05-24 14:06:36
755,135,5,Scheduled,9,2026-06-15 10:00:00,2026-06-15 15:43:12
756,180,8,Confirmed,6,2026-06-17 06:00:00,2026-06-17 12:47:24
757,237,10,Confirmed,1,2026-06-20 09:00:00,2026-06-20 14:21:00
758,287,3,Completed,7,2026-05-06 06:00:00,2026-05-06 13:48:00
759,155,3,Scheduled,4,2026-04-14 08:00:00,2026-04-14 12:03:00
760,195,1,Confirmed,8,2026-06-29 06:00:00,2026-06-29 10:42:36
761,36,5,Confirmed,5,2026-06-18 09:00:00,2026-06-18 13:16:48
762,268,4,Confirmed,6,2026-05-07 09:00:00,2026-05-07 13:18:00
763,57,6,Completed,1,2026-05-07 07:00:00,2026-05-07 13:01:48
764,158,1,Confirmed,8,2026-06-21 10:00:00,2026-06-21 14:08:24
765,191,7,Completed,1,2026-05-31 10:00:00,2026-05-31 13:35:24
766,256,2,Scheduled,4,2026-05-14 10:00:00,2026-05-14 13:36:00
767,169,3,Scheduled,1,2026-05-16 10:00:00,2026-05-16 16:19:12
768,134,6,Scheduled,6,2026-04-09 08:00:00,2026-04-09 12:37:48
769,262,8,Confirmed,5,2026-04-22 10:00:00,2026-04-22 16:03:00
770,60,5,Confirmed,6,2026-06-11 07:00:00,2026-06-11 10:13:48
771,219,10,Confirmed,4,2026-06-02 09:00:00,2026-06-02 14:06:00
772,150,7,Confirmed,6,2026-04-22 08:00:00,2026-04-22 15:24:36
773,55,5,Confirmed,8,2026-05-28 10:00:00,2026-05-28 16:04:12
774,82,3,Completed,6,2026-04-21 08:00:00,2026-04-21 14:04:12
775,249,9,Completed,2,2026-04-15 09:00:00,2026-04-15 13:20:24
776,87,9,Scheduled,5,2026-06-09 09:00:00,2026-06-09 16:10:48
777,106,5,Scheduled,5,2026-04-15 09:00:00,2026-04-15 15:54:36
778,294,1,Completed,1,2026-05-15 07:00:00,2026-05-15 10:57:36
779,140,2,Scheduled,5,2026-06-06 09:00:00,2026-06-06 14:34:12
780,249,3,Confirmed,3,2026-04-19 10:00:00,2026-04-19 14:14:24
781,173,4,Completed,6,2026-04-20 06:00:00,2026-04-20 11:41:24
782,210,10,Completed,2,2026-06-07 08:00:00,2026-06-07 16:21:00
783,86,1,Scheduled,7,2026-04-04 09:00:00,2026-04-04 15:29:24
784,38,2,Completed,4,2026-04-01 10:00:00,2026-04-01 16:25:12
785,106,3,Confirmed,4,2026-06-02 07:00:00,2026-06-02 11:37:48
786,239,5,Completed,2,2026-06-22 08:00:00,2026-06-22 13:33:00
787,269,2,Confirmed,9,2026-05-25 08:00:00,2026-05-25 14:21:36
788,81,3,Scheduled,1,2026-05-11 08:00:00,2026-05-11 12:34:12
789,293,4,Scheduled,1,2026-04-25 08:00:00,2026-04-25 15:31:12
790,118,4,Scheduled,9,2026-06-10 06:00:00,2026-06-10 09:59:24
791,8,6,Scheduled,7,2026-04-07 07:00:00,2026-04-07 11:27:00
792,220,3,Confirmed,10,2026-05-19 10:00:00,2026-05-19 14:54:36
793,12,5,Scheduled,9,2026-05-21 09:00:00,2026-05-21 15:30:36
794,92,9,Scheduled,4,2026-06-28 06:00:00,2026-06-28 14:15:00
795,119,3,Scheduled,5,2026-04-04 07:00:00,2026-04-04 13:19:12
796,104,2,Completed,3,2026-05-10 10:00:00,2026-05-10 17:36:00
797,109,3,Completed,5,2026-05-20 09:00:00,2026-05-20 14:33:36
798,229,5,Completed,3,2026-05-24 10:00:00,2026-05-24 14:09:00
799,290,8,Scheduled,3,2026-05-14 10:00:00,2026-05-14 19:25:12
800,246,8,Confirmed,8,2026-04-16 08:00:00,2026-04-16 15:20:24
801,33,4,Scheduled,4,2026-04-07 08:00:00,2026-04-07 16:39:00
802,79,5,Scheduled,9,2026-04-18 10:00:00,2026-04-18 15:24:36
803,81,2,Confirmed,6,2026-06-27 10:00:00,2026-06-27 14:03:36
804,53,9,Scheduled,2,2026-04-14 10:00:00,2026-04-14 15:22:48
805,23,6,Completed,3,2026-05-16 08:00:00,2026-05-16 12:40:12
806,252,2,Completed,4,2026-05-07 10:00:00,2026-05-07 17:15:36
807,249,4,Confirmed,5,2026-04-13 09:00:00,2026-04-13 16:56:24
808,213,3,Completed,8,2026-04-28 07:00:00,2026-04-28 10:36:36
809,53,10,Confirmed,10,2026-04-27 07:00:00,2026-04-27 11:24:00
810,154,3,Scheduled,2,2026-06-01 08:00:00,2026-06-01 15:54:00
811,247,1,Confirmed,6,2026-04-23 09:00:00,2026-04-23 12:02:24
812,71,8,Completed,5,2026-04-10 10:00:00,2026-04-10 16:58:12
813,100,4,Completed,1,2026-04-20 09:00:00,2026-04-20 13:16:12
814,286,1,Confirmed,9,2026-04-18 06:00:00,2026-04-18 15:31:12
815,19,9,Completed,9,2026-04-24 07:00:00,2026-04-24 10:32:24
816,269,8,Confirmed,4,2026-06-04 07:00:00,2026-06-04 12:40:12
817,265,5,Confirmed,1,2026-06-24 09:00:00,2026-06-24 15:25:48
818,115,1,Scheduled,6,2026-06-06 08:00:00,2026-06-06 11:54:36
819,246,4,Completed,9,2026-05-01 06:00:00,2026-05-01 12:52:48
820,124,6,Confirmed,7,2026-04-17 08:00:00,2026-04-17 12:16:12
821,212,2,Completed,8,2026-05-28 10:00:00,2026-05-28 16:06:00
822,238,8,Confirmed,1,2026-05-21 06:00:00,2026-05-21 11:24:00
823,23,5,Scheduled,7,2026-05-19 06:00:00,2026-05-19 14:19:12
824,222,9,Scheduled,6,2026-04-22 08:00:00,2026-04-22 14:08:24
825,296,1,Completed,10,2026-05-14 07:00:00,2026-05-14 13:24:00
826,251,3,Completed,7,2026-05-07 10:00:00,2026-05-07 15:11:24
827,86,3,Scheduled,10,2026-06-24 07:00:00,2026-06-24 11:39:00
828,200,4,Completed,2,2026-06-21 07:00:00,2026-06-21 10:45:00
829,52,4,Confirmed,1,2026-06-21 10:00:00,2026-06-21 13:48:00
830,31,7,Scheduled,1,2026-05-28 07:00:00,2026-05-28 12:39:00
831,51,1,Confirmed,4,2026-06-26 07:00:00,2026-06-26 11:32:24
832,16,1,Completed,7,2026-04-04 10:00:00,2026-04-04 13:30:00
833,92,3,Completed,5,2026-05-29 09:00:00,2026-05-29 16:15:00
834,81,5,Scheduled,6,2026-05-31 09:00:00,2026-05-31 13:02:24
835,242,2,Confirmed,7,2026-05-19 07:00:00,2026-05-19 13:06:36
836,185,8,Confirmed,4,2026-04-10 06:00:00,2026-04-10 10:26:24
837,68,5,Confirmed,3,2026-04-08 06:00:00,2026-04-08 11:26:24
838,63,6,Completed,8,2026-06-14 07:00:00,2026-06-14 12:52:12
839,48,5,Confirmed,1,2026-05-08 06:00:00,2026-05-08 11:57:36
840,49,6,Scheduled,4,2026-05-20 07:00:00,2026-05-20 14:00:00
841,88,2,Scheduled,3,2026-05-12 07:00:00,2026-05-12 16:30:36
842,259,9,Scheduled,7,2026-06-02 06:00:00,2026-06-02 13:19:48
843,180,2,Scheduled,9,2026-04-19 07:00:00,2026-04-19 10:57:36
844,165,2,Scheduled,9,2026-06-03 07:00:00,2026-06-03 12:07:12
845,83,5,Confirmed,10,2026-05-28 10:00:00,2026-05-28 15:33:00
846,92,4,Confirmed,10,2026-05-26 07:00:00,2026-05-26 15:59:24
847,145,8,Completed,3,2026-06-22 08:00:00,2026-06-22 11:18:36
848,198,4,Completed,7,2026-05-12 08:00:00,2026-05-12 15:18:00
849,147,8,Scheduled,10,2026-06-02 07:00:00,2026-06-02 11:39:00
850,196,8,Scheduled,7,2026-06-14 07:00:00,2026-06-14 11:33:00
851,251,1,Scheduled,6,2026-04-01 08:00:00,2026-04-01 11:34:12
852,240,4,Scheduled,6,2026-05-30 10:00:00,2026-05-30 17:54:00
853,190,7,Scheduled,9,2026-04-02 06:00:00,2026-04-02 14:45:36
854,84,9,Completed,3,2026-04-29 07:00:00,2026-04-29 15:49:48
855,196,7,Scheduled,4,2026-05-02 06:00:00,2026-05-02 11:52:48
856,92,3,Scheduled,10,2026-06-16 09:00:00,2026-06-16 15:07:48
857,128,3,Scheduled,8,2026-04-29 10:00:00,2026-04-29 15:36:00
858,178,5,Confirmed,9,2026-05-05 08:00:00,2026-05-05 13:22:48
859,169,10,Confirmed,4,2026-06-05 09:00:00,2026-06-05 17:03:36
860,58,3,Confirmed,2,2026-06-05 07:00:00,2026-06-05 14:32:24
861,181,7,Confirmed,2,2026-05-27 07:00:00,2026-05-27 11:13:12
862,99,8,Scheduled,1,2026-05-23 07:00:00,2026-05-23 13:07:48
863,116,9,Confirmed,8,2026-06-11 07:00:00,2026-06-11 10:04:12
864,100,10,Completed,8,2026-05-16 10:00:00,2026-05-16 16:44:24
865,11,7,Scheduled,5,2026-04-28 07:00:00,2026-04-28 13:57:36
866,173,1,Confirmed,8,2026-06-23 06:00:00,2026-06-23 10:40:48
867,196,9,Scheduled,10,2026-04-23 07:00:00,2026-04-23 15:28:12
868,140,1,Completed,5,2026-05-11 10:00:00,2026-05-11 16:24:00
869,7,1,Confirmed,6,2026-05-09 09:00:00,2026-05-09 14:17:24
870,277,1,Completed,9,2026-06-23 07:00:00,2026-06-23 11:46:12
871,241,1,Completed,7,2026-04-18 08:00:00,2026-04-18 13:57:36
872,58,10,Scheduled,9,2026-04-12 06:00:00,2026-04-12 10:19:48
873,146,2,Scheduled,2,2026-05-16 08:00:00,2026-05-16 12:36:00
874,16,9,Completed,8,2026-06-09 10:00:00,2026-06-09 18:52:48
875,239,10,Confirmed,9,2026-05-24 06:00:00,2026-05-24 12:42:36
876,39,8,Scheduled,7,2026-04-09 09:00:00,2026-04-09 13:26:24
877,284,10,Completed,1,2026-05-05 07:00:00,2026-05-05 10:28:12
878,158,3,Scheduled,7,2026-06-13 09:00:00,2026-06-13 13:22:12
879,289,7,Completed,10,2026-05-22 10:00:00,2026-05-22 18:45:36
880,265,2,Completed,1,2026-05-23 09:00:00,2026-05-23 14:18:36
881,206,10,Completed,10,2026-05-12 06:00:00,2026-05-12 12:29:24
882,27,10,Scheduled,10,2026-05-26 06:00:00,2026-05-26 10:29:24
883,7,2,Scheduled,6,2026-04-14 08:00:00,2026-04-14 14:00:36
884,274,7,Confirmed,10,2026-06-03 10:00:00,2026-06-03 15:37:12
885,299,7,Confirmed,6,2026-04-14 06:00:00,2026-04-14 13:22:48
886,40,5,Scheduled,1,2026-04-14 06:00:00,2026-04-14 11:16:12
887,246,8,Scheduled,2,2026-06-27 10:00:00,2026-06-27 18:51:00
888,244,4,Confirmed,2,2026-04-04 06:00:00,2026-04-04 11:37:48
889,84,6,Completed,2,2026-06-13 10:00:00,2026-06-13 14:25:12
890,211,1,Confirmed,5,2026-05-23 09:00:00,2026-05-23 14:50:24
891,55,7,Completed,6,2026-06-08 07:00:00,2026-06-08 15:40:48
892,123,1,Confirmed,4,2026-06-15 07:00:00,2026-06-15 14:25:48
893,90,9,Confirmed,4,2026-05-31 06:00:00,2026-05-31 12:18:00
894,165,2,Completed,2,2026-05-25 09:00:00,2026-05-25 16:20:24
895,246,7,Scheduled,2,2026-06-28 08:00:00,2026-06-28 11:29:24
896,72,1,Completed,2,2026-06-15 06:00:00,2026-06-15 10:45:36
897,132,7,Completed,1,2026-06-28 08:00:00,2026-06-28 17:04:12
898,130,4,Confirmed,6,2026-06-22 10:00:00,2026-06-22 17:46:48
899,216,1,Completed,10,2026-06-12 08:00:00,2026-06-12 12:33:00
900,163,5,Completed,8,2026-06-22 06:00:00,2026-06-22 09:45:36
901,233,3,Completed,6,2026-05-01 10:00:00,2026-05-01 14:32:24
902,83,9,Confirmed,7,2026-05-17 07:00:00,2026-05-17 12:43:48
903,170,5,Confirmed,1,2026-06-21 07:00:00,2026-06-21 14:34:12
904,61,2,Scheduled,7,2026-05-18 09:00:00,2026-05-18 16:54:00
905,83,10,Completed,9,2026-04-14 09:00:00,2026-04-14 17:50:24
906,172,7,Scheduled,9,2026-05-17 10:00:00,2026-05-17 17:52:48
907,295,4,Confirmed,2,2026-04-11 06:00:00,2026-04-11 12:07:48
908,12,6,Confirmed,10,2026-06-23 09:00:00,2026-06-23 15:29:24
909,265,2,Scheduled,7,2026-04-14 06:00:00,2026-04-14 12:33:00
910,138,4,Completed,7,2026-04-08 06:00:00,2026-04-08 11:31:48
911,257,8,Scheduled,8,2026-06-29 07:00:00,2026-06-29 10:04:12
912,121,9,Completed,7,2026-04-27 08:00:00,2026-04-27 11:43:12
913,144,7,Confirmed,1,2026-05-14 10:00:00,2026-05-14 14:21:00
914,268,2,Completed,2,2026-06-19 07:00:00,2026-06-19 13:54:36
915,48,5,Scheduled,5,2026-06-06 09:00:00,2026-06-06 15:30:00
916,164,2,Completed,9,2026-04-21 09:00:00,2026-04-21 14:28:12
917,231,4,Scheduled,7,2026-04-27 10:00:00,2026-04-27 16:36:00
918,148,2,Scheduled,2,2026-05-22 08:00:00,2026-05-22 15:02:24
919,231,8,Confirmed,6,2026-04-13 10:00:00,2026-04-13 16:21:00
920,136,3,Scheduled,3,2026-04-30 08:00:00,2026-04-30 12:28:12
921,99,2,Scheduled,2,2026-04-12 10:00:00,2026-04-12 15:00:00
922,195,9,Completed,3,2026-04-29 06:00:00,2026-04-29 11:31:48
923,253,1,Completed,10,2026-04-14 07:00:00,2026-04-14 11:56:24
924,15,4,Confirmed,7,2026-04-27 09:00:00,2026-04-27 16:13:12
925,223,1,Confirmed,8,2026-05-11 08:00:00,2026-05-11 16:45:36
926,13,3,Completed,2,2026-06-23 07:00:00,2026-06-23 11:16:48
927,220,2,Scheduled,6,2026-04-25 08:00:00,2026-04-25 13:00:00
928,290,2,Confirmed,5,2026-05-23 09:00:00,2026-05-23 15:24:36
929,52,6,Confirmed,2,2026-04-03 08:00:00,2026-04-03 13:57:36
930,187,5,Completed,4,2026-05-27 06:00:00,2026-05-27 12:13:12
931,23,8,Confirmed,5,2026-05-21 09:00:00,2026-05-21 12:06:00
932,143,3,Completed,10,2026-06-23 10:00:00,2026-06-23 14:19:12
933,39,10,Scheduled,3,2026-04-17 07:00:00,2026-04-17 14:35:24
934,130,7,Scheduled,5,2026-04-07 09:00:00,2026-04-07 16:13:48
935,214,3,Scheduled,5,2026-05-08 07:00:00,2026-05-08 10:22:12
936,129,3,Scheduled,6,2026-04-05 08:00:00,2026-04-05 12:11:24
937,162,4,Confirmed,5,2026-05-20 09:00:00,2026-05-20 17:52:12
938,195,7,Scheduled,5,2026-05-27 06:00:00,2026-05-27 09:37:12
939,157,4,Confirmed,10,2026-05-29 10:00:00,2026-05-29 13:54:36
940,116,2,Confirmed,5,2026-05-15 06:00:00,2026-05-15 13:26:24
941,166,8,Scheduled,4,2026-05-29 09:00:00,2026-05-29 15:10:12
942,68,1,Scheduled,7,2026-05-28 10:00:00,2026-05-28 16:16:48
943,180,3,Completed,8,2026-04-17 09:00:00,2026-04-17 15:24:00
944,143,4,Confirmed,1,2026-05-03 08:00:00,2026-05-03 16:59:24
945,55,10,Confirmed,1,2026-05-27 09:00:00,2026-05-27 14:39:00
946,163,7,Scheduled,7,2026-05-13 07:00:00,2026-05-13 13:12:36
947,173,2,Confirmed,7,2026-05-17 07:00:00,2026-05-17 12:30:00
948,168,6,Completed,1,2026-04-18 06:00:00,2026-04-18 14:31:12
949,8,6,Completed,7,2026-05-02 07:00:00,2026-05-02 12:51:36
950,180,4,Confirmed,10,2026-04-07 08:00:00,2026-04-07 13:30:00
951,152,9,Completed,1,2026-05-27 08:00:00,2026-05-27 15:01:48
952,239,5,Completed,2,2026-06-10 10:00:00,2026-06-10 16:18:00
953,128,9,Confirmed,9,2026-04-08 09:00:00,2026-04-08 14:21:00
954,129,9,Completed,1,2026-05-05 06:00:00,2026-05-05 14:21:00
955,289,5,Scheduled,10,2026-06-10 07:00:00,2026-06-10 12:09:00
956,38,9,Scheduled,7,2026-04-19 06:00:00,2026-04-19 10:03:36
957,113,3,Confirmed,4,2026-06-14 08:00:00,2026-06-14 17:00:00
958,205,1,Scheduled,2,2026-06-07 09:00:00,2026-06-07 12:26:24
959,193,8,Confirmed,5,2026-04-19 10:00:00,2026-04-19 16:56:24
960,87,4,Scheduled,4,2026-05-03 10:00:00,2026-05-03 14:25:48
961,106,6,Confirmed,3,2026-04-16 08:00:00,2026-04-16 15:58:12
962,180,4,Completed,5,2026-04-08 10:00:00,2026-04-08 19:21:00
963,17,4,Scheduled,8,2026-06-16 06:00:00,2026-06-16 12:44:24
964,43,5,Scheduled,2,2026-06-28 10:00:00,2026-06-28 13:47:24
965,104,4,Completed,4,2026-05-29 09:00:00,2026-05-29 13:13:12
966,178,8,Confirmed,7,2026-06-14 09:00:00,2026-06-14 14:39:00
967,44,2,Completed,7,2026-04-28 07:00:00,2026-04-28 10:53:24
968,14,7,Completed,10,2026-04-30 08:00:00,2026-04-30 13:36:36
969,162,7,Scheduled,9,2026-04-15 08:00:00,2026-04-15 15:39:36
970,83,10,Confirmed,4,2026-04-17 09:00:00,2026-04-17 15:51:00
971,98,6,Scheduled,7,2026-04-16 06:00:00,2026-04-16 10:42:36
972,149,1,Scheduled,10,2026-06-28 10:00:00,2026-06-28 14:27:00
973,97,7,Completed,9,2026-06-10 10:00:00,2026-06-10 14:03:36
974,251,4,Confirmed,4,2026-06-28 10:00:00,2026-06-28 16:40:12
975,70,5,Confirmed,9,2026-04-08 08:00:00,2026-04-08 11:30:00
976,248,4,Scheduled,1,2026-04-29 06:00:00,2026-04-29 10:10:48
977,32,4,Completed,3,2026-04-13 08:00:00,2026-04-13 16:52:12
978,273,6,Scheduled,10,2026-05-05 06:00:00,2026-05-05 10:26:24
979,223,7,Confirmed,2,2026-06-19 10:00:00,2026-06-19 15:46:12
980,66,1,Scheduled,5,2026-05-14 10:00:00,2026-05-14 16:57:36
981,26,7,Scheduled,2,2026-05-06 09:00:00,2026-05-06 16:39:00
982,32,5,Completed,6,2026-05-31 09:00:00,2026-05-31 13:07:12
983,260,1,Scheduled,3,2026-05-07 09:00:00,2026-05-07 17:51:36
984,253,1,Confirmed,3,2026-06-27 06:00:00,2026-06-27 10:27:00
985,212,2,Scheduled,10,2026-04-02 10:00:00,2026-04-02 17:45:36
986,57,4,Completed,7,2026-06-15 08:00:00,2026-06-15 17:12:00
987,287,1,Confirmed,9,2026-05-08 06:00:00,2026-05-08 10:01:48
988,153,7,Confirmed,4,2026-04-30 06:00:00,2026-04-30 14:46:48
989,25,3,Completed,7,2026-04-10 06:00:00,2026-04-10 12:12:36
990,63,2,Scheduled,8,2026-04-04 06:00:00,2026-04-04 12:35:24
991,268,3,Completed,3,2026-04-03 10:00:00,2026-04-03 16:40:48
992,129,1,Completed,8,2026-04-29 10:00:00,2026-04-29 14:01:48
993,171,5,Scheduled,1,2026-04-17 07:00:00,2026-04-17 16:06:36
994,45,1,Scheduled,6,2026-06-13 10:00:00,2026-06-13 19:16:48
995,185,8,Scheduled,8,2026-05-01 06:00:00,2026-05-01 13:49:12
996,95,6,Confirmed,3,2026-04-27 09:00:00,2026-04-27 16:06:00
997,88,7,Completed,8,2026-06-27 08:00:00,2026-06-27 14:02:24
998,120,7,Confirmed,2,2026-05-20 09:00:00,2026-05-20 15:15:00
999,281,10,Scheduled,3,2026-06-28 08:00:00,2026-06-28 13:43:48
1000,39,3,Completed,9,2026-05-14 06:00:00,2026-05-14 11:30:00
1001,115,9,Completed,6,2026-05-23 09:00:00,2026-05-23 16:19:48
1002,76,9,Completed,10,2026-06-08 09:00:00,2026-06-08 15:00:00
1003,127,9,Confirmed,3,2026-06-14 10:00:00,2026-06-14 14:48:00
1004,145,6,Confirmed,5,2026-05-19 09:00:00,2026-05-19 12:33:36
1005,261,2,Confirmed,5,2026-05-06 08:00:00,2026-05-06 13:52:12
1006,126,7,Completed,9,2026-04-16 07:00:00,2026-04-16 10:33:00
1007,234,2,Completed,3,2026-06-10 06:00:00,2026-06-10 10:41:24
1008,282,2,Completed,3,2026-04-12 07:00:00,2026-04-12 12:07:48
1009,83,1,Confirmed,2,2026-04-15 09:00:00,2026-04-15 14:42:00
1010,300,1,Confirmed,4,2026-06-28 10:00:00,2026-06-28 16:20:24
1011,55,3,Scheduled,9,2026-05-22 06:00:00,2026-05-22 09:37:48
1012,212,6,Completed,7,2026-05-08 09:00:00,2026-05-08 13:19:48
1013,149,4,Scheduled,10,2026-04-06 09:00:00,2026-04-06 13:03:00
1014,212,7,Completed,10,2026-04-16 09:00:00,2026-04-16 12:04:48
1015,155,3,Scheduled,5,2026-05-08 06:00:00,2026-05-08 12:54:00
1016,33,1,Completed,8,2026-06-12 06:00:00,2026-06-12 14:18:36
1017,70,7,Confirmed,7,2026-06-07 06:00:00,2026-06-07 11:26:24
1018,125,8,Confirmed,6,2026-05-08 06:00:00,2026-05-08 14:16:12
1019,58,7,Completed,5,2026-04-25 10:00:00,2026-04-25 13:51:36
1020,205,9,Scheduled,9,2026-04-27 09:00:00,2026-04-27 15:03:36
1021,11,9,Completed,2,2026-04-05 09:00:00,2026-04-05 15:39:00
1022,266,7,Completed,5,2026-04-30 06:00:00,2026-04-30 14:04:12
1023,195,6,Completed,3,2026-04-05 07:00:00,2026-04-05 11:46:48
1024,180,6,Confirmed,5,2026-04-09 08:00:00,2026-04-09 14:15:00
1025,189,3,Scheduled,1,2026-04-26 10:00:00,2026-04-26 13:58:12
1026,276,10,Confirmed,2,2026-05-01 09:00:00,2026-05-01 13:57:36
1027,96,3,Completed,10,2026-06-02 06:00:00,2026-06-02 14:09:00
1028,190,8,Confirmed,1,2026-06-10 10:00:00,2026-06-10 16:49:12
1029,63,6,Completed,1,2026-06-07 10:00:00,2026-06-07 17:12:00
1030,267,6,Confirmed,6,2026-04-03 07:00:00,2026-04-03 12:10:12
1031,150,10,Scheduled,8,2026-05-20 06:00:00,2026-05-20 15:32:24
1032,170,2,Scheduled,2,2026-04-15 08:00:00,2026-04-15 14:39:36
1033,269,7,Completed,3,2026-04-03 10:00:00,2026-04-03 15:30:36
1034,35,7,Completed,4,2026-06-19 10:00:00,2026-06-19 14:12:36
1035,226,10,Confirmed,1,2026-05-08 09:00:00,2026-05-08 12:55:12
1036,150,3,Scheduled,6,2026-06-23 06:00:00,2026-06-23 13:36:00
1037,97,10,Completed,8,2026-04-09 10:00:00,2026-04-09 13:16:12
1038,121,3,Confirmed,7,2026-05-11 09:00:00,2026-05-11 12:55:12
1039,63,9,Confirmed,9,2026-05-07 06:00:00,2026-05-07 14:21:00
1040,258,1,Confirmed,7,2026-04-05 07:00:00,2026-04-05 13:33:36
1041,242,5,Confirmed,2,2026-04-10 08:00:00,2026-04-10 14:05:24
1042,94,1,Scheduled,5,2026-06-12 10:00:00,2026-06-12 14:51:00
1043,208,1,Scheduled,3,2026-04-10 07:00:00,2026-04-10 11:21:36
1044,56,4,Completed,2,2026-05-11 06:00:00,2026-05-11 15:01:12
1045,25,1,Confirmed,1,2026-05-01 06:00:00,2026-05-01 13:46:48
1046,201,4,Completed,5,2026-05-17 08:00:00,2026-05-17 16:16:12
1047,100,6,Completed,7,2026-06-18 06:00:00,2026-06-18 11:44:24
1048,180,9,Completed,3,2026-04-27 09:00:00,2026-04-27 12:50:24
1049,64,1,Scheduled,7,2026-06-29 09:00:00,2026-06-29 15:41:24
1050,241,8,Confirmed,5,2026-06-12 08:00:00,2026-06-12 14:12:36
1051,116,10,Scheduled,3,2026-06-14 09:00:00,2026-06-14 18:31:48
1052,38,10,Completed,6,2026-04-26 06:00:00,2026-04-26 14:50:24
1053,68,2,Scheduled,6,2026-04-21 10:00:00,2026-04-21 16:11:24
1054,272,6,Scheduled,3,2026-06-07 06:00:00,2026-06-07 11:22:12
1055,235,3,Confirmed,10,2026-05-19 09:00:00,2026-05-19 15:51:00
1056,146,6,Scheduled,4,2026-06-29 06:00:00,2026-06-29 09:41:24
1057,300,10,Confirmed,6,2026-04-04 06:00:00,2026-04-04 12:52:48
1058,194,4,Confirmed,3,2026-04-26 10:00:00,2026-04-26 13:04:12
1059,275,4,Scheduled,8,2026-05-13 09:00:00,2026-05-13 17:58:12
1060,111,1,Completed,5,2026-04-12 08:00:00,2026-04-12 14:14:24
1061,263,1,Confirmed,7,2026-05-25 09:00:00,2026-05-25 15:37:48
1062,80,10,Scheduled,7,2026-06-08 08:00:00,2026-06-08 14:09:00
1063,74,4,Scheduled,9,2026-05-06 10:00:00,2026-05-06 15:02:24
1064,195,5,Scheduled,1,2026-04-20 10:00:00,2026-04-20 13:38:24
1065,83,5,Completed,2,2026-04-08 08:00:00,2026-04-08 14:56:24
1066,170,10,Completed,4,2026-05-15 06:00:00,2026-05-15 09:33:00
1067,81,3,Completed,6,2026-06-09 06:00:00,2026-06-09 14:37:12
1068,226,3,Confirmed,7,2026-05-13 06:00:00,2026-05-13 10:03:00
1069,82,4,Completed,10,2026-06-05 07:00:00,2026-06-05 11:57:00
1070,28,10,Confirmed,8,2026-04-11 07:00:00,2026-04-11 11:33:36
1071,251,3,Scheduled,4,2026-06-13 06:00:00,2026-06-13 10:27:36
1072,140,10,Scheduled,2,2026-06-19 07:00:00,2026-06-19 11:39:00
1073,141,7,Completed,1,2026-05-11 06:00:00,2026-05-11 14:45:00
1074,166,8,Scheduled,4,2026-04-29 10:00:00,2026-04-29 14:47:24
1075,136,7,Completed,6,2026-05-26 09:00:00,2026-05-26 12:34:12
1076,82,10,Completed,7,2026-06-16 07:00:00,2026-06-16 14:12:00
1077,21,7,Completed,3,2026-06-10 06:00:00,2026-06-10 13:18:00
1078,108,4,Confirmed,5,2026-06-15 10:00:00,2026-06-15 13:18:36
1079,166,2,Completed,3,2026-05-03 10:00:00,2026-05-03 16:09:00
1080,41,1,Confirmed,2,2026-04-26 09:00:00,2026-04-26 15:07:12
1081,209,1,Confirmed,9,2026-04-09 06:00:00,2026-04-09 15:10:48
1082,252,10,Scheduled,10,2026-06-21 09:00:00,2026-06-21 16:29:24
1083,110,7,Confirmed,8,2026-04-05 07:00:00,2026-04-05 11:20:24
1084,155,2,Completed,8,2026-04-23 10:00:00,2026-04-23 17:06:36
1085,272,1,Completed,5,2026-06-09 09:00:00,2026-06-09 17:18:00
1086,250,7,Scheduled,10,2026-04-09 07:00:00,2026-04-09 12:20:24
1087,251,1,Completed,3,2026-04-22 08:00:00,2026-04-22 13:14:24
1088,35,7,Confirmed,7,2026-05-09 07:00:00,2026-05-09 10:09:00
1089,23,5,Completed,3,2026-05-16 09:00:00,2026-05-16 15:01:12
1090,43,1,Completed,1,2026-05-15 09:00:00,2026-05-15 16:45:36
1091,66,3,Confirmed,1,2026-06-12 10:00:00,2026-06-12 17:26:24
1092,93,5,Confirmed,7,2026-06-14 10:00:00,2026-06-14 17:33:36
1093,245,3,Completed,1,2026-04-25 06:00:00,2026-04-25 12:43:48
1094,22,8,Completed,2,2026-05-06 08:00:00,2026-05-06 16:07:48
1095,186,3,Confirmed,10,2026-05-12 10:00:00,2026-05-12 18:00:00
1096,228,10,Confirmed,4,2026-04-11 09:00:00,2026-04-11 17:57:36
1097,193,7,Completed,10,2026-06-17 08:00:00,2026-06-17 15:27:00
1098,154,7,Completed,7,2026-06-14 07:00:00,2026-06-14 13:02:24
1099,198,6,Completed,4,2026-05-04 10:00:00,2026-05-04 16:39:36
1100,53,1,Completed,6,2026-05-11 09:00:00,2026-05-11 14:00:36
1101,17,5,Scheduled,6,2026-06-12 06:00:00,2026-06-12 12:06:36
1102,214,4,Scheduled,1,2026-05-28 10:00:00,2026-05-28 15:45:36
1103,48,8,Scheduled,10,2026-05-03 08:00:00,2026-05-03 12:00:36
1104,261,2,Confirmed,2,2026-06-24 07:00:00,2026-06-24 11:16:12
1105,219,1,Completed,1,2026-05-19 10:00:00,2026-05-19 16:04:48
1106,200,8,Completed,10,2026-06-06 09:00:00,2026-06-06 12:06:36
1107,154,9,Confirmed,10,2026-04-24 07:00:00,2026-04-24 14:52:12
1108,186,8,Scheduled,4,2026-05-02 07:00:00,2026-05-02 14:00:36
1109,261,9,Confirmed,4,2026-05-10 09:00:00,2026-05-10 17:09:00
1110,249,1,Completed,3,2026-04-29 10:00:00,2026-04-29 19:10:12
1111,3,8,Completed,3,2026-06-10 07:00:00,2026-06-10 14:57:00
1112,218,5,Scheduled,4,2026-06-02 06:00:00,2026-06-02 13:45:36
1113,57,2,Scheduled,4,2026-05-14 06:00:00,2026-05-14 09:31:48
1114,261,2,Completed,5,2026-05-09 09:00:00,2026-05-09 13:27:36
1115,182,5,Completed,1,2026-06-10 06:00:00,2026-06-10 12:19:48
1116,42,1,Confirmed,9,2026-06-23 08:00:00,2026-06-23 15:21:36
1117,284,9,Completed,6,2026-06-06 07:00:00,2026-06-06 16:01:48
1118,260,7,Confirmed,1,2026-06-01 09:00:00,2026-06-01 13:03:36
1119,238,2,Completed,3,2026-04-23 09:00:00,2026-04-23 15:05:24
1120,158,10,Completed,7,2026-06-19 10:00:00,2026-06-19 15:37:48
1121,158,1,Scheduled,10,2026-05-02 10:00:00,2026-05-02 14:24:00
1122,67,3,Confirmed,1,2026-06-23 06:00:00,2026-06-23 09:34:48
1123,63,7,Scheduled,4,2026-04-24 08:00:00,2026-04-24 16:46:48
1124,220,9,Completed,9,2026-05-17 08:00:00,2026-05-17 16:45:00
1125,132,5,Confirmed,1,2026-05-12 10:00:00,2026-05-12 16:25:12
1126,222,8,Completed,9,2026-05-03 06:00:00,2026-05-03 12:07:48
1127,143,7,Confirmed,10,2026-06-07 06:00:00,2026-06-07 09:58:12
1128,50,7,Confirmed,4,2026-06-13 06:00:00,2026-06-13 09:58:12
1129,66,8,Scheduled,9,2026-04-04 09:00:00,2026-04-04 15:18:36
1130,42,7,Scheduled,1,2026-06-19 07:00:00,2026-06-19 10:25:12
1131,276,3,Confirmed,3,2026-06-29 06:00:00,2026-06-29 11:07:12
1132,156,3,Confirmed,5,2026-06-10 07:00:00,2026-06-10 10:54:00
1133,189,5,Completed,1,2026-04-07 10:00:00,2026-04-07 16:53:24
1134,154,4,Scheduled,9,2026-06-10 06:00:00,2026-06-10 09:44:24
1135,9,4,Scheduled,5,2026-06-26 07:00:00,2026-06-26 13:16:12
1136,66,5,Confirmed,2,2026-04-30 09:00:00,2026-04-30 17:13:48
1137,174,8,Scheduled,1,2026-05-03 10:00:00,2026-05-03 15:39:00
1138,239,7,Completed,2,2026-04-09 08:00:00,2026-04-09 14:50:24
1139,170,8,Completed,5,2026-04-04 10:00:00,2026-04-04 15:12:36
1140,89,5,Scheduled,7,2026-05-18 10:00:00,2026-05-18 18:52:12
1141,61,5,Scheduled,1,2026-04-30 08:00:00,2026-04-30 14:51:36
1142,282,10,Completed,10,2026-06-01 07:00:00,2026-06-01 12:49:48
1143,271,7,Scheduled,4,2026-06-10 09:00:00,2026-06-10 13:49:12
1144,294,8,Completed,1,2026-04-25 07:00:00,2026-04-25 14:48:36
1145,236,5,Completed,3,2026-06-21 07:00:00,2026-06-21 14:30:00
1146,134,1,Completed,2,2026-06-13 07:00:00,2026-06-13 14:04:48
1147,3,6,Scheduled,7,2026-05-19 08:00:00,2026-05-19 16:13:48
1148,164,6,Confirmed,2,2026-05-08 07:00:00,2026-05-08 14:41:24
1149,122,6,Completed,8,2026-05-24 09:00:00,2026-05-24 12:01:12
1150,157,6,Confirmed,3,2026-05-24 09:00:00,2026-05-24 14:17:24
1151,286,6,Completed,9,2026-05-07 09:00:00,2026-05-07 18:12:36
1152,94,6,Completed,5,2026-06-19 09:00:00,2026-06-19 14:15:36
1153,194,6,Completed,10,2026-04-21 06:00:00,2026-04-21 10:11:24
1154,264,3,Completed,6,2026-04-26 08:00:00,2026-04-26 14:12:00
1155,292,6,Completed,8,2026-04-04 08:00:00,2026-04-04 14:04:48
1156,179,3,Scheduled,9,2026-06-07 08:00:00,2026-06-07 12:24:36
1157,115,4,Completed,7,2026-04-28 06:00:00,2026-04-28 13:36:36
1158,70,10,Confirmed,6,2026-06-18 06:00:00,2026-06-18 11:08:24
1159,152,5,Completed,10,2026-06-22 09:00:00,2026-06-22 15:12:36
1160,289,10,Confirmed,6,2026-05-20 07:00:00,2026-05-20 10:30:00
1161,74,6,Completed,3,2026-05-31 10:00:00,2026-05-31 14:14:24
1162,217,2,Scheduled,8,2026-04-15 10:00:00,2026-04-15 15:54:00
1163,12,3,Completed,2,2026-06-04 06:00:00,2026-06-04 15:34:12
1164,171,3,Completed,4,2026-04-27 06:00:00,2026-04-27 10:55:12
1165,48,5,Confirmed,1,2026-05-06 07:00:00,2026-05-06 11:21:00
1166,170,10,Scheduled,6,2026-04-17 06:00:00,2026-04-17 10:31:12
1167,255,9,Scheduled,10,2026-04-05 09:00:00,2026-04-05 15:48:36
1168,110,4,Scheduled,3,2026-06-20 10:00:00,2026-06-20 17:15:00
1169,15,9,Completed,4,2026-04-18 09:00:00,2026-04-18 12:55:12
1170,112,4,Confirmed,2,2026-06-15 07:00:00,2026-06-15 14:27:00
1171,118,5,Completed,8,2026-06-14 10:00:00,2026-06-14 13:13:12
1172,107,10,Scheduled,7,2026-06-21 06:00:00,2026-06-21 09:55:12
1173,169,2,Confirmed,1,2026-04-25 10:00:00,2026-04-25 14:47:24
1174,207,10,Confirmed,6,2026-04-03 07:00:00,2026-04-03 11:17:24
1175,242,6,Scheduled,4,2026-04-18 07:00:00,2026-04-18 13:16:12
1176,31,7,Scheduled,6,2026-05-04 08:00:00,2026-05-04 11:46:48
1177,252,2,Scheduled,7,2026-06-10 09:00:00,2026-06-10 15:01:48
1178,8,3,Confirmed,9,2026-04-02 06:00:00,2026-04-02 10:13:48
1179,63,9,Scheduled,5,2026-05-21 08:00:00,2026-05-21 11:07:48
1180,253,3,Completed,6,2026-04-08 07:00:00,2026-04-08 13:40:12
1181,155,5,Completed,9,2026-06-16 09:00:00,2026-06-16 14:25:48
1182,39,10,Confirmed,10,2026-06-24 07:00:00,2026-06-24 12:24:00
1183,68,9,Completed,9,2026-05-15 10:00:00,2026-05-15 14:13:12
1184,135,9,Confirmed,4,2026-06-10 07:00:00,2026-06-10 11:30:00
1185,211,10,Confirmed,4,2026-05-11 07:00:00,2026-05-11 14:02:24
1186,295,7,Confirmed,5,2026-06-16 07:00:00,2026-06-16 14:24:00
1187,95,7,Completed,10,2026-06-24 08:00:00,2026-06-24 11:00:00
1188,290,3,Confirmed,9,2026-05-09 09:00:00,2026-05-09 18:10:12
1189,65,9,Completed,8,2026-06-24 07:00:00,2026-06-24 15:24:00
1190,156,1,Confirmed,6,2026-06-17 10:00:00,2026-06-17 17:04:48
1191,131,8,Scheduled,1,2026-06-08 10:00:00,2026-06-08 14:26:24
1192,185,3,Completed,4,2026-04-06 10:00:00,2026-04-06 15:01:12
1193,154,9,Completed,3,2026-05-01 10:00:00,2026-05-01 16:33:00
1194,104,1,Confirmed,5,2026-04-20 07:00:00,2026-04-20 11:40:48
1195,215,9,Completed,1,2026-04-28 10:00:00,2026-04-28 15:37:12
1196,90,10,Completed,3,2026-04-28 10:00:00,2026-04-28 13:50:24
1197,281,5,Completed,10,2026-05-14 09:00:00,2026-05-14 12:32:24
1198,202,8,Confirmed,4,2026-04-12 06:00:00,2026-04-12 13:25:12
1199,219,10,Confirmed,8,2026-06-28 07:00:00,2026-06-28 14:31:48
1200,200,7,Confirmed,1,2026-04-17 10:00:00,2026-04-17 15:14:24
1201,226,1,Completed,4,2026-05-26 08:00:00,2026-05-26 14:06:36
1202,42,7,Scheduled,10,2026-04-11 07:00:00,2026-04-11 14:19:48
1203,25,4,Confirmed,6,2026-05-08 08:00:00,2026-05-08 11:48:36
1204,160,4,Completed,3,2026-05-24 08:00:00,2026-05-24 15:15:36
1205,190,1,Confirmed,2,2026-05-25 09:00:00,2026-05-25 16:27:00
1206,210,8,Completed,5,2026-05-20 10:00:00,2026-05-20 15:00:36
1207,157,7,Completed,2,2026-06-25 10:00:00,2026-06-25 18:12:00
1208,62,10,Scheduled,3,2026-06-19 10:00:00,2026-06-19 13:31:12
1209,69,5,Completed,8,2026-05-16 08:00:00,2026-05-16 14:39:36
1210,164,2,Completed,7,2026-04-16 09:00:00,2026-04-16 13:57:00
1211,21,2,Completed,3,2026-05-01 08:00:00,2026-05-01 16:28:48
1212,219,10,Confirmed,1,2026-04-24 06:00:00,2026-04-24 13:48:00
1213,134,9,Confirmed,8,2026-05-01 10:00:00,2026-05-01 15:53:24
1214,140,4,Confirmed,4,2026-05-26 10:00:00,2026-05-26 15:13:12
1215,271,3,Completed,5,2026-06-04 10:00:00,2026-06-04 15:36:36
1216,152,4,Confirmed,3,2026-05-06 08:00:00,2026-05-06 13:29:24
1217,69,3,Scheduled,3,2026-04-28 09:00:00,2026-04-28 12:33:36
1218,194,8,Completed,4,2026-06-25 06:00:00,2026-06-25 09:25:48
1219,277,8,Completed,9,2026-06-21 10:00:00,2026-06-21 16:00:00
1220,23,2,Confirmed,6,2026-06-23 08:00:00,2026-06-23 16:49:48
1221,170,5,Completed,1,2026-05-31 08:00:00,2026-05-31 12:29:24
1222,257,5,Confirmed,8,2026-04-16 09:00:00,2026-04-16 14:44:24
1223,132,10,Scheduled,4,2026-06-01 07:00:00,2026-06-01 13:04:12
1224,9,10,Scheduled,6,2026-05-30 10:00:00,2026-05-30 13:46:12
1225,104,1,Scheduled,4,2026-04-27 10:00:00,2026-04-27 17:31:12
1226,208,10,Completed,7,2026-06-09 06:00:00,2026-06-09 10:34:12
1227,265,7,Confirmed,9,2026-06-17 09:00:00,2026-06-17 18:12:00
1228,11,5,Completed,5,2026-06-20 08:00:00,2026-06-20 12:08:24
1229,24,6,Confirmed,8,2026-05-03 09:00:00,2026-05-03 14:34:12
1230,104,3,Scheduled,1,2026-06-06 09:00:00,2026-06-06 14:29:24
1231,259,10,Confirmed,9,2026-04-13 09:00:00,2026-04-13 15:54:36
1232,89,6,Confirmed,6,2026-06-17 08:00:00,2026-06-17 13:25:48
1233,136,3,Completed,10,2026-06-09 07:00:00,2026-06-09 11:23:24
1234,21,2,Scheduled,9,2026-06-09 06:00:00,2026-06-09 12:22:48
1235,252,6,Confirmed,1,2026-05-07 10:00:00,2026-05-07 17:27:00
1236,255,1,Completed,2,2026-05-29 06:00:00,2026-05-29 15:32:24
1237,276,9,Scheduled,7,2026-04-06 08:00:00,2026-04-06 13:01:48
1238,107,6,Scheduled,2,2026-06-24 10:00:00,2026-06-24 13:49:48
1239,41,9,Scheduled,8,2026-05-16 08:00:00,2026-05-16 13:22:12
1240,67,10,Confirmed,6,2026-06-22 06:00:00,2026-06-22 14:55:48
1241,284,1,Confirmed,1,2026-04-05 06:00:00,2026-04-05 10:45:00
1242,4,8,Scheduled,8,2026-04-27 08:00:00,2026-04-27 13:07:12
1243,190,4,Scheduled,8,2026-05-27 09:00:00,2026-05-27 15:51:36
1244,144,10,Completed,10,2026-06-23 08:00:00,2026-06-23 15:20:24
1245,10,2,Completed,7,2026-05-26 10:00:00,2026-05-26 15:53:24
1246,175,9,Completed,5,2026-05-03 08:00:00,2026-05-03 12:27:36
1247,10,4,Confirmed,10,2026-05-20 10:00:00,2026-05-20 13:58:12
1248,45,6,Confirmed,8,2026-04-04 06:00:00,2026-04-04 14:25:48
1249,139,7,Confirmed,4,2026-05-09 07:00:00,2026-05-09 10:51:36
1250,46,7,Completed,1,2026-06-19 06:00:00,2026-06-19 14:23:24
1251,296,6,Confirmed,8,2026-06-23 06:00:00,2026-06-23 13:49:48
1252,84,5,Confirmed,6,2026-05-04 09:00:00,2026-05-04 18:28:48
1253,208,9,Confirmed,9,2026-05-06 07:00:00,2026-05-06 11:13:12
1254,299,7,Scheduled,10,2026-04-17 06:00:00,2026-04-17 10:34:12
1255,68,1,Scheduled,1,2026-05-20 06:00:00,2026-05-20 09:16:12
1256,130,4,Completed,7,2026-04-05 08:00:00,2026-04-05 12:03:00
1257,263,4,Confirmed,4,2026-06-11 08:00:00,2026-06-11 14:41:24
1258,51,10,Confirmed,10,2026-06-23 07:00:00,2026-06-23 11:44:24
1259,202,1,Confirmed,3,2026-06-05 06:00:00,2026-06-05 10:12:36
1260,35,6,Scheduled,6,2026-06-25 10:00:00,2026-06-25 16:58:48
1261,224,10,Confirmed,8,2026-04-13 07:00:00,2026-04-13 12:16:48
1262,104,8,Confirmed,8,2026-06-06 09:00:00,2026-06-06 14:19:12
1263,214,9,Confirmed,8,2026-05-28 10:00:00,2026-05-28 17:13:12
1264,279,2,Confirmed,8,2026-06-02 10:00:00,2026-06-02 17:04:48
1265,281,3,Scheduled,5,2026-05-31 08:00:00,2026-05-31 14:42:36
1266,298,3,Completed,6,2026-04-21 09:00:00,2026-04-21 14:19:48
1267,169,7,Scheduled,3,2026-05-19 10:00:00,2026-05-19 15:26:24
1268,213,7,Completed,9,2026-04-21 06:00:00,2026-04-21 10:10:48
1269,3,2,Completed,9,2026-06-15 06:00:00,2026-06-15 11:49:48
1270,195,6,Confirmed,10,2026-04-02 06:00:00,2026-04-02 10:24:00
1271,299,1,Completed,5,2026-04-22 06:00:00,2026-04-22 11:24:36
1272,242,4,Confirmed,10,2026-06-18 08:00:00,2026-06-18 12:31:12
1273,293,7,Completed,4,2026-06-02 08:00:00,2026-06-02 12:11:24
1274,288,4,Completed,4,2026-04-23 07:00:00,2026-04-23 12:59:24
1275,204,7,Confirmed,3,2026-05-18 10:00:00,2026-05-18 15:23:24
1276,255,6,Confirmed,4,2026-04-16 07:00:00,2026-04-16 14:21:00
1277,38,9,Confirmed,10,2026-06-17 10:00:00,2026-06-17 17:22:12
1278,261,9,Scheduled,7,2026-04-12 10:00:00,2026-04-12 18:10:12
1279,23,7,Scheduled,2,2026-05-14 07:00:00,2026-05-14 14:30:00
1280,287,1,Scheduled,8,2026-05-09 08:00:00,2026-05-09 15:45:36
1281,108,10,Scheduled,7,2026-06-24 06:00:00,2026-06-24 10:04:12
1282,126,2,Completed,6,2026-06-09 06:00:00,2026-06-09 13:57:36
1283,115,10,Confirmed,6,2026-06-06 07:00:00,2026-06-06 12:10:12
1284,93,6,Scheduled,7,2026-05-14 10:00:00,2026-05-14 16:07:12
1285,165,3,Completed,4,2026-06-15 08:00:00,2026-06-15 13:53:24
1286,264,7,Confirmed,2,2026-04-03 09:00:00,2026-04-03 12:46:48
1287,213,8,Scheduled,5,2026-04-23 07:00:00,2026-04-23 13:46:12
1288,178,8,Completed,5,2026-05-02 09:00:00,2026-05-02 14:08:24
1289,39,9,Completed,8,2026-06-12 10:00:00,2026-06-12 14:37:48
1290,131,6,Confirmed,3,2026-05-10 09:00:00,2026-05-10 16:05:24
1291,155,5,Confirmed,8,2026-06-16 06:00:00,2026-06-16 10:27:36
1292,218,4,Confirmed,5,2026-05-07 07:00:00,2026-05-07 13:09:00
1293,130,7,Scheduled,4,2026-05-02 08:00:00,2026-05-02 11:27:36
1294,123,2,Confirmed,4,2026-06-12 06:00:00,2026-06-12 09:14:24
1295,38,10,Confirmed,8,2026-06-29 10:00:00,2026-06-29 17:12:00
1296,169,3,Scheduled,5,2026-04-29 10:00:00,2026-04-29 16:31:48
1297,225,1,Confirmed,4,2026-05-31 09:00:00,2026-05-31 14:19:12
1298,101,1,Scheduled,3,2026-05-25 06:00:00,2026-05-25 12:18:00
1299,104,6,Scheduled,8,2026-05-14 09:00:00,2026-05-14 13:18:36
1300,103,8,Completed,9,2026-06-11 06:00:00,2026-06-11 14:41:24
1301,179,6,Confirmed,6,2026-04-29 10:00:00,2026-04-29 17:44:24
1302,17,10,Confirmed,4,2026-05-25 09:00:00,2026-05-25 14:34:48
1303,228,9,Completed,3,2026-04-11 06:00:00,2026-04-11 09:45:36
1304,6,3,Confirmed,4,2026-06-15 07:00:00,2026-06-15 11:33:36
1305,104,7,Confirmed,6,2026-06-22 09:00:00,2026-06-22 15:50:24
1306,207,1,Scheduled,3,2026-04-08 10:00:00,2026-04-08 15:25:48
1307,228,7,Completed,1,2026-04-13 09:00:00,2026-04-13 14:38:24
1308,38,7,Confirmed,4,2026-05-17 10:00:00,2026-05-17 14:11:24
1309,43,2,Completed,7,2026-05-16 06:00:00,2026-05-16 12:11:24
1310,65,4,Scheduled,1,2026-06-14 06:00:00,2026-06-14 11:46:12
1311,141,9,Scheduled,7,2026-05-08 07:00:00,2026-05-08 11:44:24
1312,199,1,Scheduled,10,2026-04-14 06:00:00,2026-04-14 13:06:36
1313,182,5,Completed,3,2026-06-26 06:00:00,2026-06-26 10:03:36
1314,197,8,Completed,1,2026-06-20 09:00:00,2026-06-20 16:34:48
1315,218,2,Confirmed,1,2026-04-28 08:00:00,2026-04-28 12:40:48
1316,153,9,Scheduled,5,2026-05-01 09:00:00,2026-05-01 15:13:12
1317,151,6,Scheduled,8,2026-04-08 10:00:00,2026-04-08 16:27:00
1318,6,10,Confirmed,3,2026-04-24 10:00:00,2026-04-24 14:00:00
1319,120,2,Scheduled,10,2026-05-12 10:00:00,2026-05-12 14:21:00
1320,4,9,Completed,6,2026-05-08 09:00:00,2026-05-08 15:23:24
1321,229,6,Completed,9,2026-06-21 08:00:00,2026-06-21 11:47:24
1322,91,6,Scheduled,10,2026-06-08 06:00:00,2026-06-08 12:46:12
1323,201,1,Completed,5,2026-06-21 10:00:00,2026-06-21 18:31:12
1324,35,5,Confirmed,9,2026-04-20 08:00:00,2026-04-20 12:29:24
1325,8,3,Confirmed,5,2026-06-20 08:00:00,2026-06-20 13:59:24
1326,270,8,Scheduled,3,2026-05-21 06:00:00,2026-05-21 11:56:24
1327,30,2,Completed,2,2026-06-17 08:00:00,2026-06-17 14:54:00
1328,138,4,Completed,9,2026-04-08 08:00:00,2026-04-08 13:25:48
1329,183,2,Completed,9,2026-06-04 07:00:00,2026-06-04 11:52:12
1330,171,5,Scheduled,3,2026-04-03 09:00:00,2026-04-03 16:58:48
1331,291,2,Scheduled,8,2026-06-16 09:00:00,2026-06-16 15:51:00
1332,99,2,Scheduled,6,2026-05-15 06:00:00,2026-05-15 11:40:48
1333,68,1,Completed,1,2026-05-01 06:00:00,2026-05-01 14:39:36
1334,64,8,Confirmed,1,2026-06-24 06:00:00,2026-06-24 09:01:48
1335,291,3,Confirmed,7,2026-06-22 09:00:00,2026-06-22 15:36:00
1336,199,8,Confirmed,10,2026-06-12 08:00:00,2026-06-12 15:21:00
1337,179,3,Confirmed,10,2026-05-23 09:00:00,2026-05-23 12:28:12
1338,41,8,Completed,8,2026-06-05 07:00:00,2026-06-05 13:48:00
1339,150,7,Confirmed,6,2026-04-03 09:00:00,2026-04-03 12:53:24
1340,125,7,Confirmed,4,2026-04-19 08:00:00,2026-04-19 15:59:24
1341,88,8,Confirmed,7,2026-05-17 07:00:00,2026-05-17 13:07:12
1342,36,8,Confirmed,6,2026-06-06 09:00:00,2026-06-06 15:21:36
1343,20,8,Confirmed,9,2026-05-08 07:00:00,2026-05-08 14:07:12
1344,278,8,Confirmed,5,2026-06-05 08:00:00,2026-06-05 17:05:24
1345,22,1,Scheduled,3,2026-06-21 07:00:00,2026-06-21 13:47:24
1346,99,2,Scheduled,2,2026-05-15 08:00:00,2026-05-15 12:42:36
1347,286,7,Completed,8,2026-06-08 08:00:00,2026-06-08 15:43:12
1348,30,8,Scheduled,7,2026-06-15 09:00:00,2026-06-15 12:46:48
1349,148,8,Completed,10,2026-05-31 09:00:00,2026-05-31 16:33:36
1350,300,8,Confirmed,10,2026-05-23 07:00:00,2026-05-23 11:42:36
1351,176,3,Completed,4,2026-06-05 06:00:00,2026-06-05 13:06:00
1352,257,10,Completed,1,2026-04-03 09:00:00,2026-04-03 12:03:00
1353,173,10,Completed,7,2026-06-13 08:00:00,2026-06-13 14:22:12
1354,34,6,Completed,10,2026-05-02 07:00:00,2026-05-02 11:43:48
1355,237,5,Scheduled,2,2026-06-06 07:00:00,2026-06-06 13:25:12
1356,221,5,Scheduled,4,2026-06-04 08:00:00,2026-06-04 13:51:00
1357,20,10,Completed,2,2026-05-08 07:00:00,2026-05-08 16:10:12
1358,290,9,Scheduled,4,2026-05-23 07:00:00,2026-05-23 11:34:48
1359,142,10,Scheduled,8,2026-05-01 09:00:00,2026-05-01 16:17:24
1360,40,5,Confirmed,3,2026-04-06 06:00:00,2026-04-06 11:53:24
1361,217,8,Confirmed,10,2026-06-10 09:00:00,2026-06-10 13:31:12
1362,103,10,Confirmed,6,2026-04-05 07:00:00,2026-04-05 10:57:00
1363,142,2,Completed,4,2026-04-13 06:00:00,2026-04-13 13:04:48
1364,150,1,Confirmed,2,2026-04-10 07:00:00,2026-04-10 12:22:12
1365,283,3,Scheduled,6,2026-05-05 06:00:00,2026-05-05 14:19:48
1366,258,7,Confirmed,10,2026-06-22 10:00:00,2026-06-22 19:27:36
1367,183,5,Completed,6,2026-04-11 08:00:00,2026-04-11 11:29:24
1368,6,8,Completed,3,2026-04-28 10:00:00,2026-04-28 15:57:36
1369,234,10,Completed,8,2026-05-09 07:00:00,2026-05-09 11:43:48
1370,262,7,Scheduled,9,2026-06-14 06:00:00,2026-06-14 09:03:00
1371,49,7,Completed,10,2026-05-08 08:00:00,2026-05-08 11:56:24
1372,183,6,Confirmed,2,2026-04-01 10:00:00,2026-04-01 17:27:00
1373,8,4,Completed,9,2026-04-20 08:00:00,2026-04-20 15:49:12
1374,236,3,Completed,9,2026-05-08 10:00:00,2026-05-08 18:25:12
1375,54,9,Completed,5,2026-04-11 10:00:00,2026-04-11 19:23:24
1376,272,5,Scheduled,1,2026-05-04 09:00:00,2026-05-04 12:39:00
1377,19,4,Completed,1,2026-04-29 10:00:00,2026-04-29 18:13:48
1378,260,5,Scheduled,9,2026-04-26 06:00:00,2026-04-26 11:18:00
1379,82,9,Completed,1,2026-06-28 07:00:00,2026-06-28 12:32:24
1380,264,8,Confirmed,1,2026-06-06 07:00:00,2026-06-06 16:08:24
1381,217,10,Scheduled,10,2026-04-19 08:00:00,2026-04-19 16:58:12
1382,237,7,Scheduled,2,2026-04-10 07:00:00,2026-04-10 14:44:24
1383,76,10,Scheduled,5,2026-06-14 07:00:00,2026-06-14 13:06:36
1384,182,1,Completed,5,2026-06-28 09:00:00,2026-06-28 13:04:12
1385,112,2,Completed,2,2026-04-18 06:00:00,2026-04-18 11:45:36
1386,61,8,Confirmed,1,2026-04-06 07:00:00,2026-04-06 15:36:36
1387,66,2,Scheduled,10,2026-06-21 07:00:00,2026-06-21 11:28:48
1388,17,9,Scheduled,8,2026-06-09 09:00:00,2026-06-09 13:50:24
1389,273,4,Confirmed,4,2026-05-27 06:00:00,2026-05-27 12:43:48
1390,45,10,Completed,4,2026-06-08 07:00:00,2026-06-08 12:04:12
1391,69,10,Scheduled,3,2026-06-15 07:00:00,2026-06-15 14:54:36
1392,99,6,Confirmed,4,2026-06-12 06:00:00,2026-06-12 13:04:48
1393,11,5,Confirmed,4,2026-05-27 06:00:00,2026-05-27 10:30:36
1394,182,5,Confirmed,5,2026-04-09 07:00:00,2026-04-09 12:37:48
1395,193,10,Scheduled,4,2026-06-25 07:00:00,2026-06-25 12:00:36
1396,13,6,Confirmed,5,2026-06-05 07:00:00,2026-06-05 13:15:36
1397,181,5,Scheduled,9,2026-05-08 10:00:00,2026-05-08 13:24:36
1398,253,5,Confirmed,1,2026-05-06 08:00:00,2026-05-06 16:04:48
1399,62,2,Confirmed,7,2026-04-22 07:00:00,2026-04-22 10:20:24
1400,266,9,Confirmed,2,2026-04-17 08:00:00,2026-04-17 14:01:12
1401,19,4,Completed,2,2026-04-30 06:00:00,2026-04-30 15:10:12
1402,188,4,Confirmed,5,2026-04-10 07:00:00,2026-04-10 10:20:24
1403,63,3,Confirmed,9,2026-06-09 08:00:00,2026-06-09 13:07:48
1404,120,1,Scheduled,1,2026-05-29 07:00:00,2026-05-29 13:45:36
1405,233,7,Scheduled,7,2026-04-09 08:00:00,2026-04-09 13:10:12
1406,101,1,Scheduled,7,2026-04-29 06:00:00,2026-04-29 11:11:24
1407,299,10,Confirmed,6,2026-05-31 08:00:00,2026-05-31 13:12:00
1408,78,10,Scheduled,10,2026-06-28 10:00:00,2026-06-28 15:58:48
1409,109,5,Confirmed,5,2026-06-16 08:00:00,2026-06-16 13:38:24
1410,197,8,Confirmed,8,2026-06-12 08:00:00,2026-06-12 14:45:36
1411,276,5,Scheduled,7,2026-05-02 07:00:00,2026-05-02 13:51:00
1412,210,7,Confirmed,4,2026-06-01 07:00:00,2026-06-01 15:17:24
1413,21,3,Completed,9,2026-05-14 06:00:00,2026-05-14 10:20:24
1414,279,5,Confirmed,3,2026-06-11 09:00:00,2026-06-11 13:19:48
1415,179,2,Completed,6,2026-04-16 06:00:00,2026-04-16 11:23:24
1416,222,2,Scheduled,5,2026-05-19 10:00:00,2026-05-19 15:16:48
1417,14,3,Confirmed,7,2026-06-25 07:00:00,2026-06-25 11:18:00
1418,179,5,Confirmed,7,2026-05-27 07:00:00,2026-05-27 14:48:36
1419,235,5,Scheduled,5,2026-05-27 10:00:00,2026-05-27 14:16:12
1420,242,2,Confirmed,8,2026-06-25 09:00:00,2026-06-25 17:07:48
1421,254,3,Scheduled,6,2026-05-08 07:00:00,2026-05-08 14:00:00
1422,244,5,Scheduled,7,2026-04-19 07:00:00,2026-04-19 10:42:00
1423,109,9,Scheduled,8,2026-06-24 10:00:00,2026-06-24 14:25:12
1424,62,5,Completed,3,2026-05-30 09:00:00,2026-05-30 15:34:48
1425,205,6,Confirmed,8,2026-06-16 10:00:00,2026-06-16 18:15:36
1426,242,3,Scheduled,7,2026-05-18 07:00:00,2026-05-18 13:05:24
1427,219,3,Confirmed,10,2026-06-11 07:00:00,2026-06-11 13:45:36
1428,139,1,Scheduled,10,2026-06-16 07:00:00,2026-06-16 13:10:48
1429,216,4,Scheduled,10,2026-06-27 10:00:00,2026-06-27 15:16:48
1430,7,6,Scheduled,9,2026-06-07 08:00:00,2026-06-07 12:39:36
1431,36,10,Scheduled,1,2026-05-30 07:00:00,2026-05-30 15:18:00
1432,22,9,Completed,1,2026-05-20 09:00:00,2026-05-20 18:22:48
1433,141,8,Completed,9,2026-04-29 06:00:00,2026-04-29 15:17:24
1434,286,4,Completed,6,2026-05-24 10:00:00,2026-05-24 16:11:24
1435,235,2,Completed,1,2026-04-11 07:00:00,2026-04-11 11:29:24
1436,158,1,Scheduled,2,2026-06-03 10:00:00,2026-06-03 19:12:00
1437,159,7,Confirmed,1,2026-06-08 07:00:00,2026-06-08 12:15:00
1438,61,3,Confirmed,9,2026-04-22 08:00:00,2026-04-22 14:01:12
1439,187,6,Scheduled,3,2026-05-06 09:00:00,2026-05-06 16:04:48
1440,157,5,Confirmed,9,2026-04-29 08:00:00,2026-04-29 11:13:48
1441,132,8,Completed,7,2026-05-04 10:00:00,2026-05-04 13:49:48
1442,157,10,Scheduled,1,2026-04-28 09:00:00,2026-04-28 13:42:36
1443,144,3,Scheduled,10,2026-05-04 10:00:00,2026-05-04 17:03:36
1444,288,1,Scheduled,8,2026-05-07 07:00:00,2026-05-07 12:16:48
1445,143,2,Confirmed,5,2026-04-24 09:00:00,2026-04-24 12:42:36
1446,232,3,Completed,9,2026-05-31 09:00:00,2026-05-31 13:01:12
1447,227,9,Confirmed,4,2026-05-08 07:00:00,2026-05-08 12:00:36
1448,270,4,Confirmed,2,2026-05-22 10:00:00,2026-05-22 14:10:48
1449,29,7,Completed,8,2026-05-13 07:00:00,2026-05-13 10:46:48
1450,222,6,Scheduled,3,2026-06-05 10:00:00,2026-06-05 15:04:12
1451,79,7,Scheduled,1,2026-05-08 08:00:00,2026-05-08 14:42:00
1452,81,7,Scheduled,8,2026-04-21 09:00:00,2026-04-21 16:33:36
1453,266,8,Scheduled,4,2026-06-25 07:00:00,2026-06-25 13:03:36
1454,142,4,Confirmed,1,2026-05-03 06:00:00,2026-05-03 12:19:48
1455,68,4,Completed,7,2026-06-23 10:00:00,2026-06-23 16:23:24
1456,281,4,Scheduled,10,2026-04-27 10:00:00,2026-04-27 15:21:36
1457,115,1,Scheduled,2,2026-06-27 10:00:00,2026-06-27 18:24:36
1458,256,8,Confirmed,2,2026-05-09 07:00:00,2026-05-09 11:30:36
1459,174,5,Completed,4,2026-05-28 06:00:00,2026-05-28 10:34:12
1460,118,4,Confirmed,8,2026-06-20 06:00:00,2026-06-20 12:58:12
1461,281,10,Scheduled,5,2026-04-10 10:00:00,2026-04-10 13:13:48
1462,209,9,Confirmed,7,2026-05-09 08:00:00,2026-05-09 13:08:24
1463,25,2,Confirmed,4,2026-04-06 06:00:00,2026-04-06 12:55:12
1464,248,8,Scheduled,2,2026-06-13 10:00:00,2026-06-13 18:24:36
1465,98,6,Scheduled,6,2026-05-18 08:00:00,2026-05-18 12:46:48
1466,144,8,Scheduled,1,2026-06-11 07:00:00,2026-06-11 15:56:24
1467,180,10,Scheduled,9,2026-05-22 07:00:00,2026-05-22 12:22:48
1468,130,9,Completed,5,2026-06-20 08:00:00,2026-06-20 15:50:24
1469,80,4,Scheduled,3,2026-04-28 09:00:00,2026-04-28 13:28:12
1470,22,2,Confirmed,5,2026-04-21 08:00:00,2026-04-21 12:20:24
1471,6,4,Confirmed,10,2026-06-10 08:00:00,2026-06-10 15:16:48
1472,109,8,Scheduled,9,2026-06-01 07:00:00,2026-06-01 10:13:48
1473,85,10,Completed,10,2026-05-26 08:00:00,2026-05-26 13:54:36
1474,266,3,Completed,4,2026-05-24 09:00:00,2026-05-24 16:43:48
1475,158,2,Confirmed,9,2026-05-31 06:00:00,2026-05-31 11:03:00
1476,87,10,Confirmed,7,2026-04-08 10:00:00,2026-04-08 15:04:12
1477,255,8,Completed,9,2026-05-21 06:00:00,2026-05-21 12:15:00
1478,179,7,Confirmed,4,2026-04-02 09:00:00,2026-04-02 17:17:24
1479,100,1,Completed,4,2026-06-15 09:00:00,2026-06-15 16:43:12
1480,140,5,Confirmed,9,2026-04-14 06:00:00,2026-04-14 13:03:00
1481,277,5,Completed,10,2026-05-16 07:00:00,2026-05-16 16:06:00
1482,149,5,Scheduled,1,2026-04-05 10:00:00,2026-04-05 15:37:48
1483,61,1,Scheduled,4,2026-04-28 10:00:00,2026-04-28 19:22:12
1484,214,10,Scheduled,5,2026-06-24 10:00:00,2026-06-24 16:09:00
1485,254,2,Confirmed,10,2026-04-20 09:00:00,2026-04-20 13:46:12
1486,177,1,Confirmed,9,2026-06-11 09:00:00,2026-06-11 15:10:12
1487,111,2,Confirmed,8,2026-06-20 06:00:00,2026-06-20 09:06:36
1488,165,2,Confirmed,7,2026-05-04 06:00:00,2026-05-04 10:33:36
1489,103,10,Confirmed,10,2026-04-14 09:00:00,2026-04-14 16:10:48
1490,252,1,Completed,10,2026-04-29 09:00:00,2026-04-29 14:27:00
1491,98,7,Confirmed,5,2026-05-30 07:00:00,2026-05-30 11:00:36
1492,273,5,Confirmed,5,2026-04-22 09:00:00,2026-04-22 14:38:24
1493,259,4,Completed,1,2026-04-09 07:00:00,2026-04-09 16:16:12
1494,31,5,Completed,3,2026-06-09 07:00:00,2026-06-09 15:16:48
1495,79,6,Completed,8,2026-06-13 09:00:00,2026-06-13 14:03:36
1496,144,6,Confirmed,3,2026-05-08 08:00:00,2026-05-08 17:03:00
1497,155,2,Confirmed,9,2026-04-11 07:00:00,2026-04-11 13:05:24
1498,235,6,Completed,2,2026-06-29 10:00:00,2026-06-29 15:34:48
1499,190,10,Scheduled,1,2026-04-15 07:00:00,2026-04-15 12:59:24
1500,281,10,Completed,6,2026-05-14 06:00:00,2026-05-14 14:57:36
1501,256,6,Completed,7,2026-05-31 07:00:00,2026-05-31 13:34:48
1502,270,6,Confirmed,7,2026-05-18 07:00:00,2026-05-18 13:01:12
1503,287,9,Confirmed,1,2026-05-23 09:00:00,2026-05-23 14:45:00
1504,8,1,Scheduled,4,2026-06-11 07:00:00,2026-06-11 10:59:24
1505,260,2,Completed,4,2026-04-07 06:00:00,2026-04-07 14:23:24
1506,17,7,Confirmed,3,2026-06-15 06:00:00,2026-06-15 11:58:48
1507,211,2,Confirmed,4,2026-05-30 07:00:00,2026-05-30 11:25:12
1508,20,6,Scheduled,7,2026-05-26 07:00:00,2026-05-26 14:52:48
1509,114,10,Completed,10,2026-05-23 06:00:00,2026-05-23 10:04:48
1510,44,6,Completed,4,2026-04-24 10:00:00,2026-04-24 19:06:00
1511,96,9,Confirmed,8,2026-06-03 09:00:00,2026-06-03 13:31:12
1512,65,6,Completed,6,2026-06-26 07:00:00,2026-06-26 11:57:36
1513,75,8,Confirmed,7,2026-06-11 09:00:00,2026-06-11 16:17:24
1514,202,9,Completed,9,2026-06-10 10:00:00,2026-06-10 17:29:24
1515,55,3,Completed,4,2026-04-06 09:00:00,2026-04-06 15:21:36
1516,108,8,Completed,5,2026-06-06 08:00:00,2026-06-06 16:51:00
1517,119,3,Confirmed,9,2026-04-07 07:00:00,2026-04-07 13:01:12
1518,256,5,Completed,6,2026-04-28 09:00:00,2026-04-28 13:22:48
1519,289,9,Scheduled,4,2026-04-13 09:00:00,2026-04-13 14:40:12
1520,281,5,Confirmed,8,2026-05-05 09:00:00,2026-05-05 16:27:36
1521,229,8,Scheduled,10,2026-05-20 09:00:00,2026-05-20 14:43:12
1522,226,9,Completed,8,2026-04-14 06:00:00,2026-04-14 13:26:24
1523,140,4,Confirmed,3,2026-04-12 08:00:00,2026-04-12 13:16:48
1524,164,8,Scheduled,7,2026-04-30 07:00:00,2026-04-30 14:59:24
1525,176,7,Completed,2,2026-06-14 07:00:00,2026-06-14 10:29:24
1526,14,2,Scheduled,2,2026-05-10 10:00:00,2026-05-10 15:21:36
1527,226,4,Confirmed,1,2026-06-02 07:00:00,2026-06-02 12:40:48
1528,226,6,Completed,7,2026-04-05 09:00:00,2026-04-05 14:39:00
1529,91,7,Completed,2,2026-04-03 10:00:00,2026-04-03 18:14:24
1530,226,1,Scheduled,10,2026-04-03 06:00:00,2026-04-03 10:28:48
1531,255,3,Completed,10,2026-04-29 10:00:00,2026-04-29 13:16:12
1532,6,4,Completed,9,2026-05-22 06:00:00,2026-05-22 10:58:12
1533,45,1,Completed,6,2026-04-24 08:00:00,2026-04-24 13:00:36
1534,251,7,Confirmed,2,2026-06-11 08:00:00,2026-06-11 13:54:00
1535,99,7,Completed,7,2026-05-28 08:00:00,2026-05-28 16:31:48
1536,19,10,Completed,8,2026-04-22 07:00:00,2026-04-22 11:05:24
1537,5,9,Scheduled,2,2026-04-10 10:00:00,2026-04-10 16:42:36
1538,196,1,Completed,3,2026-04-15 09:00:00,2026-04-15 13:21:36
1539,240,6,Completed,5,2026-04-19 10:00:00,2026-04-19 15:35:24
1540,224,2,Completed,1,2026-05-14 08:00:00,2026-05-14 13:58:48
1541,221,3,Confirmed,5,2026-05-30 10:00:00,2026-05-30 17:27:00
1542,202,10,Scheduled,5,2026-05-20 10:00:00,2026-05-20 13:27:00
1543,143,10,Scheduled,4,2026-06-15 06:00:00,2026-06-15 12:43:48
1544,37,1,Completed,3,2026-05-28 07:00:00,2026-05-28 10:46:48
1545,105,8,Scheduled,4,2026-05-07 10:00:00,2026-05-07 15:26:24
1546,144,4,Scheduled,10,2026-04-03 10:00:00,2026-04-03 16:57:36
1547,276,2,Completed,6,2026-04-25 06:00:00,2026-04-25 11:52:48
1548,222,8,Scheduled,4,2026-05-30 10:00:00,2026-05-30 16:37:48
1549,98,9,Completed,5,2026-04-08 07:00:00,2026-04-08 13:07:12
1550,245,2,Scheduled,4,2026-05-21 07:00:00,2026-05-21 11:34:12
1551,69,3,Confirmed,8,2026-06-03 08:00:00,2026-06-03 14:22:12
1552,252,2,Scheduled,5,2026-04-23 10:00:00,2026-04-23 17:20:24
1553,109,4,Scheduled,8,2026-05-04 09:00:00,2026-05-04 16:52:12
1554,220,7,Scheduled,6,2026-05-12 09:00:00,2026-05-12 16:40:12
1555,205,2,Completed,8,2026-06-20 06:00:00,2026-06-20 13:19:12
1556,11,6,Confirmed,8,2026-04-01 09:00:00,2026-04-01 16:38:24
1557,178,3,Confirmed,5,2026-05-05 09:00:00,2026-05-05 14:20:24
1558,3,4,Scheduled,1,2026-05-05 08:00:00,2026-05-05 13:42:00
1559,283,5,Confirmed,3,2026-06-09 09:00:00,2026-06-09 15:15:00
1560,293,9,Scheduled,1,2026-04-03 08:00:00,2026-04-03 13:39:00
1561,4,6,Completed,1,2026-05-19 09:00:00,2026-05-19 12:07:12
1562,22,7,Confirmed,6,2026-04-04 10:00:00,2026-04-04 14:09:00
1563,167,2,Confirmed,7,2026-04-07 07:00:00,2026-04-07 16:19:48
1564,5,2,Confirmed,1,2026-06-09 10:00:00,2026-06-09 16:39:00
1565,299,6,Confirmed,2,2026-04-08 08:00:00,2026-04-08 14:12:36
1566,86,9,Scheduled,7,2026-05-20 07:00:00,2026-05-20 14:48:36
1567,10,1,Scheduled,4,2026-06-23 08:00:00,2026-06-23 14:34:12
1568,197,4,Scheduled,9,2026-06-01 10:00:00,2026-06-01 14:08:24
1569,77,2,Scheduled,1,2026-06-07 06:00:00,2026-06-07 10:01:48
1570,275,7,Confirmed,7,2026-06-12 08:00:00,2026-06-12 14:37:12
1571,26,8,Completed,7,2026-05-25 09:00:00,2026-05-25 15:20:24
1572,3,9,Confirmed,7,2026-05-26 06:00:00,2026-05-26 15:32:24
1573,152,7,Scheduled,7,2026-04-08 06:00:00,2026-04-08 12:18:36
1574,205,8,Completed,3,2026-05-16 10:00:00,2026-05-16 16:03:00
1575,284,3,Confirmed,2,2026-05-13 08:00:00,2026-05-13 14:18:00
1576,19,1,Completed,9,2026-06-11 10:00:00,2026-06-11 15:04:48
1577,119,4,Scheduled,2,2026-04-11 10:00:00,2026-04-11 17:34:48
1578,85,4,Completed,9,2026-05-21 09:00:00,2026-05-21 15:08:24
1579,260,6,Confirmed,8,2026-05-06 08:00:00,2026-05-06 15:00:00
1580,298,6,Confirmed,6,2026-04-14 07:00:00,2026-04-14 15:33:36
1581,112,3,Scheduled,1,2026-06-22 09:00:00,2026-06-22 12:33:36
1582,150,10,Completed,6,2026-04-12 08:00:00,2026-04-12 11:39:00
1583,255,1,Confirmed,8,2026-06-16 08:00:00,2026-06-16 12:20:24
1584,31,7,Confirmed,6,2026-05-18 07:00:00,2026-05-18 14:42:00
1585,132,2,Completed,2,2026-05-26 10:00:00,2026-05-26 14:28:48
1586,62,9,Scheduled,10,2026-04-09 08:00:00,2026-04-09 12:21:36
1587,209,6,Scheduled,2,2026-05-09 07:00:00,2026-05-09 12:43:12
1588,24,3,Confirmed,4,2026-04-20 08:00:00,2026-04-20 13:24:36
1589,85,2,Scheduled,3,2026-04-29 09:00:00,2026-04-29 16:19:48
1590,107,7,Completed,7,2026-06-11 09:00:00,2026-06-11 13:28:48
1591,274,7,Scheduled,7,2026-05-06 08:00:00,2026-05-06 15:54:36
1592,37,8,Completed,3,2026-06-20 06:00:00,2026-06-20 11:19:12
1593,272,10,Scheduled,4,2026-05-23 10:00:00,2026-05-23 16:15:36
1594,271,5,Scheduled,1,2026-05-12 10:00:00,2026-05-12 14:39:00
1595,266,2,Scheduled,1,2026-06-29 09:00:00,2026-06-29 15:00:00
1596,170,6,Scheduled,2,2026-06-16 08:00:00,2026-06-16 13:21:00
1597,194,9,Confirmed,8,2026-04-15 08:00:00,2026-04-15 13:04:12
1598,81,2,Scheduled,4,2026-05-29 10:00:00,2026-05-29 14:56:24
1599,203,2,Scheduled,6,2026-05-07 09:00:00,2026-05-07 15:18:00
1600,218,5,Confirmed,10,2026-05-23 06:00:00,2026-05-23 10:42:00
1601,259,3,Scheduled,6,2026-04-20 09:00:00,2026-04-20 15:16:12
1602,13,4,Completed,9,2026-05-03 06:00:00,2026-05-03 13:33:00
1603,197,5,Scheduled,6,2026-06-20 10:00:00,2026-06-20 14:01:12
1604,59,10,Completed,10,2026-04-03 10:00:00,2026-04-03 15:50:24
1605,68,1,Completed,8,2026-05-26 06:00:00,2026-05-26 12:21:36
1606,37,8,Confirmed,4,2026-05-11 06:00:00,2026-05-11 11:55:12
1607,80,4,Completed,7,2026-06-18 06:00:00,2026-06-18 15:05:24
1608,15,10,Scheduled,6,2026-04-17 09:00:00,2026-04-17 12:16:12
1609,290,1,Completed,10,2026-06-17 07:00:00,2026-06-17 10:43:48
1610,188,8,Scheduled,7,2026-04-27 07:00:00,2026-04-27 14:58:48
1611,204,2,Completed,3,2026-06-15 06:00:00,2026-06-15 15:24:00
1612,88,6,Confirmed,1,2026-05-26 10:00:00,2026-05-26 14:31:48
1613,240,7,Scheduled,7,2026-05-23 10:00:00,2026-05-23 14:31:12
1614,88,7,Confirmed,5,2026-05-29 10:00:00,2026-05-29 13:09:36
1615,30,10,Completed,7,2026-05-14 06:00:00,2026-05-14 10:18:36
1616,207,1,Confirmed,2,2026-05-20 08:00:00,2026-05-20 12:10:12
1617,142,6,Confirmed,8,2026-06-01 08:00:00,2026-06-01 12:50:24
1618,53,2,Confirmed,3,2026-06-12 10:00:00,2026-06-12 14:28:48
1619,166,6,Scheduled,1,2026-04-12 08:00:00,2026-04-12 12:11:24
1620,24,2,Completed,6,2026-05-23 09:00:00,2026-05-23 13:01:48
1621,56,1,Completed,9,2026-04-26 10:00:00,2026-04-26 14:28:48
1622,7,4,Scheduled,2,2026-04-10 07:00:00,2026-04-10 13:42:00
1623,46,4,Scheduled,5,2026-06-17 08:00:00,2026-06-17 15:54:00
1624,204,5,Scheduled,6,2026-06-05 08:00:00,2026-06-05 14:24:00
1625,182,4,Scheduled,8,2026-06-24 07:00:00,2026-06-24 12:38:24
1626,226,8,Completed,10,2026-05-31 07:00:00,2026-05-31 15:28:12
1627,232,6,Completed,9,2026-05-21 06:00:00,2026-05-21 12:38:24
1628,2,6,Scheduled,8,2026-04-14 10:00:00,2026-04-14 16:12:00
1629,264,7,Completed,7,2026-06-09 10:00:00,2026-06-09 13:15:36
1630,202,2,Confirmed,2,2026-05-02 07:00:00,2026-05-02 11:04:48
1631,56,1,Completed,10,2026-06-03 09:00:00,2026-06-03 16:58:12
1632,186,10,Scheduled,10,2026-04-22 08:00:00,2026-04-22 16:00:00
1633,218,5,Scheduled,9,2026-06-09 06:00:00,2026-06-09 10:22:12
1634,299,4,Completed,10,2026-04-18 10:00:00,2026-04-18 15:41:24
1635,264,7,Completed,4,2026-05-18 08:00:00,2026-05-18 14:01:48
1636,261,2,Completed,7,2026-05-30 10:00:00,2026-05-30 15:46:48
1637,200,1,Completed,2,2026-05-19 09:00:00,2026-05-19 13:34:12
1638,79,5,Scheduled,4,2026-04-16 08:00:00,2026-04-16 15:39:00
1639,83,10,Confirmed,1,2026-06-02 10:00:00,2026-06-02 18:15:36
1640,140,8,Scheduled,8,2026-05-14 06:00:00,2026-05-14 10:22:12
1641,257,1,Confirmed,9,2026-05-20 09:00:00,2026-05-20 14:18:36
1642,9,7,Scheduled,8,2026-05-23 08:00:00,2026-05-23 13:46:48
1643,98,3,Confirmed,8,2026-04-27 06:00:00,2026-04-27 11:50:24
1644,208,2,Completed,8,2026-06-17 06:00:00,2026-06-17 10:58:12
1645,16,4,Confirmed,6,2026-04-18 08:00:00,2026-04-18 15:36:00
1646,214,6,Completed,4,2026-04-25 08:00:00,2026-04-25 13:30:36
1647,45,5,Confirmed,6,2026-04-13 06:00:00,2026-04-13 10:40:48
1648,2,1,Scheduled,2,2026-05-05 07:00:00,2026-05-05 15:09:00
1649,93,2,Confirmed,1,2026-04-28 09:00:00,2026-04-28 14:27:36
1650,92,6,Scheduled,7,2026-06-03 10:00:00,2026-06-03 13:58:48
1651,235,3,Completed,1,2026-05-21 08:00:00,2026-05-21 12:31:12
1652,43,3,Completed,8,2026-04-18 09:00:00,2026-04-18 13:52:48
1653,287,8,Confirmed,3,2026-04-29 09:00:00,2026-04-29 13:06:00
1654,225,10,Completed,8,2026-05-24 09:00:00,2026-05-24 15:07:12
1655,167,7,Scheduled,1,2026-05-08 10:00:00,2026-05-08 14:25:48
1656,194,6,Scheduled,3,2026-06-16 07:00:00,2026-06-16 13:49:48
1657,78,5,Scheduled,10,2026-05-26 09:00:00,2026-05-26 12:07:12
1658,198,5,Scheduled,8,2026-06-23 09:00:00,2026-06-23 13:22:12
1659,68,10,Completed,1,2026-04-04 10:00:00,2026-04-04 13:07:12
1660,82,8,Completed,3,2026-05-22 07:00:00,2026-05-22 10:16:12
1661,180,3,Completed,7,2026-05-24 07:00:00,2026-05-24 10:59:24
1662,157,8,Scheduled,5,2026-06-24 10:00:00,2026-06-24 15:06:36
1663,214,2,Scheduled,6,2026-06-26 07:00:00,2026-06-26 13:49:48
1664,110,3,Confirmed,1,2026-06-08 08:00:00,2026-06-08 11:19:48
1665,295,4,Scheduled,8,2026-05-28 09:00:00,2026-05-28 12:57:00
1666,49,9,Scheduled,6,2026-06-07 08:00:00,2026-06-07 12:45:00
1667,61,8,Completed,5,2026-04-14 10:00:00,2026-04-14 16:00:36
1668,81,9,Scheduled,4,2026-04-16 06:00:00,2026-04-16 11:03:00
1669,108,7,Completed,10,2026-05-01 06:00:00,2026-05-01 09:39:00
1670,81,6,Scheduled,4,2026-05-11 10:00:00,2026-05-11 17:41:24
1671,179,7,Scheduled,9,2026-06-03 09:00:00,2026-06-03 12:39:36
1672,112,1,Scheduled,5,2026-06-20 07:00:00,2026-06-20 12:20:24
1673,34,10,Confirmed,10,2026-04-15 07:00:00,2026-04-15 13:23:24
1674,165,5,Scheduled,7,2026-05-07 08:00:00,2026-05-07 13:24:36
1675,95,3,Confirmed,8,2026-06-12 07:00:00,2026-06-12 11:35:24
1676,9,2,Completed,1,2026-04-05 07:00:00,2026-04-05 16:03:36
1677,249,8,Completed,8,2026-06-28 10:00:00,2026-06-28 13:12:36
1678,144,9,Confirmed,3,2026-04-09 08:00:00,2026-04-09 15:17:24
1679,193,4,Scheduled,8,2026-04-16 08:00:00,2026-04-16 14:23:24
1680,104,4,Completed,7,2026-06-02 09:00:00,2026-06-02 12:26:24
1681,155,10,Completed,3,2026-06-08 09:00:00,2026-06-08 16:43:48
1682,59,7,Confirmed,10,2026-04-20 06:00:00,2026-04-20 15:18:36
1683,95,2,Completed,8,2026-05-10 09:00:00,2026-05-10 14:31:48
1684,232,3,Completed,5,2026-05-11 08:00:00,2026-05-11 16:12:00
1685,231,10,Scheduled,5,2026-04-03 10:00:00,2026-04-03 16:50:24
1686,81,5,Confirmed,3,2026-04-22 08:00:00,2026-04-22 12:38:24
1687,93,7,Completed,1,2026-04-25 06:00:00,2026-04-25 10:45:00
1688,103,1,Confirmed,2,2026-05-14 09:00:00,2026-05-14 15:09:36
1689,192,8,Completed,6,2026-05-29 07:00:00,2026-05-29 10:52:12
1690,100,8,Confirmed,6,2026-05-19 07:00:00,2026-05-19 15:49:48
1691,44,5,Scheduled,2,2026-04-24 06:00:00,2026-04-24 11:57:36
1692,97,3,Confirmed,2,2026-05-07 08:00:00,2026-05-07 14:34:12
1693,237,7,Scheduled,8,2026-05-30 07:00:00,2026-05-30 13:10:48
1694,257,7,Confirmed,8,2026-06-03 09:00:00,2026-06-03 14:15:36
1695,200,3,Completed,2,2026-04-24 07:00:00,2026-04-24 14:09:36
1696,280,1,Confirmed,7,2026-05-06 10:00:00,2026-05-06 13:18:00
1697,104,1,Scheduled,5,2026-05-02 09:00:00,2026-05-02 16:46:12
1698,239,1,Confirmed,10,2026-04-01 06:00:00,2026-04-01 13:16:48
1699,296,5,Completed,6,2026-06-03 06:00:00,2026-06-03 13:01:48
1700,11,4,Scheduled,1,2026-06-16 10:00:00,2026-06-16 18:20:24
1701,174,5,Completed,7,2026-05-05 07:00:00,2026-05-05 12:43:12
1702,298,6,Completed,1,2026-06-06 09:00:00,2026-06-06 15:55:48
1703,113,6,Confirmed,10,2026-06-08 10:00:00,2026-06-08 14:37:12
1704,10,8,Scheduled,1,2026-06-07 06:00:00,2026-06-07 09:24:00
1705,116,4,Scheduled,10,2026-06-22 06:00:00,2026-06-22 11:40:12
1706,99,7,Scheduled,9,2026-04-16 08:00:00,2026-04-16 12:24:36
1707,89,1,Completed,9,2026-04-02 08:00:00,2026-04-02 11:33:36
1708,194,1,Scheduled,10,2026-04-01 09:00:00,2026-04-01 13:04:48
1709,178,5,Scheduled,2,2026-05-10 06:00:00,2026-05-10 15:31:12
1710,9,7,Confirmed,4,2026-05-11 10:00:00,2026-05-11 16:11:24
1711,17,6,Scheduled,2,2026-05-04 10:00:00,2026-05-04 18:45:00
1712,286,4,Confirmed,5,2026-04-26 08:00:00,2026-04-26 13:39:00
1713,96,10,Completed,2,2026-06-28 08:00:00,2026-06-28 11:52:12
1714,5,2,Completed,2,2026-04-26 08:00:00,2026-04-26 15:28:12
1715,275,8,Confirmed,6,2026-05-12 06:00:00,2026-05-12 09:54:00
1716,169,10,Completed,9,2026-06-08 10:00:00,2026-06-08 14:49:48
1717,6,3,Confirmed,6,2026-04-23 06:00:00,2026-04-23 11:12:36
1718,270,1,Confirmed,8,2026-06-05 08:00:00,2026-06-05 17:10:48
1719,120,3,Completed,10,2026-05-15 10:00:00,2026-05-15 14:38:24
1720,70,4,Confirmed,9,2026-05-12 08:00:00,2026-05-12 12:42:00
1721,295,2,Confirmed,6,2026-04-01 06:00:00,2026-04-01 11:43:12
1722,229,4,Scheduled,8,2026-05-24 10:00:00,2026-05-24 16:28:48
1723,245,10,Completed,7,2026-05-13 09:00:00,2026-05-13 17:31:48
1724,183,10,Scheduled,9,2026-06-23 06:00:00,2026-06-23 10:08:24
1725,71,2,Confirmed,4,2026-05-13 07:00:00,2026-05-13 13:05:24
1726,56,8,Scheduled,10,2026-04-06 10:00:00,2026-04-06 17:19:48
1727,269,4,Completed,4,2026-04-06 08:00:00,2026-04-06 14:03:36
1728,89,3,Completed,10,2026-04-28 09:00:00,2026-04-28 14:11:24
1729,117,8,Completed,9,2026-06-12 10:00:00,2026-06-12 17:49:12
1730,213,2,Confirmed,7,2026-06-28 06:00:00,2026-06-28 09:45:36
1731,88,1,Scheduled,3,2026-04-28 10:00:00,2026-04-28 17:12:36
1732,165,8,Confirmed,8,2026-04-20 08:00:00,2026-04-20 12:19:48
1733,232,5,Completed,10,2026-06-05 07:00:00,2026-06-05 12:58:48
1734,296,2,Scheduled,9,2026-05-17 07:00:00,2026-05-17 13:26:24
1735,284,9,Confirmed,3,2026-04-03 09:00:00,2026-04-03 15:01:12
1736,165,5,Completed,1,2026-05-06 10:00:00,2026-05-06 16:34:48
1737,7,9,Scheduled,3,2026-05-20 09:00:00,2026-05-20 12:22:48
1738,121,1,Confirmed,6,2026-05-24 10:00:00,2026-05-24 15:11:24
1739,73,6,Confirmed,2,2026-05-04 07:00:00,2026-05-04 12:56:24
1740,188,9,Confirmed,5,2026-06-17 06:00:00,2026-06-17 12:18:00
1741,109,10,Scheduled,7,2026-05-01 09:00:00,2026-05-01 14:00:36
1742,86,5,Scheduled,6,2026-05-16 09:00:00,2026-05-16 15:47:24
1743,250,10,Completed,9,2026-05-03 10:00:00,2026-05-03 13:45:00
1744,77,2,Completed,7,2026-04-24 08:00:00,2026-04-24 15:15:36
1745,29,8,Confirmed,4,2026-06-11 09:00:00,2026-06-11 15:05:24
1746,279,4,Completed,10,2026-05-22 08:00:00,2026-05-22 15:32:24
1747,172,5,Completed,1,2026-05-19 06:00:00,2026-05-19 11:03:36
1748,257,9,Scheduled,7,2026-04-26 08:00:00,2026-04-26 12:37:48
1749,158,3,Completed,8,2026-05-12 06:00:00,2026-05-12 13:30:00
1750,32,9,Completed,4,2026-05-16 06:00:00,2026-05-16 15:25:12
1751,133,6,Completed,1,2026-05-04 09:00:00,2026-05-04 14:58:48
1752,198,6,Completed,6,2026-06-27 06:00:00,2026-06-27 10:10:12
1753,287,5,Completed,9,2026-06-05 06:00:00,2026-06-05 10:36:00
1754,73,8,Confirmed,6,2026-04-07 10:00:00,2026-04-07 15:15:36
1755,19,5,Confirmed,1,2026-04-02 08:00:00,2026-04-02 17:13:48
1756,291,10,Confirmed,2,2026-05-31 10:00:00,2026-05-31 16:40:48
1757,26,1,Confirmed,2,2026-04-11 10:00:00,2026-04-11 15:59:24
1758,151,8,Completed,7,2026-05-29 06:00:00,2026-05-29 14:40:48
1759,184,10,Scheduled,10,2026-06-16 06:00:00,2026-06-16 11:10:48
1760,262,2,Scheduled,1,2026-04-14 08:00:00,2026-04-14 13:53:24
1761,94,7,Confirmed,6,2026-04-10 06:00:00,2026-04-10 11:42:00
1762,267,3,Completed,7,2026-06-23 08:00:00,2026-06-23 15:08:24
1763,194,6,Completed,1,2026-04-09 08:00:00,2026-04-09 14:46:12
1764,162,1,Completed,5,2026-04-27 10:00:00,2026-04-27 16:01:12
1765,97,1,Completed,7,2026-04-04 06:00:00,2026-04-04 13:47:24
1766,61,8,Confirmed,4,2026-05-16 06:00:00,2026-05-16 11:29:24
1767,158,1,Completed,1,2026-05-27 10:00:00,2026-05-27 13:57:00
1768,264,7,Scheduled,6,2026-06-15 10:00:00,2026-06-15 13:30:00
1769,266,10,Confirmed,4,2026-05-22 06:00:00,2026-05-22 12:33:36
1770,144,1,Scheduled,9,2026-04-27 06:00:00,2026-04-27 12:20:24
1771,1,4,Scheduled,4,2026-04-02 08:00:00,2026-04-02 11:57:00
1772,219,9,Confirmed,9,2026-04-14 06:00:00,2026-04-14 12:40:48
1773,94,6,Completed,3,2026-04-05 06:00:00,2026-04-05 11:39:36
1774,114,10,Completed,3,2026-04-20 08:00:00,2026-04-20 11:31:12
1775,258,5,Confirmed,10,2026-05-28 10:00:00,2026-05-28 15:00:00
1776,258,9,Confirmed,2,2026-06-17 07:00:00,2026-06-17 10:10:12
1777,63,8,Completed,6,2026-04-19 10:00:00,2026-04-19 17:32:24
1778,18,9,Scheduled,9,2026-04-10 08:00:00,2026-04-10 12:29:24
1779,188,4,Scheduled,3,2026-04-11 06:00:00,2026-04-11 10:18:00
1780,131,6,Scheduled,10,2026-06-12 07:00:00,2026-06-12 15:43:12
1781,6,7,Scheduled,10,2026-04-22 09:00:00,2026-04-22 15:33:00
1782,180,5,Scheduled,2,2026-04-13 06:00:00,2026-04-13 09:51:36
1783,105,1,Scheduled,3,2026-05-02 09:00:00,2026-05-02 16:33:36
1784,176,9,Completed,7,2026-06-11 09:00:00,2026-06-11 12:10:48
1785,140,7,Scheduled,9,2026-05-23 09:00:00,2026-05-23 16:10:12
1786,57,6,Completed,5,2026-06-05 08:00:00,2026-06-05 13:45:00
1787,201,9,Completed,3,2026-04-28 08:00:00,2026-04-28 14:34:48
1788,185,9,Scheduled,6,2026-04-08 09:00:00,2026-04-08 18:24:36
1789,116,6,Completed,10,2026-04-20 08:00:00,2026-04-20 13:22:48
1790,34,4,Completed,2,2026-05-16 10:00:00,2026-05-16 16:22:12
1791,80,2,Scheduled,8,2026-05-26 07:00:00,2026-05-26 11:13:48
1792,37,8,Scheduled,1,2026-05-16 07:00:00,2026-05-16 12:16:48
1793,50,8,Scheduled,7,2026-06-06 10:00:00,2026-06-06 16:10:48
1794,63,3,Scheduled,10,2026-05-30 08:00:00,2026-05-30 14:39:00
1795,222,2,Scheduled,9,2026-05-09 06:00:00,2026-05-09 12:46:48
1796,32,10,Completed,3,2026-04-29 09:00:00,2026-04-29 14:51:36
1797,17,4,Scheduled,1,2026-05-19 07:00:00,2026-05-19 13:22:12
1798,202,3,Confirmed,5,2026-05-21 09:00:00,2026-05-21 12:21:36
1799,30,7,Scheduled,8,2026-05-30 10:00:00,2026-05-30 14:19:48
1800,22,4,Confirmed,4,2026-04-04 10:00:00,2026-04-04 16:57:00
1801,253,7,Confirmed,10,2026-05-29 09:00:00,2026-05-29 14:46:48
1802,122,4,Scheduled,9,2026-04-20 09:00:00,2026-04-20 16:16:12
1803,283,10,Completed,1,2026-05-21 09:00:00,2026-05-21 13:31:48
1804,112,10,Completed,9,2026-04-15 07:00:00,2026-04-15 11:20:24
1805,51,2,Confirmed,3,2026-06-14 07:00:00,2026-06-14 10:10:48
1806,57,7,Completed,5,2026-05-12 08:00:00,2026-05-12 13:39:36
1807,142,3,Completed,10,2026-06-02 07:00:00,2026-06-02 13:27:00
1808,149,7,Scheduled,8,2026-05-12 09:00:00,2026-05-12 12:12:36
1809,290,7,Completed,7,2026-05-05 07:00:00,2026-05-05 10:48:00
1810,199,4,Scheduled,6,2026-06-11 08:00:00,2026-06-11 11:08:24
1811,132,8,Confirmed,1,2026-06-04 10:00:00,2026-06-04 14:27:36
1812,111,9,Completed,4,2026-05-24 08:00:00,2026-05-24 11:18:36
1813,122,5,Confirmed,1,2026-05-16 09:00:00,2026-05-16 16:25:48
1814,249,3,Completed,4,2026-04-04 10:00:00,2026-04-04 15:21:36
1815,204,9,Confirmed,6,2026-06-01 08:00:00,2026-06-01 16:15:00
1816,90,6,Scheduled,9,2026-05-27 08:00:00,2026-05-27 12:16:12
1817,236,6,Completed,7,2026-06-24 06:00:00,2026-06-24 09:58:12
1818,58,7,Completed,8,2026-04-15 07:00:00,2026-04-15 14:10:12
1819,229,8,Confirmed,9,2026-06-21 09:00:00,2026-06-21 14:24:00
1820,48,1,Confirmed,9,2026-04-08 06:00:00,2026-04-08 15:00:00
1821,251,6,Completed,7,2026-05-03 08:00:00,2026-05-03 15:04:48
1822,241,3,Confirmed,5,2026-05-28 07:00:00,2026-05-28 11:10:48
1823,293,2,Scheduled,10,2026-05-22 06:00:00,2026-05-22 12:33:36
1824,117,8,Completed,4,2026-05-01 08:00:00,2026-05-01 13:52:12
1825,37,2,Confirmed,4,2026-05-26 10:00:00,2026-05-26 13:34:12
1826,283,8,Scheduled,4,2026-06-14 07:00:00,2026-06-14 12:15:36
1827,217,8,Confirmed,5,2026-04-01 06:00:00,2026-04-01 09:34:48
1828,73,3,Scheduled,1,2026-06-28 06:00:00,2026-06-28 13:43:12
1829,14,1,Completed,2,2026-04-13 08:00:00,2026-04-13 17:22:48
1830,136,3,Completed,3,2026-05-02 10:00:00,2026-05-02 15:47:24
1831,132,9,Confirmed,1,2026-06-10 07:00:00,2026-06-10 11:18:00
1832,263,3,Confirmed,10,2026-06-20 08:00:00,2026-06-20 11:11:24
1833,184,9,Completed,3,2026-04-26 07:00:00,2026-04-26 15:25:48
1834,77,5,Confirmed,7,2026-04-03 07:00:00,2026-04-03 14:53:24
1835,183,6,Completed,10,2026-06-26 06:00:00,2026-06-26 11:31:12
1836,37,3,Scheduled,4,2026-05-04 06:00:00,2026-05-04 15:09:00
1837,227,10,Confirmed,9,2026-06-25 10:00:00,2026-06-25 15:12:00
1838,5,10,Confirmed,3,2026-04-14 08:00:00,2026-04-14 13:27:36
1839,56,2,Confirmed,8,2026-04-17 10:00:00,2026-04-17 16:52:48
1840,149,4,Completed,4,2026-05-29 06:00:00,2026-05-29 13:00:00
1841,72,8,Scheduled,9,2026-05-28 10:00:00,2026-05-28 14:17:24
1842,35,5,Completed,1,2026-06-04 09:00:00,2026-06-04 17:41:24
1843,185,6,Confirmed,6,2026-04-21 07:00:00,2026-04-21 12:57:36
1844,4,1,Scheduled,5,2026-06-05 08:00:00,2026-06-05 15:09:36
1845,282,4,Scheduled,5,2026-05-07 07:00:00,2026-05-07 11:09:00
1846,133,4,Confirmed,8,2026-06-05 10:00:00,2026-06-05 15:22:12
1847,85,9,Confirmed,2,2026-06-02 07:00:00,2026-06-02 14:40:48
1848,203,7,Scheduled,1,2026-05-25 09:00:00,2026-05-25 13:27:00
1849,296,5,Confirmed,1,2026-04-24 10:00:00,2026-04-24 18:24:36
1850,116,6,Scheduled,9,2026-05-31 09:00:00,2026-05-31 13:24:36
1851,101,6,Scheduled,2,2026-06-20 06:00:00,2026-06-20 12:15:36
1852,118,3,Scheduled,2,2026-04-15 08:00:00,2026-04-15 13:19:48
1853,246,8,Completed,7,2026-04-25 06:00:00,2026-04-25 13:13:48
1854,113,3,Confirmed,6,2026-05-23 08:00:00,2026-05-23 12:01:48
1855,73,10,Completed,9,2026-04-11 10:00:00,2026-04-11 17:40:48
1856,211,8,Scheduled,8,2026-06-07 10:00:00,2026-06-07 15:24:00
1857,221,8,Completed,8,2026-06-11 09:00:00,2026-06-11 16:58:12
1858,104,7,Scheduled,2,2026-05-23 07:00:00,2026-05-23 10:18:36
1859,64,7,Completed,9,2026-04-02 10:00:00,2026-04-02 16:00:36
1860,201,4,Scheduled,6,2026-05-26 08:00:00,2026-05-26 13:03:00
1861,183,4,Confirmed,9,2026-06-02 09:00:00,2026-06-02 16:25:12
1862,90,10,Confirmed,7,2026-04-02 10:00:00,2026-04-02 15:37:12
1863,300,3,Confirmed,6,2026-04-15 06:00:00,2026-04-15 10:39:00
1864,181,9,Scheduled,1,2026-06-01 08:00:00,2026-06-01 15:10:48
1865,201,4,Scheduled,1,2026-06-03 10:00:00,2026-06-03 15:42:00
1866,92,5,Confirmed,6,2026-06-22 10:00:00,2026-06-22 16:53:24
1867,104,2,Completed,1,2026-05-05 09:00:00,2026-05-05 15:51:36
1868,44,4,Scheduled,2,2026-05-15 08:00:00,2026-05-15 16:09:00
1869,36,10,Scheduled,10,2026-05-25 09:00:00,2026-05-25 15:23:24
1870,205,9,Completed,10,2026-06-06 06:00:00,2026-06-06 10:26:24
1871,63,6,Confirmed,5,2026-04-17 10:00:00,2026-04-17 15:45:36
1872,181,10,Confirmed,6,2026-04-03 07:00:00,2026-04-03 12:01:48
1873,43,6,Confirmed,7,2026-05-23 07:00:00,2026-05-23 10:37:12
1874,112,9,Confirmed,9,2026-04-27 10:00:00,2026-04-27 16:15:36
1875,23,7,Confirmed,2,2026-04-15 07:00:00,2026-04-15 11:00:00
1876,86,2,Confirmed,1,2026-06-03 09:00:00,2026-06-03 15:34:12
1877,81,4,Completed,4,2026-04-08 10:00:00,2026-04-08 14:58:12
1878,54,5,Confirmed,3,2026-05-02 09:00:00,2026-05-02 14:29:24
1879,220,7,Confirmed,1,2026-04-27 07:00:00,2026-04-27 12:16:48
1880,100,8,Scheduled,1,2026-04-07 10:00:00,2026-04-07 16:17:24
1881,282,4,Scheduled,3,2026-06-29 10:00:00,2026-06-29 16:27:00
1882,57,5,Completed,2,2026-05-08 10:00:00,2026-05-08 15:16:12
1883,179,7,Confirmed,10,2026-06-05 07:00:00,2026-06-05 14:37:12
1884,189,1,Completed,7,2026-06-09 07:00:00,2026-06-09 14:57:00
1885,69,8,Confirmed,2,2026-04-25 07:00:00,2026-04-25 15:48:36
1886,292,5,Confirmed,10,2026-06-09 09:00:00,2026-06-09 16:37:12
1887,214,6,Completed,8,2026-05-15 06:00:00,2026-05-15 09:42:36
1888,112,4,Scheduled,7,2026-04-28 10:00:00,2026-04-28 15:58:48
1889,266,3,Confirmed,3,2026-05-15 06:00:00,2026-05-15 10:07:12
1890,16,5,Completed,6,2026-05-11 07:00:00,2026-05-11 15:26:24
1891,187,2,Scheduled,4,2026-05-30 07:00:00,2026-05-30 10:51:00
1892,201,6,Scheduled,8,2026-04-29 07:00:00,2026-04-29 10:56:24
1893,82,6,Scheduled,3,2026-04-04 06:00:00,2026-04-04 12:08:24
1894,68,1,Confirmed,1,2026-06-10 06:00:00,2026-06-10 13:00:00
1895,80,6,Confirmed,7,2026-06-05 07:00:00,2026-06-05 14:01:48
1896,282,1,Scheduled,8,2026-04-04 09:00:00,2026-04-04 13:07:12
1897,275,10,Completed,2,2026-05-01 08:00:00,2026-05-01 15:07:48
1898,7,2,Scheduled,1,2026-05-12 10:00:00,2026-05-12 14:19:48
1899,10,2,Confirmed,3,2026-04-20 09:00:00,2026-04-20 14:52:48
1900,168,7,Completed,8,2026-05-16 08:00:00,2026-05-16 12:15:00
1901,21,9,Completed,3,2026-06-21 06:00:00,2026-06-21 10:52:12
1902,30,8,Confirmed,2,2026-05-22 10:00:00,2026-05-22 18:04:12
1903,55,9,Scheduled,5,2026-04-10 08:00:00,2026-04-10 13:20:24
1904,66,8,Scheduled,4,2026-06-25 07:00:00,2026-06-25 12:55:12
1905,170,8,Scheduled,7,2026-06-16 08:00:00,2026-06-16 12:13:48
1906,205,4,Confirmed,9,2026-05-17 09:00:00,2026-05-17 15:53:24
1907,181,3,Scheduled,4,2026-05-27 08:00:00,2026-05-27 16:01:12
1908,290,3,Confirmed,1,2026-06-15 07:00:00,2026-06-15 11:17:24
1909,250,7,Completed,5,2026-05-03 06:00:00,2026-05-03 10:50:24
1910,33,9,Completed,3,2026-04-26 10:00:00,2026-04-26 13:09:36
1911,225,7,Completed,9,2026-04-22 07:00:00,2026-04-22 11:47:24
1912,253,8,Scheduled,1,2026-05-24 08:00:00,2026-05-24 12:47:24
1913,50,3,Completed,6,2026-06-02 06:00:00,2026-06-02 11:50:24
1914,221,5,Completed,10,2026-06-06 06:00:00,2026-06-06 10:40:12
1915,86,3,Scheduled,5,2026-04-05 06:00:00,2026-04-05 12:12:36
1916,280,4,Completed,5,2026-06-24 06:00:00,2026-06-24 13:01:48
1917,132,2,Completed,2,2026-06-28 09:00:00,2026-06-28 16:06:36
1918,166,8,Confirmed,3,2026-05-28 09:00:00,2026-05-28 15:10:48
1919,83,10,Scheduled,5,2026-04-14 06:00:00,2026-04-14 11:16:48
1920,198,10,Confirmed,7,2026-06-26 08:00:00,2026-06-26 14:53:24
1921,150,8,Completed,7,2026-05-30 10:00:00,2026-05-30 13:12:36
1922,127,9,Scheduled,2,2026-06-24 06:00:00,2026-06-24 15:13:48
1923,72,7,Scheduled,5,2026-06-17 09:00:00,2026-06-17 13:17:24
1924,223,3,Scheduled,1,2026-05-29 07:00:00,2026-05-29 14:39:00
1925,23,10,Scheduled,9,2026-04-03 10:00:00,2026-04-03 13:04:48
1926,35,7,Completed,7,2026-06-18 07:00:00,2026-06-18 11:31:12
1927,299,5,Completed,6,2026-06-28 06:00:00,2026-06-28 09:55:12
1928,77,8,Scheduled,3,2026-06-23 07:00:00,2026-06-23 13:20:24
1929,231,8,Confirmed,6,2026-06-17 10:00:00,2026-06-17 19:25:48
1930,2,10,Completed,9,2026-06-19 07:00:00,2026-06-19 12:46:48
1931,11,7,Completed,1,2026-06-19 10:00:00,2026-06-19 15:38:24
1932,158,5,Scheduled,4,2026-05-01 08:00:00,2026-05-01 11:15:00
1933,160,2,Confirmed,8,2026-05-09 08:00:00,2026-05-09 16:57:36
1934,72,10,Confirmed,5,2026-06-04 07:00:00,2026-06-04 16:36:00
1935,80,1,Confirmed,3,2026-05-09 10:00:00,2026-05-09 14:18:36
1936,131,9,Scheduled,2,2026-06-27 06:00:00,2026-06-27 12:49:12
1937,196,7,Scheduled,3,2026-05-04 10:00:00,2026-05-04 13:46:12
1938,174,8,Scheduled,10,2026-05-18 09:00:00,2026-05-18 17:49:48
1939,158,6,Scheduled,10,2026-06-02 08:00:00,2026-06-02 13:36:36
1940,258,7,Confirmed,1,2026-06-16 09:00:00,2026-06-16 18:08:24
1941,75,4,Completed,5,2026-06-23 08:00:00,2026-06-23 15:48:36
1942,246,9,Confirmed,5,2026-05-09 10:00:00,2026-05-09 14:03:00
1943,147,6,Completed,3,2026-05-21 10:00:00,2026-05-21 15:23:24
1944,174,4,Completed,8,2026-04-16 09:00:00,2026-04-16 15:54:00
1945,172,1,Scheduled,4,2026-05-01 10:00:00,2026-05-01 14:45:36
1946,296,10,Scheduled,9,2026-04-01 07:00:00,2026-04-01 14:39:36
1947,231,6,Confirmed,8,2026-06-10 06:00:00,2026-06-10 14:28:48
1948,64,10,Scheduled,1,2026-06-15 10:00:00,2026-06-15 19:31:12
1949,188,5,Confirmed,2,2026-04-10 07:00:00,2026-04-10 11:15:36
1950,57,9,Completed,5,2026-06-22 06:00:00,2026-06-22 09:03:36
1951,79,6,Completed,10,2026-05-23 09:00:00,2026-05-23 16:09:36
1952,76,1,Confirmed,7,2026-04-15 06:00:00,2026-04-15 09:40:48
1953,52,4,Completed,1,2026-05-14 10:00:00,2026-05-14 17:36:36
1954,119,8,Scheduled,6,2026-05-06 09:00:00,2026-05-06 16:18:36
1955,20,1,Scheduled,7,2026-06-09 09:00:00,2026-06-09 14:58:48
1956,69,7,Confirmed,1,2026-06-19 09:00:00,2026-06-19 12:59:24
1957,47,3,Completed,1,2026-05-13 06:00:00,2026-05-13 10:40:48
1958,179,1,Completed,8,2026-04-23 10:00:00,2026-04-23 14:43:12
1959,95,5,Confirmed,2,2026-04-07 09:00:00,2026-04-07 15:32:24
1960,269,10,Confirmed,5,2026-04-05 09:00:00,2026-04-05 16:13:12
1961,34,7,Scheduled,6,2026-04-09 07:00:00,2026-04-09 15:32:24
1962,256,3,Scheduled,5,2026-06-15 06:00:00,2026-06-15 14:19:12
1963,15,7,Confirmed,4,2026-05-07 07:00:00,2026-05-07 14:27:36
1964,245,10,Scheduled,7,2026-06-25 10:00:00,2026-06-25 14:01:48
1965,121,2,Completed,3,2026-06-23 07:00:00,2026-06-23 16:10:12
1966,261,6,Scheduled,1,2026-06-15 08:00:00,2026-06-15 15:37:48
1967,97,9,Confirmed,2,2026-06-15 10:00:00,2026-06-15 16:59:24
1968,160,2,Confirmed,2,2026-04-06 08:00:00,2026-04-06 12:37:12
1969,1,10,Completed,9,2026-05-18 09:00:00,2026-05-18 15:40:48
1970,160,8,Completed,6,2026-04-14 10:00:00,2026-04-14 19:22:12
1971,184,9,Scheduled,6,2026-04-14 07:00:00,2026-04-14 14:42:36
1972,277,3,Completed,1,2026-05-25 10:00:00,2026-05-25 18:46:48
1973,251,5,Scheduled,4,2026-05-30 08:00:00,2026-05-30 15:11:24
1974,268,2,Completed,7,2026-06-15 09:00:00,2026-06-15 17:45:36
1975,152,4,Scheduled,8,2026-06-03 06:00:00,2026-06-03 12:21:36
1976,220,3,Confirmed,2,2026-04-15 08:00:00,2026-04-15 11:41:24
1977,41,8,Completed,6,2026-04-22 10:00:00,2026-04-22 14:25:48
1978,113,5,Scheduled,10,2026-05-25 07:00:00,2026-05-25 13:58:48
1979,58,3,Confirmed,6,2026-06-23 08:00:00,2026-06-23 12:05:24
1980,40,4,Scheduled,9,2026-04-12 06:00:00,2026-04-12 12:14:24
1981,123,4,Confirmed,10,2026-06-19 07:00:00,2026-06-19 11:42:36
1982,135,5,Scheduled,8,2026-05-24 10:00:00,2026-05-24 16:27:36
1983,23,6,Scheduled,5,2026-05-13 08:00:00,2026-05-13 15:49:48
1984,257,5,Completed,5,2026-05-11 06:00:00,2026-05-11 10:04:48
1985,282,7,Completed,4,2026-06-08 07:00:00,2026-06-08 12:28:12
1986,186,9,Completed,2,2026-05-04 07:00:00,2026-05-04 10:33:00
1987,285,4,Completed,3,2026-06-01 09:00:00,2026-06-01 15:13:12
1988,94,2,Completed,8,2026-05-04 06:00:00,2026-05-04 09:10:48
1989,51,7,Completed,8,2026-04-20 10:00:00,2026-04-20 14:24:00
1990,23,10,Completed,7,2026-04-08 09:00:00,2026-04-08 13:39:00
1991,17,1,Confirmed,1,2026-04-11 10:00:00,2026-04-11 17:13:48
1992,37,4,Confirmed,10,2026-04-01 07:00:00,2026-04-01 12:15:36
1993,18,2,Completed,10,2026-06-05 10:00:00,2026-06-05 16:11:24
1994,205,5,Completed,9,2026-05-07 08:00:00,2026-05-07 12:48:00
1995,257,3,Completed,7,2026-06-18 06:00:00,2026-06-18 13:55:48
1996,224,3,Scheduled,6,2026-06-01 08:00:00,2026-06-01 12:34:12
1997,153,5,Completed,5,2026-05-10 09:00:00,2026-05-10 13:52:48
1998,211,7,Completed,7,2026-05-02 08:00:00,2026-05-02 11:56:24
1999,6,3,Confirmed,7,2026-05-31 08:00:00,2026-05-31 12:25:12
2000,85,5,Completed,1,2026-06-02 07:00:00,2026-06-02 12:22:48
2001,118,10,Completed,7,2026-05-29 07:00:00,2026-05-29 11:19:12
2002,187,5,Completed,6,2026-06-16 06:00:00,2026-06-16 15:03:36
2003,91,5,Completed,7,2026-04-04 09:00:00,2026-04-04 17:09:36
2004,57,5,Confirmed,2,2026-04-07 07:00:00,2026-04-07 10:55:12
2005,179,5,Completed,2,2026-05-15 10:00:00,2026-05-15 15:39:00
2006,52,2,Completed,4,2026-05-26 08:00:00,2026-05-26 17:27:36
2007,51,1,Confirmed,1,2026-05-04 07:00:00,2026-05-04 11:30:36
2008,171,7,Confirmed,4,2026-06-24 09:00:00,2026-06-24 16:36:00
2009,156,4,Scheduled,2,2026-06-19 07:00:00,2026-06-19 12:39:00
2010,133,9,Completed,8,2026-05-21 06:00:00,2026-05-21 10:38:24
2011,110,7,Confirmed,5,2026-04-25 10:00:00,2026-04-25 15:25:48
2012,252,7,Scheduled,5,2026-06-01 06:00:00,2026-06-01 11:32:24
2013,60,3,Scheduled,10,2026-04-21 08:00:00,2026-04-21 16:05:24
2014,90,6,Scheduled,3,2026-05-16 07:00:00,2026-05-16 13:43:12
2015,136,9,Completed,6,2026-04-19 06:00:00,2026-04-19 13:06:00
2016,155,3,Completed,9,2026-05-29 07:00:00,2026-05-29 15:37:12
2017,206,9,Completed,9,2026-06-03 09:00:00,2026-06-03 14:52:48
2018,221,2,Scheduled,5,2026-06-29 06:00:00,2026-06-29 15:23:24
2019,137,4,Completed,8,2026-06-27 06:00:00,2026-06-27 11:14:24
2020,4,3,Scheduled,8,2026-04-29 07:00:00,2026-04-29 14:25:12
2021,262,2,Completed,6,2026-04-22 06:00:00,2026-04-22 10:32:24
2022,211,6,Completed,3,2026-05-07 10:00:00,2026-05-07 15:55:12
2023,97,10,Completed,1,2026-04-02 07:00:00,2026-04-02 12:12:36
2024,236,7,Confirmed,4,2026-04-16 10:00:00,2026-04-16 13:16:12
2025,210,2,Completed,2,2026-06-18 08:00:00,2026-06-18 15:12:36
2026,158,6,Confirmed,2,2026-06-16 07:00:00,2026-06-16 12:22:12
2027,208,8,Completed,9,2026-06-16 08:00:00,2026-06-16 14:47:24
2028,180,5,Confirmed,10,2026-04-19 08:00:00,2026-04-19 12:45:00
2029,87,10,Scheduled,2,2026-04-16 08:00:00,2026-04-16 14:09:36
2030,129,3,Confirmed,8,2026-04-18 07:00:00,2026-04-18 14:40:48
2031,124,1,Completed,5,2026-04-01 08:00:00,2026-04-01 12:44:24
2032,181,1,Confirmed,3,2026-05-27 06:00:00,2026-05-27 14:07:48
2033,118,4,Confirmed,2,2026-06-20 08:00:00,2026-06-20 13:03:36
2034,23,3,Scheduled,4,2026-05-07 08:00:00,2026-05-07 14:57:00
2035,90,6,Scheduled,1,2026-04-21 10:00:00,2026-04-21 13:19:48
2036,280,5,Completed,9,2026-05-26 07:00:00,2026-05-26 12:10:12
2037,115,4,Confirmed,3,2026-06-28 10:00:00,2026-06-28 15:16:48
2038,207,5,Completed,3,2026-06-19 10:00:00,2026-06-19 14:53:24
2039,174,10,Completed,9,2026-05-23 08:00:00,2026-05-23 16:25:12
2040,232,2,Completed,9,2026-05-02 09:00:00,2026-05-02 15:30:00
2041,58,8,Scheduled,4,2026-04-02 07:00:00,2026-04-02 12:02:24
2042,65,5,Confirmed,4,2026-04-11 08:00:00,2026-04-11 14:50:24
2043,49,4,Confirmed,6,2026-06-09 07:00:00,2026-06-09 12:40:12
2044,6,5,Completed,2,2026-04-06 07:00:00,2026-04-06 16:30:00
2045,168,3,Confirmed,10,2026-05-29 06:00:00,2026-05-29 15:00:36
2046,254,7,Scheduled,5,2026-04-19 10:00:00,2026-04-19 18:54:00
2047,283,8,Scheduled,2,2026-05-17 10:00:00,2026-05-17 15:40:12
2048,39,6,Scheduled,9,2026-04-02 06:00:00,2026-04-02 10:37:12
2049,64,1,Confirmed,10,2026-04-16 07:00:00,2026-04-16 10:30:36
2050,63,4,Confirmed,2,2026-05-06 07:00:00,2026-05-06 12:50:24
2051,291,1,Confirmed,3,2026-05-03 07:00:00,2026-05-03 14:20:24
2052,280,3,Confirmed,9,2026-04-28 10:00:00,2026-04-28 14:48:36
2053,120,3,Scheduled,5,2026-04-09 07:00:00,2026-04-09 15:00:00
2054,185,8,Confirmed,6,2026-05-31 07:00:00,2026-05-31 13:27:36
2055,297,9,Completed,10,2026-05-05 07:00:00,2026-05-05 13:04:48
2056,165,7,Completed,6,2026-05-21 08:00:00,2026-05-21 12:27:36
2057,95,7,Scheduled,2,2026-05-08 08:00:00,2026-05-08 17:28:48
2058,46,10,Confirmed,5,2026-06-01 09:00:00,2026-06-01 14:16:48
2059,81,2,Confirmed,3,2026-06-21 09:00:00,2026-06-21 13:21:00
2060,99,8,Scheduled,9,2026-06-24 09:00:00,2026-06-24 12:54:00
2061,142,10,Completed,7,2026-06-11 08:00:00,2026-06-11 17:20:24
2062,77,7,Scheduled,4,2026-05-09 08:00:00,2026-05-09 14:01:12
2063,215,7,Scheduled,5,2026-05-25 07:00:00,2026-05-25 12:37:48
2064,141,1,Scheduled,8,2026-06-08 10:00:00,2026-06-08 17:41:24
2065,130,6,Confirmed,7,2026-04-24 07:00:00,2026-04-24 14:10:48
2066,179,4,Completed,2,2026-06-03 09:00:00,2026-06-03 13:36:00
2067,217,1,Scheduled,7,2026-04-20 06:00:00,2026-04-20 12:12:00
2068,105,4,Confirmed,7,2026-06-18 09:00:00,2026-06-18 13:46:12
2069,203,9,Completed,9,2026-06-21 08:00:00,2026-06-21 12:17:24
2070,133,7,Completed,4,2026-05-05 06:00:00,2026-05-05 11:04:12
2071,133,4,Scheduled,4,2026-06-29 09:00:00,2026-06-29 13:03:00
2072,278,1,Completed,8,2026-04-26 09:00:00,2026-04-26 13:21:36
2073,7,7,Confirmed,4,2026-06-28 06:00:00,2026-06-28 13:13:48
2074,37,2,Confirmed,10,2026-05-15 06:00:00,2026-05-15 11:44:24
2075,38,10,Scheduled,2,2026-04-16 08:00:00,2026-04-16 13:17:24
2076,186,3,Confirmed,1,2026-06-07 10:00:00,2026-06-07 16:22:48
2077,297,6,Completed,3,2026-06-05 10:00:00,2026-06-05 17:51:00
2078,246,1,Completed,9,2026-06-04 09:00:00,2026-06-04 15:00:36
2079,7,4,Completed,3,2026-06-28 10:00:00,2026-06-28 18:19:48
2080,62,6,Confirmed,8,2026-05-10 09:00:00,2026-05-10 16:57:00
2081,186,7,Confirmed,5,2026-04-22 07:00:00,2026-04-22 14:09:00
2082,62,6,Confirmed,8,2026-04-01 10:00:00,2026-04-01 13:45:36
2083,23,6,Completed,5,2026-06-15 09:00:00,2026-06-15 12:09:00
2084,76,6,Completed,9,2026-06-06 10:00:00,2026-06-06 15:18:00
2085,216,8,Confirmed,3,2026-06-10 08:00:00,2026-06-10 14:06:00
2086,5,2,Confirmed,1,2026-06-12 09:00:00,2026-06-12 16:22:48
2087,297,10,Confirmed,3,2026-05-07 06:00:00,2026-05-07 13:01:12
2088,174,4,Confirmed,1,2026-05-19 07:00:00,2026-05-19 13:59:24
2089,29,9,Scheduled,6,2026-04-27 07:00:00,2026-04-27 13:07:48
2090,236,4,Confirmed,2,2026-06-07 08:00:00,2026-06-07 11:35:24
2091,192,3,Completed,6,2026-06-18 10:00:00,2026-06-18 13:03:36
2092,82,6,Confirmed,8,2026-05-18 08:00:00,2026-05-18 15:16:12
2093,24,7,Confirmed,5,2026-04-03 10:00:00,2026-04-03 14:00:00
2094,215,5,Confirmed,7,2026-04-09 07:00:00,2026-04-09 14:01:48
2095,28,8,Completed,6,2026-04-29 10:00:00,2026-04-29 18:56:24
2096,243,7,Scheduled,7,2026-06-15 08:00:00,2026-06-15 11:20:24
2097,296,10,Confirmed,1,2026-04-03 07:00:00,2026-04-03 11:09:00
2098,259,8,Completed,3,2026-06-18 07:00:00,2026-06-18 12:10:48
2099,270,8,Scheduled,7,2026-06-16 06:00:00,2026-06-16 10:54:36
2100,274,1,Scheduled,6,2026-05-11 07:00:00,2026-05-11 16:16:48
2101,162,6,Confirmed,10,2026-04-15 09:00:00,2026-04-15 14:31:48
2102,295,6,Scheduled,2,2026-04-06 08:00:00,2026-04-06 14:21:00
2103,98,8,Scheduled,5,2026-06-17 06:00:00,2026-06-17 14:14:24
2104,69,10,Completed,8,2026-04-11 10:00:00,2026-04-11 16:11:24
2105,13,3,Confirmed,4,2026-06-21 06:00:00,2026-06-21 11:39:00
2106,251,2,Scheduled,8,2026-05-01 09:00:00,2026-05-01 14:33:00
2107,261,4,Scheduled,6,2026-05-28 08:00:00,2026-05-28 15:12:00
2108,70,7,Confirmed,3,2026-05-17 10:00:00,2026-05-17 15:15:00
2109,58,2,Scheduled,9,2026-05-04 06:00:00,2026-05-04 13:04:48
2110,30,6,Scheduled,7,2026-05-09 06:00:00,2026-05-09 13:04:12
2111,243,6,Confirmed,4,2026-06-20 08:00:00,2026-06-20 14:42:36
2112,173,1,Confirmed,5,2026-05-10 09:00:00,2026-05-10 14:25:48
2113,40,10,Scheduled,6,2026-04-27 06:00:00,2026-04-27 12:12:00
2114,234,4,Completed,1,2026-05-28 07:00:00,2026-05-28 11:31:48
2115,271,3,Completed,9,2026-06-23 07:00:00,2026-06-23 12:59:24
2116,117,3,Scheduled,7,2026-05-06 10:00:00,2026-05-06 14:31:12
2117,31,8,Completed,3,2026-04-20 08:00:00,2026-04-20 15:32:24
2118,163,6,Confirmed,10,2026-04-19 10:00:00,2026-04-19 16:54:00
2119,41,4,Confirmed,9,2026-04-17 06:00:00,2026-04-17 12:07:12
2120,58,3,Scheduled,7,2026-06-05 06:00:00,2026-06-05 09:25:12
2121,115,10,Confirmed,3,2026-04-13 09:00:00,2026-04-13 12:46:48
2122,4,3,Scheduled,4,2026-05-11 06:00:00,2026-05-11 13:15:00
2123,78,8,Completed,3,2026-04-21 10:00:00,2026-04-21 15:22:12
2124,17,1,Completed,6,2026-06-11 10:00:00,2026-06-11 19:03:36
2125,81,6,Scheduled,1,2026-04-12 09:00:00,2026-04-12 15:47:24
2126,194,9,Confirmed,6,2026-04-02 10:00:00,2026-04-02 14:22:48
2127,217,8,Confirmed,2,2026-06-05 08:00:00,2026-06-05 15:57:36
2128,84,10,Confirmed,9,2026-05-20 10:00:00,2026-05-20 14:23:24
2129,99,7,Scheduled,7,2026-04-10 07:00:00,2026-04-10 14:09:36
2130,45,2,Confirmed,1,2026-05-12 06:00:00,2026-05-12 10:33:36
2131,288,9,Confirmed,9,2026-04-01 09:00:00,2026-04-01 14:58:12
2132,77,1,Confirmed,1,2026-06-04 07:00:00,2026-06-04 11:08:24
2133,45,8,Scheduled,1,2026-05-26 06:00:00,2026-05-26 10:07:12
2134,188,5,Scheduled,10,2026-05-11 08:00:00,2026-05-11 15:54:36
2135,173,6,Scheduled,10,2026-06-26 09:00:00,2026-06-26 16:37:48
2136,207,6,Confirmed,3,2026-04-30 10:00:00,2026-04-30 16:08:24
2137,108,8,Confirmed,4,2026-04-28 06:00:00,2026-04-28 15:03:36
2138,213,7,Completed,9,2026-04-26 09:00:00,2026-04-26 14:14:24
2139,65,9,Completed,1,2026-04-08 09:00:00,2026-04-08 16:14:24
2140,297,1,Completed,8,2026-05-04 08:00:00,2026-05-04 11:45:00
2141,290,6,Confirmed,3,2026-04-07 08:00:00,2026-04-07 13:36:36
2142,6,10,Completed,3,2026-06-22 10:00:00,2026-06-22 13:39:36
2143,103,7,Confirmed,10,2026-04-08 09:00:00,2026-04-08 15:43:12
2144,166,6,Confirmed,7,2026-05-12 06:00:00,2026-05-12 11:34:12
2145,170,5,Scheduled,3,2026-04-22 09:00:00,2026-04-22 18:33:00
2146,22,1,Completed,1,2026-05-18 06:00:00,2026-05-18 12:56:24
2147,285,4,Completed,10,2026-06-14 06:00:00,2026-06-14 10:30:36
2148,41,10,Completed,9,2026-04-29 07:00:00,2026-04-29 11:36:00
2149,114,10,Completed,9,2026-05-02 08:00:00,2026-05-02 13:15:36
2150,104,2,Completed,8,2026-05-28 09:00:00,2026-05-28 12:18:36
2151,282,7,Confirmed,2,2026-04-20 06:00:00,2026-04-20 10:08:24
2152,70,4,Completed,4,2026-06-28 07:00:00,2026-06-28 12:27:00
2153,62,10,Scheduled,9,2026-05-28 10:00:00,2026-05-28 14:49:48
2154,166,10,Completed,9,2026-06-18 07:00:00,2026-06-18 13:16:12
2155,57,5,Confirmed,6,2026-05-20 06:00:00,2026-05-20 13:07:12
2156,75,4,Completed,9,2026-04-26 06:00:00,2026-04-26 12:23:24
2157,168,6,Scheduled,3,2026-04-25 08:00:00,2026-04-25 11:30:00
2158,174,2,Confirmed,6,2026-05-02 07:00:00,2026-05-02 11:48:36
2159,180,3,Scheduled,6,2026-06-06 07:00:00,2026-06-06 12:15:36
2160,92,10,Scheduled,8,2026-05-05 10:00:00,2026-05-05 15:24:00
2161,223,9,Completed,10,2026-06-03 09:00:00,2026-06-03 12:29:24
2162,156,3,Completed,3,2026-04-16 10:00:00,2026-04-16 14:55:12
2163,118,4,Completed,3,2026-04-04 08:00:00,2026-04-04 14:44:24
2164,169,6,Confirmed,1,2026-04-15 09:00:00,2026-04-15 18:27:36
2165,181,4,Scheduled,4,2026-04-26 09:00:00,2026-04-26 15:19:12
2166,28,9,Confirmed,9,2026-05-26 08:00:00,2026-05-26 11:48:36
2167,240,2,Confirmed,6,2026-06-07 10:00:00,2026-06-07 19:21:00
2168,54,10,Completed,1,2026-05-17 06:00:00,2026-05-17 12:20:24
2169,90,10,Scheduled,9,2026-06-19 10:00:00,2026-06-19 13:31:12
2170,241,2,Completed,10,2026-05-07 09:00:00,2026-05-07 16:42:00
2171,196,7,Confirmed,4,2026-06-17 08:00:00,2026-06-17 13:19:12
2172,16,4,Completed,6,2026-04-16 09:00:00,2026-04-16 13:21:00
2173,273,1,Confirmed,8,2026-06-06 06:00:00,2026-06-06 10:56:24
2174,67,9,Completed,8,2026-05-15 08:00:00,2026-05-15 15:33:00
2175,52,9,Confirmed,2,2026-04-26 09:00:00,2026-04-26 13:39:36
2176,283,6,Scheduled,4,2026-06-26 07:00:00,2026-06-26 11:09:00
2177,245,3,Scheduled,9,2026-04-27 06:00:00,2026-04-27 13:24:36
2178,76,5,Completed,10,2026-05-19 06:00:00,2026-05-19 12:48:36
2179,192,5,Confirmed,8,2026-06-14 09:00:00,2026-06-14 16:35:24
2180,200,1,Scheduled,10,2026-05-29 09:00:00,2026-05-29 13:34:12
2181,160,1,Completed,4,2026-05-11 06:00:00,2026-05-11 09:55:48
2182,196,3,Confirmed,7,2026-06-18 09:00:00,2026-06-18 13:27:00
2183,293,6,Scheduled,3,2026-04-08 10:00:00,2026-04-08 15:22:12
2184,113,8,Scheduled,2,2026-04-17 07:00:00,2026-04-17 10:56:24
2185,76,9,Confirmed,6,2026-05-30 07:00:00,2026-05-30 14:52:12
2186,44,9,Scheduled,2,2026-05-27 07:00:00,2026-05-27 10:57:36
2187,168,3,Completed,2,2026-05-10 08:00:00,2026-05-10 12:05:24
2188,28,3,Confirmed,10,2026-04-13 07:00:00,2026-04-13 14:32:24
2189,236,2,Confirmed,9,2026-04-06 10:00:00,2026-04-06 18:51:00
2190,9,10,Completed,8,2026-04-01 06:00:00,2026-04-01 10:25:48
2191,49,5,Confirmed,4,2026-06-09 06:00:00,2026-06-09 14:49:12
2192,281,5,Completed,6,2026-06-13 08:00:00,2026-06-13 15:54:36
2193,154,8,Scheduled,6,2026-06-02 06:00:00,2026-06-02 13:37:12
2194,109,9,Confirmed,7,2026-04-19 06:00:00,2026-04-19 10:12:36
2195,2,10,Scheduled,3,2026-06-01 10:00:00,2026-06-01 16:28:48
2196,163,5,Completed,5,2026-04-11 08:00:00,2026-04-11 13:10:48
2197,197,5,Confirmed,1,2026-06-16 07:00:00,2026-06-16 11:37:12
2198,261,8,Scheduled,2,2026-04-23 07:00:00,2026-04-23 13:15:36
2199,71,5,Scheduled,4,2026-04-29 10:00:00,2026-04-29 15:37:48
2200,192,4,Confirmed,9,2026-06-01 10:00:00,2026-06-01 17:54:36
2201,66,10,Confirmed,7,2026-06-21 08:00:00,2026-06-21 13:07:12
2202,73,5,Confirmed,3,2026-06-27 06:00:00,2026-06-27 12:21:36
2203,38,4,Scheduled,1,2026-06-07 10:00:00,2026-06-07 13:28:48
2204,158,3,Scheduled,7,2026-06-23 09:00:00,2026-06-23 17:36:00
2205,216,10,Confirmed,6,2026-06-20 06:00:00,2026-06-20 11:26:24
2206,111,9,Scheduled,1,2026-05-14 09:00:00,2026-05-14 15:11:24
2207,272,7,Confirmed,7,2026-06-27 09:00:00,2026-06-27 13:19:48
2208,127,5,Confirmed,2,2026-04-14 08:00:00,2026-04-14 12:41:24
2209,89,5,Confirmed,3,2026-06-12 06:00:00,2026-06-12 09:43:48
2210,215,1,Confirmed,8,2026-05-20 06:00:00,2026-05-20 11:49:48
2211,67,6,Completed,10,2026-04-02 09:00:00,2026-04-02 13:20:24
2212,235,4,Scheduled,4,2026-04-10 09:00:00,2026-04-10 14:16:12
2213,208,6,Completed,5,2026-06-17 10:00:00,2026-06-17 19:07:48
2214,200,1,Scheduled,7,2026-05-06 08:00:00,2026-05-06 14:17:24
2215,32,4,Completed,2,2026-05-27 08:00:00,2026-05-27 17:30:00
2216,192,9,Completed,9,2026-04-11 10:00:00,2026-04-11 14:27:36
2217,95,1,Scheduled,5,2026-06-26 09:00:00,2026-06-26 13:22:12
2218,132,2,Scheduled,9,2026-04-22 09:00:00,2026-04-22 17:00:00
2219,172,3,Scheduled,3,2026-05-09 06:00:00,2026-05-09 10:20:24
2220,230,2,Completed,10,2026-05-25 07:00:00,2026-05-25 14:30:00
2221,65,1,Scheduled,8,2026-04-25 06:00:00,2026-04-25 13:58:48
2222,61,5,Scheduled,3,2026-06-20 07:00:00,2026-06-20 15:21:00
2223,239,5,Confirmed,9,2026-04-11 06:00:00,2026-04-11 14:55:48
2224,66,5,Confirmed,6,2026-06-25 07:00:00,2026-06-25 10:18:00
2225,49,10,Confirmed,1,2026-04-22 08:00:00,2026-04-22 11:45:36
2226,167,9,Scheduled,7,2026-06-15 07:00:00,2026-06-15 14:21:36
2227,121,10,Completed,7,2026-04-07 07:00:00,2026-04-07 12:51:36
2228,282,1,Confirmed,4,2026-04-05 10:00:00,2026-04-05 14:03:00
2229,200,3,Completed,10,2026-06-04 06:00:00,2026-06-04 10:12:36
2230,55,7,Confirmed,5,2026-06-25 10:00:00,2026-06-25 17:06:00
2231,153,6,Completed,5,2026-05-07 08:00:00,2026-05-07 11:03:00
2232,30,5,Completed,6,2026-05-19 10:00:00,2026-05-19 13:19:12
2233,131,7,Scheduled,9,2026-06-21 08:00:00,2026-06-21 13:29:24
2234,254,8,Completed,10,2026-04-16 10:00:00,2026-04-16 15:36:36
2235,85,7,Confirmed,1,2026-05-09 06:00:00,2026-05-09 13:58:48
2236,12,7,Scheduled,2,2026-05-18 09:00:00,2026-05-18 12:50:24
2237,10,3,Confirmed,4,2026-04-20 06:00:00,2026-04-20 10:14:24
2238,258,1,Scheduled,9,2026-05-31 07:00:00,2026-05-31 12:51:00
2239,114,3,Confirmed,2,2026-05-23 10:00:00,2026-05-23 16:25:48
2240,24,9,Confirmed,9,2026-05-19 07:00:00,2026-05-19 14:09:36
2241,86,5,Completed,9,2026-04-01 06:00:00,2026-04-01 11:16:48
2242,90,8,Confirmed,10,2026-04-24 07:00:00,2026-04-24 13:04:12
2243,246,4,Completed,4,2026-05-24 09:00:00,2026-05-24 14:05:24
2244,39,2,Completed,8,2026-04-16 07:00:00,2026-04-16 10:09:00
2245,110,9,Completed,6,2026-04-24 09:00:00,2026-04-24 17:43:12
2246,98,2,Completed,3,2026-05-20 08:00:00,2026-05-20 12:45:00
2247,139,3,Scheduled,8,2026-05-25 07:00:00,2026-05-25 11:53:24
2248,121,9,Confirmed,5,2026-06-25 07:00:00,2026-06-25 11:54:00
2249,162,1,Confirmed,4,2026-05-11 10:00:00,2026-05-11 13:48:00
2250,131,1,Confirmed,4,2026-04-06 09:00:00,2026-04-06 13:39:36
2251,111,2,Confirmed,5,2026-05-25 08:00:00,2026-05-25 14:45:00
2252,205,1,Completed,9,2026-05-27 06:00:00,2026-05-27 13:36:36
2253,134,6,Completed,6,2026-04-21 09:00:00,2026-04-21 12:18:00
2254,88,6,Confirmed,3,2026-05-26 07:00:00,2026-05-26 16:08:24
2255,127,10,Confirmed,2,2026-05-08 07:00:00,2026-05-08 15:52:12
2256,76,2,Scheduled,10,2026-06-28 07:00:00,2026-06-28 12:10:12
2257,114,7,Completed,8,2026-04-05 08:00:00,2026-04-05 11:49:48
2258,103,7,Confirmed,1,2026-04-28 07:00:00,2026-04-28 13:28:12
2259,64,6,Scheduled,9,2026-04-03 09:00:00,2026-04-03 12:36:36
2260,13,10,Confirmed,1,2026-05-21 06:00:00,2026-05-21 10:40:12
2261,170,6,Completed,1,2026-06-25 10:00:00,2026-06-25 13:55:48
2262,152,3,Completed,1,2026-06-08 07:00:00,2026-06-08 11:06:36
2263,300,9,Completed,9,2026-06-05 07:00:00,2026-06-05 12:16:48
2264,52,4,Completed,7,2026-06-08 07:00:00,2026-06-08 13:07:48
2265,157,9,Completed,5,2026-06-11 09:00:00,2026-06-11 16:24:36
2266,6,2,Scheduled,8,2026-04-30 09:00:00,2026-04-30 14:39:36
2267,68,9,Completed,4,2026-04-10 09:00:00,2026-04-10 15:34:48
2268,92,4,Confirmed,6,2026-04-02 06:00:00,2026-04-02 11:58:48
2269,121,3,Confirmed,3,2026-05-08 06:00:00,2026-05-08 09:34:48
2270,296,5,Completed,9,2026-06-18 09:00:00,2026-06-18 14:28:48
2271,31,3,Scheduled,10,2026-04-18 09:00:00,2026-04-18 16:58:12
2272,52,3,Confirmed,9,2026-06-29 10:00:00,2026-06-29 13:03:00
2273,134,8,Completed,2,2026-06-14 06:00:00,2026-06-14 14:15:36
2274,212,4,Confirmed,2,2026-05-27 08:00:00,2026-05-27 15:37:48
2275,112,9,Scheduled,3,2026-05-05 06:00:00,2026-05-05 10:13:48
2276,188,1,Scheduled,6,2026-04-06 09:00:00,2026-04-06 15:09:36
2277,121,10,Confirmed,8,2026-06-08 09:00:00,2026-06-08 15:18:36
2278,53,10,Confirmed,2,2026-04-30 07:00:00,2026-04-30 14:03:36
2279,210,1,Completed,4,2026-04-28 07:00:00,2026-04-28 11:29:24
2280,97,1,Confirmed,2,2026-04-01 07:00:00,2026-04-01 14:27:00
2281,69,8,Scheduled,4,2026-05-29 08:00:00,2026-05-29 14:05:24
2282,254,5,Completed,10,2026-04-08 08:00:00,2026-04-08 15:19:12
2283,252,3,Scheduled,10,2026-06-18 08:00:00,2026-06-18 14:48:00
2284,107,3,Scheduled,7,2026-06-29 08:00:00,2026-06-29 12:40:48
2285,171,10,Completed,7,2026-04-10 08:00:00,2026-04-10 14:06:00
2286,245,3,Completed,5,2026-05-23 10:00:00,2026-05-23 14:15:36
2287,261,5,Scheduled,6,2026-06-03 07:00:00,2026-06-03 12:46:12
2288,99,6,Completed,7,2026-04-07 07:00:00,2026-04-07 12:05:24
2289,16,10,Completed,3,2026-05-25 07:00:00,2026-05-25 11:20:24
2290,98,9,Confirmed,10,2026-05-23 08:00:00,2026-05-23 11:34:48
2291,276,9,Scheduled,2,2026-06-18 07:00:00,2026-06-18 10:31:48
2292,78,10,Completed,8,2026-06-18 10:00:00,2026-06-18 17:30:00
2293,164,3,Confirmed,7,2026-06-02 06:00:00,2026-06-02 15:01:48
2294,276,1,Confirmed,7,2026-06-25 10:00:00,2026-06-25 13:27:00
2295,163,2,Completed,9,2026-05-05 10:00:00,2026-05-05 13:21:00
2296,123,5,Completed,6,2026-04-28 06:00:00,2026-04-28 12:55:48
2297,184,9,Confirmed,7,2026-06-09 07:00:00,2026-06-09 11:32:24
2298,247,6,Scheduled,2,2026-06-09 09:00:00,2026-06-09 12:47:24
2299,240,5,Completed,6,2026-05-17 06:00:00,2026-05-17 12:43:48
2300,209,4,Completed,1,2026-05-12 07:00:00,2026-05-12 14:32:24
2301,138,9,Scheduled,4,2026-04-24 06:00:00,2026-04-24 09:36:00
2302,107,4,Confirmed,7,2026-04-26 10:00:00,2026-04-26 16:13:12
2303,160,4,Scheduled,5,2026-05-24 07:00:00,2026-05-24 10:31:12
2304,53,10,Confirmed,6,2026-06-17 06:00:00,2026-06-17 10:39:36
2305,43,3,Completed,3,2026-06-23 07:00:00,2026-06-23 13:13:12
2306,209,4,Confirmed,8,2026-05-23 08:00:00,2026-05-23 14:14:24
2307,114,1,Confirmed,8,2026-05-02 10:00:00,2026-05-02 17:53:24
2308,299,4,Scheduled,2,2026-05-03 08:00:00,2026-05-03 13:38:24
2309,234,8,Scheduled,3,2026-04-16 06:00:00,2026-04-16 10:01:12
2310,253,1,Completed,7,2026-04-22 07:00:00,2026-04-22 13:14:24
2311,155,6,Confirmed,4,2026-05-16 08:00:00,2026-05-16 15:18:00
2312,111,8,Completed,7,2026-06-23 10:00:00,2026-06-23 14:07:48
2313,156,9,Confirmed,7,2026-04-07 09:00:00,2026-04-07 16:15:00
2314,123,9,Scheduled,1,2026-04-29 07:00:00,2026-04-29 12:40:12
2315,29,3,Completed,9,2026-05-17 08:00:00,2026-05-17 12:25:12
2316,105,1,Completed,1,2026-05-29 10:00:00,2026-05-29 17:03:00
2317,158,9,Completed,5,2026-04-27 07:00:00,2026-04-27 11:11:24
2318,274,3,Scheduled,5,2026-04-18 10:00:00,2026-04-18 16:05:24
2319,232,3,Confirmed,8,2026-06-27 07:00:00,2026-06-27 13:39:36
2320,4,10,Completed,7,2026-04-01 09:00:00,2026-04-01 17:03:00
2321,161,4,Confirmed,6,2026-04-07 08:00:00,2026-04-07 12:00:36
2322,70,1,Confirmed,7,2026-05-01 10:00:00,2026-05-01 17:50:24
2323,162,3,Completed,9,2026-04-29 09:00:00,2026-04-29 13:51:00
2324,179,3,Completed,1,2026-06-05 06:00:00,2026-06-05 12:17:24
2325,215,3,Completed,9,2026-05-26 09:00:00,2026-05-26 14:46:12
2326,36,6,Completed,4,2026-05-30 09:00:00,2026-05-30 18:28:48
2327,111,2,Completed,1,2026-05-12 06:00:00,2026-05-12 13:21:00
2328,180,6,Scheduled,6,2026-04-21 06:00:00,2026-04-21 12:54:36
2329,89,8,Confirmed,10,2026-06-19 10:00:00,2026-06-19 14:03:36
2330,78,9,Scheduled,7,2026-04-26 10:00:00,2026-04-26 13:06:00
2331,151,6,Scheduled,4,2026-05-03 07:00:00,2026-05-03 11:04:48
2332,69,1,Confirmed,6,2026-04-05 06:00:00,2026-04-05 10:44:24
2333,106,1,Scheduled,9,2026-06-11 10:00:00,2026-06-11 14:39:36
2334,299,6,Confirmed,5,2026-05-12 10:00:00,2026-05-12 14:46:12
2335,217,7,Scheduled,3,2026-04-30 07:00:00,2026-04-30 11:34:12
2336,281,2,Scheduled,10,2026-05-06 06:00:00,2026-05-06 11:27:00
2337,165,7,Confirmed,5,2026-06-16 09:00:00,2026-06-16 14:53:24
2338,171,1,Confirmed,5,2026-06-05 06:00:00,2026-06-05 11:49:48
2339,230,3,Confirmed,2,2026-06-09 07:00:00,2026-06-09 12:39:36
2340,20,3,Scheduled,10,2026-04-12 10:00:00,2026-04-12 19:06:00
2341,269,2,Confirmed,2,2026-05-03 07:00:00,2026-05-03 14:48:00
2342,117,5,Completed,9,2026-06-27 10:00:00,2026-06-27 16:33:36
2343,292,9,Completed,9,2026-06-21 10:00:00,2026-06-21 13:10:48
2344,274,5,Completed,1,2026-06-17 06:00:00,2026-06-17 09:19:12
2345,207,10,Completed,10,2026-06-25 09:00:00,2026-06-25 15:01:48
2346,181,4,Scheduled,3,2026-05-12 06:00:00,2026-05-12 10:57:00
2347,267,6,Completed,2,2026-05-11 07:00:00,2026-05-11 13:22:12
2348,282,4,Scheduled,5,2026-05-02 10:00:00,2026-05-02 19:26:24
2349,8,2,Completed,9,2026-06-20 08:00:00,2026-06-20 12:48:36
2350,151,6,Confirmed,5,2026-04-23 09:00:00,2026-04-23 15:22:12
2351,18,4,Confirmed,7,2026-05-04 10:00:00,2026-05-04 17:25:48
2352,112,8,Confirmed,8,2026-05-11 07:00:00,2026-05-11 10:03:00
2353,13,7,Completed,3,2026-06-27 10:00:00,2026-06-27 15:36:36
2354,105,1,Completed,4,2026-06-13 08:00:00,2026-06-13 15:49:48
2355,211,2,Completed,4,2026-04-20 09:00:00,2026-04-20 15:48:00
2356,290,3,Completed,10,2026-06-25 10:00:00,2026-06-25 13:54:36
2357,63,6,Confirmed,8,2026-06-16 06:00:00,2026-06-16 10:30:36
2358,238,3,Completed,2,2026-06-25 08:00:00,2026-06-25 14:01:12
2359,136,9,Scheduled,5,2026-04-13 09:00:00,2026-04-13 13:07:12
2360,84,1,Confirmed,9,2026-05-18 08:00:00,2026-05-18 13:28:48
2361,113,5,Completed,9,2026-05-25 07:00:00,2026-05-25 11:02:24
2362,207,9,Confirmed,3,2026-06-13 06:00:00,2026-06-13 10:17:24
2363,127,2,Confirmed,10,2026-06-02 09:00:00,2026-06-02 14:07:12
2364,220,9,Confirmed,1,2026-04-30 09:00:00,2026-04-30 14:14:24
2365,87,3,Scheduled,8,2026-06-02 09:00:00,2026-06-02 13:03:00
2366,95,7,Confirmed,3,2026-06-03 07:00:00,2026-06-03 12:03:36
2367,267,9,Completed,10,2026-06-24 06:00:00,2026-06-24 14:18:36
2368,12,9,Scheduled,5,2026-06-18 07:00:00,2026-06-18 11:19:12
2369,270,10,Confirmed,1,2026-05-14 09:00:00,2026-05-14 15:01:12
2370,97,8,Completed,4,2026-05-06 06:00:00,2026-05-06 10:18:36
2371,209,2,Confirmed,1,2026-05-02 06:00:00,2026-05-02 10:07:48
2372,170,2,Scheduled,2,2026-05-03 09:00:00,2026-05-03 16:31:48
2373,35,9,Completed,5,2026-05-17 08:00:00,2026-05-17 13:27:00
2374,81,6,Scheduled,6,2026-04-10 09:00:00,2026-04-10 14:33:00
2375,55,7,Scheduled,2,2026-04-30 07:00:00,2026-04-30 13:15:36
2376,92,1,Confirmed,3,2026-06-12 08:00:00,2026-06-12 14:32:24
2377,41,9,Confirmed,10,2026-04-05 09:00:00,2026-04-05 13:12:00
2378,74,3,Completed,5,2026-05-02 07:00:00,2026-05-02 10:13:12
2379,24,5,Confirmed,5,2026-05-20 06:00:00,2026-05-20 09:29:24
2380,253,1,Confirmed,9,2026-06-03 10:00:00,2026-06-03 15:47:24
2381,130,1,Scheduled,7,2026-06-28 06:00:00,2026-06-28 12:36:00
2382,289,3,Confirmed,3,2026-05-07 06:00:00,2026-05-07 10:09:00
2383,44,9,Scheduled,9,2026-06-01 09:00:00,2026-06-01 13:21:00
2384,73,6,Completed,9,2026-04-02 09:00:00,2026-04-02 13:39:00
2385,49,3,Completed,9,2026-05-22 07:00:00,2026-05-22 11:07:12
2386,49,3,Confirmed,3,2026-06-26 08:00:00,2026-06-26 12:05:24
2387,291,4,Confirmed,8,2026-06-12 08:00:00,2026-06-12 17:05:24
2388,260,3,Scheduled,6,2026-06-18 06:00:00,2026-06-18 11:09:36
2389,237,7,Scheduled,6,2026-04-18 10:00:00,2026-04-18 19:28:12
2390,230,5,Completed,2,2026-06-14 09:00:00,2026-06-14 12:59:24
2391,133,10,Completed,10,2026-05-12 06:00:00,2026-05-12 10:09:00
2392,83,9,Confirmed,9,2026-05-03 08:00:00,2026-05-03 14:03:00
2393,132,5,Completed,6,2026-04-25 09:00:00,2026-04-25 17:33:00
2394,202,7,Completed,3,2026-04-02 07:00:00,2026-04-02 15:22:48
2395,284,2,Completed,2,2026-06-24 07:00:00,2026-06-24 10:07:48
2396,27,10,Confirmed,8,2026-05-18 10:00:00,2026-05-18 17:49:48
2397,115,7,Completed,3,2026-04-22 09:00:00,2026-04-22 14:50:24
2398,24,1,Confirmed,7,2026-06-07 10:00:00,2026-06-07 15:07:12
2399,24,2,Confirmed,7,2026-04-19 10:00:00,2026-04-19 16:46:48
2400,186,1,Confirmed,3,2026-04-10 07:00:00,2026-04-10 14:00:36
2401,66,2,Confirmed,3,2026-04-19 09:00:00,2026-04-19 14:41:24
2402,143,7,Confirmed,10,2026-04-29 10:00:00,2026-04-29 15:12:00
2403,240,3,Scheduled,1,2026-05-12 06:00:00,2026-05-12 10:15:36
2404,80,5,Scheduled,7,2026-05-27 10:00:00,2026-05-27 16:19:12
2405,153,10,Scheduled,1,2026-06-27 09:00:00,2026-06-27 15:52:12
2406,37,8,Scheduled,5,2026-05-03 06:00:00,2026-05-03 13:59:24
2407,78,4,Scheduled,9,2026-05-09 10:00:00,2026-05-09 14:29:24
2408,49,2,Confirmed,9,2026-04-11 08:00:00,2026-04-11 14:51:00
2409,61,7,Completed,7,2026-04-15 06:00:00,2026-04-15 12:00:00
2410,110,8,Completed,7,2026-04-28 06:00:00,2026-04-28 11:33:00
2411,20,6,Confirmed,4,2026-05-12 09:00:00,2026-05-12 15:38:24
2412,132,3,Completed,3,2026-06-02 06:00:00,2026-06-02 11:04:12
2413,237,8,Confirmed,6,2026-05-01 07:00:00,2026-05-01 13:23:24
2414,157,4,Confirmed,4,2026-04-06 10:00:00,2026-04-06 14:18:00
2415,241,5,Confirmed,2,2026-06-16 10:00:00,2026-06-16 17:10:48
2416,89,7,Confirmed,7,2026-04-19 09:00:00,2026-04-19 14:00:36
2417,201,1,Confirmed,7,2026-04-16 07:00:00,2026-04-16 12:38:24
2418,248,1,Scheduled,5,2026-06-01 08:00:00,2026-06-01 14:29:24
2419,132,3,Scheduled,1,2026-06-09 06:00:00,2026-06-09 13:00:00
2420,96,7,Confirmed,9,2026-05-31 07:00:00,2026-05-31 16:03:36
2421,285,2,Scheduled,4,2026-04-12 09:00:00,2026-04-12 14:54:36
2422,112,2,Completed,3,2026-06-05 08:00:00,2026-06-05 11:43:12
2423,168,10,Completed,5,2026-05-22 06:00:00,2026-05-22 09:33:00
2424,139,1,Confirmed,8,2026-04-11 07:00:00,2026-04-11 11:45:00
2425,43,7,Scheduled,3,2026-05-10 06:00:00,2026-05-10 10:14:24
2426,171,4,Scheduled,5,2026-04-27 07:00:00,2026-04-27 16:17:24
2427,73,7,Completed,8,2026-04-08 08:00:00,2026-04-08 14:46:48
2428,83,5,Confirmed,7,2026-04-09 08:00:00,2026-04-09 16:40:12
2429,32,2,Scheduled,5,2026-06-16 06:00:00,2026-06-16 11:22:12
2430,290,2,Confirmed,10,2026-06-06 09:00:00,2026-06-06 15:16:12
2431,142,5,Confirmed,7,2026-05-04 08:00:00,2026-05-04 16:40:12
2432,279,3,Completed,2,2026-06-21 10:00:00,2026-06-21 13:49:12
2433,145,4,Scheduled,1,2026-06-04 08:00:00,2026-06-04 17:06:00
2434,154,6,Completed,8,2026-05-06 06:00:00,2026-05-06 14:34:12
2435,90,10,Confirmed,5,2026-06-04 07:00:00,2026-06-04 11:28:48
2436,145,6,Completed,3,2026-06-03 07:00:00,2026-06-03 13:44:24
2437,203,6,Completed,5,2026-04-07 07:00:00,2026-04-07 13:11:24
2438,200,3,Confirmed,1,2026-04-05 06:00:00,2026-04-05 10:39:00
2439,125,5,Scheduled,10,2026-05-07 09:00:00,2026-05-07 15:51:00
2440,167,9,Confirmed,5,2026-05-22 10:00:00,2026-05-22 13:01:48
2441,255,6,Scheduled,6,2026-05-25 06:00:00,2026-05-25 12:27:00
2442,131,2,Scheduled,7,2026-04-10 07:00:00,2026-04-10 11:28:12
2443,71,10,Scheduled,4,2026-04-15 08:00:00,2026-04-15 11:44:24
2444,95,6,Scheduled,4,2026-04-02 09:00:00,2026-04-02 13:07:12
2445,265,9,Confirmed,3,2026-04-29 06:00:00,2026-04-29 11:46:48
2446,128,2,Scheduled,8,2026-04-18 07:00:00,2026-04-18 14:54:36
2447,257,8,Completed,7,2026-04-25 08:00:00,2026-04-25 12:21:00
2448,134,8,Completed,6,2026-05-03 10:00:00,2026-05-03 16:45:36
2449,212,4,Completed,6,2026-05-03 09:00:00,2026-05-03 17:49:12
2450,8,1,Confirmed,5,2026-06-06 08:00:00,2026-06-06 15:05:24
2451,291,9,Completed,6,2026-06-04 06:00:00,2026-06-04 13:19:12
2452,244,9,Scheduled,10,2026-04-20 06:00:00,2026-04-20 12:39:00
2453,195,5,Completed,1,2026-04-17 09:00:00,2026-04-17 16:04:12
2454,247,10,Scheduled,3,2026-04-20 06:00:00,2026-04-20 10:18:36
2455,231,1,Confirmed,9,2026-04-24 07:00:00,2026-04-24 13:53:24
2456,13,2,Confirmed,7,2026-05-25 08:00:00,2026-05-25 16:48:00
2457,45,5,Confirmed,10,2026-04-21 06:00:00,2026-04-21 10:03:00
2458,284,3,Confirmed,1,2026-04-23 10:00:00,2026-04-23 16:18:36
2459,204,9,Completed,10,2026-06-07 06:00:00,2026-06-07 11:00:36
2460,283,7,Completed,8,2026-04-20 08:00:00,2026-04-20 14:09:00
2461,62,9,Confirmed,8,2026-04-12 10:00:00,2026-04-12 18:09:00
2462,105,10,Completed,1,2026-04-14 08:00:00,2026-04-14 12:16:48
2463,96,5,Completed,9,2026-04-24 10:00:00,2026-04-24 13:48:00
2464,252,1,Completed,9,2026-05-04 06:00:00,2026-05-04 13:44:24
2465,8,10,Confirmed,4,2026-05-19 07:00:00,2026-05-19 15:35:24
2466,287,7,Confirmed,1,2026-04-11 06:00:00,2026-04-11 14:53:24
2467,252,1,Completed,7,2026-06-25 07:00:00,2026-06-25 14:47:24
2468,273,3,Confirmed,9,2026-04-11 09:00:00,2026-04-11 13:21:36
2469,13,2,Scheduled,9,2026-05-20 07:00:00,2026-05-20 13:03:36
2470,94,9,Confirmed,1,2026-05-19 09:00:00,2026-05-19 18:21:36
2471,298,4,Scheduled,1,2026-06-22 07:00:00,2026-06-22 14:26:24
2472,233,2,Confirmed,6,2026-05-06 10:00:00,2026-05-06 16:49:48
2473,266,10,Completed,1,2026-06-07 10:00:00,2026-06-07 17:25:48
2474,63,4,Confirmed,10,2026-04-15 08:00:00,2026-04-15 12:03:36
2475,291,9,Confirmed,2,2026-05-09 09:00:00,2026-05-09 15:39:36
2476,191,9,Scheduled,7,2026-06-24 08:00:00,2026-06-24 15:50:24
2477,128,3,Scheduled,4,2026-04-17 10:00:00,2026-04-17 14:55:48
2478,100,10,Confirmed,9,2026-05-30 06:00:00,2026-05-30 09:03:36
2479,21,3,Completed,8,2026-05-02 10:00:00,2026-05-02 15:45:36
2480,253,1,Completed,10,2026-06-04 10:00:00,2026-06-04 18:37:12
2481,3,4,Completed,6,2026-04-11 06:00:00,2026-04-11 15:04:12
2482,291,6,Completed,3,2026-05-25 09:00:00,2026-05-25 15:59:24
2483,11,6,Completed,5,2026-06-06 08:00:00,2026-06-06 15:04:48
2484,170,7,Confirmed,8,2026-04-28 06:00:00,2026-04-28 12:58:12
2485,174,8,Scheduled,7,2026-06-09 09:00:00,2026-06-09 14:46:48
2486,51,3,Scheduled,4,2026-04-25 07:00:00,2026-04-25 14:15:36
2487,10,5,Confirmed,9,2026-05-01 06:00:00,2026-05-01 11:16:12
2488,36,2,Scheduled,6,2026-04-09 08:00:00,2026-04-09 17:25:48
2489,14,4,Scheduled,7,2026-04-05 06:00:00,2026-04-05 12:30:00
2490,267,4,Confirmed,5,2026-04-15 08:00:00,2026-04-15 13:10:12
2491,54,8,Confirmed,5,2026-04-02 08:00:00,2026-04-02 14:13:12
2492,91,7,Scheduled,8,2026-06-10 09:00:00,2026-06-10 17:45:00
2493,269,8,Scheduled,2,2026-06-04 09:00:00,2026-06-04 14:34:48
2494,210,7,Confirmed,6,2026-06-07 09:00:00,2026-06-07 12:12:36
2495,36,1,Scheduled,3,2026-04-18 10:00:00,2026-04-18 17:39:36
2496,181,10,Completed,10,2026-05-29 06:00:00,2026-05-29 10:14:24
2497,91,2,Completed,9,2026-06-20 07:00:00,2026-06-20 16:30:00
2498,250,5,Scheduled,4,2026-06-26 08:00:00,2026-06-26 15:09:00
2499,100,6,Scheduled,4,2026-04-05 06:00:00,2026-04-05 15:07:12
2500,22,2,Confirmed,10,2026-05-04 07:00:00,2026-05-04 12:46:12
2501,90,5,Completed,1,2026-05-13 07:00:00,2026-05-13 14:20:24
2502,62,1,Scheduled,3,2026-06-15 08:00:00,2026-06-15 11:36:36
2503,24,7,Confirmed,5,2026-06-26 06:00:00,2026-06-26 09:31:48
2504,94,8,Confirmed,4,2026-05-19 09:00:00,2026-05-19 13:36:36
2505,234,7,Completed,3,2026-06-14 10:00:00,2026-06-14 14:09:00
2506,82,7,Scheduled,8,2026-04-11 07:00:00,2026-04-11 14:37:12
2507,30,10,Confirmed,7,2026-06-21 08:00:00,2026-06-21 12:44:24
2508,60,8,Completed,1,2026-04-24 06:00:00,2026-04-24 13:03:00
2509,3,10,Scheduled,4,2026-06-09 09:00:00,2026-06-09 13:15:00
2510,273,1,Completed,9,2026-05-08 06:00:00,2026-05-08 14:16:48
2511,257,1,Confirmed,6,2026-05-27 09:00:00,2026-05-27 13:35:24
2512,69,10,Confirmed,6,2026-04-23 07:00:00,2026-04-23 16:11:24
2513,257,9,Scheduled,9,2026-05-05 08:00:00,2026-05-05 16:18:00
2514,100,3,Scheduled,6,2026-05-31 10:00:00,2026-05-31 14:51:36
2515,83,4,Scheduled,8,2026-05-18 07:00:00,2026-05-18 10:53:24
2516,150,7,Scheduled,8,2026-04-03 07:00:00,2026-04-03 15:57:00
2517,219,7,Confirmed,2,2026-06-24 10:00:00,2026-06-24 14:24:36
2518,115,8,Scheduled,7,2026-05-01 06:00:00,2026-05-01 14:20:24
2519,30,10,Completed,9,2026-06-20 06:00:00,2026-06-20 09:20:24
2520,120,2,Scheduled,7,2026-04-28 09:00:00,2026-04-28 13:12:00
2521,274,10,Completed,10,2026-06-14 07:00:00,2026-06-14 12:04:12
2522,155,4,Completed,10,2026-04-10 06:00:00,2026-04-10 11:10:12
2523,75,10,Scheduled,6,2026-05-19 10:00:00,2026-05-19 19:01:12
2524,292,7,Completed,6,2026-06-18 10:00:00,2026-06-18 16:21:36
2525,131,5,Completed,9,2026-04-20 09:00:00,2026-04-20 12:40:48
2526,29,3,Confirmed,10,2026-05-16 10:00:00,2026-05-16 16:19:12
2527,221,7,Scheduled,1,2026-05-25 10:00:00,2026-05-25 16:57:00
2528,236,4,Completed,4,2026-04-06 09:00:00,2026-04-06 15:07:48
2529,137,3,Confirmed,3,2026-06-02 09:00:00,2026-06-02 12:00:36
2530,19,5,Confirmed,6,2026-06-08 09:00:00,2026-06-08 13:01:12
2531,119,9,Scheduled,10,2026-06-25 09:00:00,2026-06-25 14:22:48
2532,121,4,Completed,10,2026-04-23 07:00:00,2026-04-23 10:51:36
2533,281,5,Scheduled,7,2026-04-06 08:00:00,2026-04-06 14:14:24
2534,70,4,Scheduled,1,2026-04-12 08:00:00,2026-04-12 15:34:48
2535,43,10,Completed,7,2026-06-19 07:00:00,2026-06-19 13:06:00
2536,68,5,Scheduled,1,2026-04-18 08:00:00,2026-04-18 13:31:48
2537,88,3,Completed,6,2026-05-27 08:00:00,2026-05-27 14:21:00
2538,64,6,Confirmed,3,2026-05-26 09:00:00,2026-05-26 13:45:00
2539,206,4,Scheduled,1,2026-06-21 06:00:00,2026-06-21 10:30:36
2540,76,1,Confirmed,3,2026-06-18 10:00:00,2026-06-18 16:23:24
2541,131,2,Confirmed,10,2026-04-01 06:00:00,2026-04-01 10:43:12
2542,55,10,Scheduled,2,2026-05-29 08:00:00,2026-05-29 13:04:48
2543,145,4,Confirmed,4,2026-06-15 10:00:00,2026-06-15 16:27:00
2544,62,2,Completed,10,2026-05-14 06:00:00,2026-05-14 10:25:12
2545,293,5,Scheduled,1,2026-04-10 06:00:00,2026-04-10 10:58:48
2546,295,4,Completed,8,2026-04-04 10:00:00,2026-04-04 14:05:24
2547,133,4,Completed,5,2026-05-08 09:00:00,2026-05-08 14:51:00
2548,129,5,Confirmed,4,2026-06-25 09:00:00,2026-06-25 15:44:24
2549,85,10,Completed,6,2026-05-01 06:00:00,2026-05-01 11:01:48
2550,286,8,Completed,5,2026-06-20 07:00:00,2026-06-20 10:44:24
2551,212,8,Completed,6,2026-05-02 08:00:00,2026-05-02 15:25:12
2552,215,10,Scheduled,2,2026-04-22 08:00:00,2026-04-22 14:41:24
2553,279,8,Scheduled,1,2026-06-10 07:00:00,2026-06-10 14:28:48
2554,204,4,Confirmed,3,2026-05-19 07:00:00,2026-05-19 15:32:24
2555,19,10,Confirmed,1,2026-05-06 06:00:00,2026-05-06 11:44:24
2556,133,8,Confirmed,10,2026-05-04 10:00:00,2026-05-04 17:21:36
2557,192,1,Completed,1,2026-05-20 09:00:00,2026-05-20 12:16:12
2558,207,5,Completed,3,2026-05-25 09:00:00,2026-05-25 12:33:00
2559,147,5,Confirmed,6,2026-05-18 07:00:00,2026-05-18 14:27:36
2560,263,10,Completed,10,2026-05-05 08:00:00,2026-05-05 12:00:36
2561,278,10,Scheduled,1,2026-06-12 06:00:00,2026-06-12 10:32:24
2562,144,9,Scheduled,9,2026-05-05 06:00:00,2026-05-05 11:30:00
2563,142,10,Confirmed,7,2026-04-13 06:00:00,2026-04-13 13:46:48
2564,42,5,Scheduled,8,2026-05-21 07:00:00,2026-05-21 12:19:12
2565,1,8,Completed,9,2026-06-17 08:00:00,2026-06-17 11:35:24
2566,53,10,Confirmed,4,2026-05-12 07:00:00,2026-05-12 10:52:12
2567,139,1,Completed,7,2026-05-16 09:00:00,2026-05-16 12:10:12
2568,213,8,Completed,8,2026-04-03 07:00:00,2026-04-03 10:32:24
2569,168,3,Scheduled,5,2026-04-06 09:00:00,2026-04-06 14:39:36
2570,178,6,Confirmed,2,2026-04-27 08:00:00,2026-04-27 16:51:36
2571,200,9,Confirmed,5,2026-06-17 07:00:00,2026-06-17 13:49:12
2572,172,4,Confirmed,5,2026-04-13 06:00:00,2026-04-13 12:30:00
2573,58,5,Confirmed,7,2026-06-25 09:00:00,2026-06-25 12:49:12
2574,269,9,Completed,4,2026-06-12 07:00:00,2026-06-12 14:10:48
2575,222,8,Completed,6,2026-05-21 07:00:00,2026-05-21 10:47:24
2576,216,4,Completed,1,2026-06-21 09:00:00,2026-06-21 13:52:12
2577,298,7,Confirmed,3,2026-04-05 06:00:00,2026-04-05 15:18:00
2578,268,2,Scheduled,4,2026-06-21 06:00:00,2026-06-21 15:33:00
2579,92,7,Scheduled,1,2026-04-11 07:00:00,2026-04-11 13:09:36
2580,161,3,Scheduled,10,2026-05-24 08:00:00,2026-05-24 11:22:48
2581,46,4,Confirmed,3,2026-05-21 06:00:00,2026-05-21 10:14:24
2582,74,8,Scheduled,3,2026-06-09 06:00:00,2026-06-09 14:58:12
2583,300,9,Completed,2,2026-05-18 10:00:00,2026-05-18 13:05:24
2584,157,6,Completed,8,2026-05-29 09:00:00,2026-05-29 18:11:24
2585,43,4,Scheduled,3,2026-05-30 06:00:00,2026-05-30 13:32:24
2586,5,4,Confirmed,1,2026-04-13 06:00:00,2026-04-13 10:27:36
2587,46,8,Completed,1,2026-05-20 06:00:00,2026-05-20 12:43:48
2588,180,8,Scheduled,2,2026-05-06 10:00:00,2026-05-06 13:48:00
2589,153,5,Confirmed,7,2026-06-16 10:00:00,2026-06-16 16:28:48
2590,138,3,Completed,2,2026-05-06 10:00:00,2026-05-06 19:06:00
2591,297,4,Confirmed,10,2026-04-22 10:00:00,2026-04-22 17:00:36
2592,272,2,Completed,5,2026-05-31 09:00:00,2026-05-31 15:03:00
2593,82,2,Completed,4,2026-04-24 06:00:00,2026-04-24 12:03:36
2594,226,10,Confirmed,9,2026-04-10 07:00:00,2026-04-10 13:59:24
2595,46,3,Completed,3,2026-05-31 09:00:00,2026-05-31 13:30:36
2596,259,6,Confirmed,6,2026-04-13 06:00:00,2026-04-13 12:53:24
2597,145,6,Scheduled,4,2026-04-19 10:00:00,2026-04-19 16:53:24
2598,231,9,Completed,1,2026-05-07 06:00:00,2026-05-07 12:22:48
2599,218,7,Scheduled,2,2026-06-12 07:00:00,2026-06-12 12:25:48
2600,108,1,Completed,10,2026-05-15 07:00:00,2026-05-15 11:39:00
2601,154,6,Confirmed,3,2026-06-25 09:00:00,2026-06-25 15:51:00
2602,164,9,Completed,9,2026-06-04 09:00:00,2026-06-04 14:24:00
2603,279,7,Completed,6,2026-06-24 07:00:00,2026-06-24 10:02:24
2604,258,4,Completed,6,2026-05-05 10:00:00,2026-05-05 17:57:00
2605,71,7,Completed,5,2026-06-06 09:00:00,2026-06-06 15:12:36
2606,28,9,Confirmed,5,2026-05-19 10:00:00,2026-05-19 14:44:24
2607,294,6,Completed,10,2026-06-28 08:00:00,2026-06-28 11:08:24
2608,37,10,Completed,10,2026-05-04 10:00:00,2026-05-04 15:48:36
2609,146,6,Scheduled,3,2026-05-24 10:00:00,2026-05-24 15:13:48
2610,289,8,Scheduled,2,2026-06-03 10:00:00,2026-06-03 14:24:00
2611,171,4,Confirmed,7,2026-04-30 07:00:00,2026-04-30 10:52:48
2612,150,7,Scheduled,10,2026-04-12 10:00:00,2026-04-12 14:04:12
2613,143,10,Scheduled,3,2026-06-29 10:00:00,2026-06-29 14:24:36
2614,137,5,Confirmed,4,2026-04-27 06:00:00,2026-04-27 13:15:36
2615,259,10,Completed,1,2026-04-17 07:00:00,2026-04-17 11:32:24
2616,64,2,Completed,8,2026-04-19 07:00:00,2026-04-19 10:07:48
2617,235,7,Completed,5,2026-06-17 06:00:00,2026-06-17 12:35:24
2618,227,1,Scheduled,4,2026-04-10 08:00:00,2026-04-10 12:24:00
2619,4,10,Confirmed,3,2026-06-05 06:00:00,2026-06-05 11:51:36
2620,139,5,Scheduled,5,2026-05-12 08:00:00,2026-05-12 12:55:12
2621,296,6,Completed,4,2026-05-08 10:00:00,2026-05-08 14:40:48
2622,272,4,Completed,4,2026-06-15 07:00:00,2026-06-15 11:19:48
2623,159,8,Completed,10,2026-04-12 08:00:00,2026-04-12 15:21:00
2624,72,2,Confirmed,8,2026-04-18 09:00:00,2026-04-18 18:19:12
2625,19,4,Confirmed,7,2026-04-10 07:00:00,2026-04-10 11:40:12
2626,108,5,Confirmed,10,2026-04-23 10:00:00,2026-04-23 13:16:12
2627,223,8,Confirmed,3,2026-05-11 08:00:00,2026-05-11 15:49:48
2628,26,4,Completed,2,2026-05-10 06:00:00,2026-05-10 10:36:36
2629,29,9,Scheduled,1,2026-05-15 08:00:00,2026-05-15 13:51:00
2630,87,8,Confirmed,6,2026-05-25 07:00:00,2026-05-25 13:57:36
2631,5,9,Scheduled,2,2026-04-14 07:00:00,2026-04-14 11:33:36
2632,69,1,Completed,5,2026-05-28 08:00:00,2026-05-28 14:00:36
2633,73,5,Completed,10,2026-05-30 06:00:00,2026-05-30 11:47:24
2634,62,1,Confirmed,10,2026-05-02 10:00:00,2026-05-02 18:53:24
2635,185,10,Completed,6,2026-05-29 06:00:00,2026-05-29 12:10:48
2636,152,5,Confirmed,1,2026-05-27 06:00:00,2026-05-27 11:42:36
2637,297,1,Confirmed,10,2026-06-06 07:00:00,2026-06-06 12:40:48
2638,213,5,Scheduled,3,2026-04-05 08:00:00,2026-04-05 12:02:24
2639,272,8,Confirmed,9,2026-05-27 10:00:00,2026-05-27 19:13:12
2640,249,1,Confirmed,3,2026-04-04 09:00:00,2026-04-04 14:58:48
2641,98,6,Confirmed,3,2026-06-18 08:00:00,2026-06-18 15:23:24
2642,24,8,Scheduled,9,2026-04-27 10:00:00,2026-04-27 17:04:12
2643,82,8,Confirmed,1,2026-04-23 10:00:00,2026-04-23 17:23:24
2644,153,6,Scheduled,7,2026-04-03 07:00:00,2026-04-03 11:36:36
2645,237,5,Completed,7,2026-06-13 10:00:00,2026-06-13 17:15:00
2646,197,6,Confirmed,8,2026-05-16 08:00:00,2026-05-16 12:03:00
2647,112,4,Scheduled,9,2026-05-17 10:00:00,2026-05-17 14:15:36
2648,246,10,Scheduled,5,2026-04-20 08:00:00,2026-04-20 15:35:24
2649,164,1,Completed,9,2026-05-31 10:00:00,2026-05-31 13:40:48
2650,38,10,Confirmed,9,2026-04-06 10:00:00,2026-04-06 16:30:36
2651,92,10,Confirmed,5,2026-06-11 06:00:00,2026-06-11 12:11:24
2652,57,3,Scheduled,1,2026-06-27 09:00:00,2026-06-27 13:29:24
2653,146,8,Scheduled,5,2026-04-24 08:00:00,2026-04-24 15:15:36
2654,103,1,Scheduled,3,2026-04-23 08:00:00,2026-04-23 13:49:48
2655,68,1,Confirmed,3,2026-04-17 10:00:00,2026-04-17 19:11:24
2656,248,4,Confirmed,6,2026-06-07 09:00:00,2026-06-07 12:12:00
2657,137,6,Confirmed,5,2026-06-06 10:00:00,2026-06-06 15:09:36
2658,93,9,Completed,9,2026-06-29 07:00:00,2026-06-29 16:24:00
2659,82,2,Completed,10,2026-05-14 10:00:00,2026-05-14 19:29:24
2660,262,5,Scheduled,8,2026-05-14 08:00:00,2026-05-14 14:55:48
2661,261,2,Scheduled,1,2026-05-05 08:00:00,2026-05-05 13:40:48
2662,188,6,Confirmed,1,2026-06-08 09:00:00,2026-06-08 14:03:36
2663,133,5,Completed,2,2026-04-29 08:00:00,2026-04-29 16:10:12
2664,220,4,Confirmed,10,2026-06-04 10:00:00,2026-06-04 17:12:00
2665,48,5,Scheduled,6,2026-06-27 09:00:00,2026-06-27 12:46:12
2666,191,3,Scheduled,9,2026-04-03 07:00:00,2026-04-03 11:40:12
2667,55,9,Scheduled,3,2026-06-17 07:00:00,2026-06-17 12:00:00
2668,245,1,Confirmed,4,2026-05-24 09:00:00,2026-05-24 12:44:24
2669,190,3,Completed,3,2026-06-12 07:00:00,2026-06-12 14:58:12
2670,233,4,Scheduled,8,2026-04-25 06:00:00,2026-04-25 10:40:48
2671,4,4,Confirmed,5,2026-05-05 08:00:00,2026-05-05 12:49:12
2672,33,6,Confirmed,4,2026-04-19 06:00:00,2026-04-19 10:34:12
2673,195,4,Completed,8,2026-05-07 09:00:00,2026-05-07 18:24:00
2674,180,6,Confirmed,4,2026-05-14 08:00:00,2026-05-14 14:42:00
2675,14,10,Scheduled,10,2026-05-04 06:00:00,2026-05-04 10:34:12
2676,165,9,Confirmed,3,2026-05-31 07:00:00,2026-05-31 13:19:48
2677,50,8,Confirmed,8,2026-05-22 07:00:00,2026-05-22 13:55:12
2678,65,6,Completed,1,2026-04-19 06:00:00,2026-04-19 15:10:48
2679,233,7,Scheduled,9,2026-05-29 10:00:00,2026-05-29 17:54:00
2680,65,10,Confirmed,5,2026-06-15 07:00:00,2026-06-15 12:45:36
2681,34,5,Completed,3,2026-05-19 09:00:00,2026-05-19 14:37:48
2682,204,10,Confirmed,10,2026-05-23 08:00:00,2026-05-23 11:54:00
2683,144,9,Completed,4,2026-04-02 06:00:00,2026-04-02 10:33:00
2684,80,3,Scheduled,7,2026-06-11 07:00:00,2026-06-11 13:45:00
2685,70,8,Scheduled,7,2026-05-29 08:00:00,2026-05-29 11:27:00
2686,147,6,Completed,5,2026-06-10 07:00:00,2026-06-10 12:32:24
2687,192,7,Completed,10,2026-06-14 06:00:00,2026-06-14 14:04:12
2688,297,10,Confirmed,3,2026-05-10 06:00:00,2026-05-10 12:04:12
2689,143,8,Confirmed,2,2026-06-27 10:00:00,2026-06-27 18:34:12
2690,159,8,Scheduled,2,2026-04-29 09:00:00,2026-04-29 16:16:12
2691,97,9,Confirmed,2,2026-05-08 07:00:00,2026-05-08 13:18:36
2692,103,8,Completed,3,2026-05-23 06:00:00,2026-05-23 11:44:24
2693,153,4,Completed,6,2026-05-09 07:00:00,2026-05-09 13:52:12
2694,279,8,Completed,5,2026-05-26 06:00:00,2026-05-26 09:08:24
2695,50,8,Completed,9,2026-06-21 06:00:00,2026-06-21 09:09:00
2696,201,8,Confirmed,5,2026-05-08 09:00:00,2026-05-08 16:46:48
2697,141,5,Completed,4,2026-04-02 10:00:00,2026-04-02 17:48:36
2698,171,6,Completed,10,2026-04-03 10:00:00,2026-04-03 16:28:48
2699,228,6,Confirmed,7,2026-05-31 08:00:00,2026-05-31 11:19:12
2700,31,6,Scheduled,5,2026-06-14 07:00:00,2026-06-14 14:01:48
2701,293,4,Completed,3,2026-05-05 06:00:00,2026-05-05 15:14:24
2702,282,2,Completed,3,2026-04-22 07:00:00,2026-04-22 10:00:36
2703,103,6,Confirmed,9,2026-05-29 08:00:00,2026-05-29 12:46:12
2704,201,5,Confirmed,10,2026-06-04 10:00:00,2026-06-04 14:24:36
2705,163,10,Completed,7,2026-04-13 08:00:00,2026-04-13 17:24:36
2706,147,1,Completed,1,2026-05-14 09:00:00,2026-05-14 12:41:24
2707,16,2,Confirmed,1,2026-05-11 08:00:00,2026-05-11 14:16:12
2708,217,10,Confirmed,5,2026-05-11 09:00:00,2026-05-11 14:44:24
2709,41,10,Completed,4,2026-06-21 10:00:00,2026-06-21 16:01:12
2710,260,9,Confirmed,9,2026-06-25 07:00:00,2026-06-25 13:15:36
2711,184,2,Completed,10,2026-04-13 10:00:00,2026-04-13 16:40:48
2712,104,3,Confirmed,8,2026-05-04 10:00:00,2026-05-04 14:10:12
2713,74,6,Confirmed,5,2026-06-19 09:00:00,2026-06-19 14:49:12
2714,76,6,Completed,8,2026-04-17 07:00:00,2026-04-17 13:17:24
2715,253,7,Confirmed,5,2026-06-23 09:00:00,2026-06-23 12:06:00
2716,239,3,Scheduled,10,2026-04-10 10:00:00,2026-04-10 14:54:00
2717,122,4,Scheduled,8,2026-05-26 06:00:00,2026-05-26 12:18:36
2718,211,6,Completed,6,2026-06-28 07:00:00,2026-06-28 12:13:12
2719,8,3,Confirmed,5,2026-04-13 09:00:00,2026-04-13 14:49:48
2720,12,4,Confirmed,6,2026-04-03 08:00:00,2026-04-03 12:06:36
2721,106,1,Scheduled,5,2026-05-24 08:00:00,2026-05-24 15:17:24
2722,91,8,Confirmed,3,2026-05-20 07:00:00,2026-05-20 10:46:12
2723,288,2,Completed,4,2026-04-18 10:00:00,2026-04-18 16:50:24
2724,294,9,Confirmed,10,2026-06-29 09:00:00,2026-06-29 13:45:36
2725,129,9,Confirmed,6,2026-06-08 08:00:00,2026-06-08 14:57:00
2726,159,5,Confirmed,4,2026-05-07 09:00:00,2026-05-07 14:44:24
2727,287,4,Confirmed,2,2026-05-31 08:00:00,2026-05-31 15:42:36
2728,115,4,Completed,9,2026-06-27 09:00:00,2026-06-27 12:12:00
2729,69,5,Completed,1,2026-06-12 09:00:00,2026-06-12 14:12:36
2730,266,1,Scheduled,1,2026-06-05 10:00:00,2026-06-05 17:35:24
2731,252,10,Scheduled,10,2026-05-21 07:00:00,2026-05-21 10:16:48
2732,210,10,Completed,4,2026-06-10 09:00:00,2026-06-10 14:15:36
2733,116,1,Completed,9,2026-06-25 09:00:00,2026-06-25 14:37:48
2734,272,9,Scheduled,4,2026-06-17 06:00:00,2026-06-17 11:24:00
2735,145,3,Confirmed,9,2026-06-02 07:00:00,2026-06-02 13:47:24
2736,102,1,Confirmed,10,2026-05-10 06:00:00,2026-05-10 10:28:48
2737,158,10,Confirmed,8,2026-06-29 09:00:00,2026-06-29 13:49:12
2738,152,10,Confirmed,8,2026-06-15 10:00:00,2026-06-15 14:03:00
2739,23,5,Completed,2,2026-05-24 06:00:00,2026-05-24 13:13:12
2740,274,7,Confirmed,10,2026-04-25 07:00:00,2026-04-25 14:16:48
2741,204,7,Completed,8,2026-04-13 10:00:00,2026-04-13 16:32:24
2742,181,8,Confirmed,6,2026-06-03 07:00:00,2026-06-03 12:12:36
2743,64,2,Scheduled,6,2026-05-10 07:00:00,2026-05-10 12:18:36
2744,53,8,Confirmed,7,2026-04-01 07:00:00,2026-04-01 16:24:00
2745,194,10,Scheduled,9,2026-04-26 10:00:00,2026-04-26 16:28:48
2746,164,1,Scheduled,2,2026-05-12 06:00:00,2026-05-12 10:31:12
2747,269,6,Scheduled,1,2026-05-31 09:00:00,2026-05-31 16:29:24
2748,24,6,Scheduled,7,2026-04-07 08:00:00,2026-04-07 15:23:24
2749,25,9,Completed,4,2026-06-06 07:00:00,2026-06-06 12:06:36
2750,24,2,Confirmed,5,2026-06-14 10:00:00,2026-06-14 14:25:12
2751,139,9,Completed,10,2026-05-29 10:00:00,2026-05-29 16:21:36
2752,17,10,Confirmed,9,2026-05-29 06:00:00,2026-05-29 12:04:12
2753,140,7,Scheduled,5,2026-05-05 08:00:00,2026-05-05 14:15:00
2754,164,4,Completed,2,2026-06-22 06:00:00,2026-06-22 10:23:24
2755,210,8,Confirmed,9,2026-05-15 07:00:00,2026-05-15 11:05:24
2756,173,6,Completed,8,2026-05-16 10:00:00,2026-05-16 16:45:00
2757,227,2,Confirmed,2,2026-04-28 10:00:00,2026-04-28 15:09:00
2758,238,2,Confirmed,4,2026-04-27 07:00:00,2026-04-27 12:39:00
2759,78,9,Scheduled,10,2026-05-01 08:00:00,2026-05-01 12:33:36
2760,255,7,Confirmed,9,2026-06-06 10:00:00,2026-06-06 15:39:00
2761,290,10,Completed,8,2026-05-03 07:00:00,2026-05-03 10:13:48
2762,139,6,Completed,8,2026-06-15 06:00:00,2026-06-15 11:04:12
2763,251,7,Scheduled,1,2026-04-04 09:00:00,2026-04-04 16:45:36
2764,249,5,Scheduled,7,2026-04-09 06:00:00,2026-04-09 14:43:48
2765,209,4,Scheduled,10,2026-05-10 09:00:00,2026-05-10 13:10:48
2766,110,7,Confirmed,7,2026-05-02 10:00:00,2026-05-02 14:08:24
2767,143,8,Scheduled,4,2026-04-28 06:00:00,2026-04-28 11:46:48
2768,238,2,Scheduled,4,2026-04-26 09:00:00,2026-04-26 15:06:00
2769,160,3,Confirmed,9,2026-06-16 08:00:00,2026-06-16 14:48:00
2770,46,6,Confirmed,9,2026-05-14 07:00:00,2026-05-14 14:53:24
2771,52,8,Scheduled,1,2026-05-28 06:00:00,2026-05-28 10:00:36
2772,223,8,Completed,9,2026-05-20 10:00:00,2026-05-20 16:34:12
2773,193,8,Confirmed,3,2026-04-22 07:00:00,2026-04-22 13:00:00
2774,252,4,Confirmed,5,2026-06-25 10:00:00,2026-06-25 14:31:48
2775,177,4,Confirmed,6,2026-06-07 07:00:00,2026-06-07 11:50:24
2776,94,8,Confirmed,8,2026-04-24 06:00:00,2026-04-24 13:35:24
2777,97,5,Scheduled,6,2026-06-25 09:00:00,2026-06-25 15:21:36
2778,289,4,Confirmed,3,2026-06-27 09:00:00,2026-06-27 14:50:24
2779,39,5,Completed,7,2026-05-11 09:00:00,2026-05-11 16:47:24
2780,205,8,Scheduled,6,2026-06-03 10:00:00,2026-06-03 14:35:24
2781,297,2,Confirmed,7,2026-05-10 09:00:00,2026-05-10 15:10:12
2782,216,1,Confirmed,2,2026-05-12 06:00:00,2026-05-12 15:00:00
2783,147,8,Confirmed,9,2026-05-17 06:00:00,2026-05-17 10:28:48
2784,197,7,Completed,10,2026-04-01 07:00:00,2026-04-01 12:54:00
2785,238,5,Confirmed,1,2026-04-30 06:00:00,2026-04-30 13:09:00
2786,78,7,Scheduled,7,2026-06-18 07:00:00,2026-06-18 10:00:36
2787,209,2,Scheduled,3,2026-06-10 10:00:00,2026-06-10 19:07:48
2788,218,10,Confirmed,5,2026-05-21 08:00:00,2026-05-21 13:23:24
2789,247,6,Completed,5,2026-06-16 09:00:00,2026-06-16 13:19:48
2790,277,6,Completed,10,2026-06-09 06:00:00,2026-06-09 09:03:00
2791,82,4,Confirmed,8,2026-04-25 08:00:00,2026-04-25 13:40:12
2792,170,8,Scheduled,6,2026-05-22 10:00:00,2026-05-22 19:19:48
2793,155,2,Scheduled,7,2026-06-27 06:00:00,2026-06-27 13:54:36
2794,100,7,Scheduled,4,2026-04-14 09:00:00,2026-04-14 13:28:12
2795,47,6,Confirmed,3,2026-04-16 10:00:00,2026-04-16 15:11:24
2796,131,8,Completed,2,2026-05-26 07:00:00,2026-05-26 13:31:12
2797,272,3,Confirmed,2,2026-06-04 08:00:00,2026-06-04 15:25:12
2798,254,1,Confirmed,2,2026-05-01 08:00:00,2026-05-01 14:06:36
2799,289,6,Scheduled,2,2026-04-21 08:00:00,2026-04-21 16:45:36
2800,150,3,Completed,9,2026-05-21 09:00:00,2026-05-21 15:34:48
2801,57,5,Completed,7,2026-04-30 06:00:00,2026-04-30 09:22:12
2802,272,2,Confirmed,8,2026-06-14 09:00:00,2026-06-14 17:09:36
2803,268,2,Completed,2,2026-05-02 06:00:00,2026-05-02 12:23:24
2804,65,9,Completed,4,2026-06-22 07:00:00,2026-06-22 12:39:36
2805,188,4,Completed,6,2026-04-06 09:00:00,2026-04-06 14:30:36
2806,300,8,Confirmed,9,2026-06-16 06:00:00,2026-06-16 11:14:24
2807,23,10,Scheduled,8,2026-04-05 10:00:00,2026-04-05 13:51:36
2808,107,5,Confirmed,10,2026-06-02 08:00:00,2026-06-02 16:15:00
2809,52,9,Completed,9,2026-04-24 10:00:00,2026-04-24 14:13:12
2810,73,5,Scheduled,2,2026-06-04 10:00:00,2026-06-04 17:14:24
2811,114,9,Scheduled,1,2026-05-31 09:00:00,2026-05-31 17:06:00
2812,198,10,Scheduled,9,2026-04-19 06:00:00,2026-04-19 13:28:12
2813,288,2,Confirmed,3,2026-04-27 08:00:00,2026-04-27 14:06:36
2814,273,3,Completed,4,2026-05-25 06:00:00,2026-05-25 12:01:48
2815,86,6,Confirmed,5,2026-06-15 10:00:00,2026-06-15 19:20:24
2816,65,3,Confirmed,7,2026-05-23 09:00:00,2026-05-23 16:34:48
2817,157,5,Confirmed,8,2026-04-12 10:00:00,2026-04-12 17:27:36
2818,100,4,Confirmed,5,2026-06-26 06:00:00,2026-06-26 10:32:24
2819,284,10,Completed,9,2026-06-28 08:00:00,2026-06-28 12:33:36
2820,156,4,Completed,5,2026-06-29 09:00:00,2026-06-29 16:18:00
2821,21,4,Completed,3,2026-05-17 10:00:00,2026-05-17 16:13:48
2822,198,10,Completed,6,2026-06-12 07:00:00,2026-06-12 11:38:24
2823,266,7,Scheduled,9,2026-05-10 06:00:00,2026-05-10 13:07:48
2824,123,6,Confirmed,4,2026-06-10 06:00:00,2026-06-10 13:10:12
2825,119,5,Confirmed,7,2026-06-05 08:00:00,2026-06-05 12:15:36
2826,130,10,Confirmed,7,2026-06-07 09:00:00,2026-06-07 15:18:36
2827,271,5,Scheduled,7,2026-05-21 08:00:00,2026-05-21 11:15:00
2828,53,3,Completed,9,2026-06-18 07:00:00,2026-06-18 12:25:48
2829,152,9,Confirmed,3,2026-05-04 07:00:00,2026-05-04 14:26:24
2830,83,5,Completed,6,2026-06-15 09:00:00,2026-06-15 14:01:12
2831,61,6,Scheduled,5,2026-06-01 09:00:00,2026-06-01 16:51:36
2832,52,8,Completed,1,2026-06-11 06:00:00,2026-06-11 12:24:36
2833,50,4,Completed,10,2026-05-24 06:00:00,2026-05-24 12:31:12
2834,91,10,Confirmed,2,2026-06-15 09:00:00,2026-06-15 16:15:00
2835,61,10,Confirmed,10,2026-06-25 06:00:00,2026-06-25 12:26:24
2836,39,3,Completed,7,2026-04-30 06:00:00,2026-04-30 10:45:00
2837,86,5,Confirmed,2,2026-06-29 10:00:00,2026-06-29 17:35:24
2838,248,8,Confirmed,7,2026-06-05 09:00:00,2026-06-05 15:01:12
2839,4,2,Completed,5,2026-05-03 09:00:00,2026-05-03 15:06:00
2840,117,4,Completed,3,2026-05-21 10:00:00,2026-05-21 18:11:24
2841,37,2,Completed,3,2026-04-04 09:00:00,2026-04-04 14:30:00
2842,146,9,Scheduled,9,2026-04-13 07:00:00,2026-04-13 10:24:00
2843,151,5,Completed,9,2026-05-30 08:00:00,2026-05-30 14:13:48
2844,19,3,Scheduled,6,2026-06-25 10:00:00,2026-06-25 14:27:00
2845,234,10,Confirmed,4,2026-06-15 07:00:00,2026-06-15 13:59:24
2846,103,3,Scheduled,10,2026-05-25 09:00:00,2026-05-25 16:25:12
2847,249,7,Completed,2,2026-04-10 09:00:00,2026-04-10 18:31:48
2848,299,9,Scheduled,2,2026-06-07 08:00:00,2026-06-07 13:11:24
2849,300,7,Confirmed,10,2026-04-09 10:00:00,2026-04-09 13:57:36
2850,15,2,Confirmed,8,2026-05-23 07:00:00,2026-05-23 11:23:24
2851,47,10,Scheduled,4,2026-04-26 06:00:00,2026-04-26 12:47:24
2852,213,2,Scheduled,6,2026-05-30 09:00:00,2026-05-30 17:17:24
2853,188,3,Confirmed,3,2026-04-17 09:00:00,2026-04-17 15:42:36
2854,47,1,Confirmed,8,2026-06-21 08:00:00,2026-06-21 14:42:36
2855,177,5,Confirmed,2,2026-06-28 08:00:00,2026-06-28 11:03:00
2856,228,6,Completed,3,2026-05-10 10:00:00,2026-05-10 16:31:48
2857,51,5,Confirmed,2,2026-05-08 08:00:00,2026-05-08 13:33:00
2858,148,3,Completed,4,2026-05-08 09:00:00,2026-05-08 13:20:24
2859,274,1,Completed,6,2026-05-09 09:00:00,2026-05-09 17:46:12
2860,5,10,Scheduled,5,2026-06-04 07:00:00,2026-06-04 14:56:24
2861,216,7,Confirmed,2,2026-06-04 07:00:00,2026-06-04 12:16:12
2862,281,9,Scheduled,3,2026-06-07 07:00:00,2026-06-07 14:56:24
2863,240,9,Scheduled,2,2026-06-21 07:00:00,2026-06-21 12:55:48
2864,58,8,Completed,3,2026-06-17 10:00:00,2026-06-17 16:09:00
2865,196,7,Completed,10,2026-06-07 08:00:00,2026-06-07 16:06:00
2866,221,9,Scheduled,3,2026-04-15 08:00:00,2026-04-15 13:37:48
2867,278,1,Scheduled,1,2026-05-14 08:00:00,2026-05-14 15:06:00
2868,20,7,Scheduled,10,2026-04-28 07:00:00,2026-04-28 14:37:48
2869,68,2,Completed,7,2026-05-05 08:00:00,2026-05-05 14:38:24
2870,5,8,Scheduled,1,2026-05-08 09:00:00,2026-05-08 12:37:12
2871,87,4,Scheduled,6,2026-04-20 07:00:00,2026-04-20 10:00:36
2872,228,4,Scheduled,10,2026-06-06 07:00:00,2026-06-06 13:54:36
2873,140,6,Completed,4,2026-06-29 08:00:00,2026-06-29 12:22:12
2874,2,7,Confirmed,8,2026-06-09 07:00:00,2026-06-09 13:22:12
2875,150,8,Completed,4,2026-06-20 07:00:00,2026-06-20 12:21:00
2876,47,4,Confirmed,2,2026-04-24 06:00:00,2026-04-24 09:30:00
2877,245,3,Confirmed,2,2026-04-22 09:00:00,2026-04-22 12:09:00
2878,57,5,Confirmed,6,2026-06-04 06:00:00,2026-06-04 14:43:48
2879,171,6,Completed,9,2026-06-27 06:00:00,2026-06-27 10:46:12
2880,180,6,Scheduled,3,2026-04-17 07:00:00,2026-04-17 15:20:24
2881,238,4,Completed,5,2026-05-13 06:00:00,2026-05-13 11:46:48
2882,46,1,Scheduled,10,2026-04-15 08:00:00,2026-04-15 12:25:48
2883,187,7,Completed,9,2026-04-09 08:00:00,2026-04-09 11:18:00
2884,260,8,Completed,7,2026-04-08 08:00:00,2026-04-08 12:03:00
2885,275,2,Confirmed,4,2026-06-26 08:00:00,2026-06-26 12:20:24
2886,77,1,Completed,9,2026-06-12 10:00:00,2026-06-12 13:02:24
2887,7,5,Scheduled,5,2026-06-21 08:00:00,2026-06-21 12:10:12
2888,24,10,Confirmed,4,2026-05-27 10:00:00,2026-05-27 13:31:48
2889,161,5,Confirmed,5,2026-06-06 08:00:00,2026-06-06 12:28:12
2890,265,8,Confirmed,7,2026-04-15 07:00:00,2026-04-15 10:42:00
2891,87,2,Scheduled,7,2026-04-07 08:00:00,2026-04-07 12:11:24
2892,144,6,Confirmed,7,2026-06-06 10:00:00,2026-06-06 13:38:24
2893,87,7,Scheduled,1,2026-05-15 10:00:00,2026-05-15 14:21:36
2894,8,5,Scheduled,4,2026-05-15 09:00:00,2026-05-15 12:11:24
2895,154,5,Completed,1,2026-06-14 08:00:00,2026-06-14 13:18:36
2896,161,2,Completed,5,2026-05-23 06:00:00,2026-05-23 10:30:36
2897,26,7,Scheduled,5,2026-06-04 10:00:00,2026-06-04 14:45:36
2898,261,3,Confirmed,4,2026-06-08 07:00:00,2026-06-08 10:36:00
2899,199,3,Completed,5,2026-06-25 08:00:00,2026-06-25 15:48:00
2900,17,4,Scheduled,3,2026-05-02 07:00:00,2026-05-02 12:38:24
2901,52,9,Completed,10,2026-04-17 08:00:00,2026-04-17 15:42:00
2902,40,10,Confirmed,9,2026-06-19 09:00:00,2026-06-19 17:36:00
2903,221,2,Completed,1,2026-05-16 06:00:00,2026-05-16 10:40:12
2904,180,3,Confirmed,9,2026-06-14 09:00:00,2026-06-14 13:37:12
2905,34,4,Scheduled,2,2026-06-08 09:00:00,2026-06-08 13:42:36
2906,127,9,Confirmed,6,2026-06-04 08:00:00,2026-06-04 16:16:48
2907,218,7,Completed,6,2026-04-26 10:00:00,2026-04-26 16:00:00
2908,160,2,Scheduled,3,2026-04-19 06:00:00,2026-04-19 09:40:48
2909,128,8,Confirmed,3,2026-05-16 06:00:00,2026-05-16 11:40:48
2910,290,4,Confirmed,9,2026-05-03 06:00:00,2026-05-03 12:07:12
2911,139,1,Completed,2,2026-06-21 10:00:00,2026-06-21 15:16:12
2912,21,9,Completed,6,2026-06-29 06:00:00,2026-06-29 13:43:12
2913,108,10,Completed,10,2026-06-21 07:00:00,2026-06-21 12:21:36
2914,3,8,Scheduled,1,2026-05-01 06:00:00,2026-05-01 10:36:36
2915,284,6,Confirmed,5,2026-04-04 10:00:00,2026-04-04 15:42:00
2916,131,8,Completed,8,2026-04-03 08:00:00,2026-04-03 12:06:00
2917,135,5,Scheduled,2,2026-06-15 09:00:00,2026-06-15 15:16:48
2918,291,7,Confirmed,8,2026-04-24 06:00:00,2026-04-24 09:28:48
2919,257,1,Completed,5,2026-05-23 10:00:00,2026-05-23 14:37:12
2920,83,1,Scheduled,7,2026-04-11 08:00:00,2026-04-11 11:19:48
2921,265,5,Completed,5,2026-05-08 10:00:00,2026-05-08 16:24:00
2922,242,4,Scheduled,6,2026-06-29 07:00:00,2026-06-29 13:28:48
2923,35,5,Confirmed,5,2026-05-04 08:00:00,2026-05-04 11:45:00
2924,65,10,Scheduled,9,2026-05-03 09:00:00,2026-05-03 16:45:00
2925,110,2,Confirmed,3,2026-04-27 10:00:00,2026-04-27 16:45:00
2926,165,3,Scheduled,4,2026-06-02 10:00:00,2026-06-02 17:40:12
2927,168,1,Confirmed,5,2026-06-15 08:00:00,2026-06-15 12:31:12
2928,160,9,Completed,10,2026-04-17 10:00:00,2026-04-17 16:00:00
2929,72,4,Completed,2,2026-04-24 10:00:00,2026-04-24 16:47:24
2930,194,3,Scheduled,9,2026-04-25 09:00:00,2026-04-25 12:20:24
2931,101,6,Completed,7,2026-05-03 10:00:00,2026-05-03 13:17:24
2932,136,1,Scheduled,5,2026-06-21 08:00:00,2026-06-21 15:04:12
2933,32,7,Scheduled,2,2026-05-13 07:00:00,2026-05-13 14:30:00
2934,7,7,Scheduled,1,2026-05-26 07:00:00,2026-05-26 10:49:48
2935,119,9,Confirmed,9,2026-04-17 06:00:00,2026-04-17 10:20:24
2936,68,2,Confirmed,5,2026-05-18 09:00:00,2026-05-18 15:57:36
2937,159,7,Confirmed,5,2026-05-21 09:00:00,2026-05-21 15:30:36
2938,249,5,Confirmed,3,2026-04-24 10:00:00,2026-04-24 16:23:24
2939,250,6,Completed,8,2026-06-02 09:00:00,2026-06-02 14:12:00
2940,11,7,Confirmed,1,2026-05-26 07:00:00,2026-05-26 13:09:36
2941,4,1,Completed,9,2026-04-01 10:00:00,2026-04-01 18:45:00
2942,19,8,Completed,2,2026-05-04 10:00:00,2026-05-04 16:39:00
2943,212,3,Confirmed,10,2026-05-08 09:00:00,2026-05-08 15:38:24
2944,77,4,Completed,10,2026-06-17 07:00:00,2026-06-17 11:18:36
2945,96,6,Confirmed,2,2026-06-04 07:00:00,2026-06-04 15:53:24
2946,77,5,Confirmed,9,2026-06-09 07:00:00,2026-06-09 14:19:48
2947,38,6,Confirmed,6,2026-05-04 07:00:00,2026-05-04 11:30:36
2948,49,5,Completed,5,2026-05-03 09:00:00,2026-05-03 14:35:24
2949,200,2,Completed,6,2026-06-13 06:00:00,2026-06-13 14:33:00
2950,68,4,Completed,10,2026-06-09 07:00:00,2026-06-09 14:59:24
2951,164,1,Scheduled,10,2026-04-05 07:00:00,2026-04-05 11:51:00
2952,113,3,Scheduled,1,2026-05-21 06:00:00,2026-05-21 13:57:00
2953,161,7,Confirmed,4,2026-05-30 10:00:00,2026-05-30 15:48:36
2954,189,6,Completed,2,2026-04-12 10:00:00,2026-04-12 14:46:48
2955,229,8,Confirmed,6,2026-05-18 06:00:00,2026-05-18 11:13:48
2956,253,4,Completed,8,2026-06-28 10:00:00,2026-06-28 14:46:12
2957,21,5,Confirmed,10,2026-06-19 07:00:00,2026-06-19 12:42:00
2958,162,5,Scheduled,10,2026-04-17 10:00:00,2026-04-17 18:33:00
2959,218,9,Confirmed,8,2026-05-23 08:00:00,2026-05-23 12:28:12
2960,131,5,Completed,9,2026-04-01 06:00:00,2026-04-01 09:25:48
2961,47,8,Confirmed,2,2026-04-08 10:00:00,2026-04-08 15:40:48
2962,98,6,Scheduled,8,2026-05-26 10:00:00,2026-05-26 17:11:24
2963,239,4,Completed,7,2026-04-28 09:00:00,2026-04-28 14:10:48
2964,225,7,Confirmed,3,2026-05-06 06:00:00,2026-05-06 12:28:12
2965,114,7,Confirmed,10,2026-04-29 09:00:00,2026-04-29 14:30:36
2966,259,5,Confirmed,7,2026-06-27 08:00:00,2026-06-27 13:08:24
2967,247,1,Scheduled,9,2026-05-07 08:00:00,2026-05-07 12:38:24
2968,142,5,Confirmed,8,2026-05-29 09:00:00,2026-05-29 14:58:12
2969,177,7,Confirmed,3,2026-06-22 06:00:00,2026-06-22 14:46:12
2970,54,6,Confirmed,5,2026-04-29 10:00:00,2026-04-29 14:27:36
2971,73,3,Scheduled,6,2026-05-14 08:00:00,2026-05-14 12:45:00
2972,10,5,Completed,9,2026-06-06 10:00:00,2026-06-06 16:55:48
2973,68,7,Completed,9,2026-06-26 08:00:00,2026-06-26 17:10:48
2974,65,6,Scheduled,8,2026-04-09 08:00:00,2026-04-09 11:23:24
2975,128,8,Completed,3,2026-04-25 08:00:00,2026-04-25 11:13:12
2976,292,2,Completed,8,2026-05-29 07:00:00,2026-05-29 12:43:12
2977,267,5,Confirmed,7,2026-05-16 10:00:00,2026-05-16 16:48:00
2978,68,6,Completed,8,2026-04-12 09:00:00,2026-04-12 14:42:00
2979,300,8,Confirmed,3,2026-06-29 08:00:00,2026-06-29 17:07:12
2980,298,5,Scheduled,6,2026-06-02 08:00:00,2026-06-02 12:09:36
2981,295,2,Confirmed,7,2026-04-01 10:00:00,2026-04-01 15:19:48
2982,237,3,Scheduled,1,2026-06-21 09:00:00,2026-06-21 13:03:36
2983,42,1,Completed,1,2026-05-11 08:00:00,2026-05-11 14:21:36
2984,44,2,Confirmed,8,2026-06-25 06:00:00,2026-06-25 09:28:48
2985,255,9,Scheduled,6,2026-06-13 07:00:00,2026-06-13 13:48:36
2986,19,7,Scheduled,4,2026-04-16 08:00:00,2026-04-16 12:46:48
2987,83,5,Confirmed,9,2026-04-28 06:00:00,2026-04-28 15:28:12
2988,77,8,Completed,5,2026-05-08 08:00:00,2026-05-08 15:57:00
2989,209,9,Confirmed,1,2026-06-13 10:00:00,2026-06-13 15:58:12
2990,178,6,Confirmed,5,2026-05-30 09:00:00,2026-05-30 12:24:36
2991,215,9,Completed,5,2026-06-28 08:00:00,2026-06-28 11:46:48
2992,1,6,Confirmed,10,2026-04-18 09:00:00,2026-04-18 16:47:24
2993,297,1,Completed,4,2026-06-19 08:00:00,2026-06-19 13:54:00
2994,73,3,Completed,5,2026-04-07 10:00:00,2026-04-07 16:24:00
2995,113,6,Confirmed,6,2026-06-20 06:00:00,2026-06-20 10:27:00
2996,219,8,Completed,5,2026-05-03 06:00:00,2026-05-03 13:51:00
2997,137,10,Scheduled,8,2026-05-03 09:00:00,2026-05-03 16:45:36
2998,56,9,Confirmed,2,2026-05-01 06:00:00,2026-05-01 10:40:48
2999,196,5,Confirmed,1,2026-04-06 08:00:00,2026-04-06 15:54:36
3000,11,3,Confirmed,8,2026-05-05 08:00:00,2026-05-05 14:10:12
3001,26,6,Confirmed,5,2026-06-09 07:00:00,2026-06-09 10:46:12
3002,181,10,Completed,1,2026-06-25 10:00:00,2026-06-25 16:27:36
3003,211,10,Scheduled,2,2026-04-14 09:00:00,2026-04-14 12:39:00
3004,175,8,Completed,7,2026-04-03 07:00:00,2026-04-03 14:34:12
3005,17,1,Scheduled,10,2026-05-24 07:00:00,2026-05-24 12:00:36
3006,252,10,Completed,9,2026-05-20 09:00:00,2026-05-20 14:01:12
3007,39,1,Scheduled,8,2026-04-21 10:00:00,2026-04-21 16:09:36
3008,77,3,Confirmed,9,2026-04-26 08:00:00,2026-04-26 15:53:24
3009,300,7,Confirmed,9,2026-04-12 06:00:00,2026-04-12 09:10:12
3010,63,10,Confirmed,5,2026-06-03 06:00:00,2026-06-03 13:31:12
3011,245,3,Confirmed,7,2026-06-29 07:00:00,2026-06-29 12:16:48
3012,33,8,Confirmed,6,2026-06-09 08:00:00,2026-06-09 12:40:12
3013,169,1,Completed,4,2026-04-29 08:00:00,2026-04-29 14:56:24
3014,72,9,Confirmed,10,2026-04-06 09:00:00,2026-04-06 15:21:00
3015,4,10,Completed,4,2026-04-06 08:00:00,2026-04-06 17:00:36
3016,76,8,Completed,9,2026-05-12 06:00:00,2026-05-12 13:03:00
3017,259,10,Scheduled,5,2026-05-02 06:00:00,2026-05-02 09:07:48
3018,5,9,Scheduled,3,2026-05-05 09:00:00,2026-05-05 15:54:00
3019,155,1,Confirmed,8,2026-04-13 07:00:00,2026-04-13 11:00:00
3020,251,5,Confirmed,5,2026-04-09 06:00:00,2026-04-09 13:33:36
3021,245,10,Confirmed,6,2026-04-19 10:00:00,2026-04-19 14:06:36
3022,94,10,Confirmed,4,2026-05-10 08:00:00,2026-05-10 12:04:12
3023,14,3,Confirmed,10,2026-05-09 08:00:00,2026-05-09 12:10:48
3024,14,5,Confirmed,9,2026-04-02 10:00:00,2026-04-02 16:45:36
3025,203,6,Scheduled,7,2026-06-22 07:00:00,2026-06-22 11:30:00
3026,245,9,Completed,2,2026-05-18 07:00:00,2026-05-18 12:56:24
3027,266,8,Completed,10,2026-05-12 09:00:00,2026-05-12 13:10:12
3028,288,2,Completed,10,2026-05-04 08:00:00,2026-05-04 14:00:36
3029,81,9,Completed,8,2026-05-19 07:00:00,2026-05-19 12:49:12
3030,284,10,Confirmed,10,2026-05-23 09:00:00,2026-05-23 13:59:24
3031,188,4,Completed,4,2026-05-19 10:00:00,2026-05-19 16:22:48
3032,2,2,Confirmed,1,2026-05-31 09:00:00,2026-05-31 12:55:12
3033,90,2,Completed,5,2026-06-07 09:00:00,2026-06-07 12:22:12
3034,295,8,Completed,5,2026-04-03 07:00:00,2026-04-03 12:16:12
3035,147,6,Completed,9,2026-04-21 09:00:00,2026-04-21 16:16:48
3036,277,10,Completed,1,2026-05-06 06:00:00,2026-05-06 11:27:36
3037,58,7,Completed,5,2026-04-19 06:00:00,2026-04-19 11:18:36
3038,14,9,Confirmed,2,2026-04-16 10:00:00,2026-04-16 15:03:00
3039,106,10,Scheduled,3,2026-06-29 08:00:00,2026-06-29 12:20:24
3040,110,1,Completed,5,2026-06-12 06:00:00,2026-06-12 12:10:48
3041,86,6,Completed,5,2026-05-22 10:00:00,2026-05-22 19:01:12
3042,264,5,Confirmed,1,2026-06-03 09:00:00,2026-06-03 14:50:24
3043,147,8,Scheduled,10,2026-06-22 08:00:00,2026-06-22 15:13:12
3044,188,3,Completed,2,2026-04-14 10:00:00,2026-04-14 14:32:24
3045,153,3,Confirmed,6,2026-06-13 10:00:00,2026-06-13 19:02:24
3046,40,3,Completed,7,2026-06-21 09:00:00,2026-06-21 14:55:12
3047,120,10,Scheduled,1,2026-06-12 09:00:00,2026-06-12 16:12:00
3048,234,4,Scheduled,9,2026-06-08 06:00:00,2026-06-08 11:55:12
3049,58,5,Confirmed,2,2026-06-08 10:00:00,2026-06-08 15:19:12
3050,120,1,Completed,6,2026-06-27 08:00:00,2026-06-27 15:48:00
3051,160,3,Confirmed,2,2026-05-24 08:00:00,2026-05-24 17:25:12
3052,29,1,Scheduled,9,2026-04-09 08:00:00,2026-04-09 12:24:00
3053,296,7,Completed,7,2026-06-09 06:00:00,2026-06-09 09:34:12
3054,114,7,Scheduled,8,2026-06-21 06:00:00,2026-06-21 10:47:24
3055,157,8,Confirmed,6,2026-04-21 07:00:00,2026-04-21 15:42:36
3056,48,2,Scheduled,9,2026-04-08 10:00:00,2026-04-08 16:00:36
3057,200,3,Completed,5,2026-04-26 06:00:00,2026-04-26 13:24:00
3058,140,8,Completed,6,2026-05-09 07:00:00,2026-05-09 10:24:00
3059,277,1,Completed,10,2026-06-12 10:00:00,2026-06-12 15:06:00
3060,135,2,Confirmed,9,2026-04-15 09:00:00,2026-04-15 15:07:12
3061,85,9,Scheduled,9,2026-05-12 10:00:00,2026-05-12 16:15:00
3062,55,5,Scheduled,6,2026-05-30 10:00:00,2026-05-30 17:33:36
3063,282,9,Completed,6,2026-05-17 08:00:00,2026-05-17 14:07:48
3064,242,2,Completed,9,2026-05-23 09:00:00,2026-05-23 17:45:00
3065,143,5,Confirmed,10,2026-06-21 09:00:00,2026-06-21 13:24:00
3066,184,4,Completed,5,2026-04-12 07:00:00,2026-04-12 13:10:12
3067,265,7,Completed,8,2026-04-19 10:00:00,2026-04-19 18:04:12
3068,241,7,Confirmed,10,2026-06-19 09:00:00,2026-06-19 16:45:00
3069,118,10,Scheduled,3,2026-06-10 06:00:00,2026-06-10 13:34:48
3070,298,6,Completed,6,2026-06-28 08:00:00,2026-06-28 13:12:36
3071,173,4,Completed,7,2026-06-20 09:00:00,2026-06-20 13:55:48
3072,186,4,Completed,6,2026-06-12 06:00:00,2026-06-12 11:03:36
3073,157,4,Completed,6,2026-06-06 08:00:00,2026-06-06 11:06:36
3074,40,3,Scheduled,7,2026-04-22 10:00:00,2026-04-22 15:49:48
3075,77,5,Confirmed,6,2026-04-10 10:00:00,2026-04-10 15:00:00
3076,173,4,Completed,1,2026-06-16 08:00:00,2026-06-16 16:33:36
3077,26,2,Completed,7,2026-05-08 07:00:00,2026-05-08 12:04:48
3078,167,4,Completed,3,2026-04-11 06:00:00,2026-04-11 13:47:24
3079,235,5,Confirmed,10,2026-06-17 07:00:00,2026-06-17 16:11:24
3080,83,2,Completed,6,2026-05-08 09:00:00,2026-05-08 15:21:36
3081,5,10,Confirmed,9,2026-06-05 07:00:00,2026-06-05 13:04:48
3082,63,8,Completed,5,2026-05-09 08:00:00,2026-05-09 12:05:24
3083,285,10,Scheduled,2,2026-05-12 07:00:00,2026-05-12 13:54:00
3084,202,1,Completed,2,2026-05-09 06:00:00,2026-05-09 12:28:48
3085,124,4,Scheduled,2,2026-06-26 07:00:00,2026-06-26 14:35:24
3086,169,3,Scheduled,7,2026-05-13 06:00:00,2026-05-13 10:03:36
3087,36,1,Scheduled,8,2026-06-01 09:00:00,2026-06-01 14:27:36
3088,123,9,Confirmed,10,2026-05-11 06:00:00,2026-05-11 12:10:12
3089,63,6,Scheduled,6,2026-04-21 10:00:00,2026-04-21 18:30:36
3090,211,9,Confirmed,1,2026-06-09 06:00:00,2026-06-09 11:39:36
3091,56,6,Completed,8,2026-05-06 06:00:00,2026-05-06 15:06:36
3092,296,6,Confirmed,7,2026-04-17 09:00:00,2026-04-17 18:16:48
3093,7,7,Scheduled,3,2026-04-17 09:00:00,2026-04-17 15:22:48
3094,243,4,Completed,10,2026-06-01 08:00:00,2026-06-01 12:42:36
3095,184,5,Confirmed,3,2026-06-10 07:00:00,2026-06-10 14:44:24
3096,78,6,Completed,8,2026-04-20 10:00:00,2026-04-20 13:21:00
3097,241,3,Scheduled,1,2026-04-08 07:00:00,2026-04-08 14:34:12
3098,49,7,Completed,10,2026-05-21 09:00:00,2026-05-21 16:22:48
3099,26,9,Confirmed,7,2026-04-11 06:00:00,2026-04-11 12:24:36
3100,119,7,Scheduled,7,2026-06-21 10:00:00,2026-06-21 15:28:12
3101,242,10,Confirmed,5,2026-06-15 07:00:00,2026-06-15 13:07:12
3102,58,7,Confirmed,3,2026-04-16 10:00:00,2026-04-16 16:23:24
3103,221,6,Scheduled,8,2026-05-30 09:00:00,2026-05-30 16:18:36
3104,168,6,Scheduled,3,2026-05-05 08:00:00,2026-05-05 14:10:12
3105,272,9,Confirmed,9,2026-05-24 10:00:00,2026-05-24 16:00:36
3106,170,4,Scheduled,10,2026-04-08 09:00:00,2026-04-08 17:22:48
3107,129,4,Completed,1,2026-05-27 06:00:00,2026-05-27 12:12:36
3108,148,5,Completed,5,2026-04-15 06:00:00,2026-04-15 09:06:00
3109,94,9,Confirmed,1,2026-06-08 06:00:00,2026-06-08 14:03:36
3110,108,4,Scheduled,10,2026-05-11 07:00:00,2026-05-11 10:49:12
3111,150,5,Scheduled,5,2026-05-31 06:00:00,2026-05-31 12:49:12
3112,295,1,Completed,6,2026-04-18 06:00:00,2026-04-18 13:30:36
3113,48,1,Completed,10,2026-06-10 10:00:00,2026-06-10 16:12:36
3114,78,4,Scheduled,3,2026-06-07 09:00:00,2026-06-07 15:01:48
3115,177,4,Confirmed,2,2026-05-13 09:00:00,2026-05-13 12:54:36
3116,167,4,Scheduled,7,2026-05-01 10:00:00,2026-05-01 14:19:48
3117,2,3,Completed,2,2026-06-02 08:00:00,2026-06-02 13:09:36
3118,21,1,Completed,5,2026-04-07 10:00:00,2026-04-07 15:31:12
3119,161,6,Completed,9,2026-04-28 08:00:00,2026-04-28 12:42:36
3120,111,5,Confirmed,7,2026-06-27 06:00:00,2026-06-27 11:11:24
3121,11,5,Scheduled,6,2026-04-05 06:00:00,2026-04-05 13:51:36
3122,140,4,Scheduled,9,2026-05-29 06:00:00,2026-05-29 10:21:00
3123,23,8,Completed,7,2026-06-02 10:00:00,2026-06-02 17:47:24
3124,55,5,Confirmed,9,2026-04-09 10:00:00,2026-04-09 15:44:24
3125,240,9,Scheduled,4,2026-06-07 08:00:00,2026-06-07 13:30:36
3126,23,6,Scheduled,5,2026-06-19 07:00:00,2026-06-19 13:28:48
3127,263,7,Completed,9,2026-05-07 06:00:00,2026-05-07 11:45:36
3128,212,10,Completed,10,2026-04-19 10:00:00,2026-04-19 14:36:00
3129,231,2,Completed,2,2026-05-02 07:00:00,2026-05-02 12:36:36
3130,265,3,Completed,4,2026-06-12 07:00:00,2026-06-12 12:23:24
3131,53,5,Scheduled,8,2026-05-07 07:00:00,2026-05-07 11:08:24
3132,50,1,Scheduled,10,2026-05-11 10:00:00,2026-05-11 19:33:00
3133,109,1,Scheduled,7,2026-04-02 08:00:00,2026-04-02 12:40:48
3134,159,5,Completed,7,2026-05-31 10:00:00,2026-05-31 15:04:48
3135,189,9,Confirmed,7,2026-06-14 06:00:00,2026-06-14 12:35:24
3136,157,10,Confirmed,7,2026-05-12 08:00:00,2026-05-12 11:19:48
3137,6,2,Completed,7,2026-04-27 09:00:00,2026-04-27 13:03:00
3138,17,8,Scheduled,8,2026-06-21 06:00:00,2026-06-21 13:26:24
3139,200,4,Confirmed,9,2026-04-05 08:00:00,2026-04-05 12:39:36
3140,135,10,Completed,1,2026-05-10 06:00:00,2026-05-10 14:00:36
3141,288,5,Completed,1,2026-05-27 08:00:00,2026-05-27 15:51:36
3142,147,7,Completed,2,2026-06-24 08:00:00,2026-06-24 12:13:12
3143,171,1,Scheduled,8,2026-04-19 10:00:00,2026-04-19 14:37:48
3144,148,7,Scheduled,1,2026-05-06 07:00:00,2026-05-06 13:22:48
3145,17,4,Completed,4,2026-06-09 09:00:00,2026-06-09 13:46:48
3146,2,4,Confirmed,6,2026-06-25 10:00:00,2026-06-25 16:54:36
3147,234,5,Completed,10,2026-04-29 10:00:00,2026-04-29 14:03:00
3148,247,3,Completed,3,2026-04-28 10:00:00,2026-04-28 17:39:00
3149,167,3,Completed,9,2026-06-28 09:00:00,2026-06-28 12:50:24
3150,186,7,Completed,6,2026-04-01 06:00:00,2026-04-01 10:32:24
3151,295,7,Completed,4,2026-05-29 07:00:00,2026-05-29 11:07:12
3152,257,4,Confirmed,4,2026-06-27 10:00:00,2026-06-27 16:54:36
3153,216,8,Scheduled,5,2026-04-30 08:00:00,2026-04-30 12:28:12
3154,224,6,Confirmed,5,2026-06-28 10:00:00,2026-06-28 15:17:24
3155,268,1,Scheduled,3,2026-04-15 10:00:00,2026-04-15 15:13:48
3156,70,7,Completed,5,2026-05-28 10:00:00,2026-05-28 16:36:00
3157,259,1,Completed,3,2026-05-28 08:00:00,2026-05-28 11:52:48
3158,148,5,Completed,4,2026-05-23 09:00:00,2026-05-23 12:09:36
3159,257,10,Completed,1,2026-06-03 07:00:00,2026-06-03 13:14:24
3160,137,6,Completed,8,2026-05-14 08:00:00,2026-05-14 11:58:48
3161,19,4,Completed,6,2026-05-17 08:00:00,2026-05-17 14:09:00
3162,4,1,Scheduled,10,2026-04-30 10:00:00,2026-04-30 14:16:12
3163,266,7,Scheduled,4,2026-05-15 07:00:00,2026-05-15 11:00:36
3164,89,1,Completed,7,2026-04-26 10:00:00,2026-04-26 14:04:48
3165,98,4,Scheduled,8,2026-06-07 06:00:00,2026-06-07 11:40:48
3166,138,9,Scheduled,2,2026-04-04 07:00:00,2026-04-04 13:24:00
3167,294,10,Scheduled,1,2026-06-18 09:00:00,2026-06-18 15:24:36
3168,255,2,Confirmed,4,2026-05-24 06:00:00,2026-05-24 13:54:36
3169,128,5,Confirmed,2,2026-04-27 06:00:00,2026-04-27 10:46:48
3170,207,6,Completed,8,2026-06-19 06:00:00,2026-06-19 11:18:00
3171,257,3,Completed,7,2026-04-12 07:00:00,2026-04-12 12:36:00
3172,41,3,Confirmed,9,2026-04-14 09:00:00,2026-04-14 13:08:24
3173,230,5,Completed,10,2026-06-29 08:00:00,2026-06-29 11:10:12
3174,87,4,Confirmed,8,2026-06-22 10:00:00,2026-06-22 17:27:00
3175,60,2,Completed,4,2026-05-18 09:00:00,2026-05-18 13:01:48
3176,282,3,Confirmed,3,2026-05-05 10:00:00,2026-05-05 14:14:24
3177,158,2,Completed,2,2026-06-27 10:00:00,2026-06-27 15:51:00
3178,59,3,Confirmed,9,2026-04-30 09:00:00,2026-04-30 13:10:48
3179,99,8,Confirmed,8,2026-06-24 07:00:00,2026-06-24 13:36:36
3180,148,1,Confirmed,7,2026-05-29 06:00:00,2026-05-29 10:19:12
3181,45,1,Confirmed,8,2026-05-10 08:00:00,2026-05-10 14:02:24
3182,63,4,Scheduled,7,2026-05-09 06:00:00,2026-05-09 09:54:00
3183,36,7,Completed,8,2026-04-02 06:00:00,2026-04-02 13:00:00
3184,4,9,Completed,3,2026-06-17 07:00:00,2026-06-17 15:28:12
3185,31,6,Scheduled,10,2026-04-25 09:00:00,2026-04-25 16:29:24
3186,164,1,Confirmed,7,2026-06-20 06:00:00,2026-06-20 12:06:36
3187,238,1,Scheduled,4,2026-04-25 08:00:00,2026-04-25 13:30:00
3188,22,4,Completed,4,2026-06-20 10:00:00,2026-06-20 17:51:00
3189,63,8,Scheduled,1,2026-04-21 08:00:00,2026-04-21 14:00:36
3190,157,2,Confirmed,2,2026-06-06 10:00:00,2026-06-06 15:25:12
3191,92,4,Completed,1,2026-04-08 09:00:00,2026-04-08 13:16:12
3192,152,2,Scheduled,6,2026-04-06 06:00:00,2026-04-06 09:08:24
3193,128,6,Scheduled,1,2026-06-20 10:00:00,2026-06-20 18:40:12
3194,278,8,Completed,8,2026-05-08 10:00:00,2026-05-08 16:24:36
3195,81,10,Confirmed,9,2026-06-08 07:00:00,2026-06-08 13:14:24
3196,272,3,Scheduled,4,2026-05-23 09:00:00,2026-05-23 12:25:48
3197,151,8,Confirmed,8,2026-06-08 10:00:00,2026-06-08 13:10:12
3198,27,9,Scheduled,1,2026-06-29 07:00:00,2026-06-29 13:23:24
3199,195,4,Confirmed,8,2026-05-04 10:00:00,2026-05-04 13:15:00
3200,105,2,Scheduled,6,2026-06-04 08:00:00,2026-06-04 11:31:12
3201,139,10,Completed,6,2026-05-22 10:00:00,2026-05-22 16:04:12
3202,177,4,Scheduled,7,2026-05-01 08:00:00,2026-05-01 14:15:36
3203,91,4,Scheduled,9,2026-06-23 10:00:00,2026-06-23 15:17:24
3204,119,5,Completed,5,2026-05-12 08:00:00,2026-05-12 11:43:48
3205,88,9,Scheduled,2,2026-05-16 08:00:00,2026-05-16 12:27:36
3206,280,2,Scheduled,9,2026-05-01 09:00:00,2026-05-01 16:18:00
3207,64,6,Confirmed,3,2026-06-05 07:00:00,2026-06-05 12:34:12
3208,263,10,Completed,1,2026-05-26 08:00:00,2026-05-26 16:34:48
3209,282,6,Completed,4,2026-04-17 10:00:00,2026-04-17 15:05:24
3210,286,6,Completed,2,2026-04-07 07:00:00,2026-04-07 10:21:00
3211,204,9,Scheduled,4,2026-05-27 09:00:00,2026-05-27 15:25:12
3212,216,1,Completed,6,2026-06-08 08:00:00,2026-06-08 12:51:00
3213,121,2,Confirmed,2,2026-05-13 09:00:00,2026-05-13 12:45:36
3214,147,2,Scheduled,2,2026-06-08 06:00:00,2026-06-08 12:09:00
3215,121,6,Confirmed,4,2026-04-02 10:00:00,2026-04-02 19:32:24
3216,240,7,Completed,10,2026-06-03 06:00:00,2026-06-03 13:32:24
3217,186,10,Completed,1,2026-04-10 10:00:00,2026-04-10 17:30:36
3218,189,10,Confirmed,1,2026-06-13 10:00:00,2026-06-13 14:10:12
3219,295,9,Completed,1,2026-06-27 06:00:00,2026-06-27 12:55:12
3220,186,5,Confirmed,5,2026-04-23 07:00:00,2026-04-23 12:14:24
3221,195,1,Scheduled,2,2026-05-07 06:00:00,2026-05-07 12:44:24
3222,203,2,Confirmed,10,2026-05-27 10:00:00,2026-05-27 18:01:48
3223,87,8,Scheduled,3,2026-06-20 09:00:00,2026-06-20 12:34:12
3224,5,8,Completed,2,2026-04-13 06:00:00,2026-04-13 12:43:48
3225,223,7,Confirmed,3,2026-04-29 07:00:00,2026-04-29 13:21:00
3226,16,10,Completed,3,2026-05-03 07:00:00,2026-05-03 13:43:48
3227,78,8,Confirmed,3,2026-06-12 09:00:00,2026-06-12 15:09:36
3228,252,2,Scheduled,4,2026-06-11 06:00:00,2026-06-11 10:40:12
3229,94,9,Completed,4,2026-04-07 07:00:00,2026-04-07 14:07:48
3230,109,10,Completed,10,2026-06-05 06:00:00,2026-06-05 09:28:48
3231,99,10,Confirmed,1,2026-06-09 09:00:00,2026-06-09 12:07:12
3232,82,2,Confirmed,4,2026-06-13 09:00:00,2026-06-13 12:29:24
3233,222,8,Confirmed,3,2026-06-08 06:00:00,2026-06-08 14:16:48
3234,187,10,Scheduled,8,2026-05-02 07:00:00,2026-05-02 12:20:24
3235,210,10,Confirmed,9,2026-04-07 07:00:00,2026-04-07 14:58:12
3236,1,3,Completed,6,2026-04-06 08:00:00,2026-04-06 14:06:00
3237,241,3,Confirmed,5,2026-06-09 09:00:00,2026-06-09 13:30:36
3238,226,2,Scheduled,7,2026-06-18 06:00:00,2026-06-18 11:58:12
3239,55,5,Confirmed,8,2026-05-02 06:00:00,2026-05-02 14:44:24
3240,79,10,Completed,6,2026-04-12 07:00:00,2026-04-12 10:27:00
3241,259,9,Scheduled,3,2026-06-07 10:00:00,2026-06-07 17:12:36
3242,191,9,Scheduled,5,2026-06-29 06:00:00,2026-06-29 13:05:24
3243,223,7,Confirmed,6,2026-06-27 07:00:00,2026-06-27 16:04:48
3244,139,6,Scheduled,9,2026-05-12 09:00:00,2026-05-12 15:53:24
3245,76,8,Confirmed,1,2026-06-24 09:00:00,2026-06-24 14:00:36
3246,112,6,Completed,1,2026-04-01 07:00:00,2026-04-01 15:55:48
3247,132,10,Completed,2,2026-05-11 09:00:00,2026-05-11 18:17:24
3248,102,6,Completed,2,2026-05-16 08:00:00,2026-05-16 13:07:12
3249,185,9,Scheduled,9,2026-06-08 06:00:00,2026-06-08 10:46:12
3250,100,3,Completed,5,2026-04-21 09:00:00,2026-04-21 16:00:00
3251,157,5,Completed,6,2026-04-19 06:00:00,2026-04-19 10:21:36
3252,14,9,Completed,7,2026-06-03 08:00:00,2026-06-03 13:34:48
3253,55,5,Scheduled,9,2026-04-03 08:00:00,2026-04-03 11:18:00
3254,267,3,Confirmed,6,2026-06-26 06:00:00,2026-06-26 09:28:12
3255,1,3,Confirmed,9,2026-06-18 08:00:00,2026-06-18 14:01:48
3256,17,2,Completed,7,2026-06-21 10:00:00,2026-06-21 15:58:48
3257,203,4,Completed,9,2026-06-12 09:00:00,2026-06-12 13:37:12
3258,258,7,Scheduled,7,2026-05-05 08:00:00,2026-05-05 13:34:48
3259,108,5,Completed,3,2026-06-10 10:00:00,2026-06-10 16:53:24
3260,257,2,Scheduled,5,2026-04-12 10:00:00,2026-04-12 16:12:00
3261,190,9,Scheduled,4,2026-04-28 10:00:00,2026-04-28 14:08:24
3262,66,6,Confirmed,10,2026-04-23 09:00:00,2026-04-23 16:36:36
3263,288,6,Completed,2,2026-05-11 08:00:00,2026-05-11 12:16:48
3264,255,2,Scheduled,6,2026-06-27 09:00:00,2026-06-27 14:14:24
3265,62,7,Scheduled,5,2026-06-06 06:00:00,2026-06-06 11:07:12
3266,101,4,Scheduled,5,2026-05-09 08:00:00,2026-05-09 11:10:12
3267,154,3,Completed,8,2026-04-25 08:00:00,2026-04-25 12:33:00
3268,256,8,Confirmed,3,2026-05-12 10:00:00,2026-05-12 18:30:36
3269,211,5,Confirmed,8,2026-06-07 09:00:00,2026-06-07 14:16:12
3270,295,3,Confirmed,6,2026-05-18 07:00:00,2026-05-18 11:30:00
3271,62,4,Completed,6,2026-04-18 07:00:00,2026-04-18 13:12:36
3272,201,5,Scheduled,6,2026-05-07 09:00:00,2026-05-07 18:18:00
3273,143,6,Completed,4,2026-04-14 06:00:00,2026-04-14 15:21:36
3274,160,7,Confirmed,9,2026-04-02 06:00:00,2026-04-02 09:10:12
3275,257,3,Confirmed,10,2026-06-04 08:00:00,2026-06-04 13:39:00
3276,67,6,Confirmed,4,2026-05-10 08:00:00,2026-05-10 13:19:48
3277,170,8,Completed,6,2026-05-13 10:00:00,2026-05-13 17:30:00
3278,262,6,Completed,6,2026-06-19 07:00:00,2026-06-19 12:01:12
3279,268,2,Scheduled,10,2026-05-06 10:00:00,2026-05-06 14:06:00
3280,260,5,Completed,9,2026-05-16 08:00:00,2026-05-16 15:41:24
3281,261,7,Confirmed,5,2026-05-25 06:00:00,2026-05-25 13:44:24
3282,21,3,Scheduled,3,2026-05-02 07:00:00,2026-05-02 14:18:00
3283,137,3,Completed,10,2026-04-04 07:00:00,2026-04-04 14:43:12
3284,3,2,Scheduled,1,2026-05-06 09:00:00,2026-05-06 15:29:24
3285,54,1,Confirmed,5,2026-05-17 10:00:00,2026-05-17 18:25:12
3286,115,10,Completed,2,2026-04-16 06:00:00,2026-04-16 11:29:24
3287,20,3,Scheduled,10,2026-06-10 08:00:00,2026-06-10 13:00:00
3288,119,5,Confirmed,6,2026-05-18 08:00:00,2026-05-18 15:55:48
3289,176,5,Confirmed,7,2026-05-12 08:00:00,2026-05-12 13:06:00
3290,296,5,Scheduled,7,2026-06-09 09:00:00,2026-06-09 16:12:36
3291,269,3,Scheduled,8,2026-06-27 06:00:00,2026-06-27 11:50:24
3292,97,10,Scheduled,5,2026-06-15 10:00:00,2026-06-15 17:17:24
3293,131,6,Scheduled,8,2026-04-26 07:00:00,2026-04-26 12:14:24
3294,163,7,Completed,3,2026-06-11 06:00:00,2026-06-11 13:22:48
3295,27,10,Completed,2,2026-05-28 08:00:00,2026-05-28 11:55:48
3296,94,1,Confirmed,10,2026-06-21 10:00:00,2026-06-21 16:07:48
3297,214,10,Scheduled,3,2026-05-26 08:00:00,2026-05-26 12:16:48
3298,140,9,Confirmed,9,2026-06-01 10:00:00,2026-06-01 18:15:36
3299,91,7,Scheduled,3,2026-06-14 06:00:00,2026-06-14 12:23:24
3300,298,5,Confirmed,4,2026-04-19 07:00:00,2026-04-19 16:22:48
3301,143,2,Confirmed,2,2026-05-07 07:00:00,2026-05-07 12:42:00
3302,246,3,Completed,3,2026-06-09 07:00:00,2026-06-09 10:09:00
3303,199,4,Completed,2,2026-05-05 06:00:00,2026-05-05 14:08:24
3304,166,10,Completed,10,2026-06-06 07:00:00,2026-06-06 11:38:24
3305,157,8,Confirmed,2,2026-05-14 08:00:00,2026-05-14 14:07:12
3306,206,9,Confirmed,4,2026-06-09 09:00:00,2026-06-09 16:28:48
3307,67,5,Scheduled,8,2026-05-04 07:00:00,2026-05-04 13:20:24
3308,81,9,Completed,3,2026-05-20 10:00:00,2026-05-20 15:22:12
3309,169,7,Scheduled,3,2026-06-07 08:00:00,2026-06-07 14:54:00
3310,216,10,Scheduled,2,2026-06-17 09:00:00,2026-06-17 14:20:24
3311,95,3,Confirmed,7,2026-06-13 09:00:00,2026-06-13 15:01:48
3312,238,3,Confirmed,1,2026-05-11 06:00:00,2026-05-11 13:42:00
3313,159,2,Confirmed,1,2026-05-05 06:00:00,2026-05-05 11:37:12
3314,8,2,Scheduled,3,2026-05-28 06:00:00,2026-05-28 10:21:00
3315,115,1,Confirmed,10,2026-04-06 06:00:00,2026-04-06 13:39:00
3316,242,9,Confirmed,6,2026-06-03 09:00:00,2026-06-03 15:09:00
3317,284,1,Confirmed,3,2026-06-17 06:00:00,2026-06-17 13:54:36
3318,100,6,Completed,10,2026-04-23 07:00:00,2026-04-23 10:43:48
3319,140,6,Confirmed,10,2026-05-19 08:00:00,2026-05-19 13:07:12
3320,190,7,Scheduled,4,2026-05-14 07:00:00,2026-05-14 11:35:24
3321,215,8,Confirmed,9,2026-04-15 10:00:00,2026-04-15 19:17:24
3322,177,6,Confirmed,3,2026-06-18 07:00:00,2026-06-18 15:56:24
3323,65,4,Scheduled,5,2026-05-12 06:00:00,2026-05-12 10:09:36
3324,250,7,Scheduled,7,2026-04-24 06:00:00,2026-04-24 10:16:48
3325,265,8,Confirmed,7,2026-06-15 07:00:00,2026-06-15 12:03:36
3326,24,2,Completed,1,2026-06-23 08:00:00,2026-06-23 16:46:48
3327,108,5,Completed,9,2026-05-22 10:00:00,2026-05-22 15:25:12
3328,3,3,Scheduled,4,2026-05-18 10:00:00,2026-05-18 15:21:36
3329,276,2,Scheduled,4,2026-06-09 08:00:00,2026-06-09 15:28:48
3330,289,6,Confirmed,1,2026-05-15 09:00:00,2026-05-15 18:27:00
3331,266,2,Confirmed,2,2026-04-17 07:00:00,2026-04-17 13:05:24
3332,284,6,Confirmed,10,2026-06-08 10:00:00,2026-06-08 19:32:24
3333,200,7,Completed,10,2026-05-04 09:00:00,2026-05-04 13:04:48
3334,20,1,Confirmed,6,2026-05-22 06:00:00,2026-05-22 10:52:48
3335,87,3,Scheduled,4,2026-04-24 07:00:00,2026-04-24 11:30:36
3336,148,1,Completed,1,2026-04-17 06:00:00,2026-04-17 11:01:12
3337,225,4,Confirmed,4,2026-06-08 07:00:00,2026-06-08 10:28:48
3338,147,1,Scheduled,4,2026-06-24 07:00:00,2026-06-24 16:08:24
3339,32,1,Scheduled,5,2026-04-23 08:00:00,2026-04-23 12:19:12
3340,290,8,Scheduled,3,2026-05-18 10:00:00,2026-05-18 16:03:00
3341,216,4,Completed,3,2026-06-04 07:00:00,2026-06-04 12:58:12
3342,104,7,Completed,1,2026-04-06 08:00:00,2026-04-06 12:39:00
3343,247,4,Completed,9,2026-04-09 08:00:00,2026-04-09 14:36:00
3344,171,7,Confirmed,4,2026-05-29 07:00:00,2026-05-29 14:37:12
3345,119,9,Scheduled,8,2026-04-15 06:00:00,2026-04-15 09:39:36
3346,14,9,Completed,2,2026-04-23 08:00:00,2026-04-23 12:21:00
3347,53,8,Completed,7,2026-05-10 06:00:00,2026-05-10 11:37:12
3348,199,3,Completed,6,2026-04-08 06:00:00,2026-04-08 13:21:36
3349,208,1,Scheduled,9,2026-04-12 07:00:00,2026-04-12 10:55:12
3350,261,9,Completed,8,2026-05-09 07:00:00,2026-05-09 10:43:48
3351,20,2,Scheduled,7,2026-05-07 06:00:00,2026-05-07 10:16:48
3352,151,2,Confirmed,4,2026-04-23 09:00:00,2026-04-23 15:03:00
3353,20,3,Scheduled,5,2026-04-29 09:00:00,2026-04-29 14:59:24
3354,270,4,Completed,2,2026-06-27 08:00:00,2026-06-27 14:18:00
3355,296,9,Confirmed,4,2026-06-18 08:00:00,2026-06-18 15:10:12
3356,140,8,Confirmed,5,2026-05-30 07:00:00,2026-05-30 14:00:36
3357,102,3,Scheduled,7,2026-06-19 07:00:00,2026-06-19 11:17:24
3358,155,5,Confirmed,1,2026-05-23 08:00:00,2026-05-23 13:16:12
3359,233,10,Completed,2,2026-06-07 09:00:00,2026-06-07 13:45:36
3360,17,2,Completed,7,2026-05-13 07:00:00,2026-05-13 16:31:48
3361,121,3,Completed,3,2026-06-07 06:00:00,2026-06-07 11:01:48
3362,114,5,Scheduled,1,2026-04-27 09:00:00,2026-04-27 17:25:12
3363,71,5,Scheduled,6,2026-06-29 09:00:00,2026-06-29 15:19:48
3364,224,3,Scheduled,10,2026-05-09 10:00:00,2026-05-09 17:41:24
3365,241,4,Completed,2,2026-06-16 06:00:00,2026-06-16 11:34:48
3366,213,10,Scheduled,4,2026-06-05 07:00:00,2026-06-05 13:52:48
3367,230,3,Scheduled,7,2026-06-11 06:00:00,2026-06-11 13:31:48
3368,294,9,Confirmed,9,2026-04-07 09:00:00,2026-04-07 17:44:24
3369,160,8,Confirmed,2,2026-06-18 06:00:00,2026-06-18 12:55:48
3370,250,4,Confirmed,10,2026-06-26 07:00:00,2026-06-26 14:52:48
3371,221,1,Confirmed,7,2026-04-05 06:00:00,2026-04-05 12:01:12
3372,289,7,Scheduled,4,2026-06-11 06:00:00,2026-06-11 12:22:48
3373,144,4,Scheduled,1,2026-04-04 06:00:00,2026-04-04 11:49:48
3374,267,5,Completed,4,2026-04-16 06:00:00,2026-04-16 14:40:48
3375,114,8,Confirmed,4,2026-05-26 09:00:00,2026-05-26 14:30:00
3376,298,1,Scheduled,8,2026-04-28 08:00:00,2026-04-28 13:46:48
3377,211,4,Confirmed,3,2026-06-17 09:00:00,2026-06-17 13:14:24
3378,66,9,Scheduled,3,2026-05-22 10:00:00,2026-05-22 16:24:00
3379,289,1,Completed,5,2026-04-16 08:00:00,2026-04-16 13:50:24
3380,204,8,Confirmed,9,2026-06-26 07:00:00,2026-06-26 12:55:48
3381,80,4,Scheduled,6,2026-06-17 08:00:00,2026-06-17 17:24:36
3382,73,5,Scheduled,7,2026-04-25 10:00:00,2026-04-25 14:11:24
3383,248,6,Scheduled,7,2026-06-05 08:00:00,2026-06-05 15:17:24
3384,164,8,Completed,9,2026-04-22 06:00:00,2026-04-22 13:01:12
3385,244,10,Confirmed,10,2026-05-27 06:00:00,2026-05-27 14:11:24
3386,222,7,Completed,5,2026-06-26 09:00:00,2026-06-26 16:35:24
3387,129,9,Confirmed,4,2026-05-29 06:00:00,2026-05-29 11:34:48
3388,203,8,Confirmed,7,2026-05-23 07:00:00,2026-05-23 11:28:48
3389,229,8,Completed,6,2026-04-07 07:00:00,2026-04-07 12:51:36
3390,194,10,Confirmed,1,2026-05-20 09:00:00,2026-05-20 16:38:24
3391,70,1,Confirmed,5,2026-04-22 08:00:00,2026-04-22 12:13:12
3392,219,1,Scheduled,5,2026-04-28 06:00:00,2026-04-28 10:19:48
3393,125,6,Confirmed,4,2026-05-12 07:00:00,2026-05-12 12:08:24
3394,198,2,Scheduled,4,2026-04-20 10:00:00,2026-04-20 13:07:12
3395,55,1,Confirmed,1,2026-04-23 09:00:00,2026-04-23 12:25:12
3396,251,9,Completed,5,2026-05-15 08:00:00,2026-05-15 13:17:24
3397,77,8,Scheduled,10,2026-05-14 09:00:00,2026-05-14 12:16:12
3398,147,10,Completed,4,2026-06-07 09:00:00,2026-06-07 12:58:12
3399,198,1,Completed,8,2026-05-10 06:00:00,2026-05-10 09:16:12
3400,73,2,Scheduled,6,2026-05-05 08:00:00,2026-05-05 12:28:48
3401,31,5,Completed,4,2026-05-06 07:00:00,2026-05-06 11:13:48
3402,4,9,Scheduled,7,2026-05-03 08:00:00,2026-05-03 15:41:24
3403,59,9,Completed,2,2026-05-28 10:00:00,2026-05-28 18:59:24
3404,263,6,Completed,2,2026-06-09 06:00:00,2026-06-09 13:32:24
3405,226,5,Completed,2,2026-06-15 10:00:00,2026-06-15 13:40:48
3406,105,6,Scheduled,5,2026-05-07 06:00:00,2026-05-07 09:51:00
3407,55,6,Confirmed,2,2026-05-08 08:00:00,2026-05-08 14:33:36
3408,5,8,Confirmed,5,2026-06-11 08:00:00,2026-06-11 13:04:12
3409,193,1,Confirmed,4,2026-04-06 10:00:00,2026-04-06 15:58:12
3410,73,3,Completed,2,2026-06-01 10:00:00,2026-06-01 15:21:36
3411,130,7,Completed,2,2026-06-01 08:00:00,2026-06-01 14:02:24
3412,20,7,Confirmed,1,2026-06-07 09:00:00,2026-06-07 13:19:48
3413,131,5,Scheduled,6,2026-04-17 08:00:00,2026-04-17 12:45:00
3414,251,8,Scheduled,3,2026-05-02 09:00:00,2026-05-02 15:18:00
3415,216,6,Scheduled,1,2026-04-21 06:00:00,2026-04-21 10:39:00
3416,63,3,Scheduled,5,2026-04-20 06:00:00,2026-04-20 11:16:12
3417,149,5,Completed,2,2026-06-19 09:00:00,2026-06-19 13:09:36
3418,110,6,Scheduled,1,2026-04-04 09:00:00,2026-04-04 18:32:24
3419,83,2,Confirmed,4,2026-04-11 08:00:00,2026-04-11 16:46:12
3420,97,1,Completed,1,2026-04-15 08:00:00,2026-04-15 13:21:00
3421,57,5,Scheduled,10,2026-06-17 10:00:00,2026-06-17 13:53:24
3422,200,9,Completed,2,2026-06-06 07:00:00,2026-06-06 11:45:36
3423,244,5,Scheduled,1,2026-06-14 06:00:00,2026-06-14 11:37:12
3424,131,7,Completed,8,2026-04-22 07:00:00,2026-04-22 11:06:00
3425,234,5,Confirmed,4,2026-06-14 06:00:00,2026-06-14 13:02:24
3426,256,3,Confirmed,8,2026-04-29 07:00:00,2026-04-29 11:16:12
3427,184,9,Completed,3,2026-04-27 07:00:00,2026-04-27 11:11:24
3428,230,2,Confirmed,10,2026-06-16 08:00:00,2026-06-16 14:50:24
3429,227,7,Completed,10,2026-05-28 09:00:00,2026-05-28 15:22:48
3430,89,6,Completed,8,2026-05-14 06:00:00,2026-05-14 10:00:36
3431,283,1,Completed,9,2026-05-10 10:00:00,2026-05-10 14:17:24
3432,98,9,Scheduled,4,2026-06-17 07:00:00,2026-06-17 13:12:00
3433,47,3,Completed,9,2026-04-23 08:00:00,2026-04-23 13:34:12
3434,87,8,Completed,2,2026-04-26 06:00:00,2026-04-26 12:46:48
3435,274,6,Scheduled,3,2026-05-02 08:00:00,2026-05-02 11:46:12
3436,244,2,Confirmed,2,2026-05-01 06:00:00,2026-05-01 11:52:12
3437,279,4,Completed,6,2026-06-04 07:00:00,2026-06-04 13:36:36
3438,25,5,Confirmed,5,2026-05-05 06:00:00,2026-05-05 10:02:24
3439,71,6,Completed,9,2026-05-08 09:00:00,2026-05-08 14:10:12
3440,64,6,Scheduled,6,2026-06-01 09:00:00,2026-06-01 14:26:24
3441,191,5,Confirmed,6,2026-05-11 08:00:00,2026-05-11 11:55:12
3442,211,4,Completed,5,2026-04-14 09:00:00,2026-04-14 14:55:12
3443,124,4,Scheduled,4,2026-04-06 06:00:00,2026-04-06 11:50:24
3444,30,9,Scheduled,5,2026-05-21 10:00:00,2026-05-21 18:57:36
3445,151,3,Completed,2,2026-06-29 08:00:00,2026-06-29 13:13:12
3446,233,1,Completed,1,2026-04-21 09:00:00,2026-04-21 12:26:24
3447,48,8,Completed,2,2026-04-20 09:00:00,2026-04-20 12:46:48
3448,116,1,Confirmed,6,2026-04-21 08:00:00,2026-04-21 15:51:36
3449,151,6,Confirmed,2,2026-05-13 08:00:00,2026-05-13 12:25:12
3450,136,7,Completed,10,2026-05-26 07:00:00,2026-05-26 15:54:00
3451,254,1,Confirmed,7,2026-05-13 10:00:00,2026-05-13 15:03:00
3452,36,2,Scheduled,5,2026-06-23 09:00:00,2026-06-23 13:49:12
3453,116,7,Completed,9,2026-05-12 09:00:00,2026-05-12 16:23:24
3454,256,10,Scheduled,9,2026-04-08 06:00:00,2026-04-08 10:42:00
3455,285,6,Confirmed,1,2026-04-17 09:00:00,2026-04-17 15:20:24
3456,4,7,Scheduled,5,2026-04-28 08:00:00,2026-04-28 12:06:00
3457,134,7,Scheduled,9,2026-06-11 07:00:00,2026-06-11 11:40:12
3458,45,6,Scheduled,6,2026-04-06 06:00:00,2026-04-06 09:43:12
3459,132,7,Confirmed,8,2026-04-16 09:00:00,2026-04-16 13:47:24
3460,217,9,Confirmed,7,2026-06-02 08:00:00,2026-06-02 13:46:12
3461,1,3,Scheduled,1,2026-06-07 09:00:00,2026-06-07 12:39:36
3462,251,3,Scheduled,7,2026-06-26 07:00:00,2026-06-26 11:19:12
3463,133,5,Scheduled,3,2026-05-08 07:00:00,2026-05-08 16:13:12
3464,187,6,Confirmed,8,2026-06-21 06:00:00,2026-06-21 13:54:00
3465,186,4,Confirmed,7,2026-04-18 06:00:00,2026-04-18 14:27:36
3466,256,3,Scheduled,6,2026-04-02 06:00:00,2026-04-02 09:30:36
3467,103,8,Completed,5,2026-05-20 09:00:00,2026-05-20 16:31:48
3468,261,6,Confirmed,7,2026-04-17 10:00:00,2026-04-17 14:30:00
3469,51,1,Confirmed,6,2026-04-12 06:00:00,2026-04-12 15:06:36
3470,165,6,Scheduled,2,2026-04-14 07:00:00,2026-04-14 11:30:36
3471,221,4,Scheduled,9,2026-06-27 06:00:00,2026-06-27 12:47:24
3472,74,9,Confirmed,4,2026-04-20 10:00:00,2026-04-20 14:27:36
3473,90,7,Scheduled,8,2026-06-26 09:00:00,2026-06-26 14:30:00
3474,181,2,Scheduled,4,2026-06-27 09:00:00,2026-06-27 12:19:48
3475,157,8,Completed,7,2026-05-20 10:00:00,2026-05-20 17:29:24
3476,126,1,Confirmed,1,2026-04-18 07:00:00,2026-04-18 11:38:24
3477,33,2,Scheduled,9,2026-04-08 07:00:00,2026-04-08 14:02:24
3478,146,3,Scheduled,6,2026-04-26 06:00:00,2026-04-26 13:52:48
3479,11,3,Scheduled,8,2026-06-17 10:00:00,2026-06-17 16:09:36
3480,105,6,Confirmed,4,2026-04-29 09:00:00,2026-04-29 12:45:00
3481,96,1,Confirmed,7,2026-05-31 06:00:00,2026-05-31 10:58:48
3482,119,4,Scheduled,4,2026-04-14 09:00:00,2026-04-14 17:13:48
3483,63,6,Completed,6,2026-06-22 08:00:00,2026-06-22 15:36:36
3484,241,6,Completed,2,2026-06-27 09:00:00,2026-06-27 13:42:36
3485,100,1,Completed,10,2026-05-12 09:00:00,2026-05-12 17:30:36
3486,137,3,Completed,4,2026-05-19 10:00:00,2026-05-19 17:00:36
3487,225,3,Scheduled,7,2026-06-18 07:00:00,2026-06-18 14:22:12
3488,148,5,Scheduled,4,2026-04-14 08:00:00,2026-04-14 13:57:36
3489,166,4,Completed,4,2026-04-17 08:00:00,2026-04-17 11:48:00
3490,58,2,Completed,1,2026-04-29 06:00:00,2026-04-29 10:43:12
3491,284,6,Scheduled,10,2026-04-01 10:00:00,2026-04-01 14:46:48
3492,4,10,Confirmed,3,2026-06-20 07:00:00,2026-06-20 13:27:36
3493,174,1,Scheduled,5,2026-05-19 10:00:00,2026-05-19 13:40:12
3494,196,10,Confirmed,2,2026-05-03 08:00:00,2026-05-03 15:10:48
3495,288,9,Completed,2,2026-06-07 09:00:00,2026-06-07 15:41:24
3496,297,5,Scheduled,3,2026-05-30 10:00:00,2026-05-30 13:31:48
3497,6,8,Scheduled,5,2026-06-02 09:00:00,2026-06-02 13:37:12
3498,20,3,Confirmed,4,2026-05-24 07:00:00,2026-05-24 13:41:24
3499,139,9,Scheduled,8,2026-05-08 08:00:00,2026-05-08 12:04:48
3500,226,6,Completed,10,2026-06-18 09:00:00,2026-06-18 14:03:00
3501,186,7,Confirmed,4,2026-06-10 06:00:00,2026-06-10 10:03:00
3502,89,1,Completed,4,2026-04-08 06:00:00,2026-04-08 09:43:12
3503,172,7,Confirmed,2,2026-04-29 09:00:00,2026-04-29 12:30:36
3504,139,10,Scheduled,4,2026-04-12 06:00:00,2026-04-12 11:12:36
3505,214,1,Completed,6,2026-04-21 10:00:00,2026-04-21 16:01:12
3506,299,5,Confirmed,4,2026-06-01 10:00:00,2026-06-01 17:02:24
3507,250,10,Confirmed,10,2026-06-27 10:00:00,2026-06-27 14:01:48
3508,267,1,Completed,10,2026-05-16 08:00:00,2026-05-16 14:03:36
3509,279,6,Confirmed,4,2026-06-26 09:00:00,2026-06-26 15:16:12
3510,175,1,Completed,6,2026-04-16 08:00:00,2026-04-16 15:15:36
3511,88,1,Scheduled,2,2026-04-18 10:00:00,2026-04-18 16:00:36
3512,241,4,Scheduled,10,2026-05-22 09:00:00,2026-05-22 12:15:00
3513,247,6,Confirmed,5,2026-06-17 10:00:00,2026-06-17 14:14:24
3514,243,7,Confirmed,4,2026-05-04 10:00:00,2026-05-04 14:08:24
3515,269,5,Scheduled,7,2026-06-22 06:00:00,2026-06-22 13:09:36
3516,236,8,Completed,8,2026-04-16 09:00:00,2026-04-16 17:16:12
3517,139,4,Confirmed,9,2026-05-09 09:00:00,2026-05-09 15:58:12
3518,268,6,Scheduled,3,2026-06-08 07:00:00,2026-06-08 12:17:24
3519,259,6,Scheduled,7,2026-04-04 08:00:00,2026-04-04 14:39:36
3520,198,4,Completed,6,2026-05-02 09:00:00,2026-05-02 16:09:36
3521,298,9,Scheduled,4,2026-04-14 06:00:00,2026-04-14 13:06:00
3522,250,7,Completed,5,2026-05-30 09:00:00,2026-05-30 16:51:36
3523,222,10,Scheduled,7,2026-06-24 10:00:00,2026-06-24 15:29:24
3524,214,10,Scheduled,5,2026-06-27 10:00:00,2026-06-27 16:02:24
3525,216,6,Completed,5,2026-05-17 10:00:00,2026-05-17 18:15:00
3526,104,10,Completed,6,2026-06-21 06:00:00,2026-06-21 11:02:24
3527,27,6,Scheduled,9,2026-05-07 09:00:00,2026-05-07 17:12:36
3528,63,6,Scheduled,4,2026-05-29 10:00:00,2026-05-29 14:58:12
3529,39,6,Scheduled,8,2026-04-10 10:00:00,2026-04-10 14:11:24
3530,24,10,Completed,6,2026-04-28 07:00:00,2026-04-28 14:57:36
3531,214,4,Confirmed,6,2026-06-14 06:00:00,2026-06-14 11:08:24
3532,300,5,Confirmed,2,2026-06-01 10:00:00,2026-06-01 15:43:12
3533,222,3,Confirmed,2,2026-05-11 06:00:00,2026-05-11 09:36:36
3534,83,9,Completed,1,2026-06-04 10:00:00,2026-06-04 19:15:00
3535,152,10,Confirmed,2,2026-05-24 06:00:00,2026-05-24 09:25:12
3536,276,8,Completed,6,2026-04-09 07:00:00,2026-04-09 15:43:48
3537,69,2,Completed,2,2026-04-07 07:00:00,2026-04-07 11:38:24
3538,246,3,Completed,5,2026-05-15 06:00:00,2026-05-15 10:17:24
3539,296,10,Scheduled,1,2026-04-30 06:00:00,2026-04-30 10:18:00
3540,123,4,Completed,9,2026-04-04 06:00:00,2026-04-04 12:43:12
3541,238,4,Completed,10,2026-04-28 08:00:00,2026-04-28 15:48:00
3542,36,1,Completed,9,2026-05-15 06:00:00,2026-05-15 13:00:00
3543,94,7,Completed,10,2026-04-20 10:00:00,2026-04-20 15:46:12
3544,95,10,Confirmed,10,2026-04-06 06:00:00,2026-04-06 09:45:00
3545,111,5,Confirmed,10,2026-06-23 10:00:00,2026-06-23 14:39:00
3546,235,6,Completed,1,2026-06-04 10:00:00,2026-06-04 15:59:24
3547,51,1,Scheduled,3,2026-06-15 10:00:00,2026-06-15 14:09:36
3548,176,3,Confirmed,3,2026-06-28 06:00:00,2026-06-28 12:30:36
3549,197,7,Completed,4,2026-04-03 09:00:00,2026-04-03 18:23:24
3550,176,10,Completed,10,2026-06-14 06:00:00,2026-06-14 10:24:36
3551,192,2,Confirmed,4,2026-04-18 09:00:00,2026-04-18 13:06:00
3552,92,4,Completed,3,2026-04-05 09:00:00,2026-04-05 15:16:48
3553,72,9,Confirmed,7,2026-06-22 10:00:00,2026-06-22 14:54:00
3554,8,8,Scheduled,6,2026-04-21 10:00:00,2026-04-21 14:20:24
3555,153,6,Scheduled,7,2026-04-16 09:00:00,2026-04-16 16:19:12
3556,198,4,Completed,5,2026-04-01 08:00:00,2026-04-01 14:21:36
3557,144,3,Scheduled,3,2026-06-20 06:00:00,2026-06-20 11:22:12
3558,270,10,Confirmed,6,2026-06-27 08:00:00,2026-06-27 17:13:12
3559,57,2,Scheduled,8,2026-04-24 06:00:00,2026-04-24 11:27:00
3560,214,5,Scheduled,9,2026-05-12 10:00:00,2026-05-12 18:40:12
3561,178,2,Confirmed,7,2026-06-13 09:00:00,2026-06-13 18:05:24
3562,275,7,Scheduled,3,2026-06-14 06:00:00,2026-06-14 09:09:36
3563,105,10,Confirmed,6,2026-05-13 09:00:00,2026-05-13 14:54:36
3564,171,5,Scheduled,10,2026-05-10 08:00:00,2026-05-10 16:09:00
3565,47,8,Completed,5,2026-06-01 10:00:00,2026-06-01 13:30:00
3566,187,8,Confirmed,5,2026-05-13 10:00:00,2026-05-13 13:57:36
3567,221,9,Completed,1,2026-05-31 09:00:00,2026-05-31 15:21:36
3568,7,3,Scheduled,3,2026-04-03 08:00:00,2026-04-03 13:39:36
3569,114,4,Confirmed,5,2026-04-07 10:00:00,2026-04-07 18:15:36
3570,102,1,Scheduled,7,2026-04-15 09:00:00,2026-04-15 16:14:24
3571,266,3,Scheduled,4,2026-06-22 06:00:00,2026-06-22 12:12:00
3572,68,7,Scheduled,5,2026-05-04 09:00:00,2026-05-04 14:06:36
3573,29,9,Completed,10,2026-04-09 06:00:00,2026-04-09 10:48:00
3574,246,4,Completed,9,2026-04-30 10:00:00,2026-04-30 15:41:24
3575,202,4,Confirmed,6,2026-05-26 07:00:00,2026-05-26 10:29:24
3576,131,4,Confirmed,6,2026-06-14 08:00:00,2026-06-14 15:19:48
3577,230,6,Completed,6,2026-04-18 09:00:00,2026-04-18 13:57:00
3578,177,3,Confirmed,8,2026-06-15 07:00:00,2026-06-15 12:50:24
3579,234,4,Confirmed,1,2026-06-14 08:00:00,2026-06-14 11:26:24
3580,195,4,Confirmed,9,2026-06-20 09:00:00,2026-06-20 12:31:48
3581,100,1,Completed,8,2026-06-04 08:00:00,2026-06-04 15:03:00
3582,183,5,Scheduled,5,2026-04-22 08:00:00,2026-04-22 11:30:36
3583,292,3,Completed,6,2026-04-26 10:00:00,2026-04-26 14:08:24
3584,114,7,Scheduled,3,2026-04-17 10:00:00,2026-04-17 17:20:24
3585,289,5,Completed,9,2026-06-11 08:00:00,2026-06-11 15:30:00
3586,84,8,Confirmed,2,2026-04-16 07:00:00,2026-04-16 13:18:00
3587,139,10,Confirmed,4,2026-06-11 08:00:00,2026-06-11 13:38:24
3588,230,7,Completed,2,2026-04-05 09:00:00,2026-04-05 12:23:24
3589,279,2,Completed,7,2026-04-12 10:00:00,2026-04-12 17:29:24
3590,209,1,Confirmed,10,2026-04-14 08:00:00,2026-04-14 12:01:48
3591,258,2,Scheduled,3,2026-06-02 09:00:00,2026-06-02 15:24:00
3592,279,10,Confirmed,8,2026-04-26 06:00:00,2026-04-26 12:03:36
3593,190,6,Confirmed,8,2026-06-26 10:00:00,2026-06-26 17:09:00
3594,292,9,Confirmed,3,2026-04-13 09:00:00,2026-04-13 13:06:36
3595,139,5,Completed,8,2026-04-12 06:00:00,2026-04-12 14:33:36
3596,113,9,Scheduled,6,2026-06-10 07:00:00,2026-06-10 12:16:48
3597,48,3,Scheduled,4,2026-06-14 10:00:00,2026-06-14 17:45:00
3598,92,6,Completed,5,2026-05-10 07:00:00,2026-05-10 10:25:12
3599,2,2,Scheduled,5,2026-06-22 08:00:00,2026-06-22 11:21:36
3600,234,5,Scheduled,5,2026-06-27 09:00:00,2026-06-27 15:02:24
3601,6,4,Confirmed,4,2026-04-27 09:00:00,2026-04-27 14:30:36
3602,299,3,Completed,5,2026-04-18 10:00:00,2026-04-18 15:31:12
3603,145,1,Completed,3,2026-05-19 09:00:00,2026-05-19 13:35:24
3604,266,9,Scheduled,3,2026-04-06 09:00:00,2026-04-06 12:13:12
3605,152,2,Confirmed,7,2026-04-26 06:00:00,2026-04-26 10:45:36
3606,241,9,Confirmed,9,2026-05-30 06:00:00,2026-05-30 12:03:36
3607,172,10,Completed,7,2026-04-05 10:00:00,2026-04-05 14:52:12
3608,150,8,Scheduled,7,2026-06-27 10:00:00,2026-06-27 14:28:12
3609,58,2,Completed,10,2026-05-03 07:00:00,2026-05-03 12:05:24
3610,252,7,Completed,10,2026-06-22 08:00:00,2026-06-22 14:46:12
3611,194,10,Confirmed,7,2026-06-09 09:00:00,2026-06-09 15:48:36
3612,251,1,Confirmed,10,2026-04-14 07:00:00,2026-04-14 12:56:24
3613,286,8,Completed,6,2026-04-11 10:00:00,2026-04-11 15:36:36
3614,68,7,Confirmed,5,2026-06-15 10:00:00,2026-06-15 16:06:36
3615,271,5,Confirmed,10,2026-04-30 09:00:00,2026-04-30 15:01:12
3616,290,9,Completed,6,2026-06-14 09:00:00,2026-06-14 14:16:48
3617,117,2,Confirmed,1,2026-04-18 10:00:00,2026-04-18 17:40:48
3618,204,8,Completed,8,2026-04-16 07:00:00,2026-04-16 12:25:48
3619,36,7,Scheduled,8,2026-05-15 09:00:00,2026-05-15 13:19:48
3620,293,7,Confirmed,8,2026-06-16 10:00:00,2026-06-16 15:04:48
3621,261,3,Confirmed,3,2026-06-28 10:00:00,2026-06-28 14:49:48
3622,198,5,Completed,5,2026-05-02 08:00:00,2026-05-02 13:36:36
3623,222,9,Confirmed,7,2026-04-21 07:00:00,2026-04-21 10:04:48
3624,253,7,Scheduled,2,2026-04-04 06:00:00,2026-04-04 13:02:24
3625,161,9,Completed,8,2026-04-09 09:00:00,2026-04-09 13:28:48
3626,19,1,Confirmed,2,2026-06-02 08:00:00,2026-06-02 13:20:24
3627,295,10,Confirmed,2,2026-06-16 07:00:00,2026-06-16 12:57:36
3628,178,4,Completed,10,2026-05-25 06:00:00,2026-05-25 14:13:48
3629,269,8,Completed,1,2026-05-30 07:00:00,2026-05-30 12:44:24
3630,227,4,Confirmed,7,2026-06-15 10:00:00,2026-06-15 16:01:48
3631,285,7,Completed,4,2026-04-25 07:00:00,2026-04-25 11:02:24
3632,243,7,Completed,6,2026-05-06 09:00:00,2026-05-06 17:03:36
3633,63,7,Scheduled,2,2026-05-21 10:00:00,2026-05-21 17:08:24
3634,107,1,Scheduled,1,2026-05-06 09:00:00,2026-05-06 15:16:48
3635,156,3,Completed,4,2026-04-19 10:00:00,2026-04-19 13:22:12
3636,197,3,Completed,4,2026-06-18 06:00:00,2026-06-18 12:47:24
3637,170,8,Completed,10,2026-04-27 06:00:00,2026-04-27 09:18:36
3638,233,6,Confirmed,1,2026-06-25 08:00:00,2026-06-25 14:13:48
3639,83,3,Scheduled,4,2026-05-17 10:00:00,2026-05-17 14:34:48
3640,68,5,Scheduled,10,2026-05-05 10:00:00,2026-05-05 14:30:36
3641,125,6,Confirmed,6,2026-06-28 09:00:00,2026-06-28 14:35:24
3642,136,9,Completed,5,2026-06-23 08:00:00,2026-06-23 14:21:36
3643,109,8,Completed,10,2026-05-04 08:00:00,2026-05-04 11:40:12
3644,272,3,Completed,2,2026-04-25 10:00:00,2026-04-25 13:33:36
3645,181,10,Scheduled,5,2026-05-01 07:00:00,2026-05-01 13:07:12
3646,194,9,Scheduled,2,2026-04-27 06:00:00,2026-04-27 14:19:48
3647,53,9,Confirmed,6,2026-06-15 10:00:00,2026-06-15 13:19:12
3648,115,7,Scheduled,6,2026-04-09 09:00:00,2026-04-09 12:48:00
3649,189,10,Completed,8,2026-04-12 06:00:00,2026-04-12 15:18:00
3650,287,5,Completed,8,2026-05-28 10:00:00,2026-05-28 14:42:36
3651,53,8,Confirmed,1,2026-05-24 06:00:00,2026-05-24 13:04:48
3652,150,2,Completed,6,2026-06-24 06:00:00,2026-06-24 09:58:12
3653,216,6,Completed,8,2026-05-03 07:00:00,2026-05-03 13:00:00
3654,28,6,Confirmed,6,2026-05-04 08:00:00,2026-05-04 14:00:00
3655,20,3,Scheduled,6,2026-05-29 10:00:00,2026-05-29 15:35:24
3656,218,8,Scheduled,6,2026-04-24 06:00:00,2026-04-24 10:21:00
3657,204,7,Confirmed,8,2026-04-27 08:00:00,2026-04-27 11:17:24
3658,103,5,Confirmed,8,2026-04-26 10:00:00,2026-04-26 16:36:36
3659,161,7,Confirmed,10,2026-05-05 08:00:00,2026-05-05 14:06:00
3660,235,4,Confirmed,6,2026-04-15 07:00:00,2026-04-15 12:42:00
3661,52,3,Completed,8,2026-04-30 10:00:00,2026-04-30 14:14:24
3662,289,7,Completed,10,2026-05-03 06:00:00,2026-05-03 13:09:00
3663,258,4,Confirmed,9,2026-05-26 07:00:00,2026-05-26 12:16:12
3664,289,1,Confirmed,7,2026-05-22 06:00:00,2026-05-22 12:23:24
3665,59,5,Confirmed,7,2026-04-25 10:00:00,2026-04-25 13:19:48
3666,22,10,Completed,4,2026-06-17 10:00:00,2026-06-17 13:00:36
3667,38,3,Scheduled,3,2026-04-17 07:00:00,2026-04-17 14:25:48
3668,223,6,Confirmed,2,2026-05-17 09:00:00,2026-05-17 14:34:48
3669,23,9,Completed,6,2026-05-20 10:00:00,2026-05-20 16:09:00
3670,264,10,Scheduled,3,2026-05-22 07:00:00,2026-05-22 11:07:48
3671,206,4,Completed,9,2026-06-14 08:00:00,2026-06-14 13:01:12
3672,239,9,Scheduled,10,2026-04-10 09:00:00,2026-04-10 13:42:00
3673,92,1,Confirmed,5,2026-04-24 09:00:00,2026-04-24 16:22:48
3674,59,4,Confirmed,1,2026-05-11 08:00:00,2026-05-11 13:27:36
3675,72,8,Confirmed,6,2026-06-01 06:00:00,2026-06-01 09:19:12
3676,130,8,Confirmed,1,2026-05-27 09:00:00,2026-05-27 13:25:48
3677,280,4,Scheduled,2,2026-06-27 08:00:00,2026-06-27 16:43:48
3678,105,1,Completed,7,2026-05-30 10:00:00,2026-05-30 15:23:24
3679,113,5,Completed,2,2026-05-24 10:00:00,2026-05-24 14:01:48
3680,187,6,Completed,2,2026-04-25 06:00:00,2026-04-25 12:31:48
3681,207,6,Completed,3,2026-05-18 08:00:00,2026-05-18 12:16:48
3682,296,2,Completed,4,2026-04-07 10:00:00,2026-04-07 18:12:00
3683,253,10,Confirmed,7,2026-05-14 10:00:00,2026-05-14 17:22:48
3684,160,10,Scheduled,4,2026-06-03 10:00:00,2026-06-03 14:04:12
3685,97,3,Confirmed,9,2026-05-30 08:00:00,2026-05-30 15:40:12
3686,167,6,Scheduled,3,2026-04-13 06:00:00,2026-04-13 10:59:24
3687,112,4,Confirmed,6,2026-06-12 07:00:00,2026-06-12 12:55:12
3688,113,6,Confirmed,10,2026-04-25 07:00:00,2026-04-25 11:30:36
3689,110,7,Completed,1,2026-04-30 08:00:00,2026-04-30 14:24:36
3690,90,2,Scheduled,4,2026-06-14 09:00:00,2026-06-14 12:33:36
3691,150,10,Confirmed,2,2026-05-02 10:00:00,2026-05-02 14:58:48
3692,10,7,Confirmed,8,2026-05-17 06:00:00,2026-05-17 10:18:00
3693,252,8,Completed,1,2026-04-09 09:00:00,2026-04-09 15:34:12
3694,103,6,Confirmed,5,2026-05-27 06:00:00,2026-05-27 12:25:12
3695,194,10,Completed,6,2026-05-24 06:00:00,2026-05-24 13:36:36
3696,297,7,Confirmed,5,2026-06-10 10:00:00,2026-06-10 15:13:48
3697,129,10,Completed,10,2026-05-10 08:00:00,2026-05-10 14:39:36
3698,291,7,Scheduled,6,2026-04-19 10:00:00,2026-04-19 16:47:24
3699,130,3,Scheduled,10,2026-06-19 07:00:00,2026-06-19 13:24:36
3700,222,1,Confirmed,1,2026-04-16 08:00:00,2026-04-16 12:22:48
3701,76,7,Scheduled,9,2026-04-14 10:00:00,2026-04-14 16:25:12
3702,139,2,Completed,2,2026-06-06 08:00:00,2026-06-06 14:25:12
3703,179,7,Scheduled,8,2026-05-07 06:00:00,2026-05-07 11:27:36
3704,241,7,Confirmed,5,2026-06-16 09:00:00,2026-06-16 16:11:24
3705,294,5,Scheduled,6,2026-04-29 08:00:00,2026-04-29 14:36:00
3706,296,10,Scheduled,5,2026-05-13 07:00:00,2026-05-13 11:09:00
3707,89,5,Scheduled,2,2026-06-02 06:00:00,2026-06-02 10:43:12
3708,206,9,Confirmed,5,2026-06-17 10:00:00,2026-06-17 13:36:00
3709,42,3,Completed,3,2026-05-25 10:00:00,2026-05-25 18:30:36
3710,142,7,Completed,7,2026-06-16 06:00:00,2026-06-16 12:27:00
3711,245,2,Completed,4,2026-05-14 10:00:00,2026-05-14 16:26:24
3712,14,1,Confirmed,1,2026-06-16 07:00:00,2026-06-16 14:26:24
3713,268,8,Completed,7,2026-06-17 10:00:00,2026-06-17 19:03:00
3714,89,7,Confirmed,9,2026-04-22 10:00:00,2026-04-22 18:34:12
3715,194,1,Confirmed,3,2026-04-21 08:00:00,2026-04-21 15:04:12
3716,219,1,Confirmed,3,2026-05-11 09:00:00,2026-05-11 13:15:36
3717,2,2,Scheduled,10,2026-06-25 09:00:00,2026-06-25 12:49:12
3718,274,6,Confirmed,8,2026-05-10 06:00:00,2026-05-10 13:48:00
3719,94,3,Confirmed,2,2026-04-18 08:00:00,2026-04-18 13:00:36
3720,60,9,Confirmed,9,2026-06-09 10:00:00,2026-06-09 15:25:48
3721,1,4,Confirmed,8,2026-04-02 07:00:00,2026-04-02 16:11:24
3722,76,10,Scheduled,2,2026-04-20 10:00:00,2026-04-20 13:59:24
3723,111,4,Completed,6,2026-05-06 09:00:00,2026-05-06 12:27:36
3724,127,9,Completed,4,2026-04-01 09:00:00,2026-04-01 18:26:24
3725,108,9,Scheduled,3,2026-04-16 06:00:00,2026-04-16 11:18:36
3726,114,8,Confirmed,9,2026-04-18 10:00:00,2026-04-18 17:51:00
3727,34,8,Scheduled,1,2026-05-19 06:00:00,2026-05-19 13:41:24
3728,199,10,Completed,9,2026-04-23 08:00:00,2026-04-23 12:17:24
3729,244,9,Confirmed,2,2026-04-03 07:00:00,2026-04-03 16:23:24
3730,168,8,Confirmed,3,2026-05-23 10:00:00,2026-05-23 18:36:00
3731,141,1,Completed,8,2026-06-10 10:00:00,2026-06-10 14:45:36
3732,295,7,Scheduled,3,2026-05-26 10:00:00,2026-05-26 13:43:48
3733,190,9,Confirmed,6,2026-05-04 07:00:00,2026-05-04 15:13:12
3734,24,9,Completed,2,2026-04-20 08:00:00,2026-04-20 11:48:36
3735,70,6,Completed,1,2026-06-03 07:00:00,2026-06-03 13:07:48
3736,33,10,Confirmed,6,2026-06-10 06:00:00,2026-06-10 10:31:12
3737,124,1,Completed,3,2026-05-29 09:00:00,2026-05-29 14:40:12
3738,23,1,Confirmed,2,2026-05-05 08:00:00,2026-05-05 13:05:24
3739,40,6,Scheduled,8,2026-05-21 06:00:00,2026-05-21 13:59:24
3740,241,2,Scheduled,9,2026-05-05 07:00:00,2026-05-05 13:39:00
3741,298,6,Completed,10,2026-05-24 06:00:00,2026-05-24 10:15:00
3742,249,8,Completed,9,2026-06-12 09:00:00,2026-06-12 15:12:36
3743,156,9,Confirmed,1,2026-04-06 09:00:00,2026-04-06 13:00:36
3744,295,3,Confirmed,7,2026-06-07 09:00:00,2026-06-07 14:55:12
3745,122,7,Confirmed,1,2026-06-29 07:00:00,2026-06-29 13:49:12
3746,278,8,Scheduled,6,2026-06-19 09:00:00,2026-06-19 13:54:00
3747,192,8,Scheduled,6,2026-05-12 08:00:00,2026-05-12 13:01:12
3748,69,2,Completed,5,2026-04-06 06:00:00,2026-04-06 14:00:00
3749,183,4,Confirmed,5,2026-05-10 06:00:00,2026-05-10 09:31:12
3750,39,9,Confirmed,8,2026-05-28 08:00:00,2026-05-28 11:26:24
3751,268,2,Confirmed,1,2026-04-19 07:00:00,2026-04-19 12:48:00
3752,121,3,Completed,6,2026-06-09 06:00:00,2026-06-09 10:45:00
3753,108,1,Confirmed,7,2026-04-20 08:00:00,2026-04-20 13:12:00
3754,242,1,Completed,4,2026-04-04 09:00:00,2026-04-04 14:04:48
3755,221,6,Scheduled,5,2026-05-02 06:00:00,2026-05-02 10:11:24
3756,11,5,Scheduled,10,2026-05-08 06:00:00,2026-05-08 09:05:24
3757,74,8,Scheduled,7,2026-04-16 10:00:00,2026-04-16 15:06:00
3758,188,1,Scheduled,5,2026-04-20 09:00:00,2026-04-20 16:48:00
3759,204,1,Scheduled,5,2026-05-02 06:00:00,2026-05-02 12:33:36
3760,76,7,Scheduled,8,2026-06-06 09:00:00,2026-06-06 13:24:00
3761,145,5,Confirmed,2,2026-05-26 09:00:00,2026-05-26 14:41:24
3762,286,4,Scheduled,6,2026-04-19 07:00:00,2026-04-19 13:18:36
3763,119,3,Confirmed,4,2026-05-01 10:00:00,2026-05-01 17:59:24
3764,59,3,Scheduled,4,2026-06-10 08:00:00,2026-06-10 11:10:12
3765,187,8,Completed,8,2026-05-31 08:00:00,2026-05-31 11:31:12
3766,230,2,Confirmed,5,2026-05-18 08:00:00,2026-05-18 17:06:36
3767,242,4,Completed,10,2026-06-07 10:00:00,2026-06-07 15:04:12
3768,101,9,Confirmed,3,2026-06-05 07:00:00,2026-06-05 10:12:36
3769,152,1,Confirmed,5,2026-04-21 06:00:00,2026-04-21 14:36:36
3770,125,2,Confirmed,5,2026-04-13 06:00:00,2026-04-13 10:48:00
3771,91,2,Completed,10,2026-04-05 09:00:00,2026-04-05 12:17:24
3772,54,8,Completed,9,2026-06-10 06:00:00,2026-06-10 09:47:24
3773,214,7,Scheduled,8,2026-06-09 06:00:00,2026-06-09 12:12:36
3774,125,2,Scheduled,10,2026-05-05 06:00:00,2026-05-05 12:18:36
3775,59,8,Confirmed,3,2026-04-18 06:00:00,2026-04-18 09:01:12
3776,181,8,Scheduled,7,2026-06-15 06:00:00,2026-06-15 10:24:36
3777,99,9,Completed,8,2026-04-13 08:00:00,2026-04-13 12:07:48
3778,180,8,Scheduled,10,2026-04-23 06:00:00,2026-04-23 12:18:00
3779,71,2,Scheduled,8,2026-05-10 06:00:00,2026-05-10 11:30:00
3780,299,2,Completed,7,2026-04-09 09:00:00,2026-04-09 15:08:24
3781,262,1,Confirmed,5,2026-06-14 06:00:00,2026-06-14 12:33:36
3782,274,6,Scheduled,6,2026-04-01 10:00:00,2026-04-01 13:36:00
3783,279,9,Confirmed,9,2026-06-18 10:00:00,2026-06-18 13:05:24
3784,100,6,Confirmed,3,2026-04-12 09:00:00,2026-04-12 18:06:36
3785,283,2,Scheduled,9,2026-06-12 08:00:00,2026-06-12 16:42:36
3786,20,10,Scheduled,2,2026-04-02 10:00:00,2026-04-02 14:08:24
3787,97,8,Confirmed,5,2026-06-04 06:00:00,2026-06-04 10:05:24
3788,286,9,Scheduled,2,2026-06-14 06:00:00,2026-06-14 11:57:00
3789,178,3,Completed,10,2026-05-30 08:00:00,2026-05-30 14:06:00
3790,295,6,Completed,9,2026-05-28 09:00:00,2026-05-28 13:07:48
3791,71,8,Scheduled,9,2026-05-30 08:00:00,2026-05-30 17:25:12
3792,286,6,Scheduled,3,2026-04-30 07:00:00,2026-04-30 12:48:36
3793,15,3,Confirmed,8,2026-05-03 10:00:00,2026-05-03 18:25:12
3794,46,1,Confirmed,4,2026-06-22 07:00:00,2026-06-22 11:41:24
3795,25,10,Scheduled,7,2026-04-05 06:00:00,2026-04-05 13:52:12
3796,205,2,Scheduled,7,2026-04-02 07:00:00,2026-04-02 11:41:24
3797,17,5,Scheduled,3,2026-06-15 08:00:00,2026-06-15 16:36:36
3798,139,1,Scheduled,4,2026-04-12 10:00:00,2026-04-12 14:18:00
3799,162,8,Completed,2,2026-04-08 09:00:00,2026-04-08 13:59:24
3800,163,8,Scheduled,8,2026-04-19 08:00:00,2026-04-19 13:24:00
3801,90,1,Completed,10,2026-05-08 09:00:00,2026-05-08 17:28:12
3802,253,1,Completed,4,2026-05-11 09:00:00,2026-05-11 12:30:36
3803,173,4,Confirmed,7,2026-04-13 09:00:00,2026-04-13 16:07:12
3804,284,6,Scheduled,10,2026-04-20 08:00:00,2026-04-20 11:57:00
3805,229,9,Confirmed,5,2026-05-23 10:00:00,2026-05-23 15:15:00
3806,89,4,Confirmed,8,2026-04-02 07:00:00,2026-04-02 10:24:36
3807,146,7,Completed,2,2026-05-17 08:00:00,2026-05-17 13:19:48
3808,297,8,Confirmed,8,2026-05-03 07:00:00,2026-05-03 13:01:12
3809,228,8,Confirmed,2,2026-06-22 09:00:00,2026-06-22 14:01:12
3810,36,3,Completed,5,2026-05-17 06:00:00,2026-05-17 10:22:48
3811,267,7,Completed,8,2026-06-19 08:00:00,2026-06-19 15:27:36
3812,58,1,Scheduled,1,2026-06-09 09:00:00,2026-06-09 15:42:36
3813,63,9,Completed,9,2026-06-25 07:00:00,2026-06-25 12:15:36
3814,174,3,Completed,8,2026-04-10 09:00:00,2026-04-10 17:20:24
3815,243,2,Confirmed,6,2026-04-20 06:00:00,2026-04-20 15:10:48
3816,296,3,Confirmed,9,2026-06-28 07:00:00,2026-06-28 15:17:24
3817,98,3,Completed,3,2026-06-27 06:00:00,2026-06-27 12:55:48
3818,113,5,Completed,8,2026-06-29 06:00:00,2026-06-29 13:41:24
3819,234,1,Scheduled,6,2026-05-05 08:00:00,2026-05-05 14:36:36
3820,6,1,Scheduled,3,2026-05-26 06:00:00,2026-05-26 13:21:36
3821,140,9,Confirmed,9,2026-05-25 06:00:00,2026-05-25 10:43:48
3822,236,5,Confirmed,10,2026-05-29 06:00:00,2026-05-29 11:03:36
3823,70,3,Confirmed,9,2026-04-23 06:00:00,2026-04-23 10:56:24
3824,4,3,Confirmed,4,2026-05-21 09:00:00,2026-05-21 15:17:24
3825,29,1,Completed,6,2026-06-05 06:00:00,2026-06-05 10:41:24
3826,74,7,Confirmed,10,2026-05-16 10:00:00,2026-05-16 14:23:24
3827,56,7,Scheduled,10,2026-04-22 10:00:00,2026-04-22 14:04:48
3828,213,10,Completed,7,2026-05-15 07:00:00,2026-05-15 11:06:36
3829,102,10,Scheduled,1,2026-05-22 08:00:00,2026-05-22 15:36:00
3830,190,3,Confirmed,2,2026-06-18 06:00:00,2026-06-18 10:42:36
3831,145,6,Scheduled,9,2026-05-16 06:00:00,2026-05-16 11:37:48
3832,102,1,Scheduled,2,2026-05-20 09:00:00,2026-05-20 13:41:24
3833,63,6,Scheduled,2,2026-04-07 08:00:00,2026-04-07 15:36:00
3834,232,1,Confirmed,7,2026-04-01 07:00:00,2026-04-01 12:01:48
3835,299,9,Completed,3,2026-05-21 08:00:00,2026-05-21 12:36:36
3836,47,10,Scheduled,2,2026-06-28 06:00:00,2026-06-28 10:37:12
3837,36,9,Scheduled,3,2026-06-02 10:00:00,2026-06-02 15:09:00
3838,22,5,Completed,8,2026-05-16 09:00:00,2026-05-16 15:33:36
3839,150,6,Confirmed,2,2026-04-10 06:00:00,2026-04-10 13:18:00
3840,73,1,Completed,4,2026-06-16 08:00:00,2026-06-16 12:07:48
3841,22,7,Scheduled,1,2026-05-22 10:00:00,2026-05-22 13:21:00
3842,72,10,Confirmed,6,2026-05-11 07:00:00,2026-05-11 10:47:24
3843,273,1,Completed,1,2026-05-10 06:00:00,2026-05-10 11:28:12
3844,160,8,Scheduled,3,2026-06-09 10:00:00,2026-06-09 14:45:36
3845,224,4,Scheduled,4,2026-06-28 07:00:00,2026-06-28 13:27:36
3846,205,5,Confirmed,8,2026-06-04 09:00:00,2026-06-04 14:48:00
3847,161,7,Completed,5,2026-04-03 10:00:00,2026-04-03 16:40:48
3848,230,2,Scheduled,7,2026-04-12 10:00:00,2026-04-12 15:55:48
3849,101,5,Completed,7,2026-05-21 07:00:00,2026-05-21 13:37:48
3850,53,8,Confirmed,1,2026-05-29 06:00:00,2026-05-29 09:04:48
3851,59,9,Scheduled,7,2026-04-21 10:00:00,2026-04-21 13:44:24
3852,222,4,Confirmed,9,2026-05-05 10:00:00,2026-05-05 15:21:00
3853,199,1,Confirmed,5,2026-04-10 09:00:00,2026-04-10 14:40:12
3854,88,6,Confirmed,2,2026-06-10 08:00:00,2026-06-10 13:13:48
3855,154,6,Scheduled,1,2026-06-13 10:00:00,2026-06-13 17:31:48
3856,287,2,Scheduled,8,2026-06-27 07:00:00,2026-06-27 16:25:48
3857,284,1,Scheduled,2,2026-04-18 08:00:00,2026-04-18 13:27:00
3858,127,8,Completed,6,2026-05-06 08:00:00,2026-05-06 16:34:48
3859,269,2,Completed,2,2026-06-11 09:00:00,2026-06-11 16:16:12
3860,77,7,Scheduled,1,2026-06-10 07:00:00,2026-06-10 14:51:00
3861,229,2,Confirmed,1,2026-06-01 10:00:00,2026-06-01 13:49:48
3862,257,4,Confirmed,9,2026-05-17 10:00:00,2026-05-17 17:12:00
3863,227,7,Scheduled,1,2026-05-30 09:00:00,2026-05-30 12:33:00
3864,70,3,Completed,3,2026-06-20 09:00:00,2026-06-20 15:07:48
3865,76,8,Confirmed,7,2026-04-20 10:00:00,2026-04-20 18:55:48
3866,295,3,Confirmed,7,2026-04-24 07:00:00,2026-04-24 15:06:00
3867,139,5,Scheduled,4,2026-04-08 10:00:00,2026-04-08 16:46:12
3868,161,2,Confirmed,5,2026-04-04 10:00:00,2026-04-04 17:18:36
3869,98,10,Scheduled,9,2026-04-14 09:00:00,2026-04-14 14:33:36
3870,295,9,Completed,5,2026-05-20 08:00:00,2026-05-20 15:12:00
3871,1,10,Confirmed,9,2026-05-20 07:00:00,2026-05-20 14:31:12
3872,155,9,Scheduled,1,2026-05-04 07:00:00,2026-05-04 11:10:12
3873,172,2,Scheduled,2,2026-06-04 09:00:00,2026-06-04 14:34:48
3874,74,3,Scheduled,2,2026-06-07 07:00:00,2026-06-07 13:10:48
3875,276,3,Scheduled,3,2026-06-13 06:00:00,2026-06-13 12:20:24
3876,265,6,Completed,8,2026-06-17 08:00:00,2026-06-17 12:13:12
3877,105,3,Scheduled,7,2026-04-13 09:00:00,2026-04-13 15:19:12
3878,225,4,Scheduled,9,2026-05-30 06:00:00,2026-05-30 11:48:36
3879,245,8,Scheduled,8,2026-06-17 06:00:00,2026-06-17 09:36:36
3880,44,3,Confirmed,9,2026-06-07 10:00:00,2026-06-07 18:20:24
3881,210,1,Completed,10,2026-04-04 10:00:00,2026-04-04 14:47:24
3882,254,7,Completed,9,2026-05-06 09:00:00,2026-05-06 13:21:00
3883,87,8,Scheduled,3,2026-06-25 09:00:00,2026-06-25 16:10:48
3884,173,3,Confirmed,1,2026-06-09 07:00:00,2026-06-09 13:23:24
3885,240,7,Confirmed,10,2026-06-17 07:00:00,2026-06-17 14:54:36
3886,156,1,Scheduled,3,2026-05-03 06:00:00,2026-05-03 10:16:48
3887,100,6,Confirmed,8,2026-06-02 09:00:00,2026-06-02 16:50:24
3888,63,6,Completed,3,2026-05-06 09:00:00,2026-05-06 16:34:12
3889,223,7,Confirmed,4,2026-06-14 09:00:00,2026-06-14 15:18:36
3890,120,8,Scheduled,8,2026-06-06 10:00:00,2026-06-06 14:21:00
3891,190,6,Scheduled,3,2026-06-06 06:00:00,2026-06-06 11:00:00
3892,94,6,Scheduled,8,2026-04-16 09:00:00,2026-04-16 12:09:00
3893,289,6,Scheduled,9,2026-04-01 06:00:00,2026-04-01 11:41:24
3894,187,7,Confirmed,1,2026-04-14 07:00:00,2026-04-14 14:27:36
3895,160,3,Confirmed,10,2026-05-06 08:00:00,2026-05-06 12:00:36
3896,121,2,Scheduled,6,2026-05-30 08:00:00,2026-05-30 16:27:36
3897,179,2,Scheduled,4,2026-04-27 09:00:00,2026-04-27 13:01:48
3898,42,2,Confirmed,10,2026-06-20 10:00:00,2026-06-20 16:34:48
3899,298,1,Confirmed,7,2026-06-01 06:00:00,2026-06-01 09:00:36
3900,297,6,Completed,3,2026-06-08 10:00:00,2026-06-08 13:47:24
3901,120,10,Confirmed,6,2026-06-13 07:00:00,2026-06-13 11:21:00
3902,119,1,Confirmed,6,2026-04-02 10:00:00,2026-04-02 18:23:24
3903,83,7,Scheduled,5,2026-05-17 07:00:00,2026-05-17 12:39:36
3904,68,6,Scheduled,7,2026-06-08 10:00:00,2026-06-08 16:16:12
3905,133,3,Scheduled,5,2026-06-29 10:00:00,2026-06-29 16:52:48
3906,244,1,Confirmed,3,2026-04-03 06:00:00,2026-04-03 10:35:24
3907,273,4,Completed,10,2026-04-03 10:00:00,2026-04-03 16:59:24
3908,156,1,Confirmed,7,2026-06-21 06:00:00,2026-06-21 10:03:00
3909,58,9,Completed,5,2026-06-17 07:00:00,2026-06-17 10:46:48
3910,225,5,Scheduled,7,2026-05-15 09:00:00,2026-05-15 13:30:00
3911,220,2,Completed,6,2026-06-13 06:00:00,2026-06-13 10:34:48
3912,209,9,Completed,9,2026-06-07 09:00:00,2026-06-07 12:32:24
3913,7,5,Completed,10,2026-04-20 07:00:00,2026-04-20 10:40:12
3914,274,3,Scheduled,7,2026-05-29 07:00:00,2026-05-29 14:48:36
3915,299,6,Confirmed,7,2026-05-19 07:00:00,2026-05-19 10:38:24
3916,144,10,Confirmed,4,2026-06-07 09:00:00,2026-06-07 12:27:36
3917,179,6,Confirmed,3,2026-04-23 07:00:00,2026-04-23 11:19:12
3918,33,1,Completed,9,2026-06-28 08:00:00,2026-06-28 15:24:00
3919,248,10,Confirmed,3,2026-04-04 08:00:00,2026-04-04 16:46:12
3920,30,6,Scheduled,4,2026-06-12 09:00:00,2026-06-12 14:27:36
3921,74,5,Scheduled,6,2026-06-01 07:00:00,2026-06-01 16:25:12
3922,41,5,Scheduled,4,2026-05-19 07:00:00,2026-05-19 11:07:48
3923,223,4,Completed,4,2026-04-02 08:00:00,2026-04-02 12:12:36
3924,171,8,Completed,1,2026-06-05 08:00:00,2026-06-05 11:42:00
3925,98,9,Completed,2,2026-05-25 06:00:00,2026-05-25 11:09:00
3926,102,2,Scheduled,3,2026-06-18 09:00:00,2026-06-18 12:41:24
3927,55,9,Confirmed,7,2026-05-13 06:00:00,2026-05-13 14:54:36
3928,21,8,Scheduled,5,2026-06-06 06:00:00,2026-06-06 11:51:36
3929,240,1,Completed,2,2026-04-19 10:00:00,2026-04-19 15:36:36
3930,241,9,Confirmed,3,2026-05-08 08:00:00,2026-05-08 13:42:00
3931,44,8,Confirmed,4,2026-06-16 07:00:00,2026-06-16 14:14:24
3932,158,4,Confirmed,2,2026-04-12 10:00:00,2026-04-12 18:40:12
3933,133,3,Confirmed,4,2026-04-04 06:00:00,2026-04-04 12:31:12
3934,53,5,Confirmed,5,2026-06-15 07:00:00,2026-06-15 16:24:36
3935,207,1,Completed,4,2026-04-11 07:00:00,2026-04-11 13:58:48
3936,173,10,Scheduled,4,2026-06-26 10:00:00,2026-06-26 17:03:00
3937,197,5,Scheduled,8,2026-06-16 06:00:00,2026-06-16 13:52:12
3938,139,5,Scheduled,4,2026-04-06 06:00:00,2026-04-06 09:30:36
3939,112,5,Confirmed,8,2026-06-21 08:00:00,2026-06-21 11:12:36
3940,186,10,Scheduled,7,2026-05-26 09:00:00,2026-05-26 13:33:36
3941,217,1,Completed,2,2026-05-30 08:00:00,2026-05-30 11:37:48
3942,88,2,Confirmed,4,2026-04-21 07:00:00,2026-04-21 12:10:12
3943,185,7,Scheduled,7,2026-05-07 09:00:00,2026-05-07 15:04:12
3944,213,7,Completed,6,2026-04-07 09:00:00,2026-04-07 15:04:12
3945,225,1,Confirmed,6,2026-04-12 06:00:00,2026-04-12 14:41:24
3946,261,10,Completed,6,2026-04-26 06:00:00,2026-04-26 12:11:24
3947,38,4,Completed,6,2026-04-06 10:00:00,2026-04-06 17:01:48
3948,207,6,Scheduled,8,2026-04-18 07:00:00,2026-04-18 16:20:24
3949,82,9,Scheduled,5,2026-05-30 08:00:00,2026-05-30 13:40:12
3950,15,3,Confirmed,2,2026-06-07 10:00:00,2026-06-07 13:42:36
3951,16,9,Scheduled,4,2026-04-26 10:00:00,2026-04-26 15:19:12
3952,156,7,Confirmed,7,2026-05-03 10:00:00,2026-05-03 14:21:36
3953,86,7,Scheduled,7,2026-06-21 08:00:00,2026-06-21 12:12:00
3954,215,9,Scheduled,6,2026-04-29 07:00:00,2026-04-29 13:04:12
3955,20,10,Confirmed,10,2026-06-18 06:00:00,2026-06-18 14:28:12
3956,60,1,Confirmed,3,2026-04-08 10:00:00,2026-04-08 14:22:12
3957,263,9,Completed,3,2026-05-10 06:00:00,2026-05-10 09:28:12
3958,269,8,Confirmed,9,2026-05-28 09:00:00,2026-05-28 15:43:12
3959,250,6,Scheduled,5,2026-06-21 10:00:00,2026-06-21 13:45:36
3960,237,7,Completed,1,2026-05-11 06:00:00,2026-05-11 14:31:12
3961,83,10,Scheduled,3,2026-06-04 06:00:00,2026-06-04 10:27:00
3962,148,5,Completed,9,2026-04-07 07:00:00,2026-04-07 14:56:24
3963,15,4,Completed,4,2026-05-30 08:00:00,2026-05-30 12:06:36
3964,241,6,Completed,9,2026-04-14 06:00:00,2026-04-14 12:44:24
3965,72,10,Scheduled,10,2026-05-12 08:00:00,2026-05-12 15:52:48
3966,50,5,Scheduled,1,2026-04-21 08:00:00,2026-04-21 14:13:12
3967,195,3,Scheduled,3,2026-06-18 07:00:00,2026-06-18 13:58:12
3968,123,6,Confirmed,4,2026-04-24 10:00:00,2026-04-24 17:56:24
3969,164,4,Confirmed,1,2026-04-27 08:00:00,2026-04-27 16:39:00
3970,66,9,Confirmed,6,2026-05-03 08:00:00,2026-05-03 13:09:36
3971,77,6,Scheduled,1,2026-04-05 07:00:00,2026-04-05 15:09:00
3972,200,7,Completed,5,2026-05-08 07:00:00,2026-05-08 16:26:24
3973,14,8,Scheduled,4,2026-04-24 10:00:00,2026-04-24 16:33:00
3974,5,7,Scheduled,10,2026-06-02 09:00:00,2026-06-02 13:21:00
3975,212,8,Scheduled,5,2026-04-09 06:00:00,2026-04-09 10:31:12
3976,5,9,Scheduled,10,2026-05-27 08:00:00,2026-05-27 12:27:36
3977,245,7,Completed,4,2026-05-19 06:00:00,2026-05-19 09:25:12
3978,300,4,Scheduled,6,2026-06-02 06:00:00,2026-06-02 13:23:24
3979,101,9,Completed,1,2026-04-10 10:00:00,2026-04-10 16:00:00
3980,155,8,Scheduled,7,2026-04-26 07:00:00,2026-04-26 12:53:24
3981,114,6,Confirmed,2,2026-04-04 06:00:00,2026-04-04 12:13:12
3982,160,9,Scheduled,9,2026-04-09 08:00:00,2026-04-09 14:05:24
3983,89,4,Confirmed,10,2026-04-20 09:00:00,2026-04-20 15:15:36
3984,294,8,Confirmed,5,2026-05-10 10:00:00,2026-05-10 15:08:24
3985,136,2,Scheduled,10,2026-06-07 08:00:00,2026-06-07 14:00:00
3986,198,10,Confirmed,5,2026-06-14 09:00:00,2026-06-14 15:51:00
3987,185,6,Confirmed,7,2026-04-11 09:00:00,2026-04-11 17:07:12
3988,38,6,Scheduled,9,2026-05-06 06:00:00,2026-05-06 12:00:36
3989,112,8,Confirmed,6,2026-05-06 08:00:00,2026-05-06 15:37:48
3990,27,8,Completed,1,2026-05-21 08:00:00,2026-05-21 11:33:00
3991,178,4,Completed,8,2026-04-02 08:00:00,2026-04-02 12:46:48
3992,219,3,Confirmed,9,2026-04-29 10:00:00,2026-04-29 15:48:36
3993,171,5,Scheduled,5,2026-06-12 06:00:00,2026-06-12 12:17:24
3994,204,1,Completed,4,2026-04-05 06:00:00,2026-04-05 13:13:48
3995,114,4,Confirmed,5,2026-05-21 10:00:00,2026-05-21 15:58:48
3996,44,10,Completed,6,2026-06-01 09:00:00,2026-06-01 13:42:00
3997,23,5,Scheduled,8,2026-04-30 08:00:00,2026-04-30 16:03:00
3998,174,5,Confirmed,10,2026-06-03 09:00:00,2026-06-03 15:09:00
3999,111,9,Scheduled,3,2026-04-01 10:00:00,2026-04-01 15:00:36
4000,100,2,Completed,9,2026-04-03 07:00:00,2026-04-03 13:01:12
4001,240,9,Confirmed,1,2026-06-17 09:00:00,2026-06-17 14:24:00
4002,219,1,Completed,5,2026-06-27 09:00:00,2026-06-27 16:35:24
4003,90,5,Confirmed,5,2026-06-28 06:00:00,2026-06-28 10:40:12
4004,125,1,Completed,6,2026-04-06 10:00:00,2026-04-06 14:19:12
4005,29,4,Confirmed,2,2026-06-20 09:00:00,2026-06-20 18:01:12
4006,144,3,Scheduled,3,2026-04-15 07:00:00,2026-04-15 10:46:48
4007,12,1,Confirmed,1,2026-04-20 06:00:00,2026-04-20 09:24:36
4008,276,4,Confirmed,3,2026-04-12 10:00:00,2026-04-12 13:45:36
4009,73,5,Confirmed,9,2026-04-16 07:00:00,2026-04-16 13:15:36
4010,228,8,Confirmed,10,2026-06-27 10:00:00,2026-06-27 17:34:48
4011,120,1,Completed,4,2026-04-13 07:00:00,2026-04-13 11:11:24
4012,229,1,Confirmed,3,2026-06-23 07:00:00,2026-06-23 13:42:00
4013,282,4,Confirmed,7,2026-06-23 09:00:00,2026-06-23 15:01:48
4014,20,1,Completed,6,2026-05-09 09:00:00,2026-05-09 17:56:24
4015,85,2,Confirmed,6,2026-05-30 10:00:00,2026-05-30 16:54:00
4016,143,4,Completed,6,2026-04-26 06:00:00,2026-04-26 11:06:00
4017,217,2,Completed,4,2026-04-03 08:00:00,2026-04-03 12:46:48
4018,247,9,Confirmed,5,2026-04-29 10:00:00,2026-04-29 15:58:12
4019,125,5,Scheduled,9,2026-05-02 08:00:00,2026-05-02 12:19:48
4020,183,4,Confirmed,4,2026-04-21 08:00:00,2026-04-21 12:43:12
4021,222,4,Completed,3,2026-06-27 10:00:00,2026-06-27 18:31:12
4022,11,5,Confirmed,7,2026-04-28 06:00:00,2026-04-28 13:48:36
4023,163,4,Scheduled,2,2026-04-15 07:00:00,2026-04-15 13:22:48
4024,179,3,Scheduled,3,2026-06-08 08:00:00,2026-06-08 14:43:48
4025,170,3,Confirmed,3,2026-05-05 08:00:00,2026-05-05 15:45:36
4026,164,1,Scheduled,1,2026-06-27 07:00:00,2026-06-27 11:04:12
4027,164,2,Scheduled,6,2026-06-10 09:00:00,2026-06-10 17:01:48
4028,78,3,Confirmed,7,2026-05-16 08:00:00,2026-05-16 11:18:36
4029,168,2,Confirmed,2,2026-05-03 10:00:00,2026-05-03 14:12:00
4030,222,10,Confirmed,4,2026-05-01 06:00:00,2026-05-01 09:16:12
4031,106,2,Completed,3,2026-04-04 09:00:00,2026-04-04 18:18:36
4032,236,2,Scheduled,2,2026-04-29 10:00:00,2026-04-29 13:07:48
4033,271,4,Confirmed,2,2026-06-11 09:00:00,2026-06-11 15:42:00
4034,115,8,Completed,3,2026-06-20 08:00:00,2026-06-20 13:30:00
4035,109,8,Scheduled,9,2026-05-26 08:00:00,2026-05-26 13:07:12
4036,119,5,Scheduled,5,2026-06-12 06:00:00,2026-06-12 11:24:36
4037,19,9,Completed,8,2026-06-04 10:00:00,2026-06-04 16:38:24
4038,22,5,Confirmed,8,2026-04-11 10:00:00,2026-04-11 14:21:36
4039,211,9,Completed,4,2026-06-14 08:00:00,2026-06-14 11:01:48
4040,47,2,Scheduled,9,2026-05-11 08:00:00,2026-05-11 12:40:12
4041,177,10,Completed,10,2026-05-17 07:00:00,2026-05-17 12:48:00
4042,116,7,Completed,9,2026-05-20 07:00:00,2026-05-20 11:36:00
4043,113,1,Completed,6,2026-06-08 09:00:00,2026-06-08 13:09:00
4044,154,6,Confirmed,7,2026-04-22 06:00:00,2026-04-22 12:35:24
4045,31,3,Confirmed,8,2026-05-29 08:00:00,2026-05-29 12:05:24
4046,69,3,Completed,2,2026-05-08 09:00:00,2026-05-08 17:32:24
4047,154,8,Completed,3,2026-05-14 08:00:00,2026-05-14 12:45:36
4048,112,6,Confirmed,4,2026-04-02 10:00:00,2026-04-02 16:31:48
4049,163,3,Confirmed,7,2026-06-28 08:00:00,2026-06-28 15:38:24
4050,54,1,Scheduled,9,2026-04-25 07:00:00,2026-04-25 11:32:24
4051,221,6,Confirmed,3,2026-06-17 08:00:00,2026-06-17 12:37:48
4052,101,2,Confirmed,9,2026-05-19 09:00:00,2026-05-19 16:49:12
4053,188,1,Confirmed,10,2026-04-24 10:00:00,2026-04-24 18:09:00
4054,180,6,Completed,8,2026-06-13 07:00:00,2026-06-13 11:07:48
4055,271,8,Confirmed,6,2026-06-03 09:00:00,2026-06-03 17:22:48
4056,94,7,Confirmed,10,2026-06-16 09:00:00,2026-06-16 17:41:24
4057,18,10,Confirmed,9,2026-06-24 10:00:00,2026-06-24 14:25:48
4058,116,7,Completed,10,2026-05-07 10:00:00,2026-05-07 17:11:24
4059,215,8,Confirmed,3,2026-04-19 10:00:00,2026-04-19 16:14:24
4060,209,8,Completed,4,2026-06-28 08:00:00,2026-06-28 16:31:12
4061,167,10,Scheduled,1,2026-04-14 07:00:00,2026-04-14 11:39:00
4062,173,8,Confirmed,3,2026-06-29 08:00:00,2026-06-29 13:00:36
4063,70,3,Scheduled,2,2026-04-20 08:00:00,2026-04-20 16:53:24
4064,245,10,Confirmed,7,2026-06-02 09:00:00,2026-06-02 14:59:24
4065,60,9,Confirmed,2,2026-06-03 10:00:00,2026-06-03 14:22:48
4066,145,4,Scheduled,9,2026-04-19 10:00:00,2026-04-19 14:27:00
4067,68,9,Completed,4,2026-04-29 10:00:00,2026-04-29 16:14:24
4068,282,9,Completed,1,2026-05-21 09:00:00,2026-05-21 14:49:12
4069,42,2,Completed,2,2026-06-07 06:00:00,2026-06-07 10:04:12
4070,162,4,Scheduled,8,2026-05-27 10:00:00,2026-05-27 15:16:12
4071,173,7,Confirmed,1,2026-05-29 06:00:00,2026-05-29 14:51:36
4072,69,2,Scheduled,10,2026-05-04 10:00:00,2026-05-04 13:40:48
4073,29,1,Confirmed,4,2026-05-18 10:00:00,2026-05-18 13:40:12
4074,9,8,Scheduled,2,2026-05-29 08:00:00,2026-05-29 16:42:36
4075,97,7,Completed,5,2026-04-24 06:00:00,2026-04-24 11:40:12
4076,54,6,Completed,5,2026-06-26 09:00:00,2026-06-26 15:00:00
4077,152,5,Completed,7,2026-05-23 09:00:00,2026-05-23 15:55:48
4078,166,9,Completed,8,2026-05-12 08:00:00,2026-05-12 17:21:36
4079,168,7,Scheduled,10,2026-06-25 08:00:00,2026-06-25 16:34:12
4080,29,8,Scheduled,1,2026-05-13 10:00:00,2026-05-13 18:16:12
4081,224,1,Completed,9,2026-04-10 10:00:00,2026-04-10 15:04:12
4082,168,4,Completed,4,2026-05-26 10:00:00,2026-05-26 13:46:12
4083,18,5,Completed,9,2026-05-27 06:00:00,2026-05-27 11:46:48
4084,251,6,Scheduled,9,2026-06-19 07:00:00,2026-06-19 14:28:12
4085,242,9,Completed,5,2026-04-24 09:00:00,2026-04-24 16:12:36
4086,178,9,Completed,7,2026-05-05 08:00:00,2026-05-05 12:05:24
4087,30,8,Completed,2,2026-05-05 06:00:00,2026-05-05 13:24:00
4088,13,2,Scheduled,8,2026-04-19 06:00:00,2026-04-19 11:54:00
4089,189,9,Completed,2,2026-06-14 07:00:00,2026-06-14 11:12:36
4090,37,5,Scheduled,9,2026-06-27 06:00:00,2026-06-27 12:27:00
4091,141,10,Confirmed,9,2026-05-18 10:00:00,2026-05-18 14:49:12
4092,159,3,Scheduled,3,2026-04-15 08:00:00,2026-04-15 15:42:00
4093,270,1,Completed,9,2026-04-16 08:00:00,2026-04-16 14:21:36
4094,250,3,Confirmed,7,2026-06-13 09:00:00,2026-06-13 17:27:36
4095,220,5,Confirmed,6,2026-05-09 07:00:00,2026-05-09 10:18:00
4096,101,10,Confirmed,10,2026-06-25 10:00:00,2026-06-25 19:16:12
4097,188,10,Confirmed,10,2026-05-16 06:00:00,2026-05-16 12:56:24
4098,56,2,Confirmed,9,2026-06-09 07:00:00,2026-06-09 14:41:24
4099,96,9,Scheduled,1,2026-05-21 10:00:00,2026-05-21 17:29:24
4100,98,7,Scheduled,6,2026-04-25 07:00:00,2026-04-25 10:16:12
4101,47,1,Scheduled,10,2026-06-17 07:00:00,2026-06-17 11:42:00
4102,252,2,Scheduled,1,2026-06-19 10:00:00,2026-06-19 17:04:48
4103,174,6,Confirmed,2,2026-05-13 06:00:00,2026-05-13 15:20:24
4104,47,5,Completed,7,2026-04-22 06:00:00,2026-04-22 12:42:00
4105,114,8,Completed,1,2026-05-19 07:00:00,2026-05-19 11:23:24
4106,145,3,Confirmed,8,2026-05-31 08:00:00,2026-05-31 16:21:00
4107,11,5,Scheduled,6,2026-05-26 07:00:00,2026-05-26 12:52:12
4108,30,7,Completed,8,2026-05-04 08:00:00,2026-05-04 15:24:36
4109,102,9,Completed,3,2026-05-27 10:00:00,2026-05-27 18:27:36
4110,181,5,Scheduled,9,2026-04-27 06:00:00,2026-04-27 10:34:48
4111,265,2,Confirmed,3,2026-05-03 06:00:00,2026-05-03 13:44:24
4112,299,2,Completed,7,2026-05-17 09:00:00,2026-05-17 17:54:00
4113,10,5,Confirmed,5,2026-04-01 10:00:00,2026-04-01 16:53:24
4114,163,6,Scheduled,7,2026-05-01 09:00:00,2026-05-01 13:46:48
4115,197,3,Completed,6,2026-06-29 08:00:00,2026-06-29 13:22:12
4116,30,1,Scheduled,3,2026-04-06 08:00:00,2026-04-06 11:11:24
4117,152,1,Completed,1,2026-06-09 07:00:00,2026-06-09 10:00:36
4118,175,1,Scheduled,10,2026-04-12 07:00:00,2026-04-12 11:39:00
4119,285,1,Scheduled,9,2026-05-16 07:00:00,2026-05-16 12:28:12
4120,269,9,Confirmed,3,2026-05-25 08:00:00,2026-05-25 15:26:24
4121,17,2,Confirmed,6,2026-05-05 09:00:00,2026-05-05 17:52:12
4122,128,4,Scheduled,10,2026-05-06 08:00:00,2026-05-06 12:15:00
4123,55,4,Scheduled,2,2026-06-20 10:00:00,2026-06-20 16:13:12
4124,254,4,Scheduled,9,2026-06-11 06:00:00,2026-06-11 12:31:12
4125,180,8,Confirmed,5,2026-04-02 09:00:00,2026-04-02 15:35:24
4126,291,10,Scheduled,6,2026-06-04 07:00:00,2026-06-04 13:47:24
4127,228,8,Completed,10,2026-05-10 08:00:00,2026-05-10 12:49:12
4128,131,10,Confirmed,2,2026-04-24 10:00:00,2026-04-24 14:46:48
4129,199,5,Confirmed,10,2026-05-24 09:00:00,2026-05-24 13:03:36
4130,81,8,Completed,4,2026-05-30 08:00:00,2026-05-30 13:10:48
4131,59,10,Scheduled,10,2026-06-21 07:00:00,2026-06-21 10:16:48
4132,41,3,Completed,4,2026-06-11 07:00:00,2026-06-11 16:25:48
4133,136,7,Confirmed,1,2026-06-20 08:00:00,2026-06-20 12:02:24
4134,110,9,Confirmed,3,2026-05-12 08:00:00,2026-05-12 11:24:36
4135,179,8,Scheduled,8,2026-06-07 10:00:00,2026-06-07 13:33:00
4136,178,6,Confirmed,10,2026-06-11 08:00:00,2026-06-11 14:13:48
4137,191,1,Confirmed,7,2026-04-04 08:00:00,2026-04-04 13:24:36
4138,229,9,Scheduled,9,2026-04-25 10:00:00,2026-04-25 15:19:12
4139,86,9,Scheduled,9,2026-06-29 06:00:00,2026-06-29 09:03:00
4140,174,10,Scheduled,1,2026-06-21 07:00:00,2026-06-21 11:33:36
4141,61,2,Scheduled,2,2026-04-13 06:00:00,2026-04-13 10:44:24
4142,53,10,Completed,9,2026-04-26 10:00:00,2026-04-26 15:05:24
4143,94,1,Scheduled,2,2026-04-28 08:00:00,2026-04-28 17:30:36
4144,227,8,Completed,1,2026-05-27 06:00:00,2026-05-27 13:27:00
4145,120,10,Confirmed,6,2026-04-09 09:00:00,2026-04-09 15:48:36
4146,249,4,Scheduled,7,2026-06-08 08:00:00,2026-06-08 17:12:36
4147,110,5,Scheduled,7,2026-05-27 07:00:00,2026-05-27 13:24:00
4148,89,9,Confirmed,7,2026-04-29 06:00:00,2026-04-29 11:31:12
4149,33,2,Completed,9,2026-04-10 10:00:00,2026-04-10 17:06:36
4150,211,4,Confirmed,8,2026-06-24 09:00:00,2026-06-24 16:44:24
4151,17,4,Completed,3,2026-05-09 10:00:00,2026-05-09 17:48:00
4152,240,6,Scheduled,9,2026-05-16 08:00:00,2026-05-16 16:42:00
4153,223,4,Scheduled,7,2026-05-30 09:00:00,2026-05-30 12:19:48
4154,196,3,Completed,2,2026-04-15 06:00:00,2026-04-15 13:25:48
4155,5,6,Completed,6,2026-04-27 08:00:00,2026-04-27 15:05:24
4156,276,7,Completed,3,2026-06-08 08:00:00,2026-06-08 16:16:48
4157,8,10,Completed,6,2026-05-07 10:00:00,2026-05-07 13:34:12
4158,29,5,Confirmed,3,2026-04-13 08:00:00,2026-04-13 12:47:24
4159,167,5,Confirmed,1,2026-06-16 07:00:00,2026-06-16 16:12:00
4160,203,9,Scheduled,2,2026-06-08 10:00:00,2026-06-08 16:19:48
4161,91,2,Confirmed,7,2026-05-03 08:00:00,2026-05-03 15:22:48
4162,249,8,Scheduled,8,2026-05-24 10:00:00,2026-05-24 15:15:36
4163,167,9,Confirmed,2,2026-05-07 10:00:00,2026-05-07 17:30:36
4164,275,2,Confirmed,2,2026-04-26 07:00:00,2026-04-26 11:22:48
4165,161,7,Completed,9,2026-06-03 06:00:00,2026-06-03 14:21:36
4166,26,1,Scheduled,5,2026-04-10 09:00:00,2026-04-10 15:19:48
4167,200,5,Completed,3,2026-06-07 08:00:00,2026-06-07 15:36:36
4168,108,10,Confirmed,5,2026-05-30 06:00:00,2026-05-30 11:03:36
4169,213,2,Scheduled,9,2026-06-06 09:00:00,2026-06-06 16:34:48
4170,94,9,Confirmed,5,2026-05-12 08:00:00,2026-05-12 12:47:24
4171,178,8,Confirmed,7,2026-06-14 08:00:00,2026-06-14 14:04:12
4172,259,9,Confirmed,7,2026-05-23 08:00:00,2026-05-23 14:10:48
4173,107,8,Confirmed,10,2026-04-11 07:00:00,2026-04-11 10:38:24
4174,200,9,Scheduled,7,2026-05-24 10:00:00,2026-05-24 13:25:48
4175,275,4,Confirmed,2,2026-04-17 06:00:00,2026-04-17 10:49:12
4176,109,9,Confirmed,3,2026-04-21 07:00:00,2026-04-21 12:30:36
4177,84,6,Scheduled,8,2026-06-06 06:00:00,2026-06-06 13:27:36
4178,270,3,Completed,10,2026-04-25 09:00:00,2026-04-25 13:21:00
4179,296,2,Scheduled,9,2026-05-02 10:00:00,2026-05-02 19:20:24
4180,120,5,Completed,6,2026-05-12 08:00:00,2026-05-12 11:32:24
4181,81,3,Completed,5,2026-05-23 09:00:00,2026-05-23 13:24:00
4182,224,7,Completed,6,2026-06-05 09:00:00,2026-06-05 18:27:00
4183,160,6,Confirmed,10,2026-04-25 08:00:00,2026-04-25 12:34:48
4184,197,7,Scheduled,6,2026-05-18 07:00:00,2026-05-18 11:25:12
4185,140,9,Completed,2,2026-04-02 09:00:00,2026-04-02 15:34:48
4186,69,4,Scheduled,3,2026-06-18 08:00:00,2026-06-18 12:34:48
4187,14,5,Completed,10,2026-04-21 08:00:00,2026-04-21 16:16:48
4188,52,1,Confirmed,4,2026-04-02 10:00:00,2026-04-02 15:49:12
4189,198,4,Completed,9,2026-05-03 07:00:00,2026-05-03 14:03:00
4190,268,9,Completed,2,2026-06-22 07:00:00,2026-06-22 16:08:24
4191,143,9,Scheduled,7,2026-05-05 07:00:00,2026-05-05 11:03:00
4192,251,2,Scheduled,7,2026-04-10 10:00:00,2026-04-10 15:49:48
4193,46,5,Scheduled,9,2026-05-11 09:00:00,2026-05-11 12:27:00
4194,37,4,Confirmed,4,2026-06-03 07:00:00,2026-06-03 15:34:12
4195,71,2,Scheduled,9,2026-04-02 07:00:00,2026-04-02 12:57:00
4196,156,6,Confirmed,5,2026-06-01 06:00:00,2026-06-01 12:03:00
4197,30,5,Completed,2,2026-04-23 07:00:00,2026-04-23 10:04:12
4198,104,10,Completed,2,2026-05-21 08:00:00,2026-05-21 16:11:24
4199,96,10,Confirmed,2,2026-04-21 07:00:00,2026-04-21 14:50:24
4200,64,2,Scheduled,4,2026-04-17 08:00:00,2026-04-17 11:38:24
4201,165,7,Completed,9,2026-04-10 08:00:00,2026-04-10 15:28:12
4202,123,3,Scheduled,5,2026-04-02 07:00:00,2026-04-02 13:15:36
4203,22,9,Confirmed,6,2026-06-01 07:00:00,2026-06-01 13:26:24
4204,217,10,Scheduled,3,2026-04-28 10:00:00,2026-04-28 13:04:48
4205,82,1,Confirmed,9,2026-04-14 08:00:00,2026-04-14 13:31:48
4206,78,10,Confirmed,9,2026-04-05 08:00:00,2026-04-05 16:02:24
4207,234,5,Scheduled,4,2026-05-03 09:00:00,2026-05-03 12:15:36
4208,209,7,Confirmed,8,2026-04-13 08:00:00,2026-04-13 12:36:36
4209,107,2,Completed,9,2026-06-27 08:00:00,2026-06-27 15:36:00
4210,107,8,Scheduled,3,2026-04-01 06:00:00,2026-04-01 09:38:24
4211,189,8,Completed,10,2026-06-29 07:00:00,2026-06-29 13:45:00
4212,212,5,Completed,9,2026-04-27 09:00:00,2026-04-27 14:24:00
4213,20,7,Confirmed,10,2026-05-30 08:00:00,2026-05-30 12:13:48
4214,88,7,Scheduled,1,2026-06-29 06:00:00,2026-06-29 09:25:48
4215,113,8,Scheduled,3,2026-05-06 09:00:00,2026-05-06 16:25:12
4216,180,10,Confirmed,5,2026-06-05 06:00:00,2026-06-05 14:36:36
4217,66,3,Completed,3,2026-06-08 09:00:00,2026-06-08 16:06:36
4218,235,5,Scheduled,5,2026-05-07 10:00:00,2026-05-07 14:23:24
4219,179,4,Confirmed,9,2026-04-14 09:00:00,2026-04-14 17:45:36
4220,300,5,Completed,5,2026-06-19 06:00:00,2026-06-19 10:14:24
4221,271,6,Completed,9,2026-06-27 09:00:00,2026-06-27 15:05:24
4222,233,10,Completed,7,2026-05-21 07:00:00,2026-05-21 14:17:24
4223,94,6,Completed,9,2026-06-16 07:00:00,2026-06-16 14:52:12
4224,260,1,Completed,5,2026-05-12 09:00:00,2026-05-12 14:25:48
4225,22,6,Scheduled,3,2026-06-04 07:00:00,2026-06-04 10:21:36
4226,135,10,Completed,5,2026-05-11 10:00:00,2026-05-11 15:40:12
4227,70,3,Confirmed,10,2026-06-26 10:00:00,2026-06-26 14:17:24
4228,186,10,Confirmed,7,2026-04-04 06:00:00,2026-04-04 09:50:24
4229,102,4,Completed,9,2026-06-21 06:00:00,2026-06-21 12:17:24
4230,181,5,Scheduled,5,2026-05-03 07:00:00,2026-05-03 14:45:00
4231,221,3,Confirmed,3,2026-05-24 10:00:00,2026-05-24 16:44:24
4232,109,9,Scheduled,10,2026-06-24 08:00:00,2026-06-24 13:43:48
4233,115,1,Completed,6,2026-05-16 07:00:00,2026-05-16 13:07:12
4234,212,5,Scheduled,1,2026-04-03 08:00:00,2026-04-03 11:52:48
4235,150,2,Scheduled,9,2026-06-23 10:00:00,2026-06-23 13:48:36
4236,18,10,Scheduled,3,2026-04-25 10:00:00,2026-04-25 17:11:24
4237,97,7,Scheduled,5,2026-04-19 06:00:00,2026-04-19 12:00:36
4238,214,10,Completed,7,2026-05-25 07:00:00,2026-05-25 11:28:12
4239,263,8,Confirmed,7,2026-04-23 06:00:00,2026-04-23 10:22:12
4240,136,9,Scheduled,9,2026-05-20 06:00:00,2026-05-20 09:22:12
4241,295,4,Scheduled,9,2026-06-22 07:00:00,2026-06-22 13:19:48
4242,295,9,Scheduled,3,2026-04-29 09:00:00,2026-04-29 14:34:48
4243,168,10,Scheduled,5,2026-05-20 06:00:00,2026-05-20 10:16:48
4244,103,10,Completed,9,2026-06-26 08:00:00,2026-06-26 14:19:48
4245,44,4,Completed,2,2026-04-30 09:00:00,2026-04-30 14:06:36
4246,231,10,Scheduled,6,2026-06-20 06:00:00,2026-06-20 09:22:12
4247,292,6,Completed,1,2026-04-23 09:00:00,2026-04-23 12:31:12
4248,218,3,Completed,5,2026-04-06 07:00:00,2026-04-06 10:22:12
4249,58,4,Confirmed,7,2026-06-01 09:00:00,2026-06-01 16:11:24
4250,43,3,Confirmed,2,2026-06-25 07:00:00,2026-06-25 12:14:24
4251,31,1,Scheduled,3,2026-04-25 10:00:00,2026-04-25 17:24:36
4252,135,9,Completed,3,2026-04-09 09:00:00,2026-04-09 14:22:12
4253,217,2,Completed,6,2026-04-27 08:00:00,2026-04-27 14:05:24
4254,173,3,Confirmed,8,2026-06-10 07:00:00,2026-06-10 14:58:12
4255,43,10,Scheduled,8,2026-04-13 08:00:00,2026-04-13 16:39:00
4256,53,3,Scheduled,2,2026-04-12 08:00:00,2026-04-12 14:20:24
4257,242,2,Confirmed,5,2026-05-07 08:00:00,2026-05-07 14:06:00
4258,210,7,Confirmed,9,2026-04-06 08:00:00,2026-04-06 13:50:24
4259,163,3,Confirmed,7,2026-04-27 10:00:00,2026-04-27 16:18:00
4260,37,10,Confirmed,7,2026-05-17 10:00:00,2026-05-17 16:36:00
4261,239,9,Scheduled,7,2026-04-14 10:00:00,2026-04-14 13:56:24
4262,117,5,Completed,4,2026-04-20 06:00:00,2026-04-20 11:00:36
4263,138,8,Confirmed,9,2026-05-02 07:00:00,2026-05-02 13:17:24
4264,39,9,Scheduled,7,2026-05-29 07:00:00,2026-05-29 10:46:48
4265,264,10,Scheduled,10,2026-04-06 10:00:00,2026-04-06 14:10:12
4266,4,9,Completed,1,2026-05-07 08:00:00,2026-05-07 13:48:00
4267,263,2,Scheduled,7,2026-04-02 09:00:00,2026-04-02 15:33:36
4268,295,1,Confirmed,9,2026-05-15 06:00:00,2026-05-15 12:35:24
4269,104,5,Confirmed,1,2026-05-10 10:00:00,2026-05-10 14:30:00
4270,189,6,Completed,9,2026-06-03 08:00:00,2026-06-03 12:46:12
4271,81,2,Scheduled,1,2026-04-08 08:00:00,2026-04-08 16:26:24
4272,296,7,Scheduled,9,2026-05-05 10:00:00,2026-05-05 16:58:48
4273,24,7,Scheduled,4,2026-06-21 08:00:00,2026-06-21 15:39:36
4274,281,2,Scheduled,8,2026-06-21 07:00:00,2026-06-21 11:56:24
4275,69,6,Confirmed,2,2026-04-01 10:00:00,2026-04-01 16:06:00
4276,128,3,Completed,3,2026-04-22 10:00:00,2026-04-22 13:33:36
4277,155,7,Completed,2,2026-05-22 10:00:00,2026-05-22 14:36:00
4278,12,6,Completed,7,2026-06-05 06:00:00,2026-06-05 10:46:12
4279,253,3,Completed,2,2026-05-11 06:00:00,2026-05-11 13:34:48
4280,263,6,Completed,10,2026-06-01 07:00:00,2026-06-01 14:16:48
4281,208,8,Confirmed,2,2026-06-27 08:00:00,2026-06-27 16:11:24
4282,280,4,Confirmed,5,2026-04-16 10:00:00,2026-04-16 14:40:48
4283,38,7,Scheduled,7,2026-06-18 06:00:00,2026-06-18 10:00:36
4284,270,1,Scheduled,4,2026-06-15 09:00:00,2026-06-15 13:40:48
4285,171,5,Completed,10,2026-05-31 07:00:00,2026-05-31 10:48:00
4286,104,9,Scheduled,9,2026-05-20 08:00:00,2026-05-20 13:58:12
4287,193,1,Confirmed,6,2026-04-16 10:00:00,2026-04-16 14:32:24
4288,83,8,Confirmed,8,2026-04-01 09:00:00,2026-04-01 14:03:00
4289,242,7,Confirmed,8,2026-06-07 10:00:00,2026-06-07 14:30:00
4290,123,1,Completed,6,2026-06-22 10:00:00,2026-06-22 15:00:00
4291,242,10,Scheduled,2,2026-04-02 08:00:00,2026-04-02 16:04:48
4292,285,2,Confirmed,10,2026-04-21 09:00:00,2026-04-21 13:20:24
4293,45,1,Scheduled,4,2026-05-04 08:00:00,2026-05-04 13:26:24
4294,35,2,Confirmed,3,2026-06-09 10:00:00,2026-06-09 17:10:12
4295,45,7,Completed,8,2026-05-19 08:00:00,2026-05-19 15:35:24
4296,174,9,Scheduled,8,2026-04-25 06:00:00,2026-04-25 15:33:00
4297,193,4,Confirmed,6,2026-04-12 09:00:00,2026-04-12 12:03:00
4298,227,4,Confirmed,4,2026-04-01 09:00:00,2026-04-01 14:58:48
4299,96,6,Completed,6,2026-05-15 10:00:00,2026-05-15 17:41:24
4300,289,6,Confirmed,3,2026-06-13 07:00:00,2026-06-13 13:50:24
4301,95,10,Scheduled,7,2026-04-21 09:00:00,2026-04-21 16:38:24
4302,113,10,Confirmed,8,2026-05-30 06:00:00,2026-05-30 10:56:24
4303,151,8,Confirmed,3,2026-06-22 09:00:00,2026-06-22 17:27:36
4304,86,3,Completed,8,2026-06-03 06:00:00,2026-06-03 09:40:12
4305,206,8,Scheduled,6,2026-04-30 08:00:00,2026-04-30 11:44:24
4306,106,8,Completed,9,2026-05-11 08:00:00,2026-05-11 13:16:48
4307,86,4,Completed,3,2026-05-04 10:00:00,2026-05-04 13:27:00
4308,35,1,Confirmed,1,2026-06-12 06:00:00,2026-06-12 09:15:00
4309,142,2,Scheduled,9,2026-06-29 10:00:00,2026-06-29 14:33:00
4310,206,9,Confirmed,8,2026-04-30 10:00:00,2026-04-30 17:51:36
4311,91,1,Scheduled,1,2026-04-15 09:00:00,2026-04-15 12:34:12
4312,210,2,Scheduled,8,2026-04-29 09:00:00,2026-04-29 14:12:00
4313,176,9,Scheduled,7,2026-06-18 06:00:00,2026-06-18 12:29:24
4314,51,6,Completed,1,2026-05-12 08:00:00,2026-05-12 14:09:00
4315,126,8,Completed,9,2026-05-15 06:00:00,2026-05-15 14:40:12
4316,223,3,Completed,10,2026-06-18 06:00:00,2026-06-18 09:50:24
4317,106,10,Confirmed,8,2026-04-03 09:00:00,2026-04-03 15:51:36
4318,292,2,Completed,10,2026-05-06 09:00:00,2026-05-06 16:49:48
4319,50,5,Confirmed,9,2026-06-23 08:00:00,2026-06-23 12:53:24
4320,198,4,Completed,4,2026-04-05 10:00:00,2026-04-05 19:34:12
4321,68,9,Completed,10,2026-06-19 06:00:00,2026-06-19 09:49:48
4322,205,8,Confirmed,4,2026-05-25 09:00:00,2026-05-25 15:38:24
4323,58,5,Confirmed,3,2026-04-02 10:00:00,2026-04-02 16:26:24
4324,244,9,Confirmed,3,2026-05-03 10:00:00,2026-05-03 19:04:12
4325,70,7,Confirmed,7,2026-06-11 08:00:00,2026-06-11 13:48:00
4326,117,3,Confirmed,7,2026-05-17 08:00:00,2026-05-17 14:16:48
4327,231,1,Completed,10,2026-06-28 08:00:00,2026-06-28 13:13:48
4328,229,9,Completed,5,2026-06-22 08:00:00,2026-06-22 16:21:36
4329,228,3,Confirmed,9,2026-05-25 10:00:00,2026-05-25 19:19:12
4330,10,9,Confirmed,7,2026-04-07 09:00:00,2026-04-07 17:38:24
4331,119,4,Scheduled,6,2026-04-29 09:00:00,2026-04-29 12:57:36
4332,131,3,Confirmed,3,2026-06-26 07:00:00,2026-06-26 11:05:24
4333,149,8,Confirmed,4,2026-04-14 08:00:00,2026-04-14 12:48:00
4334,163,6,Completed,1,2026-05-27 08:00:00,2026-05-27 14:11:24
4335,181,4,Confirmed,3,2026-06-29 10:00:00,2026-06-29 13:24:36
4336,155,4,Scheduled,2,2026-04-22 10:00:00,2026-04-22 15:06:36
4337,221,9,Completed,8,2026-06-28 06:00:00,2026-06-28 10:34:48
4338,64,1,Confirmed,4,2026-04-01 09:00:00,2026-04-01 14:03:36
4339,58,8,Confirmed,7,2026-04-15 07:00:00,2026-04-15 12:59:24
4340,298,5,Scheduled,10,2026-05-15 06:00:00,2026-05-15 12:39:36
4341,148,4,Scheduled,5,2026-05-30 08:00:00,2026-05-30 12:22:12
4342,202,5,Scheduled,8,2026-04-13 07:00:00,2026-04-13 16:25:48
4343,104,5,Completed,7,2026-06-17 10:00:00,2026-06-17 18:19:12
4344,109,10,Confirmed,2,2026-06-24 10:00:00,2026-06-24 16:31:48
4345,89,9,Confirmed,9,2026-06-28 08:00:00,2026-06-28 12:46:48
4346,153,10,Confirmed,5,2026-05-09 09:00:00,2026-05-09 15:52:48
4347,210,9,Scheduled,5,2026-05-14 08:00:00,2026-05-14 12:24:36
4348,211,3,Scheduled,6,2026-06-02 07:00:00,2026-06-02 11:09:36
4349,298,9,Completed,3,2026-06-09 06:00:00,2026-06-09 14:27:00
4350,292,6,Confirmed,2,2026-05-18 10:00:00,2026-05-18 15:08:24
4351,130,4,Scheduled,3,2026-05-16 10:00:00,2026-05-16 14:12:36
4352,207,10,Completed,7,2026-05-26 06:00:00,2026-05-26 10:01:48
4353,156,4,Scheduled,7,2026-06-05 07:00:00,2026-06-05 12:59:24
4354,273,6,Scheduled,4,2026-05-14 10:00:00,2026-05-14 17:51:36
4355,164,3,Confirmed,9,2026-04-11 07:00:00,2026-04-11 12:45:00
4356,200,5,Scheduled,1,2026-06-19 10:00:00,2026-06-19 13:40:48
4357,184,7,Completed,6,2026-05-13 10:00:00,2026-05-13 17:06:36
4358,218,5,Scheduled,2,2026-04-04 06:00:00,2026-04-04 10:02:24
4359,276,8,Scheduled,10,2026-06-29 09:00:00,2026-06-29 17:46:12
4360,85,9,Completed,3,2026-04-08 08:00:00,2026-04-08 12:46:48
4361,40,4,Confirmed,3,2026-04-15 09:00:00,2026-04-15 17:48:00
4362,299,2,Completed,7,2026-05-18 09:00:00,2026-05-18 12:18:00
4363,124,4,Confirmed,8,2026-04-13 07:00:00,2026-04-13 12:48:00
4364,272,4,Completed,9,2026-05-18 06:00:00,2026-05-18 13:28:48
4365,276,6,Scheduled,6,2026-04-13 07:00:00,2026-04-13 12:57:36
4366,175,9,Completed,8,2026-04-12 07:00:00,2026-04-12 11:06:00
4367,88,1,Completed,7,2026-04-05 10:00:00,2026-04-05 16:43:48
4368,141,8,Completed,2,2026-04-17 09:00:00,2026-04-17 16:01:12
4369,260,9,Confirmed,2,2026-04-11 10:00:00,2026-04-11 15:39:36
4370,69,1,Confirmed,10,2026-05-14 10:00:00,2026-05-14 16:06:36
4371,165,8,Confirmed,2,2026-05-08 09:00:00,2026-05-08 16:05:24
4372,233,2,Completed,9,2026-04-14 10:00:00,2026-04-14 15:15:36
4373,130,6,Confirmed,8,2026-04-10 07:00:00,2026-04-10 14:18:36
4374,165,9,Scheduled,6,2026-06-07 10:00:00,2026-06-07 15:12:00
4375,208,2,Confirmed,1,2026-05-31 08:00:00,2026-05-31 12:37:12
4376,187,7,Confirmed,4,2026-05-01 10:00:00,2026-05-01 17:16:48
4377,294,8,Confirmed,6,2026-05-26 08:00:00,2026-05-26 12:31:12
4378,93,4,Confirmed,9,2026-04-07 07:00:00,2026-04-07 11:55:48
4379,45,7,Scheduled,6,2026-05-07 09:00:00,2026-05-07 13:06:36
4380,77,5,Completed,8,2026-04-14 07:00:00,2026-04-14 12:17:24
4381,12,6,Confirmed,5,2026-04-16 09:00:00,2026-04-16 14:06:36
4382,19,10,Confirmed,9,2026-06-03 10:00:00,2026-06-03 13:36:00
4383,25,7,Confirmed,7,2026-06-08 07:00:00,2026-06-08 11:40:12
4384,82,4,Scheduled,2,2026-05-12 08:00:00,2026-05-12 13:13:12
4385,13,3,Scheduled,1,2026-06-21 06:00:00,2026-06-21 11:13:48
4386,77,1,Completed,7,2026-04-03 07:00:00,2026-04-03 10:32:24
4387,134,4,Completed,3,2026-04-15 08:00:00,2026-04-15 15:13:12
4388,258,9,Scheduled,6,2026-04-01 08:00:00,2026-04-01 14:55:48
4389,228,6,Completed,9,2026-05-18 10:00:00,2026-05-18 14:36:36
4390,84,3,Completed,7,2026-06-12 07:00:00,2026-06-12 12:30:00
4391,272,2,Scheduled,8,2026-05-11 06:00:00,2026-05-11 09:37:12
4392,138,2,Scheduled,7,2026-06-29 08:00:00,2026-06-29 15:50:24
4393,130,5,Confirmed,3,2026-04-14 06:00:00,2026-04-14 09:33:36
4394,228,8,Completed,6,2026-05-23 07:00:00,2026-05-23 10:40:48
4395,155,9,Scheduled,7,2026-06-23 08:00:00,2026-06-23 15:41:24
4396,43,2,Confirmed,8,2026-04-08 10:00:00,2026-04-08 14:40:12
4397,272,1,Confirmed,9,2026-06-04 06:00:00,2026-06-04 13:19:48
4398,298,2,Completed,8,2026-05-11 09:00:00,2026-05-11 18:25:12
4399,268,6,Scheduled,1,2026-06-04 08:00:00,2026-06-04 13:00:00
4400,60,2,Scheduled,3,2026-06-12 06:00:00,2026-06-12 12:24:00
4401,222,4,Confirmed,5,2026-04-10 07:00:00,2026-04-10 12:03:36
4402,114,4,Completed,5,2026-04-12 06:00:00,2026-04-12 10:02:24
4403,143,2,Completed,6,2026-04-03 09:00:00,2026-04-03 14:24:36
4404,242,2,Confirmed,10,2026-05-14 10:00:00,2026-05-14 18:31:48
4405,112,10,Scheduled,8,2026-06-22 09:00:00,2026-06-22 17:13:48
4406,167,7,Completed,10,2026-04-25 10:00:00,2026-04-25 16:02:24
4407,229,2,Confirmed,7,2026-05-19 10:00:00,2026-05-19 13:36:00
4408,154,7,Confirmed,5,2026-04-11 06:00:00,2026-04-11 13:43:12
4409,131,4,Confirmed,1,2026-06-26 10:00:00,2026-06-26 15:28:12
4410,241,6,Completed,4,2026-05-26 07:00:00,2026-05-26 10:39:36
4411,291,7,Completed,10,2026-05-18 09:00:00,2026-05-18 17:55:12
4412,168,3,Completed,2,2026-04-14 10:00:00,2026-04-14 13:24:36
4413,71,2,Scheduled,2,2026-05-20 07:00:00,2026-05-20 13:49:12
4414,186,6,Completed,9,2026-05-19 09:00:00,2026-05-19 17:18:00
4415,253,8,Scheduled,6,2026-04-03 06:00:00,2026-04-03 11:16:12
4416,193,9,Confirmed,10,2026-04-07 07:00:00,2026-04-07 13:55:12
4417,269,5,Scheduled,1,2026-05-02 06:00:00,2026-05-02 09:06:00
4418,281,6,Scheduled,4,2026-04-24 08:00:00,2026-04-24 13:45:36
4419,245,7,Completed,1,2026-05-16 09:00:00,2026-05-16 14:00:00
4420,243,9,Completed,8,2026-06-10 10:00:00,2026-06-10 13:13:12
4421,121,1,Scheduled,10,2026-06-04 08:00:00,2026-06-04 17:12:36
4422,112,2,Confirmed,2,2026-04-14 09:00:00,2026-04-14 15:04:12
4423,293,8,Scheduled,10,2026-04-01 10:00:00,2026-04-01 16:59:24
4424,262,10,Completed,8,2026-04-27 09:00:00,2026-04-27 12:18:00
4425,207,6,Confirmed,3,2026-05-08 09:00:00,2026-05-08 14:36:36
4426,268,8,Confirmed,7,2026-06-21 08:00:00,2026-06-21 14:22:12
4427,276,7,Completed,7,2026-05-28 06:00:00,2026-05-28 09:20:24
4428,233,10,Scheduled,9,2026-05-05 07:00:00,2026-05-05 10:09:00
4429,141,1,Completed,8,2026-04-19 07:00:00,2026-04-19 12:04:12
4430,154,5,Scheduled,3,2026-06-09 07:00:00,2026-06-09 10:01:48
4431,66,6,Confirmed,7,2026-05-27 08:00:00,2026-05-27 13:19:48
4432,121,4,Confirmed,1,2026-04-23 09:00:00,2026-04-23 14:57:36
4433,109,2,Scheduled,10,2026-04-01 09:00:00,2026-04-01 16:46:12
4434,159,6,Confirmed,5,2026-04-01 06:00:00,2026-04-01 10:28:48
4435,58,4,Scheduled,9,2026-06-05 10:00:00,2026-06-05 15:30:36
4436,4,10,Scheduled,4,2026-04-29 08:00:00,2026-04-29 16:09:00
4437,126,1,Confirmed,4,2026-05-04 10:00:00,2026-05-04 14:06:00
4438,108,3,Confirmed,6,2026-04-19 06:00:00,2026-04-19 13:35:24
4439,19,2,Completed,8,2026-06-23 06:00:00,2026-06-23 10:40:12
4440,147,2,Scheduled,5,2026-04-30 06:00:00,2026-04-30 11:22:48
4441,163,6,Completed,4,2026-05-24 09:00:00,2026-05-24 12:37:48
4442,30,9,Confirmed,1,2026-04-02 08:00:00,2026-04-02 16:14:24
4443,47,5,Confirmed,9,2026-05-11 10:00:00,2026-05-11 15:46:48
4444,7,2,Scheduled,6,2026-04-08 06:00:00,2026-04-08 11:09:36
4445,81,5,Scheduled,1,2026-04-27 08:00:00,2026-04-27 14:33:00
4446,289,4,Scheduled,5,2026-05-30 07:00:00,2026-05-30 13:01:12
4447,61,10,Completed,10,2026-06-24 09:00:00,2026-06-24 14:06:36
4448,115,3,Scheduled,4,2026-06-21 09:00:00,2026-06-21 16:33:36
4449,267,9,Confirmed,9,2026-06-14 10:00:00,2026-06-14 15:16:12
4450,292,7,Scheduled,10,2026-04-06 07:00:00,2026-04-06 10:34:48
4451,237,5,Completed,6,2026-06-14 10:00:00,2026-06-14 14:33:00
4452,2,10,Completed,5,2026-05-17 09:00:00,2026-05-17 14:59:24
4453,128,4,Scheduled,9,2026-04-21 10:00:00,2026-04-21 17:01:48
4454,265,10,Scheduled,9,2026-05-06 09:00:00,2026-05-06 16:42:00
4455,268,3,Confirmed,7,2026-04-16 09:00:00,2026-04-16 12:03:36
4456,225,5,Scheduled,1,2026-06-07 08:00:00,2026-06-07 11:02:24
4457,33,6,Scheduled,8,2026-04-12 06:00:00,2026-04-12 10:12:00
4458,97,8,Confirmed,6,2026-04-30 09:00:00,2026-04-30 16:13:12
4459,191,5,Confirmed,6,2026-05-28 10:00:00,2026-05-28 14:54:36
4460,6,4,Confirmed,7,2026-04-15 07:00:00,2026-04-15 13:49:48
4461,61,9,Scheduled,10,2026-05-31 09:00:00,2026-05-31 13:46:48
4462,100,2,Scheduled,8,2026-04-03 10:00:00,2026-04-03 16:55:12
4463,74,2,Completed,9,2026-06-06 06:00:00,2026-06-06 10:33:00
4464,65,7,Scheduled,5,2026-04-01 10:00:00,2026-04-01 17:36:00
4465,106,6,Scheduled,3,2026-05-29 09:00:00,2026-05-29 13:54:00
4466,228,7,Completed,2,2026-04-22 09:00:00,2026-04-22 14:49:48
4467,28,4,Completed,3,2026-05-14 06:00:00,2026-05-14 11:47:24
4468,289,10,Scheduled,8,2026-06-11 10:00:00,2026-06-11 14:02:24
4469,102,1,Completed,7,2026-05-18 10:00:00,2026-05-18 17:00:36
4470,59,10,Scheduled,1,2026-05-31 07:00:00,2026-05-31 16:16:48
4471,64,4,Completed,5,2026-06-02 08:00:00,2026-06-02 13:00:36
4472,116,5,Scheduled,2,2026-05-01 06:00:00,2026-05-01 09:47:24
4473,214,5,Scheduled,8,2026-05-30 09:00:00,2026-05-30 12:55:12
4474,270,1,Scheduled,9,2026-04-24 09:00:00,2026-04-24 16:19:12
4475,182,4,Scheduled,10,2026-04-07 07:00:00,2026-04-07 12:06:36
4476,147,7,Scheduled,9,2026-04-16 07:00:00,2026-04-16 11:49:48
4477,114,1,Confirmed,3,2026-05-04 07:00:00,2026-05-04 11:24:36
4478,151,5,Completed,6,2026-05-29 10:00:00,2026-05-29 17:48:00
4479,158,7,Scheduled,8,2026-05-28 10:00:00,2026-05-28 15:13:12
4480,217,3,Scheduled,8,2026-06-26 06:00:00,2026-06-26 12:06:00
4481,178,9,Completed,7,2026-05-23 06:00:00,2026-05-23 09:46:48
4482,116,7,Confirmed,6,2026-06-10 08:00:00,2026-06-10 13:59:24
4483,225,5,Scheduled,4,2026-04-20 06:00:00,2026-04-20 13:58:48
4484,220,9,Scheduled,1,2026-05-18 06:00:00,2026-05-18 13:39:00
4485,106,10,Scheduled,2,2026-04-12 07:00:00,2026-04-12 15:43:48
4486,294,10,Scheduled,2,2026-04-20 06:00:00,2026-04-20 12:26:24
4487,104,1,Completed,8,2026-04-18 08:00:00,2026-04-18 13:01:12
4488,79,9,Completed,10,2026-05-27 09:00:00,2026-05-27 14:37:48
4489,185,2,Confirmed,8,2026-05-11 08:00:00,2026-05-11 15:07:48
4490,286,7,Confirmed,7,2026-04-29 10:00:00,2026-04-29 15:14:24
4491,3,5,Completed,1,2026-05-11 07:00:00,2026-05-11 10:59:24
4492,80,9,Scheduled,10,2026-04-16 07:00:00,2026-04-16 13:05:24
4493,154,2,Completed,1,2026-05-28 10:00:00,2026-05-28 18:56:24
4494,70,8,Completed,10,2026-04-18 06:00:00,2026-04-18 10:21:36
4495,151,5,Confirmed,2,2026-04-07 07:00:00,2026-04-07 14:41:24
4496,264,8,Scheduled,7,2026-04-21 06:00:00,2026-04-21 12:21:00
4497,266,5,Confirmed,9,2026-04-11 08:00:00,2026-04-11 14:49:12
4498,171,10,Scheduled,7,2026-06-07 06:00:00,2026-06-07 14:49:48
4499,207,2,Confirmed,8,2026-06-16 10:00:00,2026-06-16 16:47:24
4500,153,2,Completed,8,2026-05-06 09:00:00,2026-05-06 14:01:48
4501,128,8,Completed,10,2026-04-15 08:00:00,2026-04-15 14:18:36
4502,139,1,Completed,6,2026-05-11 10:00:00,2026-05-11 15:38:24
4503,273,2,Completed,6,2026-05-26 07:00:00,2026-05-26 15:07:12
4504,63,4,Confirmed,10,2026-06-17 06:00:00,2026-06-17 11:36:00
4505,87,10,Scheduled,6,2026-06-27 08:00:00,2026-06-27 13:04:48
4506,101,2,Confirmed,6,2026-06-24 10:00:00,2026-06-24 17:40:12
4507,266,3,Scheduled,10,2026-06-12 10:00:00,2026-06-12 17:04:48
4508,170,6,Confirmed,10,2026-05-31 09:00:00,2026-05-31 13:45:00
4509,68,8,Confirmed,10,2026-06-25 07:00:00,2026-06-25 10:31:12
4510,269,9,Scheduled,5,2026-05-12 08:00:00,2026-05-12 12:46:48
4511,275,4,Confirmed,5,2026-05-18 06:00:00,2026-05-18 12:00:36
4512,270,9,Confirmed,6,2026-05-30 07:00:00,2026-05-30 13:07:12
4513,72,10,Scheduled,3,2026-06-14 08:00:00,2026-06-14 14:44:24
4514,253,3,Scheduled,7,2026-06-07 06:00:00,2026-06-07 11:21:00
4515,97,1,Confirmed,10,2026-04-19 06:00:00,2026-04-19 12:10:48
4516,215,6,Confirmed,8,2026-04-22 09:00:00,2026-04-22 16:06:36
4517,40,8,Scheduled,6,2026-06-26 06:00:00,2026-06-26 14:44:24
4518,42,9,Confirmed,6,2026-05-16 09:00:00,2026-05-16 14:35:24
4519,145,8,Confirmed,3,2026-04-03 06:00:00,2026-04-03 13:45:36
4520,172,4,Scheduled,9,2026-04-02 10:00:00,2026-04-02 16:40:48
4521,278,1,Scheduled,2,2026-04-21 10:00:00,2026-04-21 13:01:12
4522,287,8,Completed,6,2026-05-14 07:00:00,2026-05-14 12:50:24
4523,272,3,Completed,2,2026-04-28 08:00:00,2026-04-28 15:54:36
4524,88,3,Completed,3,2026-06-08 06:00:00,2026-06-08 13:14:24
4525,80,10,Completed,10,2026-05-07 10:00:00,2026-05-07 16:28:48
4526,99,5,Scheduled,7,2026-04-06 09:00:00,2026-04-06 15:34:48
4527,209,10,Confirmed,7,2026-05-17 08:00:00,2026-05-17 14:12:36
4528,269,9,Scheduled,10,2026-05-10 06:00:00,2026-05-10 10:20:24
4529,88,8,Scheduled,6,2026-04-05 07:00:00,2026-04-05 10:53:24
4530,52,9,Confirmed,1,2026-06-07 09:00:00,2026-06-07 16:20:24
4531,94,8,Confirmed,10,2026-05-09 08:00:00,2026-05-09 14:12:36
4532,110,10,Confirmed,10,2026-06-27 10:00:00,2026-06-27 19:22:48
4533,131,2,Scheduled,8,2026-04-05 10:00:00,2026-04-05 14:45:36
4534,280,6,Scheduled,6,2026-05-04 09:00:00,2026-05-04 12:46:48
4535,238,10,Confirmed,1,2026-06-05 07:00:00,2026-06-05 15:28:12
4536,48,3,Completed,2,2026-05-21 09:00:00,2026-05-21 16:30:36
4537,31,5,Completed,2,2026-04-17 09:00:00,2026-04-17 13:40:48
4538,157,10,Scheduled,9,2026-04-24 08:00:00,2026-04-24 15:30:36
4539,252,8,Confirmed,6,2026-05-29 08:00:00,2026-05-29 12:18:00
4540,138,5,Completed,8,2026-04-13 08:00:00,2026-04-13 13:54:36
4541,175,9,Confirmed,1,2026-04-11 10:00:00,2026-04-11 15:25:12
4542,177,1,Completed,4,2026-05-14 07:00:00,2026-05-14 10:45:36
4543,34,1,Confirmed,1,2026-05-12 10:00:00,2026-05-12 15:22:48
4544,197,1,Confirmed,2,2026-06-23 07:00:00,2026-06-23 11:46:12
4545,255,1,Completed,1,2026-05-16 10:00:00,2026-05-16 16:22:48
4546,273,9,Scheduled,10,2026-06-13 07:00:00,2026-06-13 14:35:24
4547,31,1,Completed,7,2026-05-17 06:00:00,2026-05-17 09:38:24
4548,72,6,Confirmed,10,2026-06-16 09:00:00,2026-06-16 14:43:48
4549,31,4,Completed,8,2026-04-19 08:00:00,2026-04-19 14:16:12
4550,186,6,Scheduled,10,2026-05-05 08:00:00,2026-05-05 12:11:24
4551,234,9,Completed,9,2026-06-27 06:00:00,2026-06-27 09:03:00
4552,177,2,Confirmed,9,2026-05-16 06:00:00,2026-05-16 10:29:24
4553,273,6,Completed,6,2026-05-21 08:00:00,2026-05-21 12:09:36
4554,243,8,Scheduled,5,2026-06-13 09:00:00,2026-06-13 13:45:36
4555,110,10,Completed,9,2026-04-29 08:00:00,2026-04-29 12:28:48
4556,204,4,Completed,8,2026-04-21 06:00:00,2026-04-21 09:46:48
4557,271,4,Scheduled,10,2026-06-01 09:00:00,2026-06-01 16:07:48
4558,176,8,Confirmed,6,2026-05-03 10:00:00,2026-05-03 17:42:36
4559,143,1,Scheduled,6,2026-06-08 09:00:00,2026-06-08 12:35:24
4560,33,2,Scheduled,2,2026-06-29 06:00:00,2026-06-29 10:25:48
4561,195,1,Scheduled,10,2026-04-06 09:00:00,2026-04-06 15:58:48
4562,265,9,Confirmed,2,2026-04-21 10:00:00,2026-04-21 14:47:24
4563,113,10,Completed,2,2026-05-14 06:00:00,2026-05-14 11:57:00
4564,58,9,Confirmed,4,2026-05-04 06:00:00,2026-05-04 10:15:36
4565,300,6,Confirmed,1,2026-04-25 08:00:00,2026-04-25 14:07:12
4566,129,4,Completed,8,2026-06-01 06:00:00,2026-06-01 13:47:24
4567,252,5,Confirmed,10,2026-06-06 06:00:00,2026-06-06 14:51:00
4568,31,1,Completed,5,2026-06-29 09:00:00,2026-06-29 15:59:24
4569,142,4,Completed,7,2026-06-21 08:00:00,2026-06-21 13:48:36
4570,96,9,Completed,1,2026-06-22 06:00:00,2026-06-22 09:37:48
4571,20,1,Confirmed,5,2026-05-24 07:00:00,2026-05-24 11:23:24
4572,145,3,Completed,3,2026-06-01 10:00:00,2026-06-01 16:06:36
4573,184,1,Scheduled,2,2026-05-22 07:00:00,2026-05-22 13:18:00
4574,17,7,Completed,4,2026-06-01 07:00:00,2026-06-01 14:36:36
4575,255,7,Completed,5,2026-06-26 08:00:00,2026-06-26 13:30:36
4576,119,6,Scheduled,1,2026-06-10 07:00:00,2026-06-10 12:24:36
4577,241,8,Scheduled,1,2026-04-02 07:00:00,2026-04-02 14:17:24
4578,122,8,Completed,8,2026-05-21 07:00:00,2026-05-21 12:45:36
4579,27,10,Scheduled,8,2026-04-04 08:00:00,2026-04-04 12:41:24
4580,127,6,Completed,1,2026-06-08 08:00:00,2026-06-08 17:34:48
4581,231,8,Completed,10,2026-05-07 10:00:00,2026-05-07 14:07:12
4582,232,4,Completed,8,2026-05-28 07:00:00,2026-05-28 13:21:00
4583,109,10,Scheduled,2,2026-05-09 10:00:00,2026-05-09 16:16:12
4584,28,6,Scheduled,6,2026-06-25 10:00:00,2026-06-25 16:57:00
4585,3,5,Scheduled,9,2026-06-13 09:00:00,2026-06-13 17:16:12
4586,124,7,Scheduled,1,2026-04-06 06:00:00,2026-04-06 10:47:24
4587,266,3,Scheduled,5,2026-05-18 09:00:00,2026-05-18 12:00:36
4588,66,1,Completed,2,2026-06-26 06:00:00,2026-06-26 12:50:24
4589,18,5,Completed,5,2026-06-22 08:00:00,2026-06-22 14:34:48
4590,102,3,Scheduled,4,2026-05-13 07:00:00,2026-05-13 13:19:12
4591,171,5,Scheduled,6,2026-04-12 06:00:00,2026-04-12 13:25:12
4592,188,8,Completed,6,2026-06-13 07:00:00,2026-06-13 11:15:00
4593,178,7,Scheduled,10,2026-05-27 08:00:00,2026-05-27 13:47:24
4594,212,2,Completed,1,2026-04-18 09:00:00,2026-04-18 16:39:36
4595,51,5,Completed,7,2026-04-07 06:00:00,2026-04-07 09:43:48
4596,156,9,Scheduled,1,2026-04-29 07:00:00,2026-04-29 15:37:48
4597,95,6,Scheduled,4,2026-04-01 08:00:00,2026-04-01 15:38:24
4598,225,10,Completed,6,2026-06-19 08:00:00,2026-06-19 16:54:36
4599,261,10,Confirmed,4,2026-05-12 10:00:00,2026-05-12 16:13:48
4600,192,3,Scheduled,4,2026-04-21 10:00:00,2026-04-21 17:47:24
4601,251,6,Completed,10,2026-05-04 09:00:00,2026-05-04 14:51:00
4602,32,9,Scheduled,2,2026-04-07 06:00:00,2026-04-07 12:22:48
4603,194,5,Confirmed,6,2026-05-25 09:00:00,2026-05-25 14:06:00
4604,212,7,Confirmed,3,2026-05-16 07:00:00,2026-05-16 14:21:00
4605,87,5,Confirmed,6,2026-04-28 08:00:00,2026-04-28 14:24:36
4606,18,4,Scheduled,8,2026-06-16 06:00:00,2026-06-16 13:13:48
4607,184,3,Completed,2,2026-05-25 08:00:00,2026-05-25 13:24:00
4608,31,6,Completed,10,2026-05-30 10:00:00,2026-05-30 13:15:00
4609,226,4,Scheduled,7,2026-05-06 07:00:00,2026-05-06 10:15:36
4610,260,7,Scheduled,1,2026-04-07 07:00:00,2026-04-07 11:20:24
4611,234,6,Confirmed,9,2026-05-21 09:00:00,2026-05-21 16:51:00
4612,35,8,Scheduled,4,2026-04-18 06:00:00,2026-04-18 14:22:48
4613,199,6,Scheduled,5,2026-05-09 07:00:00,2026-05-09 10:24:36
4614,90,2,Completed,5,2026-06-22 07:00:00,2026-06-22 14:29:24
4615,247,9,Confirmed,5,2026-04-09 10:00:00,2026-04-09 15:54:36
4616,110,3,Confirmed,5,2026-05-10 10:00:00,2026-05-10 17:22:12
4617,30,8,Completed,9,2026-05-10 08:00:00,2026-05-10 12:13:48
4618,85,9,Scheduled,3,2026-04-01 10:00:00,2026-04-01 13:45:00
4619,288,2,Scheduled,7,2026-05-23 09:00:00,2026-05-23 14:18:36
4620,91,9,Completed,6,2026-05-04 07:00:00,2026-05-04 14:31:12
4621,223,9,Completed,4,2026-06-09 10:00:00,2026-06-09 15:07:48
4622,236,2,Confirmed,5,2026-06-05 09:00:00,2026-06-05 16:25:48
4623,193,2,Confirmed,2,2026-05-22 07:00:00,2026-05-22 13:16:48
4624,157,1,Confirmed,8,2026-04-26 08:00:00,2026-04-26 13:10:48
4625,52,8,Completed,1,2026-05-05 10:00:00,2026-05-05 16:20:24
4626,154,10,Confirmed,2,2026-05-26 06:00:00,2026-05-26 12:03:00
4627,254,8,Scheduled,2,2026-06-07 07:00:00,2026-06-07 10:19:12
4628,197,10,Confirmed,9,2026-05-22 07:00:00,2026-05-22 12:35:24
4629,26,1,Completed,6,2026-04-18 06:00:00,2026-04-18 12:52:48
4630,223,6,Completed,2,2026-06-21 08:00:00,2026-06-21 14:38:24
4631,103,5,Scheduled,5,2026-06-13 07:00:00,2026-06-13 10:08:24
4632,297,6,Completed,8,2026-05-26 08:00:00,2026-05-26 14:04:48
4633,33,8,Completed,8,2026-06-26 10:00:00,2026-06-26 13:22:12
4634,243,9,Confirmed,5,2026-04-02 06:00:00,2026-04-02 10:57:36
4635,94,6,Confirmed,10,2026-05-09 07:00:00,2026-05-09 11:48:00
4636,48,8,Scheduled,5,2026-06-08 07:00:00,2026-06-08 12:09:36
4637,159,10,Confirmed,5,2026-04-02 07:00:00,2026-04-02 15:25:12
4638,240,1,Scheduled,6,2026-06-05 07:00:00,2026-06-05 13:29:24
4639,239,1,Confirmed,7,2026-05-25 10:00:00,2026-05-25 17:57:36
4640,24,7,Confirmed,5,2026-05-01 07:00:00,2026-05-01 10:33:00
4641,117,8,Confirmed,2,2026-06-19 07:00:00,2026-06-19 13:17:24
4642,31,8,Completed,6,2026-06-14 07:00:00,2026-06-14 11:51:36
4643,150,4,Confirmed,2,2026-04-15 10:00:00,2026-04-15 16:22:12
4644,245,5,Confirmed,4,2026-04-27 07:00:00,2026-04-27 10:21:36
4645,126,2,Confirmed,8,2026-06-15 07:00:00,2026-06-15 10:48:36
4646,130,7,Confirmed,8,2026-06-03 10:00:00,2026-06-03 16:03:36
4647,234,6,Completed,10,2026-06-06 06:00:00,2026-06-06 13:27:36
4648,94,5,Confirmed,4,2026-05-21 08:00:00,2026-05-21 15:41:24
4649,276,6,Completed,2,2026-05-31 10:00:00,2026-05-31 15:28:12
4650,113,2,Confirmed,3,2026-04-19 09:00:00,2026-04-19 14:58:48
4651,198,9,Scheduled,2,2026-05-27 06:00:00,2026-05-27 12:34:12
4652,120,2,Completed,4,2026-05-12 06:00:00,2026-05-12 10:22:48
4653,244,5,Confirmed,8,2026-06-19 09:00:00,2026-06-19 15:42:36
4654,199,8,Scheduled,4,2026-05-20 06:00:00,2026-05-20 14:11:24
4655,285,1,Confirmed,8,2026-05-10 06:00:00,2026-05-10 11:35:24
4656,139,1,Completed,1,2026-04-09 10:00:00,2026-04-09 17:36:00
4657,247,3,Confirmed,3,2026-04-22 10:00:00,2026-04-22 15:16:48
4658,93,4,Scheduled,1,2026-05-28 10:00:00,2026-05-28 16:35:24
4659,230,8,Scheduled,3,2026-05-17 09:00:00,2026-05-17 15:17:24
4660,253,9,Completed,9,2026-06-07 09:00:00,2026-06-07 14:15:36
4661,233,9,Scheduled,10,2026-04-29 08:00:00,2026-04-29 12:36:36
4662,8,6,Confirmed,10,2026-04-14 10:00:00,2026-04-14 17:13:48
4663,112,1,Scheduled,3,2026-04-17 06:00:00,2026-04-17 11:44:24
4664,81,8,Scheduled,1,2026-06-26 08:00:00,2026-06-26 15:42:36
4665,55,3,Confirmed,6,2026-04-01 10:00:00,2026-04-01 15:22:12
4666,201,10,Scheduled,6,2026-05-09 06:00:00,2026-05-09 15:22:48
4667,64,7,Confirmed,4,2026-06-24 10:00:00,2026-06-24 19:24:36
4668,111,6,Completed,9,2026-06-12 06:00:00,2026-06-12 13:09:36
4669,91,2,Completed,3,2026-06-19 09:00:00,2026-06-19 12:13:48
4670,141,9,Scheduled,3,2026-04-16 08:00:00,2026-04-16 17:12:00
4671,196,7,Confirmed,8,2026-04-05 08:00:00,2026-04-05 14:37:12
4672,70,3,Confirmed,6,2026-05-08 09:00:00,2026-05-08 16:27:36
4673,205,6,Completed,7,2026-06-17 07:00:00,2026-06-17 10:13:48
4674,282,1,Scheduled,2,2026-04-22 09:00:00,2026-04-22 13:03:00
4675,146,5,Scheduled,2,2026-05-09 06:00:00,2026-05-09 11:09:00
4676,279,7,Scheduled,5,2026-06-27 06:00:00,2026-06-27 14:30:36
4677,6,3,Confirmed,7,2026-06-19 06:00:00,2026-06-19 10:22:48
4678,261,10,Scheduled,7,2026-05-23 09:00:00,2026-05-23 16:08:24
4679,164,4,Completed,5,2026-05-08 10:00:00,2026-05-08 17:45:36
4680,265,5,Completed,1,2026-04-29 08:00:00,2026-04-29 15:40:12
4681,240,6,Scheduled,7,2026-05-06 08:00:00,2026-05-06 15:21:00
4682,240,6,Confirmed,6,2026-05-27 06:00:00,2026-05-27 11:22:48
4683,179,5,Completed,1,2026-05-23 08:00:00,2026-05-23 13:22:48
4684,59,2,Completed,1,2026-06-05 08:00:00,2026-06-05 14:25:48
4685,143,2,Confirmed,4,2026-04-02 08:00:00,2026-04-02 15:04:48
4686,216,6,Scheduled,3,2026-06-12 08:00:00,2026-06-12 12:37:12
4687,271,5,Completed,7,2026-04-04 07:00:00,2026-04-04 11:12:36
4688,13,8,Completed,6,2026-06-25 09:00:00,2026-06-25 13:43:12
4689,19,7,Completed,7,2026-06-06 07:00:00,2026-06-06 10:27:36
4690,295,1,Completed,9,2026-06-24 06:00:00,2026-06-24 09:27:36
4691,11,6,Confirmed,10,2026-06-19 06:00:00,2026-06-19 15:01:48
4692,13,7,Confirmed,3,2026-06-04 06:00:00,2026-06-04 14:32:24
4693,42,8,Confirmed,4,2026-04-13 10:00:00,2026-04-13 18:55:12
4694,254,8,Completed,1,2026-05-20 07:00:00,2026-05-20 13:19:12
4695,124,3,Completed,2,2026-05-15 10:00:00,2026-05-15 16:28:48
4696,289,6,Confirmed,9,2026-04-24 10:00:00,2026-04-24 14:43:12
4697,188,6,Completed,1,2026-05-10 07:00:00,2026-05-10 11:24:36
4698,168,4,Confirmed,10,2026-04-19 08:00:00,2026-04-19 14:21:36
4699,182,4,Confirmed,9,2026-05-14 06:00:00,2026-05-14 11:21:00
4700,230,4,Scheduled,10,2026-06-24 06:00:00,2026-06-24 13:52:12
4701,35,5,Scheduled,5,2026-04-05 07:00:00,2026-04-05 10:36:00
4702,153,10,Scheduled,4,2026-05-03 08:00:00,2026-05-03 11:12:00
4703,100,1,Scheduled,2,2026-04-22 08:00:00,2026-04-22 14:06:36
4704,250,3,Scheduled,9,2026-06-24 08:00:00,2026-06-24 16:21:36
4705,199,1,Confirmed,4,2026-05-13 10:00:00,2026-05-13 16:03:36
4706,159,5,Confirmed,9,2026-06-07 06:00:00,2026-06-07 10:25:12
4707,21,9,Completed,9,2026-04-16 06:00:00,2026-04-16 12:06:36
4708,154,1,Scheduled,8,2026-05-31 08:00:00,2026-05-31 11:07:48
4709,201,2,Scheduled,8,2026-06-02 06:00:00,2026-06-02 13:03:36
4710,40,6,Confirmed,1,2026-05-16 07:00:00,2026-05-16 14:07:48
4711,137,9,Completed,9,2026-06-14 10:00:00,2026-06-14 15:44:24
4712,96,6,Confirmed,2,2026-05-23 09:00:00,2026-05-23 17:33:36
4713,263,2,Confirmed,6,2026-06-28 09:00:00,2026-06-28 17:24:00
4714,51,3,Scheduled,7,2026-06-29 07:00:00,2026-06-29 15:34:48
4715,60,4,Scheduled,2,2026-06-03 06:00:00,2026-06-03 13:59:24
4716,292,9,Confirmed,9,2026-05-24 10:00:00,2026-05-24 16:10:12
4717,157,10,Completed,10,2026-04-19 06:00:00,2026-04-19 11:58:48
4718,254,1,Completed,8,2026-04-03 07:00:00,2026-04-03 16:31:12
4719,49,9,Completed,8,2026-06-21 10:00:00,2026-06-21 15:04:12
4720,77,5,Scheduled,1,2026-04-03 08:00:00,2026-04-03 13:33:00
4721,62,3,Confirmed,10,2026-06-15 10:00:00,2026-06-15 17:15:36
4722,246,5,Confirmed,4,2026-06-23 06:00:00,2026-06-23 11:21:00
4723,210,8,Completed,10,2026-05-31 09:00:00,2026-05-31 13:12:00
4724,280,8,Scheduled,8,2026-06-29 06:00:00,2026-06-29 12:18:00
4725,195,8,Scheduled,1,2026-05-05 07:00:00,2026-05-05 15:09:36
4726,3,5,Completed,4,2026-06-02 08:00:00,2026-06-02 14:34:12
4727,127,9,Scheduled,8,2026-05-05 07:00:00,2026-05-05 11:55:48
4728,138,3,Confirmed,3,2026-04-11 06:00:00,2026-04-11 10:53:24
4729,116,5,Confirmed,4,2026-05-28 10:00:00,2026-05-28 13:29:24
4730,2,4,Scheduled,6,2026-06-01 07:00:00,2026-06-01 13:36:00
4731,31,5,Scheduled,1,2026-05-07 07:00:00,2026-05-07 14:58:12
4732,125,7,Completed,8,2026-04-10 06:00:00,2026-04-10 12:04:48
4733,194,8,Confirmed,10,2026-06-18 06:00:00,2026-06-18 11:10:48
4734,40,7,Scheduled,9,2026-05-28 08:00:00,2026-05-28 16:24:00
4735,163,5,Completed,1,2026-06-16 08:00:00,2026-06-16 12:03:00
4736,61,4,Scheduled,10,2026-04-25 08:00:00,2026-04-25 14:05:24
4737,95,9,Confirmed,1,2026-06-22 06:00:00,2026-06-22 12:31:12
4738,147,2,Completed,1,2026-04-02 09:00:00,2026-04-02 14:39:36
4739,104,5,Completed,6,2026-06-04 08:00:00,2026-06-04 11:35:24
4740,178,7,Confirmed,10,2026-05-03 09:00:00,2026-05-03 13:35:24
4741,4,9,Completed,8,2026-04-10 08:00:00,2026-04-10 12:43:12
4742,41,9,Confirmed,6,2026-05-09 07:00:00,2026-05-09 13:27:00
4743,70,7,Scheduled,8,2026-05-16 10:00:00,2026-05-16 15:35:24
4744,122,7,Scheduled,5,2026-05-01 06:00:00,2026-05-01 09:57:00
4745,252,4,Scheduled,1,2026-05-09 10:00:00,2026-05-09 16:40:12
4746,182,3,Completed,3,2026-06-23 07:00:00,2026-06-23 14:22:12
4747,37,4,Completed,1,2026-04-12 09:00:00,2026-04-12 15:47:24
4748,142,3,Scheduled,3,2026-06-03 09:00:00,2026-06-03 12:09:00
4749,254,9,Confirmed,3,2026-04-18 10:00:00,2026-04-18 14:30:36
4750,219,2,Completed,2,2026-04-09 08:00:00,2026-04-09 12:00:36
4751,15,2,Scheduled,10,2026-05-22 07:00:00,2026-05-22 14:00:36
4752,261,4,Completed,4,2026-06-27 07:00:00,2026-06-27 12:19:48
4753,261,1,Scheduled,2,2026-05-19 07:00:00,2026-05-19 12:40:12
4754,37,5,Scheduled,1,2026-04-28 06:00:00,2026-04-28 11:25:12
4755,201,2,Scheduled,1,2026-04-17 08:00:00,2026-04-17 14:03:36
4756,152,7,Completed,10,2026-06-04 08:00:00,2026-06-04 13:09:00
4757,232,10,Scheduled,2,2026-05-20 09:00:00,2026-05-20 16:39:00
4758,166,5,Completed,3,2026-05-20 07:00:00,2026-05-20 14:58:12
4759,132,8,Scheduled,4,2026-04-16 07:00:00,2026-04-16 13:04:12
4760,291,3,Confirmed,1,2026-05-04 06:00:00,2026-05-04 13:44:24
4761,5,2,Completed,4,2026-05-22 06:00:00,2026-05-22 11:49:48
4762,63,8,Scheduled,8,2026-06-02 10:00:00,2026-06-02 17:31:48
4763,190,7,Confirmed,3,2026-06-17 08:00:00,2026-06-17 13:19:12
4764,115,1,Confirmed,8,2026-04-19 06:00:00,2026-04-19 10:13:48
4765,119,8,Completed,4,2026-06-13 08:00:00,2026-06-13 11:29:24
4766,164,2,Confirmed,8,2026-05-30 09:00:00,2026-05-30 13:22:48
4767,221,8,Scheduled,3,2026-06-06 09:00:00,2026-06-06 14:30:36
4768,206,9,Scheduled,8,2026-05-16 06:00:00,2026-05-16 12:27:00
4769,275,1,Completed,3,2026-05-12 07:00:00,2026-05-12 12:26:24
4770,3,10,Completed,8,2026-04-03 07:00:00,2026-04-03 13:17:24
4771,225,3,Completed,4,2026-05-24 06:00:00,2026-05-24 10:39:00
4772,136,9,Confirmed,1,2026-04-03 09:00:00,2026-04-03 17:30:36
4773,50,3,Confirmed,3,2026-06-17 08:00:00,2026-06-17 11:48:00
4774,43,8,Scheduled,5,2026-04-29 08:00:00,2026-04-29 12:18:36
4775,134,4,Completed,9,2026-06-19 09:00:00,2026-06-19 13:01:48
4776,243,10,Scheduled,2,2026-06-20 08:00:00,2026-06-20 14:12:00
4777,64,5,Completed,7,2026-06-26 06:00:00,2026-06-26 13:52:12
4778,279,1,Scheduled,9,2026-06-18 06:00:00,2026-06-18 10:12:36
4779,256,10,Scheduled,4,2026-05-13 09:00:00,2026-05-13 13:30:00
4780,130,2,Completed,6,2026-05-07 06:00:00,2026-05-07 09:15:36
4781,71,3,Completed,8,2026-04-16 06:00:00,2026-04-16 12:35:24
4782,96,5,Confirmed,5,2026-04-03 10:00:00,2026-04-03 17:02:24
4783,251,9,Scheduled,9,2026-04-02 06:00:00,2026-04-02 09:46:12
4784,235,1,Confirmed,8,2026-05-08 07:00:00,2026-05-08 13:01:12
4785,79,7,Scheduled,7,2026-05-01 08:00:00,2026-05-01 12:51:36
4786,126,4,Completed,3,2026-04-02 08:00:00,2026-04-02 15:50:24
4787,124,8,Confirmed,9,2026-04-07 10:00:00,2026-04-07 16:24:00
4788,247,1,Completed,8,2026-05-16 09:00:00,2026-05-16 15:42:00
4789,9,8,Scheduled,2,2026-05-14 07:00:00,2026-05-14 11:36:00
4790,280,9,Completed,10,2026-05-03 06:00:00,2026-05-03 11:36:36
4791,132,1,Confirmed,3,2026-06-22 10:00:00,2026-06-22 13:52:48
4792,227,10,Scheduled,3,2026-06-28 10:00:00,2026-06-28 14:25:12
4793,31,7,Scheduled,5,2026-06-18 08:00:00,2026-06-18 14:36:36
4794,59,2,Scheduled,6,2026-05-04 10:00:00,2026-05-04 14:29:24
4795,124,10,Completed,9,2026-04-29 10:00:00,2026-04-29 13:17:24
4796,98,1,Completed,9,2026-05-16 06:00:00,2026-05-16 10:22:12
4797,241,8,Scheduled,6,2026-04-23 09:00:00,2026-04-23 15:16:12
4798,249,6,Confirmed,7,2026-04-10 08:00:00,2026-04-10 17:11:24
4799,272,7,Completed,6,2026-04-11 08:00:00,2026-04-11 13:52:12
4800,31,2,Confirmed,7,2026-05-01 09:00:00,2026-05-01 13:28:12
4801,280,7,Scheduled,10,2026-06-16 06:00:00,2026-06-16 10:05:24
4802,252,2,Scheduled,10,2026-06-03 09:00:00,2026-06-03 15:19:12
4803,65,4,Scheduled,3,2026-05-09 07:00:00,2026-05-09 11:36:00
4804,136,2,Confirmed,3,2026-04-20 07:00:00,2026-04-20 11:09:36
4805,276,3,Scheduled,8,2026-05-27 06:00:00,2026-05-27 10:26:24
4806,14,7,Confirmed,8,2026-04-30 06:00:00,2026-04-30 13:40:48
4807,214,4,Confirmed,4,2026-06-14 06:00:00,2026-06-14 12:08:24
4808,288,5,Scheduled,2,2026-04-26 07:00:00,2026-04-26 12:40:48
4809,222,8,Confirmed,4,2026-04-11 09:00:00,2026-04-11 15:34:12
4810,149,10,Scheduled,5,2026-05-16 07:00:00,2026-05-16 12:25:12
4811,27,10,Scheduled,7,2026-04-01 06:00:00,2026-04-01 09:09:00
4812,76,4,Completed,7,2026-05-18 10:00:00,2026-05-18 16:57:36
4813,219,10,Completed,7,2026-05-25 07:00:00,2026-05-25 13:52:12
4814,217,9,Scheduled,2,2026-05-01 09:00:00,2026-05-01 15:16:12
4815,146,6,Scheduled,8,2026-06-18 09:00:00,2026-06-18 15:43:12
4816,28,9,Confirmed,5,2026-05-02 09:00:00,2026-05-02 14:12:36
4817,72,10,Completed,1,2026-04-27 06:00:00,2026-04-27 10:18:00
4818,189,9,Confirmed,10,2026-05-22 09:00:00,2026-05-22 16:43:48
4819,175,7,Scheduled,2,2026-05-27 09:00:00,2026-05-27 12:45:36
4820,78,9,Scheduled,5,2026-06-11 07:00:00,2026-06-11 13:07:48
4821,235,10,Confirmed,7,2026-05-14 10:00:00,2026-05-14 16:47:24
4822,46,7,Completed,4,2026-05-16 10:00:00,2026-05-16 15:22:12
4823,199,1,Scheduled,4,2026-06-17 07:00:00,2026-06-17 14:43:48
4824,50,6,Completed,6,2026-05-22 07:00:00,2026-05-22 12:46:48
4825,110,7,Confirmed,5,2026-05-17 07:00:00,2026-05-17 12:21:00
4826,134,9,Confirmed,9,2026-05-25 07:00:00,2026-05-25 16:33:36
4827,27,10,Scheduled,5,2026-05-21 10:00:00,2026-05-21 14:19:12
4828,245,1,Scheduled,7,2026-05-05 08:00:00,2026-05-05 12:36:00
4829,165,4,Confirmed,9,2026-06-17 08:00:00,2026-06-17 14:49:12
4830,110,1,Scheduled,8,2026-04-17 06:00:00,2026-04-17 14:48:36
4831,58,3,Confirmed,6,2026-06-17 07:00:00,2026-06-17 12:40:48
4832,102,10,Confirmed,2,2026-06-28 08:00:00,2026-06-28 13:53:24
4833,288,3,Scheduled,3,2026-04-18 08:00:00,2026-04-18 12:33:00
4834,283,5,Scheduled,6,2026-05-17 07:00:00,2026-05-17 12:15:36
4835,189,8,Scheduled,4,2026-04-17 07:00:00,2026-04-17 14:05:24
4836,197,8,Confirmed,7,2026-04-19 08:00:00,2026-04-19 15:18:00
4837,172,8,Confirmed,4,2026-05-25 08:00:00,2026-05-25 13:36:36
4838,298,3,Completed,4,2026-06-25 09:00:00,2026-06-25 17:55:12
4839,84,6,Confirmed,6,2026-06-23 10:00:00,2026-06-23 18:48:36
4840,47,2,Scheduled,10,2026-06-24 09:00:00,2026-06-24 13:22:48
4841,20,3,Scheduled,7,2026-05-19 07:00:00,2026-05-19 15:21:36
4842,108,2,Confirmed,9,2026-04-18 08:00:00,2026-04-18 16:54:00
4843,274,9,Scheduled,5,2026-05-24 10:00:00,2026-05-24 15:21:00
4844,290,9,Completed,5,2026-06-20 07:00:00,2026-06-20 11:39:00
4845,15,4,Completed,7,2026-06-26 08:00:00,2026-06-26 12:25:48
4846,82,2,Confirmed,2,2026-05-25 08:00:00,2026-05-25 12:34:12
4847,280,6,Scheduled,10,2026-06-24 06:00:00,2026-06-24 13:41:24
4848,164,7,Completed,4,2026-05-18 10:00:00,2026-05-18 19:14:24
4849,263,3,Confirmed,4,2026-05-29 09:00:00,2026-05-29 13:10:48
4850,223,5,Scheduled,2,2026-06-07 06:00:00,2026-06-07 12:46:12
4851,284,10,Completed,7,2026-06-20 06:00:00,2026-06-20 14:10:12
4852,122,9,Completed,10,2026-04-27 06:00:00,2026-04-27 13:34:12
4853,28,3,Scheduled,2,2026-05-06 09:00:00,2026-05-06 18:26:24
4854,18,8,Confirmed,1,2026-05-06 09:00:00,2026-05-06 15:03:00
4855,174,3,Scheduled,5,2026-04-11 07:00:00,2026-04-11 14:40:48
4856,70,9,Completed,9,2026-04-24 10:00:00,2026-04-24 13:05:24
4857,154,3,Scheduled,2,2026-06-26 09:00:00,2026-06-26 15:18:00
4858,148,1,Confirmed,7,2026-05-03 10:00:00,2026-05-03 17:20:24
4859,277,4,Confirmed,4,2026-04-21 07:00:00,2026-04-21 13:30:00
4860,243,10,Confirmed,4,2026-06-10 06:00:00,2026-06-10 12:24:00
4861,20,5,Scheduled,2,2026-06-01 06:00:00,2026-06-01 13:20:24
4862,104,4,Completed,4,2026-06-03 08:00:00,2026-06-03 12:37:48
4863,113,7,Completed,8,2026-05-12 06:00:00,2026-05-12 11:11:24
4864,51,2,Confirmed,6,2026-06-05 10:00:00,2026-06-05 17:27:00
4865,281,10,Confirmed,6,2026-04-04 06:00:00,2026-04-04 10:03:00
4866,178,9,Confirmed,4,2026-06-29 06:00:00,2026-06-29 12:05:24
4867,300,10,Confirmed,10,2026-04-14 08:00:00,2026-04-14 15:38:24
4868,190,4,Scheduled,5,2026-04-19 06:00:00,2026-04-19 12:01:12
4869,291,3,Scheduled,10,2026-05-08 08:00:00,2026-05-08 14:18:36
4870,253,8,Scheduled,4,2026-05-12 06:00:00,2026-05-12 13:18:00
4871,204,5,Completed,7,2026-06-10 07:00:00,2026-06-10 14:43:12
4872,207,2,Scheduled,4,2026-06-03 09:00:00,2026-06-03 13:16:12
4873,164,6,Confirmed,5,2026-06-01 06:00:00,2026-06-01 14:24:00
4874,286,4,Completed,5,2026-04-01 10:00:00,2026-04-01 15:43:12
4875,110,5,Completed,5,2026-05-09 07:00:00,2026-05-09 14:57:36
4876,216,10,Completed,2,2026-04-08 10:00:00,2026-04-08 13:58:12
4877,65,9,Confirmed,2,2026-04-28 07:00:00,2026-04-28 12:16:48
4878,239,3,Scheduled,8,2026-04-10 07:00:00,2026-04-10 15:24:36
4879,194,7,Scheduled,1,2026-06-17 06:00:00,2026-06-17 14:01:12
4880,165,8,Scheduled,1,2026-04-28 06:00:00,2026-04-28 14:46:12
4881,236,5,Confirmed,10,2026-06-15 08:00:00,2026-06-15 15:39:00
4882,130,2,Confirmed,4,2026-04-23 06:00:00,2026-04-23 12:06:00
4883,167,7,Completed,8,2026-05-22 06:00:00,2026-05-22 10:21:00
4884,15,1,Confirmed,4,2026-05-11 10:00:00,2026-05-11 14:12:36
4885,42,9,Scheduled,3,2026-04-05 07:00:00,2026-04-05 15:43:48
4886,167,6,Completed,8,2026-06-10 07:00:00,2026-06-10 10:03:00
4887,97,10,Scheduled,10,2026-05-21 06:00:00,2026-05-21 11:00:36
4888,70,7,Scheduled,4,2026-06-02 09:00:00,2026-06-02 14:35:24
4889,225,5,Confirmed,2,2026-04-14 08:00:00,2026-04-14 12:44:24
4890,168,4,Completed,10,2026-05-27 06:00:00,2026-05-27 13:48:00
4891,268,4,Confirmed,2,2026-06-09 10:00:00,2026-06-09 13:10:48
4892,261,5,Completed,3,2026-04-19 06:00:00,2026-04-19 11:40:48
4893,264,10,Scheduled,6,2026-05-23 09:00:00,2026-05-23 17:08:24
4894,16,10,Scheduled,2,2026-04-01 10:00:00,2026-04-01 14:51:36
4895,51,2,Scheduled,3,2026-05-03 10:00:00,2026-05-03 16:39:00
4896,281,3,Confirmed,2,2026-06-01 07:00:00,2026-06-01 14:02:24
4897,150,5,Confirmed,2,2026-04-28 10:00:00,2026-04-28 15:58:12
4898,285,5,Scheduled,8,2026-04-10 10:00:00,2026-04-10 16:47:24
4899,12,5,Completed,3,2026-06-07 09:00:00,2026-06-07 17:16:48
4900,293,9,Confirmed,9,2026-06-14 09:00:00,2026-06-14 14:46:48
4901,11,5,Completed,1,2026-05-26 07:00:00,2026-05-26 10:30:00
4902,62,2,Completed,10,2026-06-04 10:00:00,2026-06-04 15:45:00
4903,183,8,Completed,7,2026-04-23 06:00:00,2026-04-23 10:42:36
4904,185,2,Completed,10,2026-06-04 08:00:00,2026-06-04 12:27:36
4905,234,1,Completed,1,2026-05-19 07:00:00,2026-05-19 11:42:00
4906,135,3,Confirmed,3,2026-05-17 06:00:00,2026-05-17 14:14:24
4907,23,2,Completed,4,2026-06-06 07:00:00,2026-06-06 14:42:36
4908,132,2,Scheduled,4,2026-04-02 09:00:00,2026-04-02 13:27:36
4909,73,9,Scheduled,2,2026-06-12 07:00:00,2026-06-12 12:59:24
4910,175,3,Confirmed,1,2026-06-27 09:00:00,2026-06-27 15:31:12
4911,195,6,Confirmed,10,2026-06-11 07:00:00,2026-06-11 10:51:36
4912,267,1,Scheduled,2,2026-06-25 10:00:00,2026-06-25 16:04:12
4913,296,1,Scheduled,9,2026-06-09 08:00:00,2026-06-09 11:31:48
4914,143,9,Completed,9,2026-05-26 06:00:00,2026-05-26 13:03:36
4915,10,6,Completed,4,2026-04-15 08:00:00,2026-04-15 11:04:48
4916,196,3,Completed,10,2026-04-23 10:00:00,2026-04-23 18:22:12
4917,139,1,Confirmed,10,2026-06-21 06:00:00,2026-06-21 12:23:24
4918,164,8,Completed,4,2026-06-28 07:00:00,2026-06-28 12:54:36
4919,258,7,Confirmed,5,2026-04-06 07:00:00,2026-04-06 11:22:12
4920,201,6,Confirmed,7,2026-05-13 08:00:00,2026-05-13 16:33:36
4921,195,4,Confirmed,5,2026-04-23 07:00:00,2026-04-23 10:05:24
4922,70,10,Confirmed,5,2026-06-20 08:00:00,2026-06-20 14:14:24
4923,44,9,Scheduled,2,2026-05-02 07:00:00,2026-05-02 14:03:36
4924,22,9,Completed,9,2026-05-26 08:00:00,2026-05-26 15:46:12
4925,285,9,Scheduled,4,2026-06-13 07:00:00,2026-06-13 14:56:24
4926,168,6,Completed,5,2026-05-04 06:00:00,2026-05-04 13:48:36
4927,227,8,Completed,5,2026-05-27 06:00:00,2026-05-27 11:55:48
4928,9,1,Scheduled,1,2026-06-07 07:00:00,2026-06-07 10:26:24
4929,13,9,Scheduled,9,2026-04-05 06:00:00,2026-04-05 12:52:12
4930,242,4,Completed,6,2026-06-27 06:00:00,2026-06-27 13:54:36
4931,256,8,Confirmed,4,2026-06-18 09:00:00,2026-06-18 13:13:48
4932,145,5,Scheduled,4,2026-04-14 07:00:00,2026-04-14 14:22:48
4933,174,8,Scheduled,6,2026-04-28 08:00:00,2026-04-28 17:21:00
4934,151,10,Scheduled,5,2026-04-28 10:00:00,2026-04-28 19:19:48
4935,17,2,Completed,9,2026-05-22 09:00:00,2026-05-22 14:26:24
4936,138,8,Completed,1,2026-04-28 06:00:00,2026-04-28 09:35:24
4937,55,9,Completed,8,2026-05-30 09:00:00,2026-05-30 13:46:12
4938,272,10,Completed,10,2026-06-05 09:00:00,2026-06-05 13:01:48
4939,272,4,Scheduled,1,2026-05-07 10:00:00,2026-05-07 13:00:00
4940,54,5,Confirmed,6,2026-06-20 09:00:00,2026-06-20 16:22:12
4941,186,3,Completed,7,2026-04-17 08:00:00,2026-04-17 17:10:48
4942,270,10,Completed,3,2026-05-28 09:00:00,2026-05-28 16:48:36
4943,201,2,Completed,6,2026-04-10 09:00:00,2026-04-10 16:19:12
4944,10,7,Scheduled,8,2026-06-21 09:00:00,2026-06-21 16:47:24
4945,127,8,Confirmed,7,2026-04-14 06:00:00,2026-04-14 09:24:00
4946,189,10,Scheduled,4,2026-05-02 09:00:00,2026-05-02 12:42:00
4947,88,3,Completed,8,2026-06-11 06:00:00,2026-06-11 11:27:36
4948,187,8,Completed,9,2026-05-07 09:00:00,2026-05-07 14:51:36
4949,47,2,Scheduled,1,2026-06-26 10:00:00,2026-06-26 13:19:48
4950,63,5,Completed,3,2026-06-21 09:00:00,2026-06-21 13:37:12
4951,204,3,Confirmed,7,2026-06-27 08:00:00,2026-06-27 15:58:48
4952,287,2,Completed,9,2026-05-06 07:00:00,2026-05-06 12:51:00
4953,82,3,Scheduled,7,2026-05-16 09:00:00,2026-05-16 13:56:24
4954,221,10,Scheduled,2,2026-06-21 08:00:00,2026-06-21 14:04:48
4955,122,4,Confirmed,3,2026-05-24 08:00:00,2026-05-24 13:16:12
4956,45,7,Confirmed,2,2026-05-03 10:00:00,2026-05-03 13:16:12
4957,119,6,Confirmed,8,2026-04-20 10:00:00,2026-04-20 15:37:48
4958,287,3,Completed,9,2026-04-14 06:00:00,2026-04-14 12:04:48
4959,189,7,Confirmed,8,2026-06-27 08:00:00,2026-06-27 11:44:24
4960,163,5,Scheduled,9,2026-06-19 08:00:00,2026-06-19 11:43:48
4961,253,2,Confirmed,6,2026-04-07 10:00:00,2026-04-07 17:27:36
4962,84,2,Completed,10,2026-04-02 06:00:00,2026-04-02 13:49:12
4963,296,9,Scheduled,5,2026-04-12 08:00:00,2026-04-12 12:12:36
4964,7,4,Confirmed,3,2026-06-14 08:00:00,2026-06-14 15:22:48
4965,268,4,Confirmed,2,2026-04-30 09:00:00,2026-04-30 16:43:12
4966,204,3,Completed,1,2026-04-17 09:00:00,2026-04-17 13:13:12
4967,133,8,Confirmed,1,2026-06-02 08:00:00,2026-06-02 12:50:24
4968,204,6,Completed,10,2026-05-15 07:00:00,2026-05-15 14:22:48
4969,205,3,Completed,9,2026-04-16 09:00:00,2026-04-16 16:23:24
4970,186,5,Scheduled,8,2026-06-14 08:00:00,2026-06-14 13:16:12
4971,114,8,Completed,7,2026-05-12 10:00:00,2026-05-12 15:13:12
4972,297,7,Completed,1,2026-05-27 06:00:00,2026-05-27 09:34:48
4973,31,6,Scheduled,9,2026-05-03 08:00:00,2026-05-03 15:58:12
4974,270,2,Completed,1,2026-06-16 08:00:00,2026-06-16 13:32:24
4975,85,10,Scheduled,3,2026-06-15 07:00:00,2026-06-15 12:39:00
4976,172,8,Confirmed,1,2026-05-28 09:00:00,2026-05-28 12:01:12
4977,194,3,Completed,10,2026-06-01 07:00:00,2026-06-01 13:37:12
4978,261,5,Completed,8,2026-06-15 08:00:00,2026-06-15 11:52:48
4979,15,5,Scheduled,2,2026-06-12 10:00:00,2026-06-12 16:31:12
4980,161,1,Completed,4,2026-06-23 09:00:00,2026-06-23 14:44:24
4981,182,3,Completed,5,2026-06-09 10:00:00,2026-06-09 14:26:24
4982,127,9,Completed,3,2026-05-25 07:00:00,2026-05-25 13:19:48
4983,205,9,Completed,8,2026-04-04 06:00:00,2026-04-04 10:26:24
4984,191,10,Confirmed,4,2026-06-04 09:00:00,2026-06-04 13:18:36
4985,197,10,Scheduled,5,2026-05-22 09:00:00,2026-05-22 12:46:12
4986,160,1,Confirmed,4,2026-06-01 10:00:00,2026-06-01 18:18:36
4987,138,6,Completed,10,2026-06-24 09:00:00,2026-06-24 15:27:00
4988,180,4,Scheduled,1,2026-06-14 10:00:00,2026-06-14 14:09:00
4989,248,10,Confirmed,6,2026-04-25 09:00:00,2026-04-25 16:20:24
4990,23,7,Completed,6,2026-06-12 10:00:00,2026-06-12 14:05:24
4991,71,10,Completed,3,2026-05-19 07:00:00,2026-05-19 12:50:24
4992,29,2,Scheduled,7,2026-06-06 07:00:00,2026-06-06 13:19:12
4993,214,1,Confirmed,2,2026-05-14 07:00:00,2026-05-14 12:09:36
4994,112,4,Confirmed,10,2026-04-24 10:00:00,2026-04-24 14:43:12
4995,133,10,Scheduled,9,2026-06-15 07:00:00,2026-06-15 10:15:36
4996,62,9,Confirmed,9,2026-05-17 09:00:00,2026-05-17 13:39:00
4997,64,9,Scheduled,3,2026-06-23 08:00:00,2026-06-23 11:04:12
4998,29,6,Completed,4,2026-05-24 09:00:00,2026-05-24 13:25:48
4999,264,8,Scheduled,5,2026-04-08 08:00:00,2026-04-08 14:46:12
5000,267,1,Completed,8,2026-06-29 10:00:00,2026-06-29 16:09:00
5001,231,4,Confirmed,6,2026-06-29 07:00:00,2026-06-29 14:07:48
5002,289,2,Confirmed,6,2026-04-07 06:00:00,2026-04-07 10:16:48
5003,233,5,Confirmed,1,2026-05-24 06:00:00,2026-05-24 12:40:12
5004,267,3,Confirmed,6,2026-05-30 10:00:00,2026-05-30 15:32:24
5005,266,9,Completed,7,2026-05-01 09:00:00,2026-05-01 13:15:00
5006,145,3,Scheduled,3,2026-06-17 08:00:00,2026-06-17 15:19:48
5007,126,2,Scheduled,2,2026-04-14 09:00:00,2026-04-14 13:04:48
5008,116,5,Confirmed,6,2026-04-07 07:00:00,2026-04-07 14:32:24
5009,67,4,Confirmed,7,2026-04-28 06:00:00,2026-04-28 13:54:36
5010,41,1,Completed,7,2026-05-16 07:00:00,2026-05-16 10:15:00
5011,242,5,Confirmed,3,2026-05-23 09:00:00,2026-05-23 12:27:00
5012,283,7,Completed,3,2026-06-25 07:00:00,2026-06-25 10:35:24
5013,77,6,Completed,10,2026-04-07 08:00:00,2026-04-07 12:06:00
5014,90,1,Completed,3,2026-05-04 07:00:00,2026-05-04 14:26:24
5015,124,1,Completed,8,2026-06-14 06:00:00,2026-06-14 10:48:36
5016,33,1,Scheduled,6,2026-04-29 06:00:00,2026-04-29 13:01:12
5017,203,1,Completed,7,2026-04-05 06:00:00,2026-04-05 11:51:00
5018,103,1,Completed,8,2026-05-15 09:00:00,2026-05-15 13:39:36
5019,233,4,Confirmed,1,2026-04-17 09:00:00,2026-04-17 18:03:36
5020,115,2,Scheduled,8,2026-04-27 10:00:00,2026-04-27 17:04:48
5021,176,3,Scheduled,7,2026-04-03 07:00:00,2026-04-03 14:24:36
5022,20,7,Completed,8,2026-04-13 06:00:00,2026-04-13 12:58:48
5023,100,6,Scheduled,9,2026-05-04 07:00:00,2026-05-04 11:04:12
5024,134,2,Confirmed,7,2026-05-31 10:00:00,2026-05-31 14:33:00
5025,72,10,Completed,7,2026-05-23 08:00:00,2026-05-23 17:08:24
5026,223,7,Scheduled,9,2026-04-09 09:00:00,2026-04-09 17:11:24
5027,284,2,Completed,3,2026-04-18 10:00:00,2026-04-18 15:40:12
5028,207,10,Scheduled,3,2026-04-24 06:00:00,2026-04-24 12:45:36
5029,100,7,Completed,3,2026-05-04 09:00:00,2026-05-04 15:16:48
5030,246,6,Confirmed,10,2026-04-08 07:00:00,2026-04-08 12:02:24
5031,64,4,Completed,2,2026-04-25 09:00:00,2026-04-25 13:10:48
5032,255,4,Confirmed,8,2026-04-20 07:00:00,2026-04-20 10:53:24
5033,210,9,Confirmed,1,2026-06-08 10:00:00,2026-06-08 13:31:12
5034,283,2,Scheduled,10,2026-04-01 10:00:00,2026-04-01 17:37:48
5035,170,4,Scheduled,5,2026-04-23 10:00:00,2026-04-23 14:25:12
5036,202,2,Confirmed,8,2026-05-04 09:00:00,2026-05-04 15:55:12
5037,155,6,Confirmed,5,2026-04-27 08:00:00,2026-04-27 15:17:24
5038,213,7,Scheduled,1,2026-04-22 08:00:00,2026-04-22 14:16:12
5039,177,8,Scheduled,3,2026-05-20 06:00:00,2026-05-20 09:42:36
5040,16,7,Completed,8,2026-06-05 08:00:00,2026-06-05 12:03:36
5041,202,3,Completed,7,2026-04-03 08:00:00,2026-04-03 15:29:24
5042,211,4,Confirmed,1,2026-04-03 08:00:00,2026-04-03 11:40:48
5043,254,4,Scheduled,7,2026-04-16 10:00:00,2026-04-16 16:05:24
5044,50,9,Scheduled,8,2026-06-15 10:00:00,2026-06-15 13:54:36
5045,143,9,Scheduled,2,2026-04-03 09:00:00,2026-04-03 13:54:00
5046,156,8,Completed,6,2026-04-08 07:00:00,2026-04-08 10:51:00
5047,105,10,Completed,10,2026-06-04 06:00:00,2026-06-04 13:10:12
5048,94,4,Confirmed,6,2026-05-09 08:00:00,2026-05-09 14:37:48
5049,8,6,Confirmed,6,2026-06-15 09:00:00,2026-06-15 15:09:36
5050,64,1,Completed,3,2026-06-12 07:00:00,2026-06-12 13:00:36
5051,173,3,Confirmed,10,2026-06-28 08:00:00,2026-06-28 11:21:00
5052,98,10,Scheduled,1,2026-05-20 07:00:00,2026-05-20 16:35:24
5053,217,3,Scheduled,6,2026-05-28 10:00:00,2026-05-28 13:08:24
5054,278,3,Scheduled,7,2026-05-15 07:00:00,2026-05-15 11:39:00
5055,103,6,Completed,2,2026-06-23 07:00:00,2026-06-23 12:37:48
5056,31,3,Scheduled,9,2026-04-03 10:00:00,2026-04-03 14:06:00
5057,256,8,Completed,7,2026-05-23 10:00:00,2026-05-23 18:17:24
5058,103,10,Completed,5,2026-05-21 06:00:00,2026-05-21 11:41:24
5059,296,5,Confirmed,3,2026-05-07 09:00:00,2026-05-07 18:09:36
5060,209,6,Completed,5,2026-06-12 09:00:00,2026-06-12 13:00:36
5061,83,6,Completed,10,2026-06-13 10:00:00,2026-06-13 15:51:36
5062,8,3,Confirmed,9,2026-05-05 07:00:00,2026-05-05 14:58:12
5063,134,10,Scheduled,8,2026-04-27 07:00:00,2026-04-27 10:31:12
5064,138,6,Scheduled,2,2026-06-15 10:00:00,2026-06-15 19:26:24
5065,49,9,Confirmed,3,2026-05-11 09:00:00,2026-05-11 15:27:00
5066,144,3,Scheduled,1,2026-04-06 09:00:00,2026-04-06 13:27:36
5067,127,2,Confirmed,6,2026-04-03 07:00:00,2026-04-03 11:55:48
5068,204,7,Scheduled,4,2026-06-25 08:00:00,2026-06-25 17:33:36
5069,177,3,Confirmed,6,2026-06-09 07:00:00,2026-06-09 14:36:36
5070,218,8,Scheduled,10,2026-05-10 09:00:00,2026-05-10 15:52:12
5071,62,10,Confirmed,7,2026-06-01 09:00:00,2026-06-01 17:47:24
5072,272,4,Confirmed,8,2026-06-22 06:00:00,2026-06-22 13:57:00
5073,196,3,Scheduled,4,2026-06-23 10:00:00,2026-06-23 13:18:36
5074,34,10,Completed,6,2026-05-30 08:00:00,2026-05-30 12:31:48
5075,58,8,Confirmed,4,2026-05-07 06:00:00,2026-05-07 12:43:48
5076,94,8,Confirmed,2,2026-05-19 10:00:00,2026-05-19 16:15:00
5077,206,7,Scheduled,10,2026-06-25 07:00:00,2026-06-25 12:35:24
5078,14,8,Scheduled,2,2026-05-04 07:00:00,2026-05-04 10:45:00
5079,70,9,Scheduled,6,2026-04-25 06:00:00,2026-04-25 13:53:24
5080,56,10,Scheduled,7,2026-04-20 10:00:00,2026-04-20 15:27:00
5081,296,2,Completed,4,2026-05-10 09:00:00,2026-05-10 13:52:48
5082,158,7,Completed,6,2026-06-15 08:00:00,2026-06-15 16:52:12
5083,50,4,Completed,10,2026-05-20 08:00:00,2026-05-20 14:50:24
5084,261,5,Confirmed,5,2026-04-22 06:00:00,2026-04-22 13:29:24
5085,33,4,Completed,8,2026-06-03 06:00:00,2026-06-03 12:37:12
5086,238,7,Completed,6,2026-04-26 06:00:00,2026-04-26 09:55:48
5087,85,9,Confirmed,8,2026-05-27 07:00:00,2026-05-27 12:24:00
5088,105,4,Completed,1,2026-06-12 06:00:00,2026-06-12 09:36:36
5089,286,1,Confirmed,5,2026-04-17 08:00:00,2026-04-17 12:00:00
5090,69,4,Scheduled,4,2026-04-17 09:00:00,2026-04-17 14:18:00
5091,241,7,Scheduled,5,2026-04-19 06:00:00,2026-04-19 12:43:12
5092,250,3,Scheduled,10,2026-06-11 07:00:00,2026-06-11 14:46:12
5093,70,8,Scheduled,6,2026-06-28 09:00:00,2026-06-28 15:19:12
5094,281,10,Confirmed,4,2026-04-30 09:00:00,2026-04-30 12:56:24
5095,263,5,Confirmed,7,2026-04-21 08:00:00,2026-04-21 15:15:00
5096,90,5,Scheduled,7,2026-05-09 06:00:00,2026-05-09 14:22:48
5097,111,5,Completed,10,2026-05-19 09:00:00,2026-05-19 13:05:24
5098,221,4,Scheduled,1,2026-05-29 07:00:00,2026-05-29 15:35:24
5099,261,10,Scheduled,5,2026-04-30 10:00:00,2026-04-30 15:22:12
5100,289,3,Confirmed,3,2026-05-24 09:00:00,2026-05-24 12:22:48
5101,244,3,Completed,6,2026-04-04 10:00:00,2026-04-04 13:03:36
5102,120,5,Scheduled,5,2026-06-20 06:00:00,2026-06-20 10:32:24
5103,195,4,Completed,9,2026-05-23 10:00:00,2026-05-23 13:04:12
5104,282,5,Scheduled,3,2026-04-24 09:00:00,2026-04-24 13:32:24
5105,247,10,Confirmed,5,2026-04-24 10:00:00,2026-04-24 14:49:12
5106,19,2,Completed,1,2026-04-06 10:00:00,2026-04-06 15:33:00
5107,240,1,Confirmed,6,2026-05-17 10:00:00,2026-05-17 14:07:12
5108,192,3,Scheduled,2,2026-05-27 09:00:00,2026-05-27 14:40:48
5109,30,4,Completed,9,2026-04-05 06:00:00,2026-04-05 12:25:48
5110,211,9,Scheduled,3,2026-04-20 07:00:00,2026-04-20 13:41:24
5111,144,5,Completed,8,2026-05-19 10:00:00,2026-05-19 13:14:24
5112,166,2,Completed,9,2026-06-21 08:00:00,2026-06-21 14:22:48
5113,113,8,Completed,7,2026-04-02 06:00:00,2026-04-02 13:38:24
5114,52,5,Scheduled,2,2026-05-18 09:00:00,2026-05-18 14:39:00
5115,177,2,Confirmed,4,2026-04-29 10:00:00,2026-04-29 13:52:12
5116,41,6,Completed,9,2026-06-25 06:00:00,2026-06-25 10:53:24
5117,54,9,Confirmed,8,2026-04-08 09:00:00,2026-04-08 12:37:12
5118,227,6,Confirmed,9,2026-04-08 07:00:00,2026-04-08 16:22:12
5119,250,10,Completed,9,2026-06-23 08:00:00,2026-06-23 12:49:12
5120,157,3,Confirmed,4,2026-05-21 10:00:00,2026-05-21 18:38:24
5121,284,4,Completed,6,2026-06-22 06:00:00,2026-06-22 11:36:00
5122,262,7,Confirmed,5,2026-06-22 09:00:00,2026-06-22 13:36:36
5123,18,1,Scheduled,4,2026-05-14 10:00:00,2026-05-14 18:41:24
5124,209,2,Completed,2,2026-05-24 08:00:00,2026-05-24 13:55:48
5125,99,7,Completed,1,2026-06-28 10:00:00,2026-06-28 14:58:48
5126,46,4,Scheduled,8,2026-04-23 07:00:00,2026-04-23 14:27:36
5127,95,8,Confirmed,9,2026-05-20 07:00:00,2026-05-20 10:30:36
5128,63,8,Scheduled,3,2026-05-07 07:00:00,2026-05-07 14:57:36
5129,68,4,Completed,7,2026-06-13 09:00:00,2026-06-13 13:54:36
5130,38,4,Confirmed,8,2026-06-03 10:00:00,2026-06-03 14:09:36
5131,160,5,Completed,4,2026-04-09 10:00:00,2026-04-09 16:43:48
5132,293,2,Completed,6,2026-04-05 06:00:00,2026-04-05 12:17:24
5133,253,6,Scheduled,5,2026-04-12 06:00:00,2026-04-12 09:02:24
5134,39,5,Scheduled,6,2026-05-24 09:00:00,2026-05-24 16:15:00
5135,178,6,Confirmed,10,2026-04-28 09:00:00,2026-04-28 13:04:12
5136,41,6,Scheduled,10,2026-06-07 09:00:00,2026-06-07 15:29:24
5137,67,8,Scheduled,1,2026-04-13 09:00:00,2026-04-13 16:39:00
5138,290,4,Scheduled,9,2026-04-27 10:00:00,2026-04-27 16:15:00
5139,206,1,Completed,8,2026-05-27 09:00:00,2026-05-27 16:29:24
5140,7,3,Completed,7,2026-06-23 06:00:00,2026-06-23 11:46:48
5141,293,3,Confirmed,3,2026-05-26 09:00:00,2026-05-26 13:41:24
5142,104,2,Confirmed,10,2026-04-21 06:00:00,2026-04-21 13:16:48
5143,256,2,Completed,3,2026-05-04 08:00:00,2026-05-04 15:33:36
5144,288,2,Confirmed,10,2026-06-03 08:00:00,2026-06-03 13:38:24
5145,61,5,Scheduled,10,2026-06-18 09:00:00,2026-06-18 13:33:36
5146,279,8,Completed,6,2026-05-15 08:00:00,2026-05-15 11:34:12
5147,263,7,Scheduled,1,2026-06-23 07:00:00,2026-06-23 13:22:12
5148,247,10,Confirmed,8,2026-05-03 07:00:00,2026-05-03 10:14:24
5149,77,2,Completed,10,2026-04-20 08:00:00,2026-04-20 14:00:00
5150,44,3,Completed,6,2026-05-31 10:00:00,2026-05-31 14:25:48
5151,148,9,Confirmed,1,2026-06-25 07:00:00,2026-06-25 12:09:36
5152,113,5,Confirmed,2,2026-05-05 10:00:00,2026-05-05 13:22:48
5153,196,4,Confirmed,1,2026-04-14 07:00:00,2026-04-14 16:24:36
5154,214,2,Completed,5,2026-04-04 09:00:00,2026-04-04 16:18:00
5155,163,5,Confirmed,5,2026-04-03 09:00:00,2026-04-03 18:33:00
5156,300,1,Completed,3,2026-04-25 09:00:00,2026-04-25 17:40:48
5157,208,6,Completed,2,2026-06-17 10:00:00,2026-06-17 17:21:00
5158,89,9,Scheduled,9,2026-04-10 10:00:00,2026-04-10 14:23:24
5159,182,7,Scheduled,9,2026-04-06 08:00:00,2026-04-06 11:06:00
5160,104,3,Confirmed,3,2026-05-09 09:00:00,2026-05-09 13:28:48
5161,9,1,Completed,7,2026-04-26 06:00:00,2026-04-26 09:27:36
5162,120,2,Confirmed,3,2026-04-17 06:00:00,2026-04-17 11:04:12
5163,240,5,Completed,2,2026-06-27 07:00:00,2026-06-27 12:40:12
5164,98,7,Completed,2,2026-06-02 06:00:00,2026-06-02 12:21:36
5165,56,3,Scheduled,3,2026-05-09 10:00:00,2026-05-09 17:57:00
5166,193,9,Confirmed,10,2026-06-16 09:00:00,2026-06-16 17:28:12
5167,265,4,Completed,4,2026-05-24 06:00:00,2026-05-24 12:21:36
5168,86,5,Scheduled,1,2026-06-25 08:00:00,2026-06-25 12:42:00
5169,148,1,Completed,10,2026-06-28 08:00:00,2026-06-28 14:46:12
5170,170,3,Confirmed,4,2026-05-26 09:00:00,2026-05-26 16:39:36
5171,65,5,Scheduled,10,2026-04-09 07:00:00,2026-04-09 14:01:12
5172,125,7,Confirmed,8,2026-04-13 06:00:00,2026-04-13 14:18:36
5173,272,1,Completed,10,2026-06-20 10:00:00,2026-06-20 16:53:24
5174,76,10,Scheduled,4,2026-04-06 10:00:00,2026-04-06 14:34:48
5175,65,9,Scheduled,7,2026-04-24 07:00:00,2026-04-24 15:18:00
5176,101,5,Confirmed,4,2026-05-07 09:00:00,2026-05-07 13:09:00
5177,243,1,Completed,1,2026-06-27 08:00:00,2026-06-27 14:20:24
5178,128,2,Scheduled,3,2026-04-24 07:00:00,2026-04-24 10:36:00
5179,51,5,Scheduled,10,2026-05-19 09:00:00,2026-05-19 16:38:24
5180,84,3,Scheduled,2,2026-05-05 10:00:00,2026-05-05 17:18:36
5181,231,1,Confirmed,10,2026-04-02 08:00:00,2026-04-02 14:13:12
5182,66,6,Scheduled,8,2026-04-16 06:00:00,2026-04-16 13:50:24
5183,23,1,Scheduled,6,2026-06-12 09:00:00,2026-06-12 17:52:12
5184,169,4,Completed,9,2026-06-13 10:00:00,2026-06-13 17:15:36
5185,131,7,Confirmed,8,2026-06-14 07:00:00,2026-06-14 13:57:00
5186,237,2,Scheduled,9,2026-05-13 09:00:00,2026-05-13 16:45:36
5187,20,1,Confirmed,9,2026-06-05 08:00:00,2026-06-05 12:10:48
5188,100,8,Scheduled,10,2026-04-12 06:00:00,2026-04-12 09:38:24
5189,55,3,Confirmed,1,2026-06-25 08:00:00,2026-06-25 15:26:24
5190,45,4,Scheduled,6,2026-05-09 06:00:00,2026-05-09 09:43:48
5191,155,10,Scheduled,7,2026-05-30 06:00:00,2026-05-30 10:41:24
5192,211,6,Confirmed,10,2026-06-24 10:00:00,2026-06-24 14:00:36
5193,269,8,Scheduled,1,2026-05-27 10:00:00,2026-05-27 15:49:12
5194,32,5,Completed,7,2026-04-27 10:00:00,2026-04-27 14:16:12
5195,26,4,Completed,6,2026-05-16 09:00:00,2026-05-16 16:21:36
5196,161,7,Completed,4,2026-06-09 09:00:00,2026-06-09 14:04:12
5197,22,9,Scheduled,8,2026-06-22 08:00:00,2026-06-22 14:20:24
5198,216,4,Scheduled,8,2026-06-29 09:00:00,2026-06-29 13:16:12
5199,24,2,Scheduled,9,2026-06-23 08:00:00,2026-06-23 17:28:12
5200,208,5,Completed,2,2026-04-07 10:00:00,2026-04-07 17:45:00
5201,166,1,Confirmed,2,2026-05-25 06:00:00,2026-05-25 09:06:00
5202,184,4,Confirmed,4,2026-05-17 08:00:00,2026-05-17 12:42:36
5203,146,10,Scheduled,10,2026-06-06 10:00:00,2026-06-06 13:27:00
5204,57,8,Confirmed,5,2026-05-10 09:00:00,2026-05-10 13:37:48
5205,59,9,Scheduled,6,2026-04-25 09:00:00,2026-04-25 12:32:24
5206,237,7,Completed,4,2026-06-02 09:00:00,2026-06-02 15:33:00
5207,78,1,Completed,1,2026-05-12 10:00:00,2026-05-12 17:22:12
5208,298,9,Scheduled,4,2026-05-17 07:00:00,2026-05-17 12:09:36
5209,28,6,Completed,3,2026-05-28 10:00:00,2026-05-28 16:28:48
5210,124,10,Confirmed,10,2026-06-13 08:00:00,2026-06-13 13:36:36
5211,150,2,Confirmed,7,2026-06-14 07:00:00,2026-06-14 12:43:48
5212,277,2,Scheduled,1,2026-04-14 09:00:00,2026-04-14 14:30:36
5213,296,7,Confirmed,8,2026-05-03 09:00:00,2026-05-03 18:30:00
5214,44,6,Scheduled,9,2026-04-23 06:00:00,2026-04-23 10:17:24
5215,33,9,Confirmed,1,2026-04-15 07:00:00,2026-04-15 11:07:12
5216,256,2,Completed,2,2026-04-04 07:00:00,2026-04-04 12:39:36
5217,18,9,Completed,2,2026-05-25 06:00:00,2026-05-25 13:33:00
5218,62,10,Scheduled,10,2026-06-16 08:00:00,2026-06-16 17:03:36
5219,133,5,Completed,3,2026-06-15 06:00:00,2026-06-15 12:12:00
5220,222,7,Completed,6,2026-04-25 08:00:00,2026-04-25 14:32:24
5221,110,7,Confirmed,5,2026-05-04 08:00:00,2026-05-04 13:45:00
5222,184,1,Scheduled,3,2026-05-13 07:00:00,2026-05-13 12:37:12
5223,102,3,Confirmed,5,2026-06-19 06:00:00,2026-06-19 10:36:36
5224,178,7,Completed,5,2026-04-10 06:00:00,2026-04-10 11:22:12
5225,283,9,Scheduled,1,2026-06-04 06:00:00,2026-06-04 13:39:00
5226,53,6,Scheduled,1,2026-04-11 08:00:00,2026-04-11 14:16:48
5227,52,6,Scheduled,2,2026-05-09 07:00:00,2026-05-09 13:02:24
5228,201,3,Scheduled,7,2026-04-03 08:00:00,2026-04-03 16:35:24
5229,99,5,Scheduled,2,2026-04-29 10:00:00,2026-04-29 16:09:36
5230,138,3,Confirmed,10,2026-04-27 09:00:00,2026-04-27 15:15:00
5231,264,3,Scheduled,10,2026-05-14 07:00:00,2026-05-14 12:00:00
5232,298,8,Completed,6,2026-05-31 08:00:00,2026-05-31 15:27:36
5233,217,1,Confirmed,3,2026-05-17 07:00:00,2026-05-17 11:35:24
5234,61,9,Completed,1,2026-05-23 07:00:00,2026-05-23 11:30:36
5235,233,10,Completed,2,2026-05-05 09:00:00,2026-05-05 16:12:36
5236,256,6,Completed,8,2026-06-14 07:00:00,2026-06-14 11:25:48
5237,28,8,Scheduled,2,2026-04-13 10:00:00,2026-04-13 14:55:48
5238,281,3,Scheduled,9,2026-06-02 09:00:00,2026-06-02 16:32:24
5239,28,3,Confirmed,5,2026-05-05 09:00:00,2026-05-05 15:54:36
5240,253,7,Completed,8,2026-06-17 06:00:00,2026-06-17 09:07:48
5241,156,7,Completed,3,2026-05-28 09:00:00,2026-05-28 13:41:24
5242,2,4,Confirmed,3,2026-05-16 06:00:00,2026-05-16 12:07:12
5243,182,3,Confirmed,7,2026-06-09 08:00:00,2026-06-09 15:13:12
5244,153,1,Completed,6,2026-05-31 09:00:00,2026-05-31 13:12:36
5245,56,3,Scheduled,1,2026-06-10 08:00:00,2026-06-10 13:42:00
5246,268,10,Confirmed,4,2026-04-18 08:00:00,2026-04-18 13:40:12
5247,188,3,Completed,9,2026-06-28 08:00:00,2026-06-28 13:17:24
5248,222,3,Confirmed,6,2026-04-16 10:00:00,2026-04-16 16:56:24
5249,2,1,Confirmed,1,2026-05-07 10:00:00,2026-05-07 16:03:36
5250,133,4,Scheduled,1,2026-05-18 06:00:00,2026-05-18 13:58:12
5251,135,7,Completed,8,2026-06-14 10:00:00,2026-06-14 13:03:36
5252,118,7,Scheduled,3,2026-06-05 07:00:00,2026-06-05 13:54:00
5253,192,10,Scheduled,1,2026-06-03 09:00:00,2026-06-03 13:20:24
5254,183,10,Completed,7,2026-06-12 10:00:00,2026-06-12 14:01:48
5255,246,3,Completed,4,2026-06-10 09:00:00,2026-06-10 16:13:12
5256,146,1,Completed,6,2026-04-15 06:00:00,2026-04-15 13:41:24
5257,41,6,Scheduled,3,2026-05-21 06:00:00,2026-05-21 15:01:48
5258,167,2,Completed,3,2026-05-28 09:00:00,2026-05-28 18:10:48
5259,40,10,Scheduled,3,2026-05-09 09:00:00,2026-05-09 17:40:12
5260,27,4,Confirmed,10,2026-06-10 09:00:00,2026-06-10 13:03:36
5261,64,1,Scheduled,9,2026-05-27 08:00:00,2026-05-27 13:44:24
5262,293,10,Completed,4,2026-06-25 06:00:00,2026-06-25 11:21:36
5263,236,3,Completed,10,2026-06-12 08:00:00,2026-06-12 14:04:48
5264,32,5,Confirmed,8,2026-05-30 06:00:00,2026-05-30 15:34:48
5265,17,1,Confirmed,10,2026-04-23 06:00:00,2026-04-23 09:10:48
5266,201,4,Scheduled,2,2026-06-26 09:00:00,2026-06-26 18:20:24
5267,201,6,Completed,10,2026-04-29 08:00:00,2026-04-29 13:27:00
5268,80,7,Confirmed,7,2026-05-31 06:00:00,2026-05-31 09:39:36
5269,1,9,Confirmed,10,2026-04-17 09:00:00,2026-04-17 13:04:12
5270,105,7,Confirmed,4,2026-06-02 08:00:00,2026-06-02 12:21:36
5271,204,6,Scheduled,3,2026-06-13 08:00:00,2026-06-13 14:48:36
5272,98,5,Confirmed,10,2026-06-27 07:00:00,2026-06-27 15:31:48
5273,156,1,Confirmed,1,2026-06-10 06:00:00,2026-06-10 12:09:00
5274,18,8,Confirmed,9,2026-05-01 09:00:00,2026-05-01 14:01:48
5275,56,5,Scheduled,5,2026-05-29 06:00:00,2026-05-29 11:40:12
5276,265,7,Scheduled,2,2026-05-30 08:00:00,2026-05-30 11:25:12
5277,40,2,Scheduled,3,2026-06-02 09:00:00,2026-06-02 16:43:12
5278,144,6,Scheduled,2,2026-04-20 07:00:00,2026-04-20 12:18:36
5279,22,8,Confirmed,9,2026-05-15 10:00:00,2026-05-15 15:10:48
5280,133,6,Completed,2,2026-04-05 10:00:00,2026-04-05 17:55:48
5281,129,9,Confirmed,5,2026-06-03 10:00:00,2026-06-03 15:46:12
5282,10,5,Scheduled,7,2026-06-02 06:00:00,2026-06-02 10:43:48
5283,281,3,Confirmed,6,2026-04-28 09:00:00,2026-04-28 12:29:24
5284,58,2,Completed,9,2026-05-14 06:00:00,2026-05-14 12:06:00
5285,92,3,Completed,8,2026-06-19 06:00:00,2026-06-19 13:57:00
5286,192,10,Confirmed,6,2026-06-22 07:00:00,2026-06-22 11:28:12
5287,92,6,Scheduled,8,2026-04-08 10:00:00,2026-04-08 15:48:00
5288,18,4,Scheduled,10,2026-06-28 10:00:00,2026-06-28 17:11:24
5289,165,5,Confirmed,7,2026-05-02 07:00:00,2026-05-02 15:27:36
5290,254,5,Scheduled,4,2026-05-23 08:00:00,2026-05-23 12:08:24
5291,178,8,Completed,1,2026-04-06 07:00:00,2026-04-06 13:14:24
5292,244,1,Scheduled,8,2026-06-27 07:00:00,2026-06-27 11:01:12
5293,146,6,Completed,9,2026-05-20 09:00:00,2026-05-20 16:22:12
5294,290,3,Scheduled,2,2026-05-27 06:00:00,2026-05-27 12:59:24
5295,167,8,Scheduled,10,2026-06-03 09:00:00,2026-06-03 13:40:12
5296,96,3,Scheduled,6,2026-04-10 08:00:00,2026-04-10 12:33:36
5297,185,3,Completed,1,2026-06-01 06:00:00,2026-06-01 10:08:24
5298,47,4,Completed,2,2026-04-22 09:00:00,2026-04-22 12:35:24
5299,21,4,Confirmed,9,2026-06-01 06:00:00,2026-06-01 13:03:00
5300,214,5,Confirmed,6,2026-06-11 09:00:00,2026-06-11 15:07:12
5301,82,6,Scheduled,1,2026-05-30 09:00:00,2026-05-30 12:03:36
5302,262,10,Completed,3,2026-04-30 08:00:00,2026-04-30 14:51:00
5303,47,6,Scheduled,4,2026-04-21 07:00:00,2026-04-21 11:12:36
5304,48,5,Confirmed,3,2026-05-11 10:00:00,2026-05-11 13:00:36
5305,283,10,Confirmed,5,2026-04-11 07:00:00,2026-04-11 15:36:00
5306,40,9,Completed,4,2026-04-12 08:00:00,2026-04-12 11:01:12
5307,126,2,Scheduled,7,2026-05-09 07:00:00,2026-05-09 14:55:12
5308,95,2,Scheduled,5,2026-05-16 09:00:00,2026-05-16 15:33:00
5309,198,2,Confirmed,10,2026-06-01 07:00:00,2026-06-01 12:11:24
5310,147,4,Confirmed,3,2026-06-13 08:00:00,2026-06-13 12:11:24
5311,143,9,Completed,5,2026-06-12 07:00:00,2026-06-12 11:57:36
5312,210,10,Completed,1,2026-06-10 08:00:00,2026-06-10 12:54:36
5313,231,5,Completed,2,2026-05-05 07:00:00,2026-05-05 13:19:48
5314,126,1,Scheduled,1,2026-05-05 08:00:00,2026-05-05 15:30:00
5315,151,1,Confirmed,7,2026-06-15 09:00:00,2026-06-15 13:22:12
5316,60,2,Scheduled,7,2026-04-08 09:00:00,2026-04-08 15:09:36
5317,113,2,Scheduled,8,2026-04-08 10:00:00,2026-04-08 17:30:36
5318,264,9,Confirmed,1,2026-05-21 10:00:00,2026-05-21 14:06:36
5319,226,1,Confirmed,1,2026-05-27 06:00:00,2026-05-27 11:22:48
5320,100,4,Confirmed,7,2026-06-19 06:00:00,2026-06-19 13:44:24
5321,258,3,Confirmed,1,2026-04-12 07:00:00,2026-04-12 10:53:24
5322,142,3,Confirmed,9,2026-06-10 08:00:00,2026-06-10 11:39:36
5323,228,6,Confirmed,4,2026-06-22 07:00:00,2026-06-22 15:48:36
5324,197,6,Confirmed,9,2026-05-21 10:00:00,2026-05-21 13:58:48
5325,118,5,Completed,9,2026-04-16 09:00:00,2026-04-16 12:33:00
5326,214,8,Confirmed,5,2026-05-06 07:00:00,2026-05-06 11:27:00
5327,226,5,Confirmed,4,2026-05-17 09:00:00,2026-05-17 16:03:00
5328,88,9,Confirmed,10,2026-06-12 07:00:00,2026-06-12 14:12:36
5329,259,1,Confirmed,7,2026-06-11 07:00:00,2026-06-11 11:15:00
5330,290,5,Completed,7,2026-04-15 10:00:00,2026-04-15 13:25:12
5331,31,10,Completed,5,2026-06-01 06:00:00,2026-06-01 10:03:00
5332,119,5,Completed,9,2026-06-26 07:00:00,2026-06-26 10:42:00
5333,42,7,Completed,2,2026-06-26 09:00:00,2026-06-26 13:40:48
5334,123,6,Scheduled,5,2026-06-06 10:00:00,2026-06-06 15:54:00
5335,76,4,Scheduled,10,2026-05-31 07:00:00,2026-05-31 11:16:48
5336,151,3,Confirmed,10,2026-05-18 09:00:00,2026-05-18 13:01:48
5337,254,9,Confirmed,8,2026-06-07 08:00:00,2026-06-07 11:54:36
5338,227,3,Scheduled,3,2026-04-22 10:00:00,2026-04-22 18:18:36
5339,146,10,Confirmed,9,2026-04-11 06:00:00,2026-04-11 10:12:00
5340,179,10,Confirmed,5,2026-04-04 09:00:00,2026-04-04 13:33:36
5341,24,10,Scheduled,2,2026-06-17 06:00:00,2026-06-17 10:19:12
5342,156,3,Scheduled,1,2026-04-16 06:00:00,2026-04-16 12:52:48
5343,210,4,Completed,3,2026-05-27 09:00:00,2026-05-27 17:05:24
5344,114,2,Completed,3,2026-04-02 06:00:00,2026-04-02 12:19:48
5345,236,3,Confirmed,7,2026-06-11 09:00:00,2026-06-11 17:48:00
5346,269,1,Scheduled,10,2026-04-08 08:00:00,2026-04-08 14:45:00
5347,35,7,Confirmed,8,2026-05-19 07:00:00,2026-05-19 14:13:48
5348,54,5,Confirmed,2,2026-05-27 06:00:00,2026-05-27 13:14:24
5349,58,8,Scheduled,2,2026-04-30 06:00:00,2026-04-30 09:55:12
5350,235,9,Scheduled,3,2026-04-25 07:00:00,2026-04-25 11:34:12
5351,145,4,Scheduled,8,2026-05-04 07:00:00,2026-05-04 10:09:36
5352,225,5,Confirmed,8,2026-04-27 06:00:00,2026-04-27 12:41:24
5353,23,3,Confirmed,9,2026-04-17 08:00:00,2026-04-17 14:13:12
5354,51,10,Completed,7,2026-06-19 10:00:00,2026-06-19 17:24:36
5355,300,9,Confirmed,3,2026-05-28 10:00:00,2026-05-28 15:19:12
5356,155,4,Scheduled,10,2026-04-26 08:00:00,2026-04-26 14:05:24
5357,176,5,Confirmed,1,2026-05-25 08:00:00,2026-05-25 14:22:48
5358,103,1,Confirmed,8,2026-05-24 06:00:00,2026-05-24 10:40:12
5359,254,4,Confirmed,4,2026-05-28 09:00:00,2026-05-28 13:37:12
5360,60,7,Scheduled,6,2026-06-09 08:00:00,2026-06-09 13:48:00
5361,157,6,Completed,9,2026-04-02 08:00:00,2026-04-02 15:35:24
5362,264,6,Completed,3,2026-05-13 06:00:00,2026-05-13 14:46:48
5363,71,2,Confirmed,1,2026-06-01 09:00:00,2026-06-01 14:43:48
5364,217,3,Scheduled,2,2026-06-03 09:00:00,2026-06-03 14:04:48
5365,87,5,Scheduled,7,2026-05-16 07:00:00,2026-05-16 13:28:48
5366,27,6,Completed,5,2026-05-01 10:00:00,2026-05-01 16:07:12
5367,243,8,Scheduled,1,2026-06-02 07:00:00,2026-06-02 13:33:36
5368,147,7,Scheduled,4,2026-04-23 10:00:00,2026-04-23 16:37:48
5369,24,2,Scheduled,6,2026-04-27 10:00:00,2026-04-27 17:20:24
5370,40,5,Scheduled,6,2026-06-20 07:00:00,2026-06-20 14:00:36
5371,43,1,Completed,9,2026-06-15 09:00:00,2026-06-15 16:14:24
5372,294,5,Scheduled,7,2026-06-15 10:00:00,2026-06-15 17:38:24
5373,258,8,Confirmed,6,2026-04-20 06:00:00,2026-04-20 12:16:12
5374,274,4,Scheduled,3,2026-05-09 07:00:00,2026-05-09 11:36:36
5375,20,8,Completed,8,2026-06-20 08:00:00,2026-06-20 14:12:00
5376,211,5,Scheduled,9,2026-05-13 06:00:00,2026-05-13 11:51:36
5377,205,8,Completed,2,2026-05-19 07:00:00,2026-05-19 10:21:36
5378,168,5,Confirmed,10,2026-06-10 08:00:00,2026-06-10 16:54:00
5379,278,8,Confirmed,7,2026-04-30 06:00:00,2026-04-30 12:05:24
5380,227,3,Scheduled,3,2026-06-12 10:00:00,2026-06-12 13:58:12
5381,238,4,Completed,5,2026-06-13 09:00:00,2026-06-13 15:08:24
5382,285,10,Scheduled,1,2026-05-13 09:00:00,2026-05-13 14:30:36
5383,103,10,Completed,9,2026-06-05 07:00:00,2026-06-05 11:39:36
5384,91,7,Scheduled,2,2026-04-03 07:00:00,2026-04-03 14:24:36
5385,47,5,Scheduled,10,2026-04-17 07:00:00,2026-04-17 11:30:36
5386,239,2,Scheduled,6,2026-05-04 06:00:00,2026-05-04 10:10:48
5387,58,4,Completed,10,2026-04-29 08:00:00,2026-04-29 13:57:36
5388,276,3,Scheduled,7,2026-04-28 07:00:00,2026-04-28 11:38:24
5389,257,6,Confirmed,8,2026-06-17 06:00:00,2026-06-17 14:12:36
5390,119,1,Scheduled,4,2026-06-14 06:00:00,2026-06-14 14:51:00
5391,35,7,Completed,9,2026-05-21 07:00:00,2026-05-21 13:38:24
5392,277,3,Completed,5,2026-05-27 08:00:00,2026-05-27 15:33:00
5393,13,2,Scheduled,1,2026-05-13 09:00:00,2026-05-13 16:33:36
5394,169,10,Confirmed,7,2026-05-10 06:00:00,2026-05-10 14:34:48
5395,262,8,Completed,2,2026-05-04 08:00:00,2026-05-04 12:50:24
5396,121,4,Confirmed,6,2026-06-15 07:00:00,2026-06-15 11:30:00
5397,217,8,Completed,6,2026-06-05 08:00:00,2026-06-05 11:18:36
5398,193,10,Scheduled,8,2026-04-27 09:00:00,2026-04-27 18:05:24
5399,164,1,Completed,6,2026-04-18 09:00:00,2026-04-18 15:39:36
5400,279,8,Confirmed,2,2026-06-11 09:00:00,2026-06-11 13:28:48
5401,104,2,Scheduled,4,2026-04-07 08:00:00,2026-04-07 11:04:12
5402,76,4,Scheduled,9,2026-06-29 09:00:00,2026-06-29 15:38:24
5403,270,7,Confirmed,3,2026-05-20 07:00:00,2026-05-20 14:31:48
5404,283,9,Scheduled,8,2026-06-05 07:00:00,2026-06-05 12:10:48
5405,142,4,Completed,4,2026-05-01 07:00:00,2026-05-01 10:48:36
5406,3,7,Completed,7,2026-05-15 09:00:00,2026-05-15 16:22:48
5407,262,9,Completed,6,2026-06-05 06:00:00,2026-06-05 11:25:48
5408,238,3,Scheduled,10,2026-06-21 09:00:00,2026-06-21 16:13:12
5409,258,2,Completed,4,2026-06-02 09:00:00,2026-06-02 17:12:36
5410,91,1,Completed,10,2026-05-05 09:00:00,2026-05-05 12:45:00
5411,196,4,Scheduled,6,2026-04-04 08:00:00,2026-04-04 14:02:24
5412,240,2,Scheduled,5,2026-04-06 07:00:00,2026-04-06 15:00:36
5413,229,2,Completed,1,2026-04-21 09:00:00,2026-04-21 16:00:36
5414,227,5,Scheduled,8,2026-04-05 10:00:00,2026-04-05 13:47:24
5415,275,1,Scheduled,9,2026-06-07 09:00:00,2026-06-07 12:43:48
5416,246,5,Confirmed,9,2026-06-16 07:00:00,2026-06-16 14:57:36
5417,23,7,Completed,4,2026-05-17 07:00:00,2026-05-17 11:14:24
5418,89,1,Scheduled,7,2026-06-20 06:00:00,2026-06-20 10:39:00
5419,250,10,Confirmed,9,2026-04-24 09:00:00,2026-04-24 15:07:48
5420,200,3,Completed,6,2026-04-09 08:00:00,2026-04-09 15:04:48
5421,58,4,Scheduled,7,2026-05-21 06:00:00,2026-05-21 11:03:36
5422,58,6,Completed,5,2026-05-08 07:00:00,2026-05-08 11:12:36
5423,133,9,Confirmed,10,2026-06-21 09:00:00,2026-06-21 16:02:24
5424,87,2,Completed,10,2026-05-24 06:00:00,2026-05-24 13:36:00
5425,243,10,Scheduled,6,2026-06-15 06:00:00,2026-06-15 15:07:48
5426,210,9,Confirmed,6,2026-04-02 07:00:00,2026-04-02 10:30:36
5427,100,6,Confirmed,7,2026-05-24 06:00:00,2026-05-24 12:43:48
5428,73,10,Scheduled,1,2026-06-29 06:00:00,2026-06-29 11:43:12
5429,67,10,Confirmed,9,2026-05-17 08:00:00,2026-05-17 13:52:48
5430,151,7,Completed,8,2026-06-11 08:00:00,2026-06-11 14:55:12
5431,148,3,Confirmed,4,2026-05-08 09:00:00,2026-05-08 12:09:00
5432,104,2,Confirmed,7,2026-04-03 07:00:00,2026-04-03 10:56:24
5433,11,6,Scheduled,8,2026-04-04 06:00:00,2026-04-04 10:42:00
5434,121,10,Completed,5,2026-06-25 09:00:00,2026-06-25 16:57:00
5435,146,6,Completed,10,2026-06-24 08:00:00,2026-06-24 15:39:36
5436,257,5,Confirmed,10,2026-05-14 08:00:00,2026-05-14 13:24:36
5437,118,5,Scheduled,7,2026-05-22 08:00:00,2026-05-22 13:36:36
5438,188,9,Completed,10,2026-04-13 09:00:00,2026-04-13 15:50:24
5439,208,4,Confirmed,3,2026-04-28 06:00:00,2026-04-28 13:06:00
5440,151,3,Completed,7,2026-05-14 10:00:00,2026-05-14 15:46:12
5441,34,9,Scheduled,2,2026-04-26 09:00:00,2026-04-26 13:23:24
5442,24,2,Scheduled,9,2026-05-13 06:00:00,2026-05-13 11:57:36
5443,149,8,Confirmed,1,2026-04-26 10:00:00,2026-04-26 16:19:48
5444,23,1,Scheduled,9,2026-05-27 10:00:00,2026-05-27 13:10:12
5445,102,8,Completed,1,2026-06-25 07:00:00,2026-06-25 13:30:36
5446,57,8,Scheduled,10,2026-04-16 07:00:00,2026-04-16 11:18:00
5447,170,5,Scheduled,9,2026-04-23 08:00:00,2026-04-23 15:13:48
5448,154,3,Scheduled,6,2026-04-02 09:00:00,2026-04-02 18:34:48
5449,7,10,Scheduled,2,2026-05-18 07:00:00,2026-05-18 10:39:00
5450,168,7,Scheduled,2,2026-04-18 09:00:00,2026-04-18 17:11:24
5451,41,3,Scheduled,2,2026-04-21 10:00:00,2026-04-21 14:39:36
5452,204,10,Scheduled,7,2026-05-27 06:00:00,2026-05-27 13:11:24
5453,33,1,Completed,6,2026-06-23 09:00:00,2026-06-23 13:25:48
5454,212,5,Scheduled,9,2026-04-18 08:00:00,2026-04-18 11:41:24
5455,257,3,Completed,8,2026-06-19 10:00:00,2026-06-19 17:39:00
5456,130,9,Scheduled,5,2026-04-07 10:00:00,2026-04-07 15:48:00
5457,112,4,Confirmed,4,2026-06-05 07:00:00,2026-06-05 10:51:00
5458,292,9,Scheduled,9,2026-05-10 07:00:00,2026-05-10 12:10:48
5459,49,7,Completed,5,2026-06-27 10:00:00,2026-06-27 17:56:24
5460,170,1,Completed,10,2026-06-11 09:00:00,2026-06-11 12:31:12
5461,87,3,Completed,1,2026-06-12 07:00:00,2026-06-12 15:19:48
5462,256,3,Completed,9,2026-04-18 10:00:00,2026-04-18 15:12:00
5463,105,2,Completed,4,2026-06-21 08:00:00,2026-06-21 14:27:36
5464,149,6,Confirmed,6,2026-06-22 06:00:00,2026-06-22 10:12:36
5465,75,6,Completed,5,2026-06-19 10:00:00,2026-06-19 13:25:12
5466,127,8,Confirmed,1,2026-05-04 08:00:00,2026-05-04 15:46:48
5467,247,9,Confirmed,10,2026-06-22 06:00:00,2026-06-22 13:15:00
5468,76,2,Completed,5,2026-05-29 09:00:00,2026-05-29 17:36:00
5469,85,1,Confirmed,8,2026-06-05 10:00:00,2026-06-05 14:17:24
5470,93,7,Completed,5,2026-04-19 06:00:00,2026-04-19 10:41:24
5471,91,1,Scheduled,7,2026-04-17 06:00:00,2026-04-17 09:19:48
5472,296,1,Scheduled,5,2026-04-02 10:00:00,2026-04-02 18:28:48
5473,23,6,Confirmed,4,2026-06-08 08:00:00,2026-06-08 11:52:48
5474,288,9,Confirmed,3,2026-06-24 06:00:00,2026-06-24 09:01:48
5475,45,3,Scheduled,8,2026-06-23 07:00:00,2026-06-23 10:18:36
5476,175,9,Completed,4,2026-04-18 08:00:00,2026-04-18 11:06:00
5477,262,1,Confirmed,9,2026-06-20 09:00:00,2026-06-20 14:27:00
5478,81,8,Scheduled,2,2026-06-01 07:00:00,2026-06-01 12:16:48
5479,3,9,Scheduled,5,2026-05-08 09:00:00,2026-05-08 14:46:12
5480,131,1,Scheduled,7,2026-06-18 09:00:00,2026-06-18 15:24:36
5481,190,7,Completed,1,2026-05-07 06:00:00,2026-05-07 14:10:12
5482,68,5,Confirmed,8,2026-05-08 06:00:00,2026-05-08 14:52:48
5483,289,6,Confirmed,10,2026-06-23 10:00:00,2026-06-23 14:16:48
5484,161,3,Scheduled,8,2026-05-25 10:00:00,2026-05-25 18:26:24
5485,20,8,Completed,6,2026-04-14 06:00:00,2026-04-14 10:31:48
5486,21,8,Confirmed,3,2026-05-01 10:00:00,2026-05-01 14:33:36
5487,85,2,Confirmed,10,2026-05-28 10:00:00,2026-05-28 14:07:12
5488,43,4,Completed,8,2026-05-10 10:00:00,2026-05-10 17:10:48
5489,108,4,Confirmed,1,2026-05-27 07:00:00,2026-05-27 16:04:12
5490,202,9,Completed,7,2026-06-14 07:00:00,2026-06-14 11:32:24
5491,20,4,Completed,3,2026-05-17 09:00:00,2026-05-17 16:35:24
5492,96,5,Confirmed,4,2026-05-19 07:00:00,2026-05-19 16:14:24
5493,37,10,Completed,10,2026-06-02 09:00:00,2026-06-02 14:39:00
5494,206,5,Scheduled,3,2026-06-05 10:00:00,2026-06-05 18:03:00
5495,13,10,Confirmed,9,2026-05-01 10:00:00,2026-05-01 18:51:36
5496,233,6,Scheduled,10,2026-06-15 09:00:00,2026-06-15 16:18:00
5497,165,8,Confirmed,4,2026-06-03 10:00:00,2026-06-03 15:12:00
5498,206,8,Completed,4,2026-05-08 07:00:00,2026-05-08 13:02:24
5499,91,10,Scheduled,1,2026-04-18 09:00:00,2026-04-18 13:31:12
5500,70,5,Confirmed,2,2026-05-16 08:00:00,2026-05-16 13:04:48
5501,258,6,Confirmed,4,2026-05-26 09:00:00,2026-05-26 17:48:00
5502,286,4,Scheduled,4,2026-06-05 10:00:00,2026-06-05 15:28:12
5503,268,3,Confirmed,2,2026-06-21 06:00:00,2026-06-21 12:39:36
5504,182,9,Scheduled,5,2026-04-15 07:00:00,2026-04-15 10:12:00
5505,242,6,Scheduled,10,2026-05-11 06:00:00,2026-05-11 13:58:48
5506,45,10,Scheduled,4,2026-05-06 09:00:00,2026-05-06 17:04:12
5507,290,7,Confirmed,9,2026-05-05 09:00:00,2026-05-05 17:45:00
5508,47,1,Scheduled,4,2026-04-10 09:00:00,2026-04-10 16:52:12
5509,201,9,Confirmed,2,2026-05-15 08:00:00,2026-05-15 16:46:48
5510,238,7,Scheduled,10,2026-04-03 08:00:00,2026-04-03 16:18:00
5511,133,4,Scheduled,10,2026-05-05 10:00:00,2026-05-05 16:07:48
5512,148,10,Scheduled,8,2026-04-29 06:00:00,2026-04-29 10:32:24
5513,225,3,Completed,9,2026-05-20 06:00:00,2026-05-20 10:16:48
5514,58,6,Confirmed,1,2026-06-03 10:00:00,2026-06-03 14:46:48
5515,261,1,Scheduled,10,2026-06-14 10:00:00,2026-06-14 15:23:24
5516,235,8,Completed,9,2026-04-07 07:00:00,2026-04-07 10:09:36
5517,295,3,Confirmed,2,2026-05-27 06:00:00,2026-05-27 14:55:48
5518,191,6,Completed,3,2026-05-17 07:00:00,2026-05-17 10:58:12
5519,151,6,Scheduled,4,2026-05-09 09:00:00,2026-05-09 15:39:00
5520,237,8,Confirmed,4,2026-04-01 07:00:00,2026-04-01 11:12:36
5521,225,4,Confirmed,5,2026-06-07 10:00:00,2026-06-07 14:28:48
5522,85,10,Completed,7,2026-06-10 10:00:00,2026-06-10 14:25:12
5523,117,2,Confirmed,3,2026-06-13 06:00:00,2026-06-13 12:02:24
5524,167,1,Scheduled,9,2026-06-01 07:00:00,2026-06-01 10:34:12
5525,4,10,Completed,6,2026-04-29 06:00:00,2026-04-29 10:48:36
5526,225,8,Completed,8,2026-06-06 09:00:00,2026-06-06 14:08:24
5527,268,7,Scheduled,5,2026-04-12 07:00:00,2026-04-12 14:25:12
5528,143,2,Completed,4,2026-05-03 06:00:00,2026-05-03 09:24:36
5529,275,7,Confirmed,10,2026-06-19 08:00:00,2026-06-19 15:24:00
5530,124,2,Scheduled,2,2026-06-02 06:00:00,2026-06-02 12:10:12
5531,118,9,Completed,8,2026-05-29 07:00:00,2026-05-29 14:27:00
5532,82,5,Scheduled,5,2026-04-06 06:00:00,2026-04-06 12:15:00
5533,260,1,Scheduled,7,2026-05-23 07:00:00,2026-05-23 11:06:36
5534,122,1,Confirmed,4,2026-05-27 08:00:00,2026-05-27 14:07:12
5535,88,9,Scheduled,5,2026-06-11 10:00:00,2026-06-11 14:39:00
5536,76,1,Confirmed,9,2026-05-15 10:00:00,2026-05-15 16:00:00
5537,141,3,Scheduled,2,2026-04-26 08:00:00,2026-04-26 15:14:24
5538,237,2,Completed,4,2026-04-01 06:00:00,2026-04-01 10:33:36
5539,152,3,Confirmed,5,2026-06-02 06:00:00,2026-06-02 13:49:12
5540,189,2,Completed,1,2026-05-25 09:00:00,2026-05-25 12:23:24
5541,271,3,Completed,4,2026-04-20 10:00:00,2026-04-20 18:36:36
5542,33,4,Confirmed,4,2026-04-27 10:00:00,2026-04-27 15:14:24
5543,246,10,Confirmed,10,2026-04-27 07:00:00,2026-04-27 12:36:00
5544,134,1,Completed,10,2026-05-20 09:00:00,2026-05-20 13:10:48
5545,119,5,Completed,3,2026-04-08 07:00:00,2026-04-08 12:07:12
5546,48,7,Scheduled,4,2026-06-02 08:00:00,2026-06-02 12:16:48
5547,263,6,Confirmed,3,2026-04-08 09:00:00,2026-04-08 15:38:24
5548,239,8,Scheduled,1,2026-04-23 10:00:00,2026-04-23 13:54:36
5549,186,5,Scheduled,9,2026-05-29 07:00:00,2026-05-29 12:18:36
5550,190,1,Scheduled,9,2026-04-21 07:00:00,2026-04-21 14:18:00
5551,231,7,Scheduled,9,2026-06-13 07:00:00,2026-06-13 14:57:36
5552,21,5,Completed,6,2026-05-08 06:00:00,2026-05-08 13:40:48
5553,110,6,Scheduled,9,2026-04-27 07:00:00,2026-04-27 13:58:12
5554,247,6,Completed,1,2026-04-01 07:00:00,2026-04-01 11:33:00
5555,284,6,Completed,3,2026-06-26 06:00:00,2026-06-26 10:40:48
5556,9,7,Scheduled,6,2026-04-18 09:00:00,2026-04-18 16:34:48
5557,291,6,Completed,4,2026-05-26 09:00:00,2026-05-26 17:09:36
5558,208,2,Completed,6,2026-05-14 06:00:00,2026-05-14 11:12:36
5559,20,6,Scheduled,10,2026-04-22 08:00:00,2026-04-22 12:48:36
5560,290,10,Completed,10,2026-04-12 10:00:00,2026-04-12 14:58:12
5561,191,4,Confirmed,2,2026-06-06 06:00:00,2026-06-06 15:33:00
5562,36,3,Scheduled,8,2026-06-21 10:00:00,2026-06-21 15:30:00
5563,259,2,Confirmed,5,2026-05-13 10:00:00,2026-05-13 16:09:00
5564,110,9,Confirmed,2,2026-06-22 09:00:00,2026-06-22 15:34:48
5565,249,3,Confirmed,4,2026-04-13 06:00:00,2026-04-13 13:25:48
5566,144,5,Completed,4,2026-04-24 06:00:00,2026-04-24 09:43:48
5567,218,9,Scheduled,10,2026-04-13 07:00:00,2026-04-13 12:09:00
5568,231,5,Scheduled,5,2026-05-12 09:00:00,2026-05-12 12:22:12
5569,156,10,Confirmed,4,2026-05-01 08:00:00,2026-05-01 13:58:12
5570,136,7,Completed,1,2026-04-01 06:00:00,2026-04-01 11:28:12
5571,83,4,Confirmed,7,2026-04-02 08:00:00,2026-04-02 12:12:00
5572,133,1,Confirmed,6,2026-06-01 08:00:00,2026-06-01 12:00:36
5573,218,7,Confirmed,3,2026-05-19 06:00:00,2026-05-19 12:35:24
5574,300,9,Scheduled,1,2026-04-02 09:00:00,2026-04-02 15:18:00
5575,98,8,Completed,10,2026-04-05 08:00:00,2026-04-05 13:30:00
5576,184,10,Scheduled,7,2026-05-08 06:00:00,2026-05-08 11:46:12
5577,223,3,Scheduled,1,2026-06-27 06:00:00,2026-06-27 09:45:00
5578,169,2,Scheduled,6,2026-06-10 10:00:00,2026-06-10 13:24:00
5579,285,6,Scheduled,6,2026-05-27 06:00:00,2026-05-27 10:04:48
5580,200,10,Completed,10,2026-04-09 07:00:00,2026-04-09 13:03:00
5581,252,6,Completed,2,2026-06-11 09:00:00,2026-06-11 15:10:48
5582,44,7,Completed,10,2026-06-07 08:00:00,2026-06-07 14:24:36
5583,17,8,Completed,7,2026-05-23 10:00:00,2026-05-23 13:36:00
5584,235,5,Scheduled,2,2026-05-01 06:00:00,2026-05-01 11:55:48
5585,142,9,Completed,4,2026-06-07 08:00:00,2026-06-07 13:07:48
5586,67,4,Scheduled,2,2026-06-16 10:00:00,2026-06-16 15:27:36
5587,166,9,Confirmed,10,2026-04-01 07:00:00,2026-04-01 15:24:00
5588,264,8,Confirmed,7,2026-04-07 08:00:00,2026-04-07 13:36:36
5589,65,2,Completed,4,2026-04-22 06:00:00,2026-04-22 10:35:24
5590,218,7,Completed,2,2026-05-14 10:00:00,2026-05-14 15:42:36
5591,16,5,Scheduled,10,2026-04-18 07:00:00,2026-04-18 10:11:24
5592,111,10,Completed,9,2026-04-09 07:00:00,2026-04-09 13:22:12
5593,26,1,Completed,9,2026-05-29 06:00:00,2026-05-29 15:25:12
5594,205,4,Confirmed,9,2026-05-19 06:00:00,2026-05-19 11:14:24
5595,179,7,Completed,1,2026-06-22 06:00:00,2026-06-22 09:13:12
5596,160,4,Confirmed,7,2026-04-21 07:00:00,2026-04-21 12:33:00
5597,83,10,Scheduled,6,2026-06-18 06:00:00,2026-06-18 11:55:48
5598,23,10,Scheduled,10,2026-05-05 07:00:00,2026-05-05 15:04:12
5599,44,2,Scheduled,10,2026-04-23 09:00:00,2026-04-23 16:32:24
5600,6,4,Completed,7,2026-06-26 08:00:00,2026-06-26 12:52:48
5601,30,3,Completed,3,2026-06-20 08:00:00,2026-06-20 12:23:24
5602,183,8,Completed,7,2026-06-06 08:00:00,2026-06-06 13:24:36
5603,61,1,Confirmed,2,2026-04-17 09:00:00,2026-04-17 13:52:48
5604,66,1,Confirmed,4,2026-05-09 09:00:00,2026-05-09 14:49:12
5605,32,1,Confirmed,4,2026-05-12 06:00:00,2026-05-12 10:28:12
5606,204,5,Completed,5,2026-06-08 08:00:00,2026-06-08 15:28:48
5607,90,2,Scheduled,7,2026-04-21 10:00:00,2026-04-21 13:12:00
5608,166,10,Completed,8,2026-05-26 09:00:00,2026-05-26 18:32:24
5609,273,10,Completed,10,2026-06-12 06:00:00,2026-06-12 11:01:12
5610,4,2,Completed,1,2026-04-18 06:00:00,2026-04-18 13:27:00
5611,174,7,Scheduled,6,2026-06-13 06:00:00,2026-06-13 12:38:24
5612,65,9,Completed,8,2026-06-11 06:00:00,2026-06-11 15:33:36
5613,180,1,Completed,7,2026-06-05 09:00:00,2026-06-05 18:04:12
5614,51,4,Confirmed,5,2026-06-18 07:00:00,2026-06-18 10:29:24
5615,296,4,Scheduled,2,2026-04-25 06:00:00,2026-04-25 10:07:48
5616,92,1,Completed,9,2026-06-16 09:00:00,2026-06-16 16:25:12
5617,161,3,Confirmed,10,2026-06-12 10:00:00,2026-06-12 17:51:00
5618,130,3,Confirmed,1,2026-06-06 10:00:00,2026-06-06 16:32:24
5619,164,8,Confirmed,10,2026-05-19 08:00:00,2026-05-19 14:59:24
5620,204,4,Scheduled,6,2026-05-02 10:00:00,2026-05-02 16:20:24
5621,78,4,Confirmed,2,2026-06-20 09:00:00,2026-06-20 14:59:24
5622,40,9,Confirmed,1,2026-06-18 09:00:00,2026-06-18 15:42:00
5623,26,3,Scheduled,7,2026-06-26 10:00:00,2026-06-26 16:01:12
5624,14,4,Completed,9,2026-06-08 06:00:00,2026-06-08 10:56:24
5625,271,5,Scheduled,4,2026-05-09 09:00:00,2026-05-09 13:33:00
5626,241,3,Completed,6,2026-04-16 09:00:00,2026-04-16 12:51:36
5627,256,8,Completed,4,2026-06-22 06:00:00,2026-06-22 14:01:48
5628,68,8,Completed,2,2026-04-20 07:00:00,2026-04-20 11:24:00
5629,75,1,Scheduled,3,2026-06-05 06:00:00,2026-06-05 09:25:48
5630,284,6,Scheduled,5,2026-04-26 06:00:00,2026-04-26 15:12:36
5631,226,10,Confirmed,1,2026-04-28 06:00:00,2026-04-28 12:24:36
5632,122,10,Confirmed,5,2026-04-11 10:00:00,2026-04-11 19:35:24
5633,70,10,Scheduled,5,2026-04-21 10:00:00,2026-04-21 17:33:36
5634,267,6,Scheduled,7,2026-06-25 08:00:00,2026-06-25 14:07:12
5635,225,2,Scheduled,10,2026-06-06 07:00:00,2026-06-06 14:41:24
5636,289,10,Scheduled,8,2026-05-10 10:00:00,2026-05-10 16:38:24
5637,288,4,Scheduled,8,2026-04-27 10:00:00,2026-04-27 15:44:24
5638,184,8,Confirmed,3,2026-05-19 08:00:00,2026-05-19 12:55:48
5639,248,9,Completed,4,2026-06-18 06:00:00,2026-06-18 11:03:00
5640,88,6,Scheduled,4,2026-04-25 08:00:00,2026-04-25 15:14:24
5641,139,8,Scheduled,9,2026-06-24 08:00:00,2026-06-24 12:16:48
5642,288,6,Completed,6,2026-04-10 06:00:00,2026-04-10 11:22:12
5643,62,1,Scheduled,3,2026-04-24 10:00:00,2026-04-24 18:47:24
5644,290,7,Scheduled,9,2026-06-24 08:00:00,2026-06-24 14:23:24
5645,67,7,Scheduled,1,2026-04-13 08:00:00,2026-04-13 11:37:48
5646,156,2,Completed,2,2026-05-03 06:00:00,2026-05-03 10:38:24
5647,177,1,Scheduled,10,2026-04-15 09:00:00,2026-04-15 13:36:36
5648,16,2,Scheduled,6,2026-04-30 09:00:00,2026-04-30 15:10:12
5649,123,9,Completed,6,2026-06-16 06:00:00,2026-06-16 13:42:36
5650,76,10,Confirmed,7,2026-04-25 07:00:00,2026-04-25 13:33:00
5651,226,4,Completed,6,2026-04-30 07:00:00,2026-04-30 12:38:24
5652,198,4,Scheduled,4,2026-06-08 10:00:00,2026-06-08 14:46:48
5653,188,4,Scheduled,3,2026-05-10 07:00:00,2026-05-10 13:00:00
5654,232,9,Scheduled,7,2026-06-17 10:00:00,2026-06-17 14:41:24
5655,220,10,Scheduled,1,2026-04-26 10:00:00,2026-04-26 15:33:36
5656,249,9,Confirmed,1,2026-06-28 09:00:00,2026-06-28 12:30:00
5657,168,7,Completed,10,2026-05-23 07:00:00,2026-05-23 16:07:48
5658,134,9,Scheduled,10,2026-04-30 09:00:00,2026-04-30 13:43:12
5659,81,4,Confirmed,1,2026-05-10 09:00:00,2026-05-10 17:15:36
5660,297,2,Confirmed,9,2026-04-21 09:00:00,2026-04-21 15:17:24
5661,124,6,Scheduled,5,2026-05-10 06:00:00,2026-05-10 10:12:00
5662,74,1,Scheduled,8,2026-05-12 09:00:00,2026-05-12 18:25:12
5663,129,10,Scheduled,10,2026-04-16 07:00:00,2026-04-16 15:43:12
5664,153,5,Confirmed,3,2026-06-29 10:00:00,2026-06-29 18:29:24
5665,75,2,Scheduled,8,2026-05-07 10:00:00,2026-05-07 13:01:48
5666,2,10,Confirmed,8,2026-04-11 10:00:00,2026-04-11 15:45:36
5667,274,9,Confirmed,10,2026-05-22 07:00:00,2026-05-22 11:27:36
5668,118,5,Scheduled,6,2026-06-24 08:00:00,2026-06-24 13:09:00
5669,269,1,Completed,2,2026-04-08 07:00:00,2026-04-08 13:16:48
5670,255,5,Confirmed,8,2026-04-19 06:00:00,2026-04-19 12:04:12
5671,65,10,Confirmed,4,2026-04-16 10:00:00,2026-04-16 18:21:36
5672,107,2,Confirmed,2,2026-04-01 09:00:00,2026-04-01 15:10:12
5673,225,5,Completed,8,2026-06-06 07:00:00,2026-06-06 11:38:24
5674,208,5,Completed,4,2026-05-21 06:00:00,2026-05-21 11:57:00
5675,238,5,Completed,9,2026-06-21 07:00:00,2026-06-21 11:06:00
5676,246,3,Scheduled,6,2026-06-19 06:00:00,2026-06-19 11:51:00
5677,114,8,Completed,2,2026-05-10 08:00:00,2026-05-10 14:12:36
5678,178,7,Completed,2,2026-06-18 08:00:00,2026-06-18 15:10:48
5679,266,5,Scheduled,2,2026-04-18 08:00:00,2026-04-18 11:25:48
5680,8,8,Confirmed,1,2026-06-02 10:00:00,2026-06-02 15:59:24
5681,187,3,Scheduled,3,2026-06-28 07:00:00,2026-06-28 11:28:48
5682,1,7,Confirmed,5,2026-05-12 09:00:00,2026-05-12 17:48:36
5683,135,2,Confirmed,2,2026-05-25 10:00:00,2026-05-25 16:22:12
5684,1,5,Scheduled,5,2026-04-22 07:00:00,2026-04-22 11:34:48
5685,1,8,Confirmed,8,2026-05-13 08:00:00,2026-05-13 11:01:48
5686,121,1,Confirmed,9,2026-04-15 10:00:00,2026-04-15 17:09:00
5687,219,8,Completed,7,2026-04-19 08:00:00,2026-04-19 13:28:48
5688,223,2,Completed,9,2026-05-08 06:00:00,2026-05-08 09:37:48
5689,294,3,Completed,4,2026-04-12 06:00:00,2026-04-12 11:13:48
5690,3,9,Scheduled,3,2026-05-16 08:00:00,2026-05-16 15:41:24
5691,66,7,Scheduled,1,2026-04-26 08:00:00,2026-04-26 16:39:00
5692,175,9,Confirmed,2,2026-05-25 10:00:00,2026-05-25 14:28:12
5693,169,2,Scheduled,8,2026-05-29 08:00:00,2026-05-29 15:14:24
5694,123,2,Confirmed,3,2026-06-24 10:00:00,2026-06-24 16:28:48
5695,195,2,Scheduled,4,2026-04-05 06:00:00,2026-04-05 12:37:48
5696,164,9,Completed,4,2026-06-22 08:00:00,2026-06-22 17:15:36
5697,158,6,Scheduled,8,2026-05-28 06:00:00,2026-05-28 14:13:12
5698,57,2,Completed,4,2026-06-29 09:00:00,2026-06-29 14:12:36
5699,68,4,Scheduled,3,2026-06-01 10:00:00,2026-06-01 15:38:24
5700,241,7,Completed,10,2026-06-04 08:00:00,2026-06-04 15:24:00
5701,271,2,Completed,5,2026-04-14 09:00:00,2026-04-14 13:37:12
5702,85,3,Completed,6,2026-04-28 08:00:00,2026-04-28 16:24:36
5703,170,4,Completed,2,2026-06-24 08:00:00,2026-06-24 15:21:00
5704,23,3,Confirmed,9,2026-04-10 07:00:00,2026-04-10 10:04:12
5705,198,5,Scheduled,7,2026-05-03 07:00:00,2026-05-03 10:51:00
5706,90,2,Completed,5,2026-06-05 09:00:00,2026-06-05 14:40:48
5707,48,8,Scheduled,10,2026-06-11 06:00:00,2026-06-11 10:18:00
5708,83,4,Completed,8,2026-06-13 10:00:00,2026-06-13 19:08:24
5709,167,3,Completed,8,2026-04-22 09:00:00,2026-04-22 15:54:00
5710,178,10,Completed,10,2026-04-16 10:00:00,2026-04-16 16:07:48
5711,295,3,Confirmed,4,2026-04-25 07:00:00,2026-04-25 10:30:36
5712,104,3,Confirmed,2,2026-04-28 09:00:00,2026-04-28 14:39:36
5713,201,9,Confirmed,5,2026-05-05 08:00:00,2026-05-05 15:46:48
5714,65,9,Completed,3,2026-05-31 10:00:00,2026-05-31 16:14:24
5715,292,6,Scheduled,2,2026-04-27 07:00:00,2026-04-27 11:43:12
5716,231,5,Completed,10,2026-04-02 10:00:00,2026-04-02 17:18:00
5717,286,5,Completed,2,2026-04-09 09:00:00,2026-04-09 13:33:36
5718,129,3,Confirmed,1,2026-05-13 07:00:00,2026-05-13 16:33:00
5719,159,1,Completed,4,2026-05-15 09:00:00,2026-05-15 16:49:48
5720,17,9,Confirmed,4,2026-06-14 06:00:00,2026-06-14 14:22:48
5721,198,6,Confirmed,2,2026-04-15 07:00:00,2026-04-15 11:45:00
5722,207,4,Confirmed,10,2026-05-28 10:00:00,2026-05-28 17:28:48
5723,65,1,Completed,7,2026-04-12 09:00:00,2026-04-12 13:42:36
5724,86,3,Scheduled,1,2026-05-23 07:00:00,2026-05-23 12:01:12
5725,96,7,Scheduled,2,2026-05-11 08:00:00,2026-05-11 15:58:48
5726,75,10,Completed,2,2026-06-13 08:00:00,2026-06-13 16:12:36
5727,17,6,Completed,6,2026-04-08 06:00:00,2026-04-08 10:13:48
5728,239,5,Completed,9,2026-05-18 08:00:00,2026-05-18 13:04:12
5729,20,2,Scheduled,8,2026-06-21 08:00:00,2026-06-21 11:33:36
5730,127,5,Confirmed,8,2026-04-28 08:00:00,2026-04-28 15:03:36
5731,286,2,Scheduled,4,2026-04-26 08:00:00,2026-04-26 12:01:12
5732,188,2,Scheduled,4,2026-04-26 06:00:00,2026-04-26 11:46:12
5733,130,2,Scheduled,9,2026-06-28 09:00:00,2026-06-28 15:49:12
5734,284,2,Scheduled,9,2026-05-27 07:00:00,2026-05-27 10:48:36
5735,191,7,Scheduled,5,2026-05-04 06:00:00,2026-05-04 13:58:48
5736,78,7,Confirmed,7,2026-05-11 08:00:00,2026-05-11 15:23:24
5737,198,10,Completed,8,2026-04-27 08:00:00,2026-04-27 11:23:24
5738,268,8,Confirmed,6,2026-06-08 10:00:00,2026-06-08 16:03:00
5739,84,5,Confirmed,10,2026-06-25 07:00:00,2026-06-25 13:57:36
5740,85,1,Scheduled,2,2026-06-06 08:00:00,2026-06-06 16:52:12
5741,277,3,Completed,1,2026-05-17 07:00:00,2026-05-17 15:24:36
5742,34,2,Completed,10,2026-05-27 10:00:00,2026-05-27 17:44:24
5743,57,8,Scheduled,5,2026-05-14 09:00:00,2026-05-14 13:01:12
5744,153,1,Scheduled,8,2026-04-30 08:00:00,2026-04-30 13:50:24
5745,59,10,Scheduled,7,2026-04-11 10:00:00,2026-04-11 16:36:00
5746,92,2,Scheduled,8,2026-06-14 07:00:00,2026-06-14 11:01:12
5747,124,1,Completed,5,2026-04-14 10:00:00,2026-04-14 13:59:24
5748,195,10,Scheduled,8,2026-05-18 06:00:00,2026-05-18 12:30:00
5749,283,3,Confirmed,10,2026-06-02 06:00:00,2026-06-02 10:10:12
5750,102,8,Completed,10,2026-05-27 10:00:00,2026-05-27 13:47:24
5751,36,2,Scheduled,8,2026-05-14 07:00:00,2026-05-14 15:41:24
5752,49,4,Confirmed,9,2026-05-08 06:00:00,2026-05-08 13:13:12
5753,173,1,Scheduled,3,2026-05-09 07:00:00,2026-05-09 16:31:48
5754,145,8,Confirmed,6,2026-05-06 06:00:00,2026-05-06 13:45:36
5755,232,2,Confirmed,7,2026-04-09 06:00:00,2026-04-09 15:19:48
5756,234,10,Confirmed,9,2026-05-04 10:00:00,2026-05-04 13:19:48
5757,275,9,Scheduled,8,2026-06-24 08:00:00,2026-06-24 17:07:12
5758,45,3,Confirmed,4,2026-05-16 07:00:00,2026-05-16 11:15:00
5759,113,1,Scheduled,5,2026-04-25 06:00:00,2026-04-25 12:00:00
5760,291,6,Confirmed,6,2026-04-30 09:00:00,2026-04-30 13:02:24
5761,141,4,Completed,4,2026-05-08 09:00:00,2026-05-08 14:09:36
5762,198,10,Completed,6,2026-04-23 07:00:00,2026-04-23 10:06:36
5763,205,6,Confirmed,6,2026-05-22 07:00:00,2026-05-22 12:36:36
5764,74,3,Scheduled,8,2026-04-30 09:00:00,2026-04-30 16:34:48
5765,255,2,Completed,4,2026-05-18 07:00:00,2026-05-18 14:19:12
5766,295,5,Scheduled,7,2026-05-28 06:00:00,2026-05-28 13:02:24
5767,98,3,Scheduled,10,2026-04-25 07:00:00,2026-04-25 10:27:00
5768,37,3,Completed,10,2026-05-13 08:00:00,2026-05-13 12:32:24
5769,126,2,Completed,8,2026-05-09 08:00:00,2026-05-09 16:30:00
5770,11,3,Confirmed,6,2026-06-29 07:00:00,2026-06-29 12:51:00
5771,62,4,Completed,5,2026-04-14 10:00:00,2026-04-14 15:58:12
5772,172,7,Scheduled,5,2026-06-21 10:00:00,2026-06-21 18:31:48
5773,217,4,Scheduled,10,2026-05-21 10:00:00,2026-05-21 14:47:24
5774,109,6,Scheduled,6,2026-05-10 07:00:00,2026-05-10 12:28:48
5775,41,6,Completed,1,2026-05-07 09:00:00,2026-05-07 12:22:48
5776,107,10,Scheduled,3,2026-05-05 10:00:00,2026-05-05 13:32:24
5777,128,7,Completed,1,2026-06-09 09:00:00,2026-06-09 14:46:48
5778,3,9,Scheduled,4,2026-06-26 06:00:00,2026-06-26 10:31:12
5779,134,9,Confirmed,5,2026-06-05 07:00:00,2026-06-05 10:01:12
5780,163,9,Scheduled,3,2026-06-11 10:00:00,2026-06-11 17:55:12
5781,162,1,Scheduled,6,2026-06-27 07:00:00,2026-06-27 13:38:24
5782,203,8,Scheduled,2,2026-04-12 08:00:00,2026-04-12 13:07:12
5783,37,6,Confirmed,10,2026-05-23 09:00:00,2026-05-23 15:12:36
5784,170,2,Scheduled,8,2026-05-20 09:00:00,2026-05-20 14:10:48
5785,288,9,Confirmed,4,2026-06-06 06:00:00,2026-06-06 13:36:36
5786,117,10,Confirmed,4,2026-04-09 06:00:00,2026-04-09 12:58:48
5787,88,6,Completed,6,2026-04-28 06:00:00,2026-04-28 09:26:24
5788,273,8,Completed,10,2026-06-14 10:00:00,2026-06-14 18:09:36
5789,2,7,Completed,9,2026-04-15 09:00:00,2026-04-15 16:27:00
5790,151,8,Scheduled,5,2026-04-10 08:00:00,2026-04-10 11:06:36
5791,106,6,Scheduled,1,2026-04-12 09:00:00,2026-04-12 14:15:36
5792,73,3,Completed,5,2026-06-16 07:00:00,2026-06-16 10:46:48
5793,187,6,Confirmed,6,2026-04-17 08:00:00,2026-04-17 12:43:48
5794,76,7,Confirmed,6,2026-04-01 08:00:00,2026-04-01 11:02:24
5795,257,3,Completed,1,2026-05-15 08:00:00,2026-05-15 14:04:12
5796,294,5,Completed,10,2026-06-22 10:00:00,2026-06-22 15:07:12
5797,14,7,Scheduled,3,2026-06-24 07:00:00,2026-06-24 10:18:36
5798,6,9,Confirmed,6,2026-04-30 09:00:00,2026-04-30 15:45:00
5799,226,6,Completed,5,2026-06-18 08:00:00,2026-06-18 11:55:12
5800,37,6,Confirmed,10,2026-05-31 08:00:00,2026-05-31 11:23:24
5801,261,1,Confirmed,4,2026-04-14 10:00:00,2026-04-14 14:47:24
5802,7,7,Completed,1,2026-05-20 09:00:00,2026-05-20 13:04:48
5803,221,10,Completed,4,2026-06-27 07:00:00,2026-06-27 11:18:00
5804,39,10,Completed,10,2026-04-04 06:00:00,2026-04-04 13:04:48
5805,103,2,Completed,9,2026-06-22 09:00:00,2026-06-22 13:09:36
5806,281,4,Confirmed,3,2026-05-07 08:00:00,2026-05-07 14:05:24
5807,145,4,Scheduled,6,2026-06-07 06:00:00,2026-06-07 13:58:12
5808,87,5,Completed,6,2026-06-26 08:00:00,2026-06-26 11:54:00
5809,105,5,Confirmed,9,2026-05-22 10:00:00,2026-05-22 14:13:48
5810,41,5,Scheduled,5,2026-04-13 08:00:00,2026-04-13 12:50:24
5811,274,10,Confirmed,8,2026-05-31 08:00:00,2026-05-31 17:21:00
5812,293,7,Completed,2,2026-04-12 10:00:00,2026-04-12 14:42:00
5813,159,5,Completed,7,2026-04-16 10:00:00,2026-04-16 17:48:00
5814,80,1,Confirmed,1,2026-06-04 07:00:00,2026-06-04 12:39:36
5815,71,6,Scheduled,8,2026-04-13 09:00:00,2026-04-13 17:09:36
5816,186,2,Confirmed,2,2026-04-08 06:00:00,2026-04-08 14:16:12
5817,291,7,Completed,8,2026-06-01 06:00:00,2026-06-01 14:40:48
5818,245,10,Confirmed,2,2026-06-02 09:00:00,2026-06-02 14:52:12
5819,7,9,Completed,7,2026-05-29 09:00:00,2026-05-29 15:23:24
5820,127,8,Completed,8,2026-06-13 09:00:00,2026-06-13 16:12:36
5821,63,5,Confirmed,5,2026-04-12 07:00:00,2026-04-12 16:18:36
5822,98,1,Completed,10,2026-06-14 06:00:00,2026-06-14 11:32:24
5823,22,3,Completed,1,2026-05-18 07:00:00,2026-05-18 12:31:12
5824,177,9,Scheduled,7,2026-04-19 08:00:00,2026-04-19 15:45:00
5825,165,5,Scheduled,5,2026-06-18 10:00:00,2026-06-18 17:24:36
5826,118,6,Scheduled,8,2026-05-09 08:00:00,2026-05-09 12:02:24
5827,246,6,Scheduled,4,2026-04-30 06:00:00,2026-04-30 15:10:48
5828,98,4,Completed,8,2026-06-10 08:00:00,2026-06-10 13:25:12
5829,235,6,Confirmed,4,2026-06-04 10:00:00,2026-06-04 17:07:48
5830,223,3,Confirmed,7,2026-04-20 08:00:00,2026-04-20 13:34:48
5831,78,2,Completed,5,2026-05-03 06:00:00,2026-05-03 12:02:24
5832,7,6,Scheduled,8,2026-06-09 10:00:00,2026-06-09 14:43:48
5833,193,1,Confirmed,7,2026-04-20 10:00:00,2026-04-20 17:12:00
5834,181,9,Completed,3,2026-06-08 07:00:00,2026-06-08 13:45:00
5835,149,6,Completed,5,2026-04-12 06:00:00,2026-04-12 10:06:36
5836,143,3,Confirmed,10,2026-04-14 08:00:00,2026-04-14 15:19:12
5837,41,3,Scheduled,5,2026-06-20 07:00:00,2026-06-20 14:02:24
5838,147,8,Completed,3,2026-05-12 08:00:00,2026-05-12 13:29:24
5839,214,4,Confirmed,4,2026-05-24 08:00:00,2026-05-24 12:31:48
5840,207,4,Completed,9,2026-04-29 07:00:00,2026-04-29 13:00:36
5841,132,6,Scheduled,10,2026-05-30 10:00:00,2026-05-30 15:47:24
5842,6,6,Confirmed,5,2026-05-15 09:00:00,2026-05-15 15:19:12
5843,292,6,Confirmed,9,2026-04-26 09:00:00,2026-04-26 14:09:00
5844,83,3,Completed,8,2026-04-10 08:00:00,2026-04-10 15:17:24
5845,298,9,Scheduled,6,2026-06-12 08:00:00,2026-06-12 14:15:00
5846,246,6,Scheduled,4,2026-04-10 07:00:00,2026-04-10 13:38:24
5847,128,1,Completed,2,2026-04-11 10:00:00,2026-04-11 14:35:24
5848,83,7,Scheduled,10,2026-04-26 10:00:00,2026-04-26 15:37:12
5849,158,6,Scheduled,6,2026-04-21 10:00:00,2026-04-21 15:21:36
5850,43,1,Completed,4,2026-05-26 10:00:00,2026-05-26 17:00:00
5851,76,2,Scheduled,3,2026-05-03 06:00:00,2026-05-03 11:19:48
5852,257,8,Completed,5,2026-06-12 09:00:00,2026-06-12 15:09:00
5853,296,8,Confirmed,4,2026-05-24 09:00:00,2026-05-24 14:32:24
5854,251,6,Confirmed,3,2026-06-03 07:00:00,2026-06-03 13:39:00
5855,263,9,Completed,6,2026-06-27 09:00:00,2026-06-27 12:51:36
5856,227,2,Confirmed,9,2026-04-14 06:00:00,2026-04-14 14:40:12
5857,125,1,Completed,8,2026-05-03 10:00:00,2026-05-03 17:13:12
5858,21,4,Completed,6,2026-04-29 06:00:00,2026-04-29 12:05:24
5859,231,9,Scheduled,3,2026-05-11 09:00:00,2026-05-11 13:25:12
5860,185,6,Confirmed,10,2026-04-02 09:00:00,2026-04-02 13:06:36
5861,108,9,Completed,9,2026-04-05 07:00:00,2026-04-05 14:22:48
5862,207,2,Scheduled,4,2026-05-25 10:00:00,2026-05-25 16:15:36
5863,227,8,Completed,7,2026-06-18 10:00:00,2026-06-18 13:51:00
5864,173,7,Confirmed,1,2026-05-27 09:00:00,2026-05-27 13:46:12
5865,263,1,Confirmed,1,2026-06-20 09:00:00,2026-06-20 12:37:48
5866,28,10,Completed,2,2026-05-06 07:00:00,2026-05-06 13:44:24
5867,247,3,Scheduled,5,2026-05-19 08:00:00,2026-05-19 12:13:12
5868,88,3,Confirmed,8,2026-06-19 08:00:00,2026-06-19 12:36:36
5869,92,9,Completed,2,2026-04-19 09:00:00,2026-04-19 15:07:12
5870,125,9,Completed,2,2026-06-22 10:00:00,2026-06-22 16:33:36
5871,139,9,Scheduled,7,2026-06-06 08:00:00,2026-06-06 12:12:36
5872,6,5,Confirmed,3,2026-04-15 09:00:00,2026-04-15 13:32:24
5873,255,10,Completed,7,2026-04-23 09:00:00,2026-04-23 18:22:12
5874,243,4,Confirmed,8,2026-04-13 06:00:00,2026-04-13 15:28:12
5875,216,8,Completed,8,2026-06-02 10:00:00,2026-06-02 17:07:48
5876,59,2,Scheduled,6,2026-04-11 06:00:00,2026-04-11 13:07:12
5877,64,2,Completed,2,2026-05-07 10:00:00,2026-05-07 16:04:48
5878,290,3,Confirmed,5,2026-05-19 08:00:00,2026-05-19 11:56:24
5879,222,1,Completed,9,2026-06-14 07:00:00,2026-06-14 12:29:24
5880,128,7,Confirmed,1,2026-06-03 07:00:00,2026-06-03 13:11:24
5881,13,2,Confirmed,2,2026-04-19 09:00:00,2026-04-19 12:04:48
5882,260,3,Scheduled,9,2026-05-31 06:00:00,2026-05-31 10:36:00
5883,25,1,Scheduled,1,2026-04-06 09:00:00,2026-04-06 13:09:36
5884,108,3,Completed,6,2026-06-22 08:00:00,2026-06-22 12:03:00
5885,100,1,Confirmed,2,2026-06-13 09:00:00,2026-06-13 15:41:24
5886,76,7,Completed,3,2026-04-17 06:00:00,2026-04-17 13:31:12
5887,216,9,Scheduled,6,2026-05-06 06:00:00,2026-05-06 11:39:36
5888,13,4,Scheduled,5,2026-04-17 07:00:00,2026-04-17 11:22:12
5889,58,1,Completed,2,2026-06-06 10:00:00,2026-06-06 13:23:24
5890,84,3,Scheduled,9,2026-06-12 06:00:00,2026-06-12 12:52:12
5891,224,9,Completed,8,2026-05-30 09:00:00,2026-05-30 15:58:48
5892,154,3,Confirmed,10,2026-05-25 10:00:00,2026-05-25 14:05:24
5893,271,5,Completed,6,2026-04-13 09:00:00,2026-04-13 15:05:24
5894,18,4,Completed,7,2026-04-17 09:00:00,2026-04-17 13:22:48
5895,270,3,Confirmed,9,2026-06-07 06:00:00,2026-06-07 10:39:00
5896,9,7,Scheduled,3,2026-06-10 06:00:00,2026-06-10 10:10:12
5897,165,10,Scheduled,5,2026-06-17 10:00:00,2026-06-17 18:47:24
5898,77,9,Scheduled,5,2026-05-17 09:00:00,2026-05-17 14:07:48
5899,229,5,Confirmed,5,2026-06-04 10:00:00,2026-06-04 15:42:00
5900,136,9,Completed,6,2026-06-14 10:00:00,2026-06-14 15:18:36
5901,16,3,Confirmed,2,2026-05-05 06:00:00,2026-05-05 09:12:00
5902,127,6,Scheduled,2,2026-04-30 08:00:00,2026-04-30 12:05:24
5903,251,2,Completed,9,2026-06-29 09:00:00,2026-06-29 16:21:00
5904,242,10,Confirmed,7,2026-06-26 10:00:00,2026-06-26 16:04:48
5905,286,7,Confirmed,8,2026-06-21 10:00:00,2026-06-21 17:16:12
5906,270,9,Scheduled,5,2026-06-02 06:00:00,2026-06-02 15:15:00
5907,237,8,Confirmed,8,2026-04-07 09:00:00,2026-04-07 14:17:24
5908,166,1,Confirmed,3,2026-04-20 06:00:00,2026-04-20 13:09:00
5909,54,3,Completed,7,2026-05-23 09:00:00,2026-05-23 12:50:24
5910,191,4,Confirmed,10,2026-05-02 06:00:00,2026-05-02 13:29:24
5911,37,6,Confirmed,1,2026-04-20 07:00:00,2026-04-20 12:49:12
5912,169,4,Completed,8,2026-05-24 08:00:00,2026-05-24 14:04:12
5913,105,6,Completed,5,2026-06-29 10:00:00,2026-06-29 17:50:24
5914,59,2,Completed,8,2026-04-30 08:00:00,2026-04-30 14:23:24
5915,25,7,Completed,10,2026-04-29 06:00:00,2026-04-29 11:34:12
5916,11,5,Scheduled,10,2026-06-05 06:00:00,2026-06-05 09:33:36
5917,233,1,Scheduled,9,2026-04-12 09:00:00,2026-04-12 15:21:00
5918,232,8,Confirmed,5,2026-06-26 09:00:00,2026-06-26 16:25:12
5919,64,2,Scheduled,8,2026-06-12 10:00:00,2026-06-12 15:51:00
5920,282,2,Scheduled,10,2026-04-02 09:00:00,2026-04-02 12:51:00
5921,180,2,Confirmed,4,2026-04-16 09:00:00,2026-04-16 14:31:12
5922,73,3,Scheduled,7,2026-06-19 07:00:00,2026-06-19 13:07:48
5923,209,8,Confirmed,10,2026-04-22 07:00:00,2026-04-22 12:36:00
5924,300,1,Scheduled,3,2026-06-06 07:00:00,2026-06-06 12:37:12
5925,132,5,Confirmed,7,2026-06-23 08:00:00,2026-06-23 13:15:36
5926,158,6,Scheduled,7,2026-05-23 09:00:00,2026-05-23 14:21:00
5927,207,3,Scheduled,3,2026-06-03 07:00:00,2026-06-03 10:28:48
5928,250,7,Confirmed,6,2026-06-23 09:00:00,2026-06-23 16:54:00
5929,222,4,Completed,5,2026-06-24 10:00:00,2026-06-24 14:53:24
5930,208,8,Completed,10,2026-05-11 06:00:00,2026-05-11 12:55:12
5931,119,5,Completed,6,2026-04-07 10:00:00,2026-04-07 15:56:24
5932,48,7,Completed,9,2026-04-24 07:00:00,2026-04-24 12:09:36
5933,262,3,Confirmed,2,2026-05-04 08:00:00,2026-05-04 13:50:24
5934,167,8,Completed,3,2026-04-03 06:00:00,2026-04-03 09:11:24
5935,256,10,Completed,6,2026-05-30 09:00:00,2026-05-30 16:04:12
5936,166,5,Scheduled,10,2026-06-26 07:00:00,2026-06-26 16:23:24
5937,97,10,Scheduled,6,2026-04-29 07:00:00,2026-04-29 16:17:24
5938,138,9,Completed,5,2026-04-17 10:00:00,2026-04-17 15:07:12
5939,251,8,Scheduled,6,2026-06-09 08:00:00,2026-06-09 12:05:24
5940,176,6,Scheduled,8,2026-04-28 08:00:00,2026-04-28 11:14:24
5941,63,10,Confirmed,3,2026-06-24 09:00:00,2026-06-24 14:26:24
5942,188,10,Confirmed,4,2026-06-07 06:00:00,2026-06-07 10:57:36
5943,258,4,Completed,9,2026-06-15 08:00:00,2026-06-15 15:54:00
5944,57,7,Confirmed,1,2026-06-07 10:00:00,2026-06-07 17:13:12
5945,88,2,Scheduled,9,2026-06-06 08:00:00,2026-06-06 12:38:24
5946,162,8,Completed,8,2026-04-29 09:00:00,2026-04-29 18:28:48
5947,71,4,Completed,5,2026-04-10 06:00:00,2026-04-10 13:51:36
5948,143,2,Confirmed,1,2026-04-22 06:00:00,2026-04-22 12:54:36
5949,262,2,Scheduled,10,2026-04-07 07:00:00,2026-04-07 12:40:12
5950,155,6,Completed,10,2026-05-28 10:00:00,2026-05-28 13:24:36
5951,269,9,Scheduled,10,2026-05-03 10:00:00,2026-05-03 17:01:48
5952,299,3,Completed,10,2026-04-13 10:00:00,2026-04-13 17:33:36
5953,25,3,Completed,2,2026-06-22 06:00:00,2026-06-22 10:01:48
5954,3,4,Completed,9,2026-06-06 06:00:00,2026-06-06 13:35:24
5955,140,1,Completed,6,2026-04-01 09:00:00,2026-04-01 14:16:48
5956,112,9,Scheduled,4,2026-05-05 06:00:00,2026-05-05 10:13:12
5957,103,10,Confirmed,6,2026-06-14 10:00:00,2026-06-14 16:39:36
5958,112,5,Scheduled,4,2026-06-29 10:00:00,2026-06-29 17:52:12
5959,107,3,Completed,9,2026-04-16 06:00:00,2026-04-16 10:07:12
5960,51,5,Completed,10,2026-04-07 06:00:00,2026-04-07 13:25:48
5961,180,2,Confirmed,1,2026-06-23 07:00:00,2026-06-23 14:37:12
5962,233,4,Completed,1,2026-04-16 07:00:00,2026-04-16 15:12:36
5963,287,9,Scheduled,7,2026-04-21 10:00:00,2026-04-21 14:04:48
5964,109,1,Completed,4,2026-04-24 10:00:00,2026-04-24 16:31:48
5965,98,5,Confirmed,10,2026-04-08 08:00:00,2026-04-08 11:04:12
5966,135,1,Scheduled,4,2026-06-08 10:00:00,2026-06-08 18:50:24
5967,128,2,Scheduled,8,2026-06-24 09:00:00,2026-06-24 14:31:12
5968,180,6,Confirmed,3,2026-06-19 08:00:00,2026-06-19 11:18:00
5969,223,2,Confirmed,4,2026-06-27 06:00:00,2026-06-27 13:07:48
5970,192,4,Confirmed,4,2026-04-18 06:00:00,2026-04-18 10:30:36
5971,103,2,Scheduled,10,2026-05-19 10:00:00,2026-05-19 16:37:12
5972,208,1,Confirmed,4,2026-05-08 09:00:00,2026-05-08 12:04:48
5973,10,7,Completed,10,2026-06-10 09:00:00,2026-06-10 13:43:48
5974,139,9,Completed,5,2026-04-07 08:00:00,2026-04-07 16:02:24
5975,74,10,Completed,5,2026-05-23 06:00:00,2026-05-23 12:07:48
5976,49,6,Scheduled,5,2026-05-25 10:00:00,2026-05-25 13:10:48
5977,5,1,Scheduled,10,2026-05-20 10:00:00,2026-05-20 15:03:36
5978,239,7,Completed,9,2026-04-23 07:00:00,2026-04-23 11:52:12
5979,72,6,Completed,8,2026-06-19 08:00:00,2026-06-19 12:32:24
5980,155,3,Confirmed,8,2026-06-26 08:00:00,2026-06-26 14:18:36
5981,89,4,Confirmed,10,2026-05-25 08:00:00,2026-05-25 15:01:48
5982,121,9,Completed,6,2026-04-08 08:00:00,2026-04-08 12:11:24
5983,186,8,Completed,1,2026-06-11 10:00:00,2026-06-11 15:16:12
5984,299,10,Completed,5,2026-06-06 07:00:00,2026-06-06 11:57:00
5985,122,9,Completed,6,2026-04-21 09:00:00,2026-04-21 15:08:24
5986,143,5,Scheduled,4,2026-06-23 08:00:00,2026-06-23 11:22:48
5987,209,10,Confirmed,10,2026-04-02 10:00:00,2026-04-02 16:39:00
5988,153,3,Confirmed,10,2026-04-16 09:00:00,2026-04-16 15:49:12
5989,196,5,Scheduled,8,2026-04-18 07:00:00,2026-04-18 14:10:48
5990,220,5,Scheduled,2,2026-06-04 07:00:00,2026-06-04 11:07:12
5991,238,10,Confirmed,10,2026-05-10 10:00:00,2026-05-10 13:33:36
5992,243,7,Completed,3,2026-05-06 07:00:00,2026-05-06 10:13:12
5993,119,9,Confirmed,9,2026-05-06 06:00:00,2026-05-06 13:28:12
5994,104,2,Scheduled,5,2026-04-17 07:00:00,2026-04-17 11:40:12
5995,28,3,Completed,9,2026-06-01 09:00:00,2026-06-01 13:33:00
5996,158,8,Confirmed,8,2026-06-24 07:00:00,2026-06-24 11:03:00
5997,129,9,Confirmed,3,2026-06-14 07:00:00,2026-06-14 10:15:00
5998,127,6,Confirmed,7,2026-06-24 06:00:00,2026-06-24 12:50:24
5999,18,2,Confirmed,1,2026-04-18 09:00:00,2026-04-18 16:28:12
6000,246,8,Completed,6,2026-05-27 07:00:00,2026-05-27 13:12:36
6001,13,7,Scheduled,6,2026-05-23 07:00:00,2026-05-23 10:57:36
6002,166,1,Completed,4,2026-05-26 06:00:00,2026-05-26 10:19:12
6003,145,2,Scheduled,8,2026-04-08 10:00:00,2026-04-08 17:41:24
6004,28,10,Completed,5,2026-06-15 08:00:00,2026-06-15 12:16:12
6005,207,10,Scheduled,7,2026-04-13 08:00:00,2026-04-13 15:36:00
6006,128,9,Scheduled,9,2026-05-25 08:00:00,2026-05-25 12:19:48
6007,5,6,Completed,5,2026-05-08 07:00:00,2026-05-08 11:36:00
6008,205,10,Completed,9,2026-06-26 08:00:00,2026-06-26 13:27:36
6009,197,7,Completed,4,2026-04-01 07:00:00,2026-04-01 11:42:36
6010,78,3,Confirmed,8,2026-04-28 07:00:00,2026-04-28 15:35:24
6011,167,6,Confirmed,6,2026-04-14 09:00:00,2026-04-14 15:32:24
6012,223,4,Scheduled,6,2026-04-29 09:00:00,2026-04-29 16:32:24
6013,300,4,Confirmed,8,2026-05-09 06:00:00,2026-05-09 10:09:00
6014,238,2,Confirmed,10,2026-05-24 10:00:00,2026-05-24 15:03:36
6015,72,6,Confirmed,8,2026-05-21 09:00:00,2026-05-21 15:43:12
6016,64,5,Scheduled,6,2026-04-12 08:00:00,2026-04-12 11:43:12
6017,135,4,Scheduled,1,2026-06-07 09:00:00,2026-06-07 16:49:12
6018,218,7,Completed,9,2026-05-31 08:00:00,2026-05-31 14:27:00
6019,141,4,Scheduled,3,2026-04-04 10:00:00,2026-04-04 15:52:12
6020,82,2,Confirmed,7,2026-06-21 08:00:00,2026-06-21 12:04:48
6021,94,1,Scheduled,5,2026-05-20 10:00:00,2026-05-20 16:39:36
6022,152,8,Completed,3,2026-05-07 09:00:00,2026-05-07 17:21:00
6023,215,3,Scheduled,3,2026-05-28 10:00:00,2026-05-28 17:34:48
6024,57,8,Confirmed,5,2026-05-31 06:00:00,2026-05-31 10:19:12
6025,76,6,Confirmed,5,2026-05-25 09:00:00,2026-05-25 13:22:48
6026,195,4,Completed,8,2026-04-16 09:00:00,2026-04-16 15:30:36
6027,182,3,Completed,10,2026-06-12 06:00:00,2026-06-12 09:51:36
6028,69,6,Scheduled,9,2026-05-13 10:00:00,2026-05-13 14:40:12
6029,180,1,Completed,4,2026-06-16 10:00:00,2026-06-16 17:15:00
6030,156,8,Confirmed,5,2026-05-04 10:00:00,2026-05-04 18:09:00
6031,5,6,Scheduled,8,2026-05-21 06:00:00,2026-05-21 14:48:00
6032,228,1,Scheduled,5,2026-04-18 09:00:00,2026-04-18 12:28:12
6033,30,5,Confirmed,7,2026-04-28 10:00:00,2026-04-28 18:41:24
6034,94,2,Confirmed,5,2026-04-17 07:00:00,2026-04-17 13:25:12
6035,157,7,Scheduled,4,2026-06-09 10:00:00,2026-06-09 17:15:00
6036,233,2,Confirmed,10,2026-05-04 08:00:00,2026-05-04 12:35:24
6037,223,5,Scheduled,7,2026-05-15 09:00:00,2026-05-15 16:46:12
6038,195,9,Completed,5,2026-04-16 09:00:00,2026-04-16 13:28:48
6039,98,7,Confirmed,3,2026-05-19 06:00:00,2026-05-19 12:36:00
6040,2,5,Completed,5,2026-06-26 10:00:00,2026-06-26 14:18:00
6041,104,1,Completed,6,2026-05-04 09:00:00,2026-05-04 18:34:12
6042,184,1,Scheduled,2,2026-06-03 10:00:00,2026-06-03 15:46:48
6043,282,9,Scheduled,7,2026-05-15 08:00:00,2026-05-15 14:28:12
6044,71,4,Scheduled,1,2026-06-02 06:00:00,2026-06-02 11:07:48
6045,59,6,Scheduled,8,2026-05-23 10:00:00,2026-05-23 14:42:36
6046,30,4,Completed,1,2026-06-21 08:00:00,2026-06-21 14:17:24
6047,170,8,Completed,3,2026-04-09 08:00:00,2026-04-09 13:48:36
6048,135,6,Confirmed,9,2026-04-08 09:00:00,2026-04-08 15:27:36
6049,179,7,Confirmed,9,2026-05-26 06:00:00,2026-05-26 10:46:12
6050,13,2,Scheduled,10,2026-05-26 08:00:00,2026-05-26 14:22:48
6051,269,9,Completed,7,2026-06-04 10:00:00,2026-06-04 15:40:12
6052,238,3,Scheduled,9,2026-06-18 06:00:00,2026-06-18 13:12:00
6053,212,8,Confirmed,2,2026-06-06 09:00:00,2026-06-06 17:08:24
6054,203,6,Completed,1,2026-04-03 09:00:00,2026-04-03 15:04:48
6055,246,5,Scheduled,10,2026-05-08 10:00:00,2026-05-08 13:40:12
6056,246,7,Confirmed,9,2026-05-25 10:00:00,2026-05-25 13:01:12
6057,171,10,Confirmed,8,2026-06-02 07:00:00,2026-06-02 12:42:00
6058,108,9,Completed,5,2026-04-06 09:00:00,2026-04-06 18:20:24
6059,145,3,Completed,7,2026-05-11 10:00:00,2026-05-11 14:28:48
6060,44,10,Confirmed,4,2026-05-20 07:00:00,2026-05-20 12:54:36
6061,235,3,Completed,10,2026-05-09 10:00:00,2026-05-09 15:01:12
6062,166,3,Confirmed,2,2026-06-22 10:00:00,2026-06-22 16:23:24
6063,214,8,Confirmed,6,2026-06-07 08:00:00,2026-06-07 13:09:00
6064,185,7,Completed,9,2026-06-07 07:00:00,2026-06-07 13:42:00
6065,122,9,Confirmed,7,2026-06-21 09:00:00,2026-06-21 15:14:24
6066,171,10,Scheduled,6,2026-04-03 06:00:00,2026-04-03 11:05:24
6067,251,2,Confirmed,4,2026-04-13 09:00:00,2026-04-13 12:39:36
6068,33,5,Scheduled,10,2026-05-15 06:00:00,2026-05-15 14:43:12
6069,72,2,Completed,4,2026-06-16 07:00:00,2026-06-16 11:38:24
6070,291,4,Scheduled,1,2026-05-21 09:00:00,2026-05-21 13:25:12
6071,164,10,Scheduled,3,2026-04-18 07:00:00,2026-04-18 12:38:24
6072,17,2,Completed,5,2026-05-03 06:00:00,2026-05-03 09:50:24
6073,268,2,Scheduled,9,2026-04-03 07:00:00,2026-04-03 11:27:00
6074,171,2,Completed,5,2026-06-25 08:00:00,2026-06-25 14:30:36
6075,200,8,Scheduled,7,2026-05-20 07:00:00,2026-05-20 14:31:48
6076,198,1,Completed,4,2026-04-14 08:00:00,2026-04-14 16:47:24
6077,119,4,Scheduled,8,2026-04-14 08:00:00,2026-04-14 16:35:24
6078,55,3,Scheduled,8,2026-04-10 08:00:00,2026-04-10 12:23:24
6079,43,4,Completed,2,2026-05-08 06:00:00,2026-05-08 13:36:36
6080,155,3,Completed,1,2026-04-27 07:00:00,2026-04-27 11:46:48
6081,118,8,Confirmed,4,2026-06-25 09:00:00,2026-06-25 13:18:36
6082,76,6,Confirmed,9,2026-04-19 08:00:00,2026-04-19 15:16:48
6083,272,1,Scheduled,9,2026-05-20 09:00:00,2026-05-20 17:23:24
6084,17,9,Completed,3,2026-04-24 07:00:00,2026-04-24 13:46:12
6085,255,2,Scheduled,1,2026-05-01 08:00:00,2026-05-01 15:11:24
6086,123,9,Scheduled,3,2026-06-16 07:00:00,2026-06-16 12:52:12
6087,278,8,Completed,2,2026-04-12 08:00:00,2026-04-12 12:23:24
6088,187,7,Scheduled,8,2026-06-12 10:00:00,2026-06-12 17:12:36
6089,122,1,Scheduled,6,2026-04-03 08:00:00,2026-04-03 12:09:36
6090,141,1,Completed,1,2026-06-14 08:00:00,2026-06-14 15:31:12
6091,89,3,Confirmed,4,2026-04-17 09:00:00,2026-04-17 16:16:48
6092,188,2,Confirmed,1,2026-05-15 09:00:00,2026-05-15 13:06:36
6093,133,8,Confirmed,1,2026-04-11 10:00:00,2026-04-11 15:15:00
6094,113,7,Confirmed,9,2026-04-17 06:00:00,2026-04-17 09:19:48
6095,4,1,Confirmed,8,2026-06-28 09:00:00,2026-06-28 14:55:12
6096,286,9,Scheduled,6,2026-05-22 09:00:00,2026-05-22 13:22:12
6097,247,5,Completed,3,2026-04-25 07:00:00,2026-04-25 13:34:12
6098,208,8,Completed,10,2026-05-24 09:00:00,2026-05-24 15:16:12
6099,169,9,Confirmed,10,2026-06-26 06:00:00,2026-06-26 10:31:12
6100,140,1,Confirmed,5,2026-05-09 07:00:00,2026-05-09 12:39:00
6101,209,4,Completed,7,2026-05-18 09:00:00,2026-05-18 15:09:00
6102,288,4,Confirmed,1,2026-04-23 07:00:00,2026-04-23 15:37:48
6103,190,5,Completed,3,2026-05-05 07:00:00,2026-05-05 13:02:24
6104,136,8,Confirmed,2,2026-05-14 07:00:00,2026-05-14 13:06:00
6105,264,2,Scheduled,7,2026-06-16 06:00:00,2026-06-16 12:19:48
6106,50,3,Confirmed,1,2026-05-02 07:00:00,2026-05-02 12:32:24
6107,169,2,Completed,3,2026-04-11 09:00:00,2026-04-11 15:31:48
6108,16,3,Scheduled,9,2026-05-22 09:00:00,2026-05-22 15:00:00
6109,108,2,Scheduled,3,2026-04-25 09:00:00,2026-04-25 15:40:12
6110,154,2,Confirmed,3,2026-04-17 06:00:00,2026-04-17 13:09:36
6111,270,1,Scheduled,7,2026-04-26 09:00:00,2026-04-26 16:02:24
6112,261,6,Confirmed,7,2026-05-16 09:00:00,2026-05-16 14:21:36
6113,62,9,Scheduled,7,2026-04-08 07:00:00,2026-04-08 13:45:00
6114,33,4,Completed,10,2026-05-28 10:00:00,2026-05-28 14:07:12
6115,245,9,Scheduled,2,2026-04-26 10:00:00,2026-04-26 13:12:00
6116,98,3,Confirmed,1,2026-05-19 09:00:00,2026-05-19 18:24:36
6117,256,5,Confirmed,3,2026-04-23 10:00:00,2026-04-23 14:14:24
6118,241,7,Completed,2,2026-05-07 06:00:00,2026-05-07 11:56:24
6119,33,9,Scheduled,8,2026-05-15 09:00:00,2026-05-15 15:30:00
6120,218,1,Confirmed,2,2026-06-14 09:00:00,2026-06-14 14:13:48
6121,42,9,Scheduled,10,2026-04-30 06:00:00,2026-04-30 09:15:00
6122,146,4,Confirmed,10,2026-04-27 06:00:00,2026-04-27 12:15:00
6123,60,10,Confirmed,9,2026-04-14 07:00:00,2026-04-14 16:11:24
6124,197,4,Scheduled,9,2026-05-15 10:00:00,2026-05-15 18:06:36
6125,132,8,Confirmed,9,2026-05-28 09:00:00,2026-05-28 14:07:12
6126,184,3,Completed,1,2026-06-19 06:00:00,2026-06-19 11:07:12
6127,61,8,Confirmed,10,2026-06-10 06:00:00,2026-06-10 11:09:36
6128,113,4,Scheduled,1,2026-06-22 07:00:00,2026-06-22 13:39:36
6129,141,5,Scheduled,8,2026-05-02 07:00:00,2026-05-02 13:39:00
6130,10,8,Completed,2,2026-04-14 10:00:00,2026-04-14 14:21:00
6131,160,8,Confirmed,9,2026-06-04 06:00:00,2026-06-04 13:13:12
6132,195,8,Scheduled,6,2026-06-24 09:00:00,2026-06-24 14:41:24
6133,285,8,Scheduled,4,2026-04-23 06:00:00,2026-04-23 13:15:36
6134,180,5,Scheduled,8,2026-05-17 07:00:00,2026-05-17 16:13:48
6135,119,3,Confirmed,8,2026-06-25 07:00:00,2026-06-25 13:56:24
6136,94,6,Scheduled,7,2026-05-25 09:00:00,2026-05-25 12:11:24
6137,76,1,Confirmed,6,2026-06-06 08:00:00,2026-06-06 11:14:24
6138,115,6,Confirmed,1,2026-05-29 08:00:00,2026-05-29 12:22:48
6139,189,9,Scheduled,1,2026-04-14 08:00:00,2026-04-14 11:36:36
6140,196,4,Completed,1,2026-06-07 10:00:00,2026-06-07 16:05:24
6141,83,7,Scheduled,8,2026-06-08 10:00:00,2026-06-08 14:38:24
6142,262,4,Confirmed,4,2026-05-26 08:00:00,2026-05-26 15:09:36
6143,287,5,Completed,9,2026-04-22 09:00:00,2026-04-22 15:45:36
6144,241,8,Completed,6,2026-06-29 08:00:00,2026-06-29 12:02:24
6145,262,3,Scheduled,1,2026-06-18 09:00:00,2026-06-18 13:10:12
6146,56,6,Confirmed,3,2026-04-11 07:00:00,2026-04-11 12:27:36
6147,89,9,Scheduled,7,2026-06-28 08:00:00,2026-06-28 11:01:12
6148,291,8,Completed,2,2026-06-12 08:00:00,2026-06-12 14:25:48
6149,212,2,Scheduled,7,2026-05-02 09:00:00,2026-05-02 17:52:48
6150,102,7,Confirmed,5,2026-06-22 09:00:00,2026-06-22 16:05:24
6151,37,8,Scheduled,1,2026-05-24 07:00:00,2026-05-24 16:03:36
6152,241,5,Scheduled,6,2026-06-21 10:00:00,2026-06-21 15:00:00
6153,251,7,Confirmed,6,2026-06-17 09:00:00,2026-06-17 13:20:24
6154,87,6,Scheduled,5,2026-05-17 07:00:00,2026-05-17 12:19:12
6155,231,10,Scheduled,7,2026-04-17 06:00:00,2026-04-17 12:01:12
6156,158,2,Completed,7,2026-04-16 07:00:00,2026-04-16 11:37:48
6157,176,1,Confirmed,9,2026-06-29 09:00:00,2026-06-29 13:01:12
6158,297,7,Completed,6,2026-04-29 06:00:00,2026-04-29 12:56:24
6159,289,6,Confirmed,8,2026-05-24 09:00:00,2026-05-24 12:20:24
6160,32,3,Scheduled,8,2026-04-10 08:00:00,2026-04-10 13:09:36
6161,93,8,Scheduled,9,2026-06-16 07:00:00,2026-06-16 14:47:24
6162,262,10,Scheduled,4,2026-06-21 09:00:00,2026-06-21 16:54:36
6163,261,5,Completed,10,2026-04-24 10:00:00,2026-04-24 18:54:36
6164,76,7,Confirmed,3,2026-06-17 10:00:00,2026-06-17 19:15:00
6165,74,8,Completed,10,2026-05-19 09:00:00,2026-05-19 12:19:48
6166,153,1,Completed,1,2026-06-22 09:00:00,2026-06-22 12:11:24
6167,133,3,Completed,3,2026-04-05 09:00:00,2026-04-05 15:34:12
6168,186,2,Confirmed,8,2026-06-10 10:00:00,2026-06-10 14:28:12
6169,126,10,Scheduled,7,2026-05-20 08:00:00,2026-05-20 15:33:00
6170,158,6,Confirmed,10,2026-06-24 09:00:00,2026-06-24 14:33:00
6171,278,10,Confirmed,6,2026-04-27 09:00:00,2026-04-27 16:57:36
6172,118,8,Scheduled,10,2026-04-08 10:00:00,2026-04-08 15:04:48
6173,157,4,Scheduled,7,2026-05-23 07:00:00,2026-05-23 14:06:36
6174,38,10,Scheduled,3,2026-05-04 09:00:00,2026-05-04 17:39:00
6175,232,8,Completed,1,2026-04-19 06:00:00,2026-04-19 12:07:12
6176,299,9,Confirmed,5,2026-05-29 06:00:00,2026-05-29 11:00:00
6177,173,10,Scheduled,9,2026-04-20 08:00:00,2026-04-20 14:37:48
6178,248,7,Completed,8,2026-06-07 06:00:00,2026-06-07 13:42:00
6179,18,4,Completed,1,2026-04-22 08:00:00,2026-04-22 14:57:36
6180,193,8,Completed,3,2026-06-15 06:00:00,2026-06-15 14:32:24
6181,14,3,Confirmed,5,2026-04-08 10:00:00,2026-04-08 14:28:48
6182,201,6,Completed,3,2026-04-07 06:00:00,2026-04-07 12:05:24
6183,184,1,Completed,10,2026-05-17 09:00:00,2026-05-17 18:07:48
6184,37,4,Scheduled,5,2026-06-20 07:00:00,2026-06-20 12:39:36
6185,6,8,Scheduled,7,2026-06-05 10:00:00,2026-06-05 13:50:24
6186,211,5,Scheduled,10,2026-05-03 09:00:00,2026-05-03 14:05:24
6187,49,7,Completed,9,2026-05-19 06:00:00,2026-05-19 14:38:24
6188,68,6,Completed,5,2026-04-06 10:00:00,2026-04-06 14:39:36
6189,5,5,Completed,8,2026-05-10 10:00:00,2026-05-10 15:03:36
6190,27,1,Confirmed,10,2026-06-23 07:00:00,2026-06-23 13:28:48
6191,236,6,Confirmed,10,2026-04-11 10:00:00,2026-04-11 14:41:24
6192,212,9,Completed,3,2026-05-07 06:00:00,2026-05-07 12:42:00
6193,240,3,Confirmed,7,2026-04-16 08:00:00,2026-04-16 13:59:24
6194,154,7,Scheduled,1,2026-06-16 07:00:00,2026-06-16 11:36:36
6195,75,5,Scheduled,9,2026-05-02 10:00:00,2026-05-02 17:52:48
6196,59,10,Completed,3,2026-04-07 08:00:00,2026-04-07 11:30:00
6197,252,8,Scheduled,4,2026-06-16 07:00:00,2026-06-16 13:54:36
6198,228,2,Scheduled,2,2026-05-31 06:00:00,2026-05-31 09:44:24
6199,205,5,Scheduled,8,2026-05-31 09:00:00,2026-05-31 16:44:24
6200,58,9,Completed,10,2026-04-29 09:00:00,2026-04-29 12:06:00
6201,248,6,Completed,6,2026-06-28 09:00:00,2026-06-28 12:39:36
6202,203,8,Confirmed,10,2026-05-08 08:00:00,2026-05-08 15:48:36
6203,12,9,Confirmed,4,2026-06-23 09:00:00,2026-06-23 14:06:00
6204,298,7,Confirmed,9,2026-04-18 08:00:00,2026-04-18 12:21:36
6205,202,2,Completed,8,2026-04-23 10:00:00,2026-04-23 16:31:12
6206,190,6,Confirmed,9,2026-06-07 09:00:00,2026-06-07 13:52:12
6207,292,6,Completed,5,2026-05-31 10:00:00,2026-05-31 17:59:24
6208,110,9,Completed,4,2026-04-23 07:00:00,2026-04-23 13:04:12
6209,80,10,Completed,3,2026-06-15 06:00:00,2026-06-15 11:08:24
6210,99,9,Confirmed,4,2026-06-29 06:00:00,2026-06-29 13:55:12
6211,170,1,Confirmed,8,2026-04-21 06:00:00,2026-04-21 12:18:00
6212,172,4,Scheduled,1,2026-04-17 06:00:00,2026-04-17 09:55:48
6213,87,5,Confirmed,8,2026-05-19 09:00:00,2026-05-19 16:24:36
6214,117,1,Completed,5,2026-06-15 09:00:00,2026-06-15 18:04:12
6215,245,6,Completed,1,2026-06-28 08:00:00,2026-06-28 14:39:00
6216,243,5,Completed,3,2026-06-13 08:00:00,2026-06-13 16:26:24
6217,220,9,Scheduled,1,2026-04-25 08:00:00,2026-04-25 13:51:36
6218,95,10,Confirmed,4,2026-04-13 07:00:00,2026-04-13 11:41:24
6219,38,7,Scheduled,9,2026-04-22 08:00:00,2026-04-22 12:30:36
6220,109,2,Confirmed,8,2026-06-01 09:00:00,2026-06-01 15:17:24
6221,157,5,Confirmed,2,2026-04-27 06:00:00,2026-04-27 10:14:24
6222,50,8,Scheduled,9,2026-06-13 06:00:00,2026-06-13 10:22:12
6223,3,6,Scheduled,6,2026-05-03 08:00:00,2026-05-03 13:42:00
6224,75,1,Scheduled,3,2026-05-11 07:00:00,2026-05-11 14:49:12
6225,278,1,Scheduled,6,2026-05-13 09:00:00,2026-05-13 12:40:12
6226,136,8,Completed,1,2026-05-18 07:00:00,2026-05-18 11:31:48
6227,58,10,Scheduled,8,2026-04-29 08:00:00,2026-04-29 13:53:24
6228,281,2,Completed,2,2026-04-01 10:00:00,2026-04-01 15:15:00
6229,234,9,Confirmed,4,2026-04-09 09:00:00,2026-04-09 16:32:24
6230,203,3,Completed,6,2026-04-22 09:00:00,2026-04-22 13:21:36
6231,196,4,Completed,10,2026-05-26 08:00:00,2026-05-26 14:28:48
6232,200,4,Confirmed,9,2026-05-20 10:00:00,2026-05-20 14:39:36
6233,193,8,Confirmed,4,2026-04-11 08:00:00,2026-04-11 16:40:48
6234,102,4,Completed,2,2026-04-02 10:00:00,2026-04-02 14:30:00
6235,197,4,Scheduled,4,2026-04-21 10:00:00,2026-04-21 17:19:12
6236,297,7,Completed,1,2026-06-09 07:00:00,2026-06-09 11:46:48
6237,125,6,Completed,2,2026-06-27 06:00:00,2026-06-27 11:22:48
6238,121,8,Confirmed,4,2026-05-21 09:00:00,2026-05-21 17:41:24
6239,125,6,Scheduled,5,2026-04-12 08:00:00,2026-04-12 11:07:48
6240,167,7,Confirmed,5,2026-06-12 10:00:00,2026-06-12 17:42:36
6241,19,3,Scheduled,10,2026-06-03 09:00:00,2026-06-03 15:24:36
6242,17,1,Confirmed,9,2026-05-26 08:00:00,2026-05-26 11:55:12
6243,255,7,Confirmed,7,2026-06-08 09:00:00,2026-06-08 14:31:12
6244,6,8,Scheduled,1,2026-04-28 10:00:00,2026-04-28 13:42:00
6245,205,2,Confirmed,10,2026-04-12 06:00:00,2026-04-12 11:07:12
6246,71,3,Completed,2,2026-06-23 07:00:00,2026-06-23 12:54:00
6247,151,4,Confirmed,7,2026-04-04 09:00:00,2026-04-04 15:00:36
6248,193,5,Confirmed,2,2026-05-09 07:00:00,2026-05-09 11:28:12
6249,273,7,Completed,4,2026-06-12 06:00:00,2026-06-12 09:17:24
6250,272,6,Completed,10,2026-05-29 08:00:00,2026-05-29 13:33:00
6251,57,6,Completed,4,2026-06-13 10:00:00,2026-06-13 16:04:48
6252,171,2,Scheduled,8,2026-06-23 06:00:00,2026-06-23 09:46:48
6253,112,3,Completed,2,2026-04-02 09:00:00,2026-04-02 16:21:00
6254,88,4,Completed,1,2026-06-19 08:00:00,2026-06-19 14:26:24
6255,118,10,Confirmed,7,2026-06-03 09:00:00,2026-06-03 13:00:00
6256,294,1,Completed,10,2026-06-22 07:00:00,2026-06-22 12:54:00
6257,163,5,Scheduled,4,2026-06-01 06:00:00,2026-06-01 11:32:24
6258,272,2,Scheduled,9,2026-06-24 06:00:00,2026-06-24 09:39:36
6259,208,5,Confirmed,9,2026-04-24 09:00:00,2026-04-24 14:15:36
6260,254,2,Completed,3,2026-04-09 10:00:00,2026-04-09 13:49:12
6261,197,8,Scheduled,8,2026-06-19 08:00:00,2026-06-19 15:42:00
6262,202,2,Completed,3,2026-06-26 07:00:00,2026-06-26 10:45:36
6263,220,10,Confirmed,1,2026-04-01 07:00:00,2026-04-01 11:37:12
6264,248,2,Scheduled,8,2026-05-28 06:00:00,2026-05-28 10:52:12
6265,78,1,Completed,4,2026-04-05 08:00:00,2026-04-05 13:27:00
6266,255,9,Scheduled,8,2026-05-08 08:00:00,2026-05-08 17:06:00
6267,28,1,Confirmed,10,2026-04-03 09:00:00,2026-04-03 13:05:24
6268,218,2,Completed,7,2026-06-14 09:00:00,2026-06-14 15:13:12
6269,199,2,Confirmed,3,2026-06-28 08:00:00,2026-06-28 11:57:00
6270,97,7,Confirmed,6,2026-04-27 09:00:00,2026-04-27 14:30:00
6271,170,5,Completed,5,2026-04-14 07:00:00,2026-04-14 12:00:36
6272,182,10,Scheduled,5,2026-06-16 07:00:00,2026-06-16 12:28:48
6273,217,2,Scheduled,7,2026-06-19 08:00:00,2026-06-19 12:27:00
6274,203,6,Completed,3,2026-05-21 10:00:00,2026-05-21 13:07:12
6275,50,1,Completed,10,2026-06-27 10:00:00,2026-06-27 14:35:24
6276,84,1,Completed,7,2026-05-09 10:00:00,2026-05-09 17:18:00
6277,21,3,Confirmed,1,2026-05-14 08:00:00,2026-05-14 15:30:00
6278,175,7,Confirmed,6,2026-04-27 10:00:00,2026-04-27 15:10:48
6279,262,8,Completed,7,2026-04-20 07:00:00,2026-04-20 15:02:24
6280,74,1,Completed,6,2026-04-06 07:00:00,2026-04-06 14:12:36
6281,27,5,Scheduled,4,2026-05-12 08:00:00,2026-05-12 15:37:12
6282,242,4,Scheduled,5,2026-06-17 06:00:00,2026-06-17 09:13:12
6283,159,8,Confirmed,10,2026-06-15 07:00:00,2026-06-15 10:36:00
6284,14,8,Completed,9,2026-05-20 10:00:00,2026-05-20 15:27:36
6285,106,3,Completed,9,2026-06-11 06:00:00,2026-06-11 15:15:00
6286,233,5,Completed,7,2026-05-16 07:00:00,2026-05-16 15:31:12
6287,144,6,Scheduled,9,2026-04-14 06:00:00,2026-04-14 09:16:12
6288,275,9,Completed,4,2026-06-25 06:00:00,2026-06-25 09:05:24
6289,202,6,Confirmed,5,2026-04-29 08:00:00,2026-04-29 14:10:48
6290,179,10,Completed,6,2026-06-05 10:00:00,2026-06-05 14:30:00
6291,262,7,Completed,6,2026-04-10 06:00:00,2026-04-10 11:10:48
6292,29,2,Confirmed,9,2026-06-13 10:00:00,2026-06-13 19:07:48
6293,103,10,Scheduled,5,2026-06-19 10:00:00,2026-06-19 15:29:24
6294,270,6,Confirmed,6,2026-06-01 09:00:00,2026-06-01 13:24:00
6295,119,6,Completed,8,2026-06-28 09:00:00,2026-06-28 15:00:36
6296,235,3,Scheduled,4,2026-05-21 06:00:00,2026-05-21 15:09:36
6297,35,1,Confirmed,1,2026-04-08 08:00:00,2026-04-08 15:57:36
6298,30,5,Scheduled,7,2026-04-26 10:00:00,2026-04-26 14:28:48
6299,184,4,Scheduled,5,2026-06-13 07:00:00,2026-06-13 13:39:00
6300,111,3,Confirmed,10,2026-06-06 10:00:00,2026-06-06 14:12:36
6301,195,10,Scheduled,7,2026-04-30 09:00:00,2026-04-30 14:12:36
6302,56,6,Confirmed,7,2026-06-20 10:00:00,2026-06-20 18:08:24
6303,212,5,Completed,8,2026-06-15 07:00:00,2026-06-15 15:39:36
6304,292,2,Completed,10,2026-06-13 08:00:00,2026-06-13 14:04:48
6305,272,1,Confirmed,4,2026-06-27 06:00:00,2026-06-27 09:32:24
6306,70,9,Completed,8,2026-05-11 07:00:00,2026-05-11 10:22:12
6307,277,8,Completed,10,2026-05-15 08:00:00,2026-05-15 15:49:12
6308,257,3,Completed,4,2026-06-29 07:00:00,2026-06-29 10:29:24
6309,142,6,Confirmed,7,2026-04-23 08:00:00,2026-04-23 11:13:48
6310,78,6,Completed,9,2026-05-01 10:00:00,2026-05-01 19:17:24
6311,147,10,Scheduled,8,2026-05-08 06:00:00,2026-05-08 09:07:12
6312,241,1,Confirmed,3,2026-05-20 10:00:00,2026-05-20 16:06:00
6313,77,3,Confirmed,2,2026-06-28 09:00:00,2026-06-28 16:13:48
6314,198,6,Confirmed,3,2026-06-14 09:00:00,2026-06-14 17:37:48
6315,56,8,Confirmed,7,2026-06-14 07:00:00,2026-06-14 10:32:24
6316,84,4,Scheduled,3,2026-05-25 06:00:00,2026-05-25 12:00:00
6317,149,2,Completed,1,2026-05-09 07:00:00,2026-05-09 10:03:36
6318,98,3,Confirmed,2,2026-06-01 07:00:00,2026-06-01 13:09:36
6319,109,4,Scheduled,5,2026-05-28 10:00:00,2026-05-28 15:27:36
6320,250,3,Completed,7,2026-05-26 07:00:00,2026-05-26 15:19:12
6321,234,9,Scheduled,10,2026-06-15 09:00:00,2026-06-15 13:48:36
6322,232,6,Confirmed,2,2026-04-07 08:00:00,2026-04-07 13:07:12
6323,260,2,Scheduled,2,2026-04-25 06:00:00,2026-04-25 13:46:12
6324,184,6,Confirmed,5,2026-06-21 09:00:00,2026-06-21 15:45:36
6325,231,4,Completed,7,2026-05-05 10:00:00,2026-05-05 18:32:24
6326,4,7,Scheduled,3,2026-04-25 06:00:00,2026-04-25 12:18:36
6327,132,2,Completed,3,2026-05-24 07:00:00,2026-05-24 14:49:12
6328,201,4,Scheduled,4,2026-04-19 09:00:00,2026-04-19 18:09:00
6329,137,2,Completed,6,2026-04-09 07:00:00,2026-04-09 14:41:24
6330,38,4,Scheduled,3,2026-04-26 06:00:00,2026-04-26 15:18:36
6331,257,1,Scheduled,8,2026-06-03 06:00:00,2026-06-03 10:10:12
6332,203,7,Scheduled,10,2026-06-24 07:00:00,2026-06-24 12:03:00
6333,144,9,Scheduled,6,2026-05-25 10:00:00,2026-05-25 17:01:48
6334,288,6,Scheduled,3,2026-06-27 06:00:00,2026-06-27 10:49:48
6335,126,5,Completed,5,2026-06-17 10:00:00,2026-06-17 16:16:12
6336,58,5,Scheduled,9,2026-05-18 07:00:00,2026-05-18 15:34:48
6337,213,4,Completed,4,2026-05-23 06:00:00,2026-05-23 11:07:12
6338,114,9,Confirmed,8,2026-04-24 07:00:00,2026-04-24 13:14:24
6339,288,3,Scheduled,9,2026-06-01 06:00:00,2026-06-01 14:22:12
6340,283,1,Scheduled,2,2026-05-04 06:00:00,2026-05-04 10:19:12
6341,16,3,Confirmed,7,2026-06-12 08:00:00,2026-06-12 13:06:00
6342,141,7,Completed,8,2026-06-25 07:00:00,2026-06-25 13:17:24
6343,197,8,Completed,8,2026-04-16 10:00:00,2026-04-16 15:30:00
6344,170,5,Scheduled,2,2026-04-28 08:00:00,2026-04-28 12:30:00
6345,253,2,Scheduled,4,2026-04-18 10:00:00,2026-04-18 14:36:00
6346,31,6,Confirmed,8,2026-05-23 07:00:00,2026-05-23 13:24:00
6347,292,9,Confirmed,2,2026-04-06 09:00:00,2026-04-06 12:44:24
6348,161,3,Scheduled,2,2026-05-28 06:00:00,2026-05-28 12:21:36
6349,60,1,Scheduled,10,2026-05-10 09:00:00,2026-05-10 16:18:36
6350,261,2,Scheduled,5,2026-04-30 08:00:00,2026-04-30 15:39:00
6351,156,1,Confirmed,3,2026-05-15 09:00:00,2026-05-15 14:45:36
6352,23,6,Completed,2,2026-04-12 06:00:00,2026-04-12 10:01:12
6353,104,3,Completed,2,2026-04-13 08:00:00,2026-04-13 13:19:12
6354,30,6,Completed,7,2026-04-14 06:00:00,2026-04-14 10:21:00
6355,177,1,Confirmed,2,2026-04-13 10:00:00,2026-04-13 14:46:48
6356,260,9,Completed,5,2026-06-18 10:00:00,2026-06-18 16:49:12
6357,136,9,Confirmed,8,2026-04-01 10:00:00,2026-04-01 16:19:48
6358,111,9,Confirmed,8,2026-04-21 09:00:00,2026-04-21 15:40:12
6359,198,9,Scheduled,7,2026-04-11 10:00:00,2026-04-11 14:03:00
6360,163,3,Completed,8,2026-05-11 08:00:00,2026-05-11 11:52:12
6361,148,5,Confirmed,2,2026-04-14 08:00:00,2026-04-14 14:40:12
6362,287,3,Confirmed,9,2026-04-27 09:00:00,2026-04-27 15:23:24
6363,282,1,Scheduled,7,2026-05-12 09:00:00,2026-05-12 12:10:12
6364,240,4,Scheduled,2,2026-04-02 06:00:00,2026-04-02 11:09:00
6365,209,5,Completed,7,2026-05-28 06:00:00,2026-05-28 10:14:24
6366,31,8,Completed,2,2026-04-28 08:00:00,2026-04-28 15:34:48
6367,288,7,Scheduled,5,2026-06-06 10:00:00,2026-06-06 15:31:48
6368,79,9,Confirmed,2,2026-06-20 07:00:00,2026-06-20 10:40:12
6369,29,10,Scheduled,4,2026-04-11 10:00:00,2026-04-11 17:16:48
6370,46,9,Completed,10,2026-04-10 09:00:00,2026-04-10 13:14:24
6371,136,4,Completed,3,2026-04-14 09:00:00,2026-04-14 12:36:36
6372,190,9,Confirmed,5,2026-05-14 06:00:00,2026-05-14 10:45:36
6373,67,6,Confirmed,7,2026-05-16 10:00:00,2026-05-16 15:56:24
6374,76,3,Confirmed,1,2026-06-11 08:00:00,2026-06-11 12:51:36
6375,68,10,Completed,1,2026-04-22 10:00:00,2026-04-22 14:31:12
6376,280,2,Completed,5,2026-06-12 08:00:00,2026-06-12 12:13:12
6377,111,4,Completed,4,2026-04-26 07:00:00,2026-04-26 12:06:36
6378,237,10,Scheduled,7,2026-05-21 08:00:00,2026-05-21 13:55:12
6379,23,4,Scheduled,8,2026-05-22 08:00:00,2026-05-22 12:12:36
6380,156,8,Scheduled,7,2026-06-23 07:00:00,2026-06-23 11:37:48
6381,29,9,Scheduled,6,2026-06-29 06:00:00,2026-06-29 09:58:12
6382,261,10,Completed,10,2026-06-22 10:00:00,2026-06-22 14:18:00
6383,253,1,Confirmed,8,2026-05-28 06:00:00,2026-05-28 12:19:48
6384,21,1,Completed,9,2026-06-21 10:00:00,2026-06-21 14:00:00
6385,96,10,Completed,1,2026-05-04 10:00:00,2026-05-04 16:28:12
6386,84,4,Completed,9,2026-06-09 10:00:00,2026-06-09 14:42:36
6387,211,9,Confirmed,3,2026-06-24 10:00:00,2026-06-24 14:19:12
6388,88,1,Confirmed,8,2026-04-25 07:00:00,2026-04-25 10:22:48
6389,229,2,Completed,8,2026-04-03 07:00:00,2026-04-03 12:58:12
6390,76,6,Completed,2,2026-06-13 06:00:00,2026-06-13 10:13:12
6391,141,9,Scheduled,5,2026-04-12 10:00:00,2026-04-12 14:07:12
6392,229,10,Completed,5,2026-05-24 07:00:00,2026-05-24 13:06:00
6393,127,5,Scheduled,2,2026-06-28 08:00:00,2026-06-28 15:52:12
6394,20,1,Completed,5,2026-06-28 07:00:00,2026-06-28 12:19:12
6395,250,8,Scheduled,2,2026-05-24 10:00:00,2026-05-24 14:15:00
6396,88,2,Completed,2,2026-05-28 07:00:00,2026-05-28 16:18:00
6397,269,5,Confirmed,9,2026-04-20 06:00:00,2026-04-20 12:01:12
6398,200,7,Confirmed,1,2026-04-04 06:00:00,2026-04-04 15:04:12
6399,203,7,Scheduled,6,2026-04-09 09:00:00,2026-04-09 12:19:48
6400,147,5,Confirmed,4,2026-06-02 07:00:00,2026-06-02 11:01:12
6401,299,7,Confirmed,7,2026-04-25 09:00:00,2026-04-25 13:33:00
6402,219,1,Completed,8,2026-05-23 06:00:00,2026-05-23 10:18:00
6403,41,3,Scheduled,6,2026-05-21 08:00:00,2026-05-21 15:02:24
6404,193,7,Confirmed,6,2026-05-22 10:00:00,2026-05-22 18:06:36
6405,221,7,Confirmed,3,2026-04-23 10:00:00,2026-04-23 15:36:36
6406,117,4,Scheduled,6,2026-06-22 08:00:00,2026-06-22 13:14:24
6407,224,6,Scheduled,4,2026-05-15 10:00:00,2026-05-15 13:12:00
6408,51,8,Completed,6,2026-05-19 10:00:00,2026-05-19 15:58:12
6409,41,10,Confirmed,1,2026-05-18 07:00:00,2026-05-18 15:40:12
6410,25,6,Scheduled,6,2026-05-19 07:00:00,2026-05-19 14:58:48
6411,72,2,Confirmed,8,2026-05-14 06:00:00,2026-05-14 14:35:24
6412,186,10,Completed,6,2026-06-09 08:00:00,2026-06-09 14:11:24
6413,256,9,Confirmed,8,2026-05-16 08:00:00,2026-05-16 13:16:48
6414,49,2,Completed,7,2026-05-28 09:00:00,2026-05-28 16:06:36
6415,292,3,Confirmed,9,2026-04-07 10:00:00,2026-04-07 17:51:36
6416,23,10,Scheduled,8,2026-04-01 06:00:00,2026-04-01 09:35:24
6417,290,3,Scheduled,1,2026-06-13 07:00:00,2026-06-13 16:33:00
6418,169,7,Scheduled,9,2026-05-17 06:00:00,2026-05-17 12:12:00
6419,273,8,Completed,4,2026-04-21 06:00:00,2026-04-21 09:57:00
6420,191,3,Confirmed,7,2026-05-12 07:00:00,2026-05-12 13:55:48
6421,105,8,Completed,9,2026-04-09 07:00:00,2026-04-09 13:21:36
6422,130,2,Completed,8,2026-04-16 08:00:00,2026-04-16 15:25:12
6423,1,7,Scheduled,7,2026-05-15 08:00:00,2026-05-15 13:54:00
6424,133,6,Completed,10,2026-04-25 08:00:00,2026-04-25 11:04:48
6425,209,4,Completed,6,2026-04-11 09:00:00,2026-04-11 14:53:24
6426,51,8,Confirmed,5,2026-05-15 07:00:00,2026-05-15 14:51:00
6427,47,9,Confirmed,6,2026-06-07 06:00:00,2026-06-07 11:07:48
6428,106,8,Confirmed,10,2026-06-06 09:00:00,2026-06-06 14:58:12
6429,153,9,Confirmed,4,2026-05-09 09:00:00,2026-05-09 17:01:48
6430,231,10,Confirmed,7,2026-05-16 07:00:00,2026-05-16 13:12:36
6431,246,6,Scheduled,4,2026-04-14 06:00:00,2026-04-14 13:00:36
6432,120,1,Scheduled,3,2026-05-08 09:00:00,2026-05-08 13:07:48
6433,272,1,Scheduled,5,2026-05-19 10:00:00,2026-05-19 16:35:24
6434,94,2,Confirmed,3,2026-06-28 10:00:00,2026-06-28 15:31:12
6435,37,4,Scheduled,1,2026-06-23 10:00:00,2026-06-23 15:18:36
6436,233,4,Scheduled,2,2026-05-15 09:00:00,2026-05-15 17:54:00
6437,60,5,Completed,3,2026-04-27 10:00:00,2026-04-27 14:11:24
6438,171,4,Completed,10,2026-05-20 07:00:00,2026-05-20 15:19:12
6439,92,3,Scheduled,4,2026-04-10 06:00:00,2026-04-10 10:58:12
6440,218,2,Completed,5,2026-04-21 08:00:00,2026-04-21 12:44:24
6441,46,6,Confirmed,1,2026-06-23 08:00:00,2026-06-23 13:42:00
6442,61,7,Completed,10,2026-05-08 10:00:00,2026-05-08 19:31:48
6443,123,7,Completed,4,2026-04-05 08:00:00,2026-04-05 15:43:48
6444,214,4,Confirmed,7,2026-05-23 07:00:00,2026-05-23 12:57:36
6445,205,3,Completed,4,2026-06-06 06:00:00,2026-06-06 11:45:36
6446,128,6,Scheduled,2,2026-04-09 10:00:00,2026-04-09 13:19:48
6447,213,6,Confirmed,2,2026-05-29 06:00:00,2026-05-29 10:42:36
6448,219,9,Completed,3,2026-05-03 07:00:00,2026-05-03 11:19:48
6449,141,4,Scheduled,2,2026-04-14 08:00:00,2026-04-14 12:27:36
6450,152,6,Completed,10,2026-05-28 09:00:00,2026-05-28 12:04:12
6451,134,9,Completed,8,2026-05-27 07:00:00,2026-05-27 11:30:00
6452,175,7,Confirmed,7,2026-06-21 06:00:00,2026-06-21 10:04:48
6453,128,10,Scheduled,1,2026-05-27 07:00:00,2026-05-27 12:13:12
6454,290,5,Scheduled,8,2026-06-14 09:00:00,2026-06-14 15:59:24
6455,191,10,Completed,8,2026-06-27 08:00:00,2026-06-27 16:59:24
6456,204,5,Confirmed,4,2026-04-10 07:00:00,2026-04-10 14:09:36
6457,257,4,Completed,3,2026-04-10 10:00:00,2026-04-10 15:41:24
6458,20,9,Scheduled,10,2026-05-05 06:00:00,2026-05-05 11:59:24
6459,178,2,Scheduled,2,2026-04-02 10:00:00,2026-04-02 17:52:12
6460,85,3,Confirmed,2,2026-06-04 07:00:00,2026-06-04 11:12:36
6461,71,3,Confirmed,4,2026-06-27 08:00:00,2026-06-27 13:32:24
6462,88,3,Completed,8,2026-06-07 07:00:00,2026-06-07 15:23:24
6463,257,1,Scheduled,3,2026-04-07 07:00:00,2026-04-07 13:21:36
6464,254,8,Completed,5,2026-05-13 08:00:00,2026-05-13 14:24:00
6465,104,6,Scheduled,9,2026-06-20 08:00:00,2026-06-20 13:30:36
6466,11,8,Scheduled,5,2026-06-25 07:00:00,2026-06-25 15:37:12
6467,215,8,Confirmed,9,2026-04-15 10:00:00,2026-04-15 18:33:00
6468,95,8,Confirmed,7,2026-06-16 08:00:00,2026-06-16 13:34:48
6469,80,2,Confirmed,2,2026-06-24 09:00:00,2026-06-24 13:45:00
6470,268,6,Confirmed,3,2026-05-16 10:00:00,2026-05-16 16:58:12
6471,191,10,Scheduled,6,2026-05-16 10:00:00,2026-05-16 17:57:00
6472,269,4,Confirmed,3,2026-06-28 06:00:00,2026-06-28 14:24:00
6473,216,10,Scheduled,4,2026-04-18 07:00:00,2026-04-18 13:34:12
6474,47,8,Completed,1,2026-04-21 07:00:00,2026-04-21 10:31:12
6475,66,1,Completed,5,2026-05-26 09:00:00,2026-05-26 16:52:12
6476,19,4,Confirmed,8,2026-04-28 07:00:00,2026-04-28 14:15:36
6477,278,1,Scheduled,6,2026-05-01 07:00:00,2026-05-01 12:03:00
6478,54,4,Completed,6,2026-04-13 10:00:00,2026-04-13 13:21:00
6479,133,10,Scheduled,10,2026-05-17 06:00:00,2026-05-17 11:29:24
6480,294,2,Scheduled,6,2026-06-15 10:00:00,2026-06-15 13:00:36
6481,45,8,Confirmed,1,2026-04-09 10:00:00,2026-04-09 18:15:36
6482,289,7,Scheduled,7,2026-04-16 10:00:00,2026-04-16 17:02:24
6483,65,5,Confirmed,1,2026-05-28 08:00:00,2026-05-28 11:00:36
6484,36,4,Completed,5,2026-04-23 07:00:00,2026-04-23 10:31:48
6485,158,4,Confirmed,6,2026-04-01 09:00:00,2026-04-01 17:22:12
6486,267,8,Confirmed,1,2026-05-06 10:00:00,2026-05-06 16:04:12
6487,160,4,Confirmed,2,2026-05-24 06:00:00,2026-05-24 10:31:48
6488,147,4,Confirmed,7,2026-04-28 06:00:00,2026-04-28 13:06:36
6489,188,1,Confirmed,1,2026-06-04 08:00:00,2026-06-04 14:42:00
6490,238,5,Scheduled,6,2026-06-22 10:00:00,2026-06-22 14:18:36
6491,121,10,Confirmed,2,2026-04-27 10:00:00,2026-04-27 14:13:48
6492,244,10,Confirmed,5,2026-06-20 07:00:00,2026-06-20 11:52:12
6493,138,6,Scheduled,10,2026-05-05 08:00:00,2026-05-05 13:19:12
6494,257,1,Confirmed,6,2026-06-08 06:00:00,2026-06-08 12:27:36
6495,204,8,Completed,1,2026-06-08 09:00:00,2026-06-08 17:28:48
6496,104,1,Completed,2,2026-04-19 06:00:00,2026-04-19 12:16:12
6497,96,1,Confirmed,9,2026-05-08 06:00:00,2026-05-08 09:36:36
6498,78,1,Confirmed,3,2026-05-30 08:00:00,2026-05-30 13:20:24
6499,261,4,Confirmed,1,2026-05-15 08:00:00,2026-05-15 14:53:24
6500,77,5,Completed,9,2026-04-22 07:00:00,2026-04-22 14:06:00
6501,33,7,Scheduled,10,2026-05-10 06:00:00,2026-05-10 11:10:12
6502,162,9,Confirmed,2,2026-06-26 08:00:00,2026-06-26 16:35:24
6503,12,7,Completed,7,2026-06-24 07:00:00,2026-06-24 12:05:24
6504,58,1,Completed,8,2026-06-17 09:00:00,2026-06-17 15:43:48
6505,144,8,Completed,10,2026-04-30 08:00:00,2026-04-30 13:19:12
6506,27,3,Scheduled,3,2026-04-12 08:00:00,2026-04-12 14:07:48
6507,105,7,Completed,5,2026-04-18 09:00:00,2026-04-18 16:12:36
6508,20,1,Scheduled,4,2026-06-08 07:00:00,2026-06-08 11:03:00
6509,277,1,Confirmed,6,2026-05-07 08:00:00,2026-05-07 15:40:12
6510,103,8,Scheduled,1,2026-05-19 08:00:00,2026-05-19 12:51:36
6511,118,7,Scheduled,9,2026-05-01 07:00:00,2026-05-01 12:44:24
6512,17,9,Completed,6,2026-06-08 07:00:00,2026-06-08 10:30:00
6513,44,7,Scheduled,9,2026-04-25 09:00:00,2026-04-25 12:39:00
6514,88,5,Confirmed,7,2026-04-30 08:00:00,2026-04-30 12:07:48
6515,46,5,Scheduled,3,2026-06-16 10:00:00,2026-06-16 13:18:36
6516,245,2,Scheduled,3,2026-06-28 08:00:00,2026-06-28 12:06:36
6517,75,9,Completed,5,2026-04-10 08:00:00,2026-04-10 13:28:48
6518,269,1,Confirmed,7,2026-05-12 07:00:00,2026-05-12 13:34:12
6519,62,4,Completed,7,2026-04-05 06:00:00,2026-04-05 12:54:36
6520,76,8,Confirmed,2,2026-05-03 07:00:00,2026-05-03 11:23:24
6521,42,4,Scheduled,7,2026-04-17 09:00:00,2026-04-17 15:25:48
6522,153,10,Scheduled,8,2026-06-07 10:00:00,2026-06-07 16:04:12
6523,183,2,Confirmed,7,2026-04-18 08:00:00,2026-04-18 14:33:00
6524,73,1,Confirmed,4,2026-06-06 09:00:00,2026-06-06 16:13:12
6525,262,8,Confirmed,8,2026-04-18 10:00:00,2026-04-18 14:45:00
6526,77,5,Completed,2,2026-04-02 07:00:00,2026-04-02 11:06:36
6527,115,4,Confirmed,3,2026-06-26 08:00:00,2026-06-26 13:05:24
6528,22,9,Completed,8,2026-04-28 07:00:00,2026-04-28 12:01:48
6529,128,5,Completed,7,2026-04-26 10:00:00,2026-04-26 13:43:12
6530,96,2,Scheduled,6,2026-05-10 10:00:00,2026-05-10 13:33:36
6531,22,7,Confirmed,3,2026-04-25 07:00:00,2026-04-25 12:19:12
6532,103,3,Scheduled,8,2026-04-07 06:00:00,2026-04-07 14:25:48
6533,156,9,Completed,2,2026-05-19 08:00:00,2026-05-19 13:08:24
6534,55,5,Scheduled,10,2026-04-28 07:00:00,2026-04-28 13:49:48
6535,254,8,Completed,1,2026-06-18 10:00:00,2026-06-18 17:58:48
6536,30,2,Confirmed,9,2026-05-24 08:00:00,2026-05-24 13:49:48
6537,57,2,Confirmed,7,2026-04-16 10:00:00,2026-04-16 15:45:36
6538,211,1,Confirmed,10,2026-05-25 07:00:00,2026-05-25 14:55:12
6539,252,4,Confirmed,9,2026-06-11 09:00:00,2026-06-11 13:42:36
6540,219,1,Scheduled,8,2026-04-25 10:00:00,2026-04-25 16:36:36
6541,278,8,Scheduled,8,2026-05-28 07:00:00,2026-05-28 14:38:24
6542,300,2,Scheduled,6,2026-06-17 10:00:00,2026-06-17 14:56:24
6543,292,4,Confirmed,8,2026-05-05 06:00:00,2026-05-05 11:30:00
6544,114,8,Confirmed,4,2026-05-14 07:00:00,2026-05-14 10:54:36
6545,199,2,Confirmed,4,2026-04-28 07:00:00,2026-04-28 12:12:36
6546,144,5,Scheduled,1,2026-05-19 08:00:00,2026-05-19 12:45:36
6547,9,5,Completed,9,2026-04-18 06:00:00,2026-04-18 15:09:36
6548,25,10,Scheduled,3,2026-04-17 09:00:00,2026-04-17 14:31:48
6549,247,3,Completed,10,2026-06-20 10:00:00,2026-06-20 13:17:24
6550,48,8,Completed,8,2026-05-05 06:00:00,2026-05-05 12:24:00
6551,213,7,Confirmed,10,2026-04-14 06:00:00,2026-04-14 12:24:36
6552,137,6,Completed,5,2026-04-19 09:00:00,2026-04-19 17:06:36
6553,119,7,Scheduled,3,2026-06-14 09:00:00,2026-06-14 16:03:36
6554,296,2,Scheduled,8,2026-06-18 10:00:00,2026-06-18 16:41:24
6555,243,3,Scheduled,5,2026-05-22 09:00:00,2026-05-22 18:09:00
6556,109,6,Scheduled,9,2026-06-16 07:00:00,2026-06-16 11:37:48
6557,20,5,Completed,6,2026-05-21 09:00:00,2026-05-21 17:45:36
6558,51,9,Scheduled,4,2026-04-02 06:00:00,2026-04-02 10:06:00
6559,143,9,Confirmed,3,2026-04-06 07:00:00,2026-04-06 14:18:36
6560,12,10,Scheduled,10,2026-06-15 07:00:00,2026-06-15 12:50:24
6561,141,9,Completed,3,2026-05-16 07:00:00,2026-05-16 10:37:12
6562,205,7,Completed,7,2026-06-21 10:00:00,2026-06-21 13:06:00
6563,51,2,Confirmed,1,2026-06-04 07:00:00,2026-06-04 10:45:36
6564,175,4,Confirmed,1,2026-04-19 09:00:00,2026-04-19 14:54:36
6565,237,7,Scheduled,4,2026-04-06 08:00:00,2026-04-06 15:04:48
6566,79,9,Confirmed,6,2026-06-24 06:00:00,2026-06-24 11:42:36
6567,37,10,Completed,3,2026-05-30 06:00:00,2026-05-30 11:51:00
6568,205,4,Scheduled,7,2026-05-22 06:00:00,2026-05-22 10:31:48
6569,174,9,Completed,8,2026-04-08 07:00:00,2026-04-08 10:26:24
6570,200,2,Confirmed,8,2026-04-17 09:00:00,2026-04-17 16:18:36
6571,197,5,Completed,1,2026-04-16 06:00:00,2026-04-16 09:40:48
6572,43,7,Completed,9,2026-04-04 10:00:00,2026-04-04 16:24:00
6573,93,9,Scheduled,10,2026-05-25 09:00:00,2026-05-25 15:45:36
6574,231,3,Scheduled,4,2026-05-06 09:00:00,2026-05-06 13:52:12
6575,43,1,Completed,1,2026-04-28 08:00:00,2026-04-28 14:20:24
6576,131,9,Scheduled,8,2026-05-12 09:00:00,2026-05-12 14:10:12
6577,144,7,Confirmed,10,2026-05-07 06:00:00,2026-05-07 12:12:36
6578,184,10,Scheduled,7,2026-04-28 10:00:00,2026-04-28 14:03:00
6579,247,1,Completed,7,2026-04-13 10:00:00,2026-04-13 16:26:24
6580,105,7,Completed,2,2026-04-17 06:00:00,2026-04-17 12:16:48
6581,166,3,Completed,6,2026-06-15 08:00:00,2026-06-15 15:10:12
6582,231,1,Confirmed,6,2026-05-12 07:00:00,2026-05-12 12:39:36
6583,106,3,Scheduled,10,2026-06-23 06:00:00,2026-06-23 13:55:48
6584,4,9,Scheduled,1,2026-04-04 06:00:00,2026-04-04 12:29:24
6585,210,3,Scheduled,10,2026-04-03 10:00:00,2026-04-03 14:07:48
6586,187,4,Completed,2,2026-04-14 10:00:00,2026-04-14 15:31:12
6587,299,10,Confirmed,4,2026-05-03 10:00:00,2026-05-03 16:31:12
6588,140,7,Scheduled,10,2026-05-25 09:00:00,2026-05-25 14:20:24
6589,283,6,Confirmed,8,2026-04-14 10:00:00,2026-04-14 16:43:48
6590,123,9,Completed,10,2026-04-15 09:00:00,2026-04-15 18:21:00
6591,245,5,Confirmed,4,2026-04-19 06:00:00,2026-04-19 09:33:00
6592,136,2,Scheduled,8,2026-05-04 08:00:00,2026-05-04 15:07:48
6593,236,8,Confirmed,4,2026-04-10 07:00:00,2026-04-10 13:26:24
6594,176,1,Scheduled,6,2026-06-05 10:00:00,2026-06-05 13:15:36
6595,28,2,Confirmed,1,2026-05-25 09:00:00,2026-05-25 16:25:48
6596,64,10,Confirmed,7,2026-05-31 06:00:00,2026-05-31 11:28:48
6597,6,5,Scheduled,10,2026-04-14 07:00:00,2026-04-14 14:39:36
6598,97,7,Confirmed,7,2026-06-08 10:00:00,2026-06-08 13:27:00
6599,199,6,Completed,1,2026-06-20 07:00:00,2026-06-20 15:06:36
6600,84,7,Scheduled,7,2026-06-06 07:00:00,2026-06-06 12:15:36
6601,160,6,Scheduled,6,2026-06-28 10:00:00,2026-06-28 14:28:12
6602,135,2,Confirmed,7,2026-04-15 08:00:00,2026-04-15 14:33:36
6603,245,2,Scheduled,5,2026-06-29 08:00:00,2026-06-29 12:16:12
6604,31,4,Confirmed,4,2026-05-19 06:00:00,2026-05-19 10:36:36
6605,42,4,Completed,6,2026-04-15 09:00:00,2026-04-15 14:20:24
6606,78,8,Completed,3,2026-06-02 06:00:00,2026-06-02 11:55:48
6607,119,3,Completed,5,2026-05-26 09:00:00,2026-05-26 14:16:12
6608,282,10,Scheduled,6,2026-05-17 08:00:00,2026-05-17 12:28:48
6609,174,8,Scheduled,4,2026-04-26 09:00:00,2026-04-26 12:36:36
6610,228,4,Scheduled,10,2026-05-24 09:00:00,2026-05-24 18:09:36
6611,110,2,Confirmed,3,2026-04-11 07:00:00,2026-04-11 10:22:12
6612,227,1,Confirmed,7,2026-06-28 07:00:00,2026-06-28 14:50:24
6613,136,4,Scheduled,2,2026-06-27 07:00:00,2026-06-27 10:29:24
6614,200,3,Scheduled,8,2026-05-19 08:00:00,2026-05-19 11:19:48
6615,59,10,Confirmed,1,2026-04-27 07:00:00,2026-04-27 12:49:12
6616,216,1,Scheduled,3,2026-05-03 07:00:00,2026-05-03 11:36:36
6617,46,5,Confirmed,3,2026-06-18 09:00:00,2026-06-18 12:47:24
6618,246,9,Confirmed,8,2026-05-04 06:00:00,2026-05-04 11:10:12
6619,168,7,Scheduled,8,2026-06-07 09:00:00,2026-06-07 15:30:00
6620,193,1,Confirmed,6,2026-05-03 08:00:00,2026-05-03 12:09:36
6621,164,5,Scheduled,1,2026-06-23 06:00:00,2026-06-23 09:19:12
6622,128,1,Scheduled,10,2026-04-03 09:00:00,2026-04-03 14:21:36
6623,141,2,Scheduled,10,2026-04-16 09:00:00,2026-04-16 13:34:48
6624,189,9,Completed,9,2026-04-18 07:00:00,2026-04-18 13:15:36
6625,114,8,Confirmed,7,2026-04-02 08:00:00,2026-04-02 14:58:48
6626,76,10,Scheduled,8,2026-04-07 06:00:00,2026-04-07 14:38:24
6627,3,3,Completed,9,2026-05-22 10:00:00,2026-05-22 16:24:36
6628,62,9,Completed,1,2026-04-14 08:00:00,2026-04-14 12:03:00
6629,211,8,Completed,7,2026-05-15 08:00:00,2026-05-15 14:09:36
6630,260,4,Completed,3,2026-06-20 07:00:00,2026-06-20 11:12:36
6631,297,1,Completed,2,2026-05-31 07:00:00,2026-05-31 14:49:12
6632,153,4,Scheduled,9,2026-04-07 07:00:00,2026-04-07 14:30:00
6633,55,6,Confirmed,9,2026-04-13 07:00:00,2026-04-13 10:48:00
6634,235,6,Scheduled,1,2026-06-05 08:00:00,2026-06-05 13:27:00
6635,60,10,Confirmed,7,2026-06-19 08:00:00,2026-06-19 15:16:12
6636,249,7,Completed,5,2026-06-23 06:00:00,2026-06-23 13:46:48
6637,142,6,Completed,7,2026-06-01 08:00:00,2026-06-01 13:29:24
6638,242,9,Completed,5,2026-05-25 07:00:00,2026-05-25 13:27:00
6639,87,2,Confirmed,8,2026-05-05 06:00:00,2026-05-05 09:04:48
6640,292,1,Completed,8,2026-06-27 09:00:00,2026-06-27 15:56:24
6641,286,1,Completed,9,2026-06-12 09:00:00,2026-06-12 16:34:48
6642,120,3,Completed,2,2026-04-09 06:00:00,2026-04-09 10:47:24
6643,65,9,Confirmed,1,2026-05-01 10:00:00,2026-05-01 16:36:36
6644,44,10,Scheduled,1,2026-05-30 09:00:00,2026-05-30 15:50:24
6645,128,3,Confirmed,9,2026-04-10 10:00:00,2026-04-10 16:34:48
6646,236,4,Scheduled,6,2026-05-04 09:00:00,2026-05-04 16:24:36
6647,184,4,Scheduled,5,2026-05-24 08:00:00,2026-05-24 14:00:36
6648,82,7,Completed,9,2026-05-02 09:00:00,2026-05-02 15:34:48
6649,93,5,Confirmed,6,2026-06-13 06:00:00,2026-06-13 09:24:00
6650,20,1,Confirmed,10,2026-04-27 10:00:00,2026-04-27 16:11:24
6651,109,4,Completed,8,2026-05-30 07:00:00,2026-05-30 11:36:36
6652,256,8,Completed,1,2026-06-18 10:00:00,2026-06-18 15:36:36
6653,137,5,Scheduled,4,2026-04-10 08:00:00,2026-04-10 14:14:24
6654,56,7,Scheduled,2,2026-05-12 10:00:00,2026-05-12 17:45:00
6655,42,5,Completed,1,2026-04-12 06:00:00,2026-04-12 12:07:12
6656,26,6,Scheduled,7,2026-05-16 08:00:00,2026-05-16 15:25:12
6657,139,5,Confirmed,9,2026-05-19 07:00:00,2026-05-19 12:46:48
6658,298,3,Completed,9,2026-05-19 07:00:00,2026-05-19 10:02:24
6659,40,8,Scheduled,6,2026-04-29 10:00:00,2026-04-29 17:38:24
6660,24,9,Scheduled,8,2026-04-22 06:00:00,2026-04-22 11:11:24
6661,202,1,Confirmed,2,2026-06-08 07:00:00,2026-06-08 12:02:24
6662,58,3,Confirmed,1,2026-05-12 10:00:00,2026-05-12 13:52:12
6663,291,5,Completed,7,2026-05-14 07:00:00,2026-05-14 10:51:36
6664,103,3,Confirmed,9,2026-04-05 08:00:00,2026-04-05 13:46:48
6665,273,7,Confirmed,2,2026-05-21 06:00:00,2026-05-21 11:36:00
6666,285,5,Completed,3,2026-06-04 06:00:00,2026-06-04 09:49:48
6667,267,9,Scheduled,4,2026-05-24 09:00:00,2026-05-24 16:19:12
6668,202,2,Scheduled,2,2026-05-13 10:00:00,2026-05-13 14:36:00
6669,241,1,Confirmed,2,2026-05-17 10:00:00,2026-05-17 15:46:48
6670,256,2,Scheduled,8,2026-05-20 07:00:00,2026-05-20 15:39:00
6671,283,1,Scheduled,8,2026-05-26 08:00:00,2026-05-26 11:00:36
6672,269,8,Scheduled,4,2026-06-20 06:00:00,2026-06-20 09:45:36
6673,244,6,Scheduled,9,2026-06-03 08:00:00,2026-06-03 14:25:48
6674,222,1,Confirmed,6,2026-05-18 06:00:00,2026-05-18 11:39:36
6675,173,4,Confirmed,8,2026-05-19 09:00:00,2026-05-19 14:53:24
6676,147,8,Scheduled,10,2026-05-04 10:00:00,2026-05-04 17:30:00
6677,270,2,Confirmed,6,2026-06-07 10:00:00,2026-06-07 13:36:36
6678,13,8,Completed,5,2026-06-15 10:00:00,2026-06-15 16:16:12
6679,263,3,Confirmed,3,2026-05-02 06:00:00,2026-05-02 10:31:48
6680,137,4,Completed,7,2026-06-29 07:00:00,2026-06-29 13:44:24
6681,155,3,Scheduled,1,2026-04-12 08:00:00,2026-04-12 11:01:12
6682,165,7,Confirmed,8,2026-05-05 06:00:00,2026-05-05 10:16:48
6683,300,1,Completed,3,2026-04-28 08:00:00,2026-04-28 12:38:24
6684,284,9,Completed,8,2026-05-03 10:00:00,2026-05-03 18:36:00
6685,190,7,Completed,2,2026-06-03 10:00:00,2026-06-03 17:46:48
6686,38,3,Confirmed,5,2026-05-06 06:00:00,2026-05-06 09:31:12
6687,56,7,Scheduled,7,2026-04-22 10:00:00,2026-04-22 17:45:36
6688,99,9,Confirmed,2,2026-06-06 07:00:00,2026-06-06 13:15:00
6689,85,2,Confirmed,6,2026-05-01 07:00:00,2026-05-01 14:13:48
6690,167,3,Confirmed,2,2026-04-17 06:00:00,2026-04-17 10:07:12
6691,168,8,Confirmed,7,2026-06-12 06:00:00,2026-06-12 11:56:24
6692,176,2,Scheduled,7,2026-04-07 06:00:00,2026-04-07 12:23:24
6693,96,10,Completed,7,2026-05-20 08:00:00,2026-05-20 11:08:24
6694,28,1,Scheduled,9,2026-04-29 09:00:00,2026-04-29 17:12:00
6695,255,5,Completed,7,2026-05-29 09:00:00,2026-05-29 12:18:36
6696,271,4,Completed,9,2026-04-10 09:00:00,2026-04-10 12:16:12
6697,193,2,Scheduled,3,2026-06-12 09:00:00,2026-06-12 15:18:00
6698,207,1,Completed,5,2026-04-15 07:00:00,2026-04-15 14:06:00
6699,130,8,Scheduled,8,2026-06-29 07:00:00,2026-06-29 14:02:24
6700,300,5,Completed,6,2026-06-10 07:00:00,2026-06-10 11:10:12
6701,198,5,Scheduled,5,2026-06-18 06:00:00,2026-06-18 09:35:24
6702,94,6,Completed,1,2026-06-08 09:00:00,2026-06-08 16:35:24
6703,63,9,Scheduled,2,2026-06-27 10:00:00,2026-06-27 16:07:12
6704,283,7,Scheduled,2,2026-06-18 08:00:00,2026-06-18 15:16:48
6705,193,1,Confirmed,2,2026-06-10 09:00:00,2026-06-10 16:18:36
6706,6,6,Confirmed,6,2026-04-04 06:00:00,2026-04-04 10:55:48
6707,165,6,Completed,3,2026-05-01 07:00:00,2026-05-01 13:24:36
6708,54,2,Scheduled,4,2026-05-14 09:00:00,2026-05-14 15:57:36
6709,17,7,Completed,1,2026-06-19 09:00:00,2026-06-19 16:24:00
6710,177,9,Scheduled,2,2026-04-06 08:00:00,2026-04-06 14:28:12
6711,300,2,Scheduled,1,2026-04-20 08:00:00,2026-04-20 13:39:36
6712,255,10,Scheduled,7,2026-05-16 06:00:00,2026-05-16 09:40:12
6713,281,3,Scheduled,2,2026-05-06 07:00:00,2026-05-06 10:47:24
6714,22,3,Scheduled,3,2026-04-19 09:00:00,2026-04-19 13:10:12
6715,285,9,Completed,4,2026-06-22 07:00:00,2026-06-22 14:19:12
6716,230,7,Scheduled,9,2026-05-15 10:00:00,2026-05-15 18:30:00
6717,99,2,Completed,6,2026-05-26 06:00:00,2026-05-26 10:20:24
6718,278,8,Scheduled,10,2026-05-30 06:00:00,2026-05-30 10:22:48
6719,290,2,Scheduled,7,2026-06-20 07:00:00,2026-06-20 16:06:00
6720,237,9,Completed,3,2026-04-13 08:00:00,2026-04-13 11:25:48
6721,282,10,Completed,3,2026-05-03 10:00:00,2026-05-03 13:32:24
6722,70,5,Confirmed,8,2026-05-08 07:00:00,2026-05-08 12:27:36
6723,62,4,Scheduled,4,2026-04-25 10:00:00,2026-04-25 19:03:36
6724,253,5,Confirmed,2,2026-05-24 10:00:00,2026-05-24 17:52:12
6725,226,8,Completed,7,2026-06-01 06:00:00,2026-06-01 09:30:36
6726,180,3,Completed,2,2026-05-20 06:00:00,2026-05-20 13:18:00
6727,145,1,Completed,1,2026-04-24 07:00:00,2026-04-24 16:05:24
6728,156,3,Scheduled,6,2026-05-16 08:00:00,2026-05-16 13:12:36
6729,128,3,Completed,2,2026-04-02 10:00:00,2026-04-02 18:11:24
6730,298,1,Completed,2,2026-04-21 10:00:00,2026-04-21 15:39:36
6731,265,8,Scheduled,1,2026-06-24 07:00:00,2026-06-24 14:56:24
6732,5,4,Completed,6,2026-05-14 08:00:00,2026-05-14 13:02:24
6733,104,5,Scheduled,3,2026-05-16 07:00:00,2026-05-16 12:55:12
6734,22,10,Confirmed,8,2026-05-07 10:00:00,2026-05-07 14:36:36
6735,273,2,Confirmed,9,2026-05-31 06:00:00,2026-05-31 12:35:24
6736,152,8,Scheduled,8,2026-05-25 06:00:00,2026-05-25 10:36:00
6737,39,5,Confirmed,3,2026-04-02 08:00:00,2026-04-02 12:16:12
6738,147,7,Confirmed,6,2026-04-23 07:00:00,2026-04-23 14:49:12
6739,54,6,Scheduled,2,2026-04-15 07:00:00,2026-04-15 13:41:24
6740,2,8,Completed,6,2026-05-16 09:00:00,2026-05-16 15:10:12
6741,218,7,Scheduled,8,2026-06-01 10:00:00,2026-06-01 14:41:24
6742,287,3,Scheduled,10,2026-05-02 07:00:00,2026-05-02 14:14:24
6743,157,7,Completed,7,2026-06-26 08:00:00,2026-06-26 11:04:48
6744,283,7,Confirmed,4,2026-04-01 07:00:00,2026-04-01 14:41:24
6745,55,3,Confirmed,7,2026-06-29 07:00:00,2026-06-29 10:16:48
6746,273,4,Scheduled,1,2026-06-07 09:00:00,2026-06-07 16:51:00
6747,295,5,Confirmed,1,2026-05-18 06:00:00,2026-05-18 13:26:24
6748,199,2,Confirmed,1,2026-06-01 07:00:00,2026-06-01 13:30:36
6749,241,10,Confirmed,6,2026-04-24 09:00:00,2026-04-24 15:01:48
6750,248,6,Completed,4,2026-06-02 10:00:00,2026-06-02 17:49:12
6751,242,6,Completed,6,2026-05-01 08:00:00,2026-05-01 15:44:24
6752,220,5,Completed,4,2026-04-03 06:00:00,2026-04-03 12:15:00
6753,158,9,Completed,3,2026-04-15 10:00:00,2026-04-15 15:21:00
6754,30,3,Completed,10,2026-04-30 08:00:00,2026-04-30 12:21:36
6755,250,6,Scheduled,1,2026-04-16 07:00:00,2026-04-16 11:27:36
6756,72,6,Completed,3,2026-06-21 06:00:00,2026-06-21 09:05:24
6757,90,1,Confirmed,5,2026-04-11 06:00:00,2026-04-11 10:41:24
6758,120,9,Confirmed,8,2026-06-02 09:00:00,2026-06-02 16:11:24
6759,106,9,Confirmed,1,2026-06-10 07:00:00,2026-06-10 12:38:24
6760,189,9,Confirmed,4,2026-04-03 06:00:00,2026-04-03 12:22:48
6761,161,4,Confirmed,1,2026-04-11 09:00:00,2026-04-11 15:57:36
6762,110,10,Confirmed,2,2026-06-12 10:00:00,2026-06-12 14:39:36
6763,222,4,Scheduled,7,2026-06-05 09:00:00,2026-06-05 16:13:12
6764,243,10,Confirmed,5,2026-04-01 10:00:00,2026-04-01 16:29:24
6765,41,9,Completed,10,2026-05-16 10:00:00,2026-05-16 14:06:00
6766,250,3,Scheduled,6,2026-06-26 09:00:00,2026-06-26 13:24:00
6767,171,5,Completed,10,2026-06-07 10:00:00,2026-06-07 17:53:24
6768,256,9,Scheduled,4,2026-04-21 07:00:00,2026-04-21 13:06:00
6769,72,7,Confirmed,9,2026-05-16 08:00:00,2026-05-16 15:30:36
6770,135,10,Scheduled,4,2026-05-21 10:00:00,2026-05-21 19:31:12
6771,164,2,Completed,8,2026-05-09 06:00:00,2026-05-09 14:20:24
6772,88,9,Confirmed,8,2026-06-24 09:00:00,2026-06-24 18:17:24
6773,140,6,Completed,9,2026-06-21 08:00:00,2026-06-21 12:39:36
6774,139,6,Scheduled,1,2026-05-26 06:00:00,2026-05-26 09:16:48
6775,70,9,Confirmed,7,2026-04-18 06:00:00,2026-04-18 12:36:36
6776,282,7,Scheduled,2,2026-05-08 06:00:00,2026-05-08 10:16:12
6777,53,5,Completed,6,2026-06-01 09:00:00,2026-06-01 13:34:12
6778,5,6,Scheduled,1,2026-05-06 08:00:00,2026-05-06 11:57:36
6779,68,4,Confirmed,7,2026-05-25 08:00:00,2026-05-25 15:25:12
6780,223,5,Completed,2,2026-05-21 08:00:00,2026-05-21 12:18:36
6781,98,5,Completed,8,2026-04-28 08:00:00,2026-04-28 15:28:48
6782,125,5,Completed,10,2026-06-20 06:00:00,2026-06-20 09:45:36
6783,100,3,Confirmed,6,2026-05-21 09:00:00,2026-05-21 15:53:24
6784,158,3,Completed,6,2026-06-19 10:00:00,2026-06-19 17:37:48
6785,245,8,Scheduled,5,2026-05-04 07:00:00,2026-05-04 14:58:12
6786,163,5,Scheduled,10,2026-04-19 09:00:00,2026-04-19 14:48:36
6787,171,10,Completed,3,2026-04-01 09:00:00,2026-04-01 14:51:36
6788,32,6,Completed,3,2026-06-02 08:00:00,2026-06-02 17:11:24
6789,234,5,Scheduled,3,2026-05-05 07:00:00,2026-05-05 14:58:12
6790,41,2,Scheduled,4,2026-06-05 08:00:00,2026-06-05 15:48:36
6791,176,9,Confirmed,8,2026-06-16 06:00:00,2026-06-16 13:10:12
6792,99,3,Confirmed,9,2026-06-10 09:00:00,2026-06-10 15:20:24
6793,236,1,Completed,6,2026-05-05 09:00:00,2026-05-05 14:46:12
6794,137,1,Confirmed,5,2026-06-15 09:00:00,2026-06-15 12:58:12
6795,176,8,Scheduled,2,2026-06-20 09:00:00,2026-06-20 15:50:24
6796,254,9,Confirmed,10,2026-06-20 10:00:00,2026-06-20 13:57:36
6797,144,10,Completed,8,2026-06-02 10:00:00,2026-06-02 16:25:48
6798,253,3,Completed,2,2026-04-19 07:00:00,2026-04-19 16:32:24
6799,270,5,Scheduled,7,2026-06-17 06:00:00,2026-06-17 12:13:48
6800,61,6,Scheduled,7,2026-06-17 08:00:00,2026-06-17 14:21:00
6801,190,3,Scheduled,1,2026-04-09 06:00:00,2026-04-09 12:23:24
6802,66,1,Completed,2,2026-05-09 08:00:00,2026-05-09 14:09:36
6803,7,9,Completed,10,2026-04-17 07:00:00,2026-04-17 14:28:12
6804,268,4,Completed,7,2026-04-23 10:00:00,2026-04-23 15:50:24
6805,258,4,Completed,9,2026-04-28 07:00:00,2026-04-28 12:10:12
6806,16,8,Confirmed,5,2026-05-23 07:00:00,2026-05-23 13:03:36
6807,275,10,Completed,7,2026-04-03 06:00:00,2026-04-03 09:21:00
6808,141,4,Confirmed,9,2026-05-29 10:00:00,2026-05-29 16:25:48
6809,82,3,Scheduled,4,2026-04-04 09:00:00,2026-04-04 14:06:36
6810,150,1,Confirmed,6,2026-06-17 07:00:00,2026-06-17 11:01:48
6811,20,9,Completed,4,2026-05-09 08:00:00,2026-05-09 13:04:12
6812,248,7,Completed,4,2026-06-26 10:00:00,2026-06-26 16:57:36
6813,281,10,Completed,6,2026-04-14 09:00:00,2026-04-14 12:58:12
6814,220,8,Completed,4,2026-05-02 08:00:00,2026-05-02 14:12:00
6815,149,5,Completed,7,2026-06-07 08:00:00,2026-06-07 12:15:36
6816,29,10,Confirmed,8,2026-06-24 07:00:00,2026-06-24 12:09:36
6817,18,7,Confirmed,7,2026-04-22 08:00:00,2026-04-22 11:03:36
6818,13,9,Scheduled,6,2026-04-17 06:00:00,2026-04-17 14:03:00
6819,262,8,Confirmed,9,2026-06-23 09:00:00,2026-06-23 15:55:12
6820,242,3,Completed,5,2026-05-20 07:00:00,2026-05-20 13:27:36
6821,121,1,Scheduled,3,2026-04-19 06:00:00,2026-04-19 13:36:36
6822,50,4,Scheduled,2,2026-05-10 08:00:00,2026-05-10 15:15:00
6823,173,6,Completed,4,2026-04-09 10:00:00,2026-04-09 16:06:36
6824,196,9,Scheduled,7,2026-05-10 08:00:00,2026-05-10 16:47:24
6825,210,7,Scheduled,7,2026-05-20 08:00:00,2026-05-20 12:12:00
6826,61,10,Scheduled,8,2026-04-01 06:00:00,2026-04-01 10:40:12
6827,91,2,Confirmed,2,2026-04-01 10:00:00,2026-04-01 17:57:36
6828,28,4,Scheduled,6,2026-04-27 10:00:00,2026-04-27 13:25:48
6829,285,9,Completed,5,2026-05-03 07:00:00,2026-05-03 14:13:12
6830,186,1,Confirmed,8,2026-04-30 07:00:00,2026-04-30 14:07:12
6831,250,4,Scheduled,5,2026-06-24 10:00:00,2026-06-24 19:23:24
6832,200,8,Scheduled,7,2026-06-29 07:00:00,2026-06-29 13:57:00
6833,288,2,Confirmed,2,2026-06-27 06:00:00,2026-06-27 10:24:00
6834,95,7,Completed,10,2026-04-26 06:00:00,2026-04-26 10:46:12
6835,94,9,Confirmed,7,2026-04-11 09:00:00,2026-04-11 13:00:36
6836,203,5,Confirmed,9,2026-05-11 10:00:00,2026-05-11 14:29:24
6837,285,5,Scheduled,10,2026-06-19 09:00:00,2026-06-19 16:18:36
6838,295,4,Completed,3,2026-04-23 06:00:00,2026-04-23 11:21:00
6839,126,6,Completed,7,2026-05-13 09:00:00,2026-05-13 13:14:24
6840,80,9,Completed,7,2026-05-04 09:00:00,2026-05-04 12:39:00
6841,29,1,Confirmed,3,2026-04-11 09:00:00,2026-04-11 16:16:12
6842,137,10,Confirmed,5,2026-04-18 10:00:00,2026-04-18 16:27:00
6843,15,6,Scheduled,3,2026-05-29 07:00:00,2026-05-29 12:09:36
6844,154,7,Scheduled,2,2026-06-20 09:00:00,2026-06-20 15:34:12
6845,147,6,Confirmed,8,2026-04-24 09:00:00,2026-04-24 14:46:12
6846,103,1,Completed,10,2026-05-07 07:00:00,2026-05-07 10:19:48
6847,80,6,Confirmed,2,2026-04-04 06:00:00,2026-04-04 15:34:48
6848,258,5,Scheduled,8,2026-06-01 08:00:00,2026-06-01 16:03:36
6849,190,8,Completed,2,2026-04-01 06:00:00,2026-04-01 14:27:36
6850,29,6,Completed,3,2026-05-06 07:00:00,2026-05-06 11:04:48
6851,87,7,Completed,2,2026-05-14 07:00:00,2026-05-14 10:31:48
6852,35,3,Confirmed,7,2026-05-24 08:00:00,2026-05-24 13:58:48
6853,253,9,Completed,10,2026-06-10 07:00:00,2026-06-10 11:52:48
6854,222,2,Confirmed,1,2026-05-13 09:00:00,2026-05-13 16:53:24
6855,22,9,Confirmed,10,2026-05-14 07:00:00,2026-05-14 14:08:24
6856,41,3,Completed,7,2026-04-15 10:00:00,2026-04-15 13:57:00
6857,30,4,Completed,1,2026-04-13 07:00:00,2026-04-13 14:04:48
6858,50,5,Confirmed,1,2026-05-25 10:00:00,2026-05-25 16:35:24
6859,174,9,Confirmed,2,2026-05-19 08:00:00,2026-05-19 11:13:48
6860,155,6,Completed,10,2026-04-01 07:00:00,2026-04-01 10:15:36
6861,94,6,Confirmed,3,2026-05-27 08:00:00,2026-05-27 13:40:12
6862,209,7,Confirmed,7,2026-05-30 07:00:00,2026-05-30 12:53:24
6863,15,8,Completed,6,2026-04-22 10:00:00,2026-04-22 15:04:48
6864,203,9,Confirmed,3,2026-04-01 08:00:00,2026-04-01 13:33:00
6865,87,7,Completed,9,2026-06-20 08:00:00,2026-06-20 12:44:24
6866,5,7,Scheduled,7,2026-05-08 07:00:00,2026-05-08 11:41:24
6867,158,8,Completed,4,2026-04-11 08:00:00,2026-04-11 12:25:12
6868,104,10,Completed,9,2026-04-27 07:00:00,2026-04-27 13:10:12
6869,287,7,Confirmed,6,2026-05-01 09:00:00,2026-05-01 15:48:36
6870,261,1,Completed,6,2026-06-21 10:00:00,2026-06-21 15:58:48
6871,167,1,Completed,2,2026-04-11 08:00:00,2026-04-11 14:02:24
6872,31,10,Confirmed,4,2026-06-14 07:00:00,2026-06-14 11:19:48
6873,16,2,Completed,3,2026-06-07 10:00:00,2026-06-07 16:45:36
6874,172,10,Completed,6,2026-05-16 10:00:00,2026-05-16 15:45:00
6875,248,9,Completed,7,2026-04-24 10:00:00,2026-04-24 15:36:00
6876,191,9,Completed,9,2026-04-27 08:00:00,2026-04-27 15:54:00
6877,59,4,Confirmed,8,2026-05-25 08:00:00,2026-05-25 12:27:36
6878,192,5,Completed,3,2026-05-21 09:00:00,2026-05-21 13:14:24
6879,243,9,Completed,7,2026-06-06 06:00:00,2026-06-06 11:06:36
6880,19,3,Confirmed,5,2026-06-09 10:00:00,2026-06-09 17:07:48
6881,109,7,Scheduled,5,2026-06-08 09:00:00,2026-06-08 18:09:00
6882,185,6,Confirmed,6,2026-05-29 10:00:00,2026-05-29 15:50:24
6883,134,7,Completed,2,2026-06-15 07:00:00,2026-06-15 13:21:00
6884,110,8,Scheduled,7,2026-04-21 10:00:00,2026-04-21 16:07:12
6885,65,10,Confirmed,4,2026-06-01 09:00:00,2026-06-01 13:33:36
6886,116,3,Scheduled,6,2026-05-02 07:00:00,2026-05-02 12:45:36
6887,185,9,Confirmed,4,2026-05-04 09:00:00,2026-05-04 13:57:00
6888,176,9,Confirmed,5,2026-05-25 06:00:00,2026-05-25 10:15:00
6889,215,9,Scheduled,6,2026-06-16 07:00:00,2026-06-16 13:02:24
6890,209,1,Confirmed,1,2026-05-10 07:00:00,2026-05-10 15:13:12
6891,157,10,Confirmed,6,2026-05-03 07:00:00,2026-05-03 16:07:48
6892,194,10,Scheduled,4,2026-06-28 08:00:00,2026-06-28 13:19:48
6893,179,5,Confirmed,10,2026-05-02 07:00:00,2026-05-02 10:30:00
6894,69,10,Completed,2,2026-06-15 09:00:00,2026-06-15 15:42:36
6895,35,10,Completed,4,2026-05-29 08:00:00,2026-05-29 13:54:00
6896,295,7,Scheduled,9,2026-04-04 06:00:00,2026-04-04 15:25:48
6897,246,10,Confirmed,1,2026-05-19 06:00:00,2026-05-19 12:19:48
6898,101,7,Scheduled,1,2026-06-23 06:00:00,2026-06-23 15:12:36
6899,287,4,Scheduled,9,2026-05-08 09:00:00,2026-05-08 18:12:00
6900,184,3,Scheduled,10,2026-06-01 08:00:00,2026-06-01 14:06:36
6901,243,1,Confirmed,7,2026-06-22 10:00:00,2026-06-22 17:09:36
6902,3,10,Completed,4,2026-06-20 10:00:00,2026-06-20 17:29:24
6903,255,10,Scheduled,10,2026-06-07 10:00:00,2026-06-07 15:31:12
6904,205,3,Completed,9,2026-05-18 10:00:00,2026-05-18 13:36:00
6905,290,8,Scheduled,6,2026-04-25 08:00:00,2026-04-25 15:20:24
6906,262,6,Confirmed,4,2026-06-24 10:00:00,2026-06-24 16:18:00
6907,192,10,Confirmed,10,2026-05-15 07:00:00,2026-05-15 12:48:36
6908,67,8,Confirmed,5,2026-05-13 06:00:00,2026-05-13 10:06:36
6909,191,3,Confirmed,6,2026-04-13 06:00:00,2026-04-13 10:03:36
6910,109,8,Completed,8,2026-04-23 08:00:00,2026-04-23 14:51:36
6911,19,6,Scheduled,7,2026-06-13 06:00:00,2026-06-13 11:00:00
6912,106,1,Scheduled,8,2026-06-21 10:00:00,2026-06-21 17:32:24
6913,93,9,Scheduled,9,2026-04-20 06:00:00,2026-04-20 12:00:36
6914,235,5,Confirmed,6,2026-05-17 09:00:00,2026-05-17 16:30:00
6915,19,2,Confirmed,5,2026-05-04 10:00:00,2026-05-04 17:20:24
6916,71,2,Confirmed,6,2026-04-05 08:00:00,2026-04-05 11:19:12
6917,284,7,Confirmed,2,2026-06-05 06:00:00,2026-06-05 13:21:00
6918,36,3,Completed,1,2026-04-01 10:00:00,2026-04-01 14:54:00
6919,56,3,Confirmed,10,2026-06-26 06:00:00,2026-06-26 12:07:12
6920,72,7,Completed,7,2026-06-20 07:00:00,2026-06-20 14:33:00
6921,212,8,Scheduled,1,2026-06-15 06:00:00,2026-06-15 12:39:00
6922,78,10,Confirmed,10,2026-04-15 06:00:00,2026-04-15 14:52:48
6923,279,9,Completed,3,2026-04-25 10:00:00,2026-04-25 14:19:12
6924,247,4,Scheduled,5,2026-04-28 09:00:00,2026-04-28 12:17:24
6925,105,5,Scheduled,7,2026-04-04 08:00:00,2026-04-04 13:14:24
6926,67,8,Confirmed,5,2026-05-22 10:00:00,2026-05-22 16:01:48
6927,179,10,Confirmed,4,2026-04-28 09:00:00,2026-04-28 13:37:48
6928,188,1,Confirmed,6,2026-06-23 07:00:00,2026-06-23 11:54:00
6929,145,8,Completed,4,2026-05-05 06:00:00,2026-05-05 13:13:12
6930,170,10,Completed,2,2026-06-13 09:00:00,2026-06-13 13:34:12
6931,224,1,Confirmed,10,2026-05-12 10:00:00,2026-05-12 17:09:00
6932,143,8,Scheduled,10,2026-06-07 08:00:00,2026-06-07 11:15:36
6933,167,2,Confirmed,9,2026-04-25 06:00:00,2026-04-25 10:06:00
6934,272,8,Completed,3,2026-06-22 09:00:00,2026-06-22 13:42:36
6935,119,5,Scheduled,7,2026-05-18 06:00:00,2026-05-18 09:22:48
6936,161,5,Confirmed,9,2026-04-18 09:00:00,2026-04-18 12:24:36
6937,37,5,Completed,2,2026-04-10 08:00:00,2026-04-10 16:08:24
6938,278,2,Scheduled,6,2026-05-21 07:00:00,2026-05-21 13:30:00
6939,40,4,Scheduled,6,2026-06-23 08:00:00,2026-06-23 11:50:24
6940,94,6,Completed,4,2026-04-24 06:00:00,2026-04-24 12:26:24
6941,262,6,Scheduled,1,2026-04-03 08:00:00,2026-04-03 13:09:00
6942,108,1,Scheduled,10,2026-06-11 07:00:00,2026-06-11 14:18:00
6943,6,1,Scheduled,8,2026-05-23 09:00:00,2026-05-23 12:51:00
6944,44,2,Completed,1,2026-06-14 06:00:00,2026-06-14 11:38:24
6945,116,4,Scheduled,6,2026-06-10 06:00:00,2026-06-10 11:18:36
6946,209,4,Scheduled,5,2026-06-16 08:00:00,2026-06-16 13:03:36
6947,115,2,Confirmed,7,2026-04-26 08:00:00,2026-04-26 17:03:36
6948,209,4,Confirmed,4,2026-04-11 10:00:00,2026-04-11 17:51:36
6949,83,4,Confirmed,1,2026-05-21 08:00:00,2026-05-21 16:53:24
6950,190,10,Scheduled,5,2026-05-05 08:00:00,2026-05-05 17:15:36
6951,294,1,Scheduled,6,2026-05-28 09:00:00,2026-05-28 16:09:00
6952,213,6,Confirmed,3,2026-06-25 08:00:00,2026-06-25 12:08:24
6953,170,9,Completed,7,2026-06-13 08:00:00,2026-06-13 13:58:12
6954,162,6,Scheduled,10,2026-05-06 08:00:00,2026-05-06 13:35:24
6955,133,2,Confirmed,8,2026-04-30 09:00:00,2026-04-30 13:31:48
6956,104,7,Completed,6,2026-06-22 10:00:00,2026-06-22 14:09:00
6957,146,8,Completed,2,2026-06-08 06:00:00,2026-06-08 09:19:12
6958,191,4,Confirmed,9,2026-06-25 07:00:00,2026-06-25 10:55:12
6959,233,7,Completed,4,2026-06-12 10:00:00,2026-06-12 13:27:00
6960,281,6,Confirmed,6,2026-06-27 08:00:00,2026-06-27 13:43:12
6961,181,5,Confirmed,8,2026-06-12 08:00:00,2026-06-12 14:20:24
6962,221,1,Scheduled,2,2026-05-18 09:00:00,2026-05-18 16:12:36
6963,137,5,Scheduled,6,2026-05-11 07:00:00,2026-05-11 12:41:24
6964,227,7,Completed,6,2026-06-11 08:00:00,2026-06-11 13:24:00
6965,25,5,Scheduled,10,2026-04-08 07:00:00,2026-04-08 15:59:24
6966,24,7,Completed,6,2026-06-14 10:00:00,2026-06-14 18:07:48
6967,28,4,Completed,8,2026-05-05 07:00:00,2026-05-05 15:18:00
6968,82,9,Scheduled,10,2026-04-17 09:00:00,2026-04-17 13:28:12
6969,40,4,Scheduled,5,2026-05-16 07:00:00,2026-05-16 13:32:24
6970,155,3,Scheduled,9,2026-04-24 09:00:00,2026-04-24 16:22:48
6971,132,8,Confirmed,2,2026-04-20 09:00:00,2026-04-20 18:04:12
6972,237,5,Confirmed,9,2026-06-26 07:00:00,2026-06-26 10:22:12
6973,232,7,Confirmed,3,2026-06-08 06:00:00,2026-06-08 09:44:24
6974,68,2,Confirmed,9,2026-05-26 10:00:00,2026-05-26 16:54:00
6975,8,9,Scheduled,10,2026-05-23 06:00:00,2026-05-23 10:04:12
6976,266,4,Completed,4,2026-06-16 07:00:00,2026-06-16 16:09:00
6977,28,8,Confirmed,9,2026-05-15 08:00:00,2026-05-15 14:21:36
6978,206,6,Confirmed,9,2026-06-01 10:00:00,2026-06-01 16:41:24
6979,122,5,Scheduled,9,2026-05-25 10:00:00,2026-05-25 15:24:00
6980,129,3,Completed,2,2026-04-17 08:00:00,2026-04-17 14:03:00
6981,115,2,Scheduled,9,2026-05-18 06:00:00,2026-05-18 13:41:24
6982,54,6,Scheduled,5,2026-04-14 06:00:00,2026-04-14 11:21:00
6983,138,4,Confirmed,8,2026-06-18 06:00:00,2026-06-18 10:38:24
6984,230,4,Scheduled,1,2026-06-28 10:00:00,2026-06-28 15:47:24
6985,36,6,Scheduled,3,2026-04-18 10:00:00,2026-04-18 13:22:48
6986,275,4,Confirmed,4,2026-05-25 07:00:00,2026-05-25 10:15:36
6987,95,10,Scheduled,4,2026-04-23 09:00:00,2026-04-23 17:00:00
6988,237,6,Confirmed,4,2026-06-29 10:00:00,2026-06-29 14:58:48
6989,69,10,Confirmed,5,2026-04-07 10:00:00,2026-04-07 15:45:36
6990,264,7,Scheduled,9,2026-06-10 09:00:00,2026-06-10 14:12:36
6991,207,3,Scheduled,8,2026-04-17 06:00:00,2026-04-17 10:48:00
6992,78,6,Confirmed,1,2026-04-10 06:00:00,2026-04-10 12:19:12
6993,214,1,Scheduled,10,2026-06-28 10:00:00,2026-06-28 14:12:36
6994,103,2,Scheduled,2,2026-05-16 10:00:00,2026-05-16 17:59:24
6995,295,9,Confirmed,4,2026-06-17 09:00:00,2026-06-17 12:20:24
6996,115,9,Confirmed,9,2026-04-30 08:00:00,2026-04-30 11:12:00
6997,294,6,Confirmed,5,2026-06-02 07:00:00,2026-06-02 15:13:48
6998,143,3,Completed,6,2026-06-26 07:00:00,2026-06-26 14:30:36
6999,51,7,Scheduled,3,2026-05-06 07:00:00,2026-05-06 14:40:48
7000,172,2,Completed,9,2026-06-26 08:00:00,2026-06-26 13:18:00
2306,209,4,Confirmed,8,2026-05-23 08:00:00,2026-05-23 14:14:24
4389,228,6,Completed,9,2026-05-18 10:00:00,2026-05-18 14:36:36
1687,93,7,Completed,1,2026-04-25 06:00:00,2026-04-25 10:45:00
4946,189,10,Scheduled,4,2026-05-02 09:00:00,2026-05-02 12:42:00
4198,104,10,Completed,2,2026-05-21 08:00:00,2026-05-21 16:11:24
1652,43,3,Completed,8,2026-04-18 09:00:00,2026-04-18 13:52:48
1529,91,7,Completed,2,2026-04-03 10:00:00,2026-04-03 18:14:24
6347,292,9,Confirmed,2,2026-04-06 09:00:00,2026-04-06 12:44:24
6190,27,1,Confirmed,10,2026-06-23 07:00:00,2026-06-23 13:28:48
5390,119,1,Scheduled,4,2026-06-14 06:00:00,2026-06-14 14:51:00
